{
    "headphone_store": {
        "262843a226c8e5f4822305f7aa7dca47d32bd548": {
            "set_op_type": "none",
            "first_query": {
                "meaningful_joins": "yes",
                "table_exp_type": "single_table",
                "where_type": {
                    "logical_operator": [
                        "AND",
                        "between",
                        "basic_comparison"
                    ]
                },
                "number_of_value_exp_in_group_by": 0,
                "having_type": "none",
                "orderby_type": "ASC",
                "limit_type": "none",
                "value_exp_types": [
                    "count_distinct_exp",
                    "single_exp_text"
                ],
                "distinct_type": "none",
                "min_max_depth_in_subquery": [
                    1,
                    1
                ]
            }
        },
        "c2a68b5ac55b661b928c3bf05e99a8dca2d9808c": {
            "set_op_type": "none",
            "first_query": {
                "meaningful_joins": "yes",
                "table_exp_type": "JOIN",
                "where_type": {
                    "basic_comparison": "="
                },
                "number_of_value_exp_in_group_by": 0,
                "having_type": "none",
                "orderby_type": "DESC",
                "limit_type": "without_offset",
                "value_exp_types": [
                    "count_distinct_exp",
                    "single_exp_text"
                ],
                "distinct_type": "none",
                "min_max_depth_in_subquery": [
                    1,
                    1
                ]
            }
        },
        "8a76e6404ccc110946596de5ef7806e6647085cb": {
            "set_op_type": "none",
            "first_query": {
                "meaningful_joins": "yes",
                "table_exp_type": "JOIN",
                "where_type": {
                    "logical_operator": [
                        "OR",
                        "basic_comparison",
                        "exists_subquery"
                    ]
                },
                "number_of_value_exp_in_group_by": 0,
                "having_type": "none",
                "orderby_type": "DESC",
                "limit_type": "none",
                "value_exp_types": [
                    "single_exp_text"
                ],
                "distinct_type": "none",
                "min_max_depth_in_subquery": [
                    1,
                    1
                ]
            }
        },
        "5f831de0df65b706e2270397329b5c5907691a2f": {
            "set_op_type": "none",
            "first_query": {
                "meaningful_joins": "yes",
                "table_exp_type": "single_table",
                "where_type": {
                    "logical_operator": [
                        "OR",
                        "basic_comparison",
                        "not_exists_subquery"
                    ]
                },
                "number_of_value_exp_in_group_by": 0,
                "having_type": "none",
                "orderby_type": "none",
                "limit_type": "none",
                "value_exp_types": [
                    "single_exp_number",
                    "single_exp_text"
                ],
                "distinct_type": "none",
                "min_max_depth_in_subquery": [
                    1,
                    1
                ]
            }
        },
        "0a7fb5d68e69950bba14a42b8203cae1dc3c01c8": {
            "set_op_type": "none",
            "first_query": {
                "meaningful_joins": "yes",
                "table_exp_type": "single_table",
                "where_type": {
                    "basic_comparison": ">="
                },
                "number_of_value_exp_in_group_by": 0,
                "having_type": "none",
                "orderby_type": "DESC",
                "limit_type": "none",
                "value_exp_types": [
                    "single_exp_number",
                    "single_exp_text"
                ],
                "distinct_type": "none",
                "min_max_depth_in_subquery": [
                    1,
                    1
                ]
            }
        },
        "37ea03fbe98500d150dc880b03e8c977b66e0128": {
            "set_op_type": "none",
            "first_query": {
                "meaningful_joins": "yes",
                "table_exp_type": "JOIN",
                "where_type": {
                    "basic_comparison": ">="
                },
                "number_of_value_exp_in_group_by": 1,
                "having_type": "none",
                "orderby_type": "DESC",
                "limit_type": "without_offset",
                "value_exp_types": [
                    "single_exp_number"
                ],
                "distinct_type": "none",
                "min_max_depth_in_subquery": [
                    1,
                    1
                ]
            }
        },
        "13d556eb96164b9047bc9633519b6a07a7ecd37b": {
            "set_op_type": "none",
            "first_query": {
                "meaningful_joins": "yes",
                "table_exp_type": "JOIN",
                "where_type": {
                    "logical_operator": [
                        "OR",
                        "basic_comparison",
                        "not_exists_subquery"
                    ]
                },
                "number_of_value_exp_in_group_by": 0,
                "having_type": "none",
                "orderby_type": "none",
                "limit_type": "without_offset",
                "value_exp_types": [
                    "agg_exp"
                ],
                "distinct_type": "none",
                "min_max_depth_in_subquery": [
                    1,
                    1
                ]
            }
        },
        "d30b6c0ac69abb85fd6962166a58c86c7a087f51": {
            "set_op_type": "none",
            "first_query": {
                "meaningful_joins": "yes",
                "table_exp_type": "single_table",
                "where_type": {
                    "logical_operator": [
                        "OR",
                        "between",
                        "exists_subquery"
                    ]
                },
                "number_of_value_exp_in_group_by": 0,
                "having_type": "none",
                "orderby_type": "DESC",
                "limit_type": "none",
                "value_exp_types": [
                    "count_distinct_exp",
                    "single_exp_number"
                ],
                "distinct_type": "none",
                "min_max_depth_in_subquery": [
                    1,
                    1
                ]
            }
        },
        "f09fb2b6aec2415b072f3660922c4589edc91e7f": {
            "set_op_type": "none",
            "first_query": {
                "meaningful_joins": "yes",
                "table_exp_type": "single_table",
                "where_type": {
                    "basic_comparison": "="
                },
                "number_of_value_exp_in_group_by": 0,
                "having_type": "none",
                "orderby_type": "none",
                "limit_type": "none",
                "value_exp_types": [
                    "single_exp_text",
                    "single_exp_text",
                    "single_exp_text"
                ],
                "distinct_type": "none",
                "min_max_depth_in_subquery": [
                    1,
                    1
                ]
            }
        },
        "1df6b478a04c011265345481ec6b02f605b1c580": {
            "set_op_type": "none",
            "first_query": {
                "meaningful_joins": "yes",
                "table_exp_type": "JOIN_JOIN_JOIN",
                "where_type": {
                    "basic_comparison": ">"
                },
                "number_of_value_exp_in_group_by": 1,
                "having_type": {
                    "single": "MAX"
                },
                "orderby_type": "DESC",
                "limit_type": "none",
                "value_exp_types": [
                    "agg_exp",
                    "single_exp_number"
                ],
                "distinct_type": "none",
                "min_max_depth_in_subquery": [
                    1,
                    1
                ]
            }
        },
        "61778c3526768bfb7c0b0f770618d7a530372792": {
            "set_op_type": "none",
            "first_query": {
                "meaningful_joins": "yes",
                "table_exp_type": "single_table",
                "where_type": "exists_subquery",
                "number_of_value_exp_in_group_by": 1,
                "having_type": "none",
                "orderby_type": "none",
                "limit_type": "none",
                "value_exp_types": [
                    "agg_exp"
                ],
                "distinct_type": "none",
                "min_max_depth_in_subquery": [
                    1,
                    1
                ]
            }
        },
        "7d12867abf711d7a9a399aab61e5255616a63be5": {
            "set_op_type": "none",
            "first_query": {
                "meaningful_joins": "yes",
                "table_exp_type": "JOIN",
                "where_type": {
                    "logical_operator": [
                        "AND",
                        "between",
                        "basic_comparison"
                    ]
                },
                "number_of_value_exp_in_group_by": 1,
                "having_type": {
                    "single": "AVG"
                },
                "orderby_type": "ASC",
                "limit_type": "without_offset",
                "value_exp_types": [
                    "single_exp_text"
                ],
                "distinct_type": "none",
                "min_max_depth_in_subquery": [
                    1,
                    1
                ]
            }
        },
        "3eb8af0efb405083c30b31d78b797be01e282230": {
            "set_op_type": "none",
            "first_query": {
                "meaningful_joins": "yes",
                "table_exp_type": "JOIN",
                "where_type": {
                    "basic_comparison": "!="
                },
                "number_of_value_exp_in_group_by": 1,
                "having_type": {
                    "single": "MIN"
                },
                "orderby_type": "none",
                "limit_type": "without_offset",
                "value_exp_types": [
                    "single_exp_number",
                    "single_exp_text"
                ],
                "distinct_type": "none",
                "min_max_depth_in_subquery": [
                    1,
                    1
                ]
            }
        },
        "1e263dee4f7a0be333da91f7aaca890973f2f972": {
            "set_op_type": "none",
            "first_query": {
                "meaningful_joins": "yes",
                "table_exp_type": "single_table_with_name_changing",
                "where_type": "between",
                "number_of_value_exp_in_group_by": 0,
                "having_type": "none",
                "orderby_type": "ASC",
                "limit_type": "none",
                "value_exp_types": [
                    "agg_exp",
                    "count_distinct_exp"
                ],
                "distinct_type": "none",
                "min_max_depth_in_subquery": [
                    1,
                    1
                ]
            }
        },
        "7674a3d5df5cbaefc7cbda2a99d8b0b6ae86c34a": {
            "set_op_type": "none",
            "first_query": {
                "meaningful_joins": "yes",
                "table_exp_type": "single_table",
                "where_type": "none",
                "number_of_value_exp_in_group_by": 0,
                "having_type": "none",
                "orderby_type": "none",
                "limit_type": "none",
                "value_exp_types": [
                    "single_exp_text"
                ],
                "distinct_type": "none",
                "min_max_depth_in_subquery": [
                    1,
                    1
                ]
            }
        },
        "517e822b3d48f1eda3561f83bcf0265b2a90e0ea": {
            "set_op_type": "none",
            "first_query": {
                "meaningful_joins": "yes",
                "table_exp_type": "JOIN",
                "where_type": "none",
                "number_of_value_exp_in_group_by": 0,
                "having_type": "none",
                "orderby_type": "none",
                "limit_type": "none",
                "value_exp_types": [
                    "single_exp_number"
                ],
                "distinct_type": "none",
                "min_max_depth_in_subquery": [
                    1,
                    1
                ]
            }
        },
        "3daf64bdf5756f68216999582abf48bcf08075fe": {
            "set_op_type": "none",
            "first_query": {
                "meaningful_joins": "yes",
                "table_exp_type": "single_table_with_name_changing",
                "where_type": {
                    "basic_comparison": ">"
                },
                "number_of_value_exp_in_group_by": 0,
                "having_type": "none",
                "orderby_type": "none",
                "limit_type": "without_offset",
                "value_exp_types": [
                    "agg_exp",
                    "single_exp_text"
                ],
                "distinct_type": "none",
                "min_max_depth_in_subquery": [
                    1,
                    1
                ]
            }
        },
        "4177776fce60829eeb4c64a7ea4fbbf3a10bef16": {
            "set_op_type": "none",
            "first_query": {
                "meaningful_joins": "yes",
                "table_exp_type": "single_table_with_name_changing",
                "where_type": {
                    "basic_comparison": ">"
                },
                "number_of_value_exp_in_group_by": 0,
                "having_type": "none",
                "orderby_type": "DESC",
                "limit_type": "none",
                "value_exp_types": [
                    "count_distinct_exp",
                    "single_exp_number",
                    "single_exp_number"
                ],
                "distinct_type": "none",
                "min_max_depth_in_subquery": [
                    1,
                    1
                ]
            }
        },
        "f1b00e5069395f1dd50478e46a8eab6d701e45de": {
            "set_op_type": "none",
            "first_query": {
                "meaningful_joins": "yes",
                "table_exp_type": "single_table_with_name_changing",
                "where_type": {
                    "logical_operator": [
                        "AND",
                        "basic_comparison",
                        "in_with_subquery"
                    ]
                },
                "number_of_value_exp_in_group_by": 0,
                "having_type": "none",
                "orderby_type": "none",
                "limit_type": "without_offset",
                "value_exp_types": [
                    "count_distinct_exp",
                    "count_distinct_exp"
                ],
                "distinct_type": "none",
                "min_max_depth_in_subquery": [
                    1,
                    1
                ]
            }
        },
        "94d55958770f4b89224d097c1d2d57818bf471cf": {
            "set_op_type": "none",
            "first_query": {
                "meaningful_joins": "yes",
                "table_exp_type": "single_table",
                "where_type": {
                    "basic_comparison": ">"
                },
                "number_of_value_exp_in_group_by": 0,
                "having_type": "none",
                "orderby_type": "none",
                "limit_type": "without_offset",
                "value_exp_types": [
                    "agg_exp"
                ],
                "distinct_type": "none",
                "min_max_depth_in_subquery": [
                    1,
                    1
                ]
            }
        },
        "aa6533e68e890f12c8f57f7ba9bbf052c911ac0f": {
            "set_op_type": "none",
            "first_query": {
                "meaningful_joins": "yes",
                "table_exp_type": "single_table",
                "where_type": "none",
                "number_of_value_exp_in_group_by": 1,
                "having_type": "none",
                "orderby_type": "DESC",
                "limit_type": "none",
                "value_exp_types": [
                    "count_distinct_exp",
                    "count_distinct_exp",
                    "single_exp_number"
                ],
                "distinct_type": "none",
                "min_max_depth_in_subquery": [
                    1,
                    1
                ]
            }
        },
        "e2c987225f2a0bff9c0273376cec13bd6cd5de91": {
            "set_op_type": "none",
            "first_query": {
                "meaningful_joins": "yes",
                "table_exp_type": "single_table",
                "where_type": "comparison_with_subquery",
                "number_of_value_exp_in_group_by": 0,
                "having_type": "none",
                "orderby_type": "none",
                "limit_type": "none",
                "value_exp_types": [
                    "agg_exp",
                    "agg_exp"
                ],
                "distinct_type": "none",
                "min_max_depth_in_subquery": [
                    1,
                    1
                ]
            }
        },
        "a96f22a96d08213a977d3b4480bb5b0d55a2c448": {
            "set_op_type": "none",
            "first_query": {
                "meaningful_joins": "yes",
                "table_exp_type": "JOIN",
                "where_type": "comparison_with_subquery",
                "number_of_value_exp_in_group_by": 0,
                "having_type": "none",
                "orderby_type": "none",
                "limit_type": "none",
                "value_exp_types": [
                    "single_exp_text",
                    "single_exp_text"
                ],
                "distinct_type": "none",
                "min_max_depth_in_subquery": [
                    1,
                    1
                ]
            }
        },
        "9311b58d5adfcdd4196ca4d8c248e460a5404e95": {
            "set_op_type": "none",
            "first_query": {
                "meaningful_joins": "yes",
                "table_exp_type": "single_table_with_name_changing",
                "where_type": "exists_subquery",
                "number_of_value_exp_in_group_by": 1,
                "having_type": {
                    "single": "COUNT"
                },
                "orderby_type": "ASC",
                "limit_type": "none",
                "value_exp_types": [
                    "single_exp_number"
                ],
                "distinct_type": "none",
                "min_max_depth_in_subquery": [
                    1,
                    1
                ]
            }
        },
        "7be643167df16b597957d0354936a7d2ad5508ba": {
            "set_op_type": "none",
            "first_query": {
                "meaningful_joins": "yes",
                "table_exp_type": "single_table",
                "where_type": {
                    "logical_operator": [
                        "AND",
                        "between",
                        "basic_comparison"
                    ]
                },
                "number_of_value_exp_in_group_by": 1,
                "having_type": {
                    "single": "AVG"
                },
                "orderby_type": "none",
                "limit_type": "none",
                "value_exp_types": [
                    "agg_exp",
                    "single_exp_text"
                ],
                "distinct_type": "none",
                "min_max_depth_in_subquery": [
                    1,
                    1
                ]
            }
        },
        "fb85380a30d7c143c7879305b1d862259f07e654": {
            "set_op_type": "none",
            "first_query": {
                "meaningful_joins": "yes",
                "table_exp_type": "single_table_with_name_changing",
                "where_type": {
                    "logical_operator": [
                        "AND",
                        "between",
                        "exists_subquery"
                    ]
                },
                "number_of_value_exp_in_group_by": 0,
                "having_type": "none",
                "orderby_type": "none",
                "limit_type": "without_offset",
                "value_exp_types": [
                    "agg_exp",
                    "agg_exp"
                ],
                "distinct_type": "none",
                "min_max_depth_in_subquery": [
                    1,
                    1
                ]
            }
        },
        "d96f82900e0bcd67749e956c9465b71271fd1beb": {
            "set_op_type": "none",
            "first_query": {
                "meaningful_joins": "yes",
                "table_exp_type": "JOIN_JOIN_JOIN",
                "where_type": {
                    "logical_operator": [
                        "OR",
                        "basic_comparison",
                        "not_exists_subquery"
                    ]
                },
                "number_of_value_exp_in_group_by": 0,
                "having_type": "none",
                "orderby_type": "DESC",
                "limit_type": "none",
                "value_exp_types": [
                    "count_distinct_exp",
                    "single_exp_number"
                ],
                "distinct_type": "none",
                "min_max_depth_in_subquery": [
                    1,
                    1
                ]
            }
        },
        "5c996b4dde983872de27c42559015407cdf507b3": {
            "set_op_type": "none",
            "first_query": {
                "meaningful_joins": "yes",
                "table_exp_type": "single_table",
                "where_type": {
                    "basic_comparison": "<"
                },
                "number_of_value_exp_in_group_by": 0,
                "having_type": "none",
                "orderby_type": "none",
                "limit_type": "none",
                "value_exp_types": [
                    "count_distinct_exp",
                    "single_exp_text"
                ],
                "distinct_type": "none",
                "min_max_depth_in_subquery": [
                    1,
                    1
                ]
            }
        },
        "f8ce5824fa86d2cd887522296b774c77798e0e3e": {
            "set_op_type": "none",
            "first_query": {
                "meaningful_joins": "yes",
                "table_exp_type": "SELF JOIN",
                "where_type": "exists_subquery",
                "number_of_value_exp_in_group_by": 1,
                "having_type": "none",
                "orderby_type": "none",
                "limit_type": "none",
                "value_exp_types": [
                    "count_distinct_exp",
                    "single_exp_text"
                ],
                "distinct_type": "none",
                "min_max_depth_in_subquery": [
                    1,
                    1
                ]
            }
        },
        "331961e343f70ed349023d20c1004b6b5ceba151": {
            "set_op_type": "none",
            "first_query": {
                "meaningful_joins": "yes",
                "table_exp_type": "single_table",
                "where_type": "between",
                "number_of_value_exp_in_group_by": 0,
                "having_type": "none",
                "orderby_type": "none",
                "limit_type": "without_offset",
                "value_exp_types": [
                    "agg_exp",
                    "single_exp_text"
                ],
                "distinct_type": "none",
                "min_max_depth_in_subquery": [
                    1,
                    1
                ]
            }
        },
        "5c43fb7e7bfe4d6c72668fccb9d5c0115b8b7e50": {
            "set_op_type": "none",
            "first_query": {
                "meaningful_joins": "yes",
                "table_exp_type": "JOIN",
                "where_type": {
                    "basic_comparison": "!="
                },
                "number_of_value_exp_in_group_by": 1,
                "having_type": {
                    "single": "AVG"
                },
                "orderby_type": "none",
                "limit_type": "none",
                "value_exp_types": [
                    "agg_exp",
                    "single_exp_text"
                ],
                "distinct_type": "none",
                "min_max_depth_in_subquery": [
                    1,
                    1
                ]
            }
        },
        "03b79a4bc52fffa311d9c3c759681a912da7fb7f": {
            "set_op_type": "none",
            "first_query": {
                "meaningful_joins": "yes",
                "table_exp_type": "JOIN",
                "where_type": {
                    "logical_operator": [
                        "AND",
                        "between",
                        "basic_comparison"
                    ]
                },
                "number_of_value_exp_in_group_by": 1,
                "having_type": "none",
                "orderby_type": "none",
                "limit_type": "none",
                "value_exp_types": [
                    "single_exp_text",
                    "single_exp_text"
                ],
                "distinct_type": "none",
                "min_max_depth_in_subquery": [
                    1,
                    1
                ]
            }
        },
        "94b07a9c868d82a4ca7c16551ebb7165fbe9453e": {
            "set_op_type": "none",
            "first_query": {
                "meaningful_joins": "yes",
                "table_exp_type": "JOIN_JOIN",
                "where_type": {
                    "logical_operator": [
                        "OR",
                        "basic_comparison",
                        "exists_subquery"
                    ]
                },
                "number_of_value_exp_in_group_by": 1,
                "having_type": {
                    "single": "AVG"
                },
                "orderby_type": "none",
                "limit_type": "none",
                "value_exp_types": [
                    "single_exp_number",
                    "single_exp_text"
                ],
                "distinct_type": "none",
                "min_max_depth_in_subquery": [
                    1,
                    1
                ]
            }
        },
        "8d52030e3a4ceeb1b031c91e6cdba0aa84b581dd": {
            "set_op_type": "none",
            "first_query": {
                "meaningful_joins": "yes",
                "table_exp_type": "single_table_with_name_changing",
                "where_type": {
                    "basic_comparison": "<="
                },
                "number_of_value_exp_in_group_by": 0,
                "having_type": "none",
                "orderby_type": "none",
                "limit_type": "none",
                "value_exp_types": [
                    "single_exp_text"
                ],
                "distinct_type": "none",
                "min_max_depth_in_subquery": [
                    1,
                    1
                ]
            }
        },
        "4be8950be4644926ddd86bf2a287d5e5025ca531": {
            "set_op_type": "none",
            "first_query": {
                "meaningful_joins": "yes",
                "table_exp_type": "single_table_with_name_changing",
                "where_type": {
                    "basic_comparison": ">"
                },
                "number_of_value_exp_in_group_by": 0,
                "having_type": "none",
                "orderby_type": "none",
                "limit_type": "none",
                "value_exp_types": [
                    "agg_exp"
                ],
                "distinct_type": "none",
                "min_max_depth_in_subquery": [
                    1,
                    1
                ]
            }
        },
        "4399d30fcaf82f0b048e3febd1137c4ac2de7732": {
            "set_op_type": "none",
            "first_query": {
                "meaningful_joins": "yes",
                "table_exp_type": "JOIN_JOIN",
                "where_type": {
                    "basic_comparison": ">="
                },
                "number_of_value_exp_in_group_by": 1,
                "having_type": {
                    "single": "MAX"
                },
                "orderby_type": "DESC",
                "limit_type": "none",
                "value_exp_types": [
                    "single_exp_number"
                ],
                "distinct_type": "none",
                "min_max_depth_in_subquery": [
                    1,
                    1
                ]
            }
        },
        "2fb519b1e307c9d8e2b8fb01d3bf7e6dbafba799": {
            "set_op_type": "none",
            "first_query": {
                "meaningful_joins": "yes",
                "table_exp_type": "single_table",
                "where_type": "not_exists_subquery",
                "number_of_value_exp_in_group_by": 0,
                "having_type": "none",
                "orderby_type": "none",
                "limit_type": "none",
                "value_exp_types": [
                    "single_exp_text"
                ],
                "distinct_type": "none",
                "min_max_depth_in_subquery": [
                    1,
                    1
                ]
            }
        },
        "eba368945cacb0cee3d0a24837314c8c5a21c3d8": {
            "set_op_type": "none",
            "first_query": {
                "meaningful_joins": "yes",
                "table_exp_type": "JOIN_JOIN",
                "where_type": {
                    "basic_comparison": "<="
                },
                "number_of_value_exp_in_group_by": 0,
                "having_type": "none",
                "orderby_type": "ASC",
                "limit_type": "without_offset",
                "value_exp_types": [
                    "single_exp_text",
                    "single_exp_text"
                ],
                "distinct_type": "none",
                "min_max_depth_in_subquery": [
                    1,
                    1
                ]
            }
        }
    }
}