{
    "loan_1": {
        "7a3b6858b1e675d2f628824e4f18e140cbb06578": {
            "set_op_type": "none",
            "first_query": {
                "meaningful_joins": "yes",
                "table_exp_type": "single_table_with_name_changing",
                "where_type": {
                    "basic_comparison": "!="
                },
                "number_of_value_exp_in_group_by": 0,
                "having_type": "none",
                "orderby_type": "DESC",
                "limit_type": "without_offset",
                "value_exp_types": [
                    "single_exp_text"
                ],
                "distinct_type": "none",
                "min_max_depth_in_subquery": [
                    1,
                    1
                ]
            }
        },
        "242b372b3ff149f7c05c4b4cac4525831d71f561": {
            "set_op_type": "none",
            "first_query": {
                "meaningful_joins": "yes",
                "table_exp_type": "single_table",
                "where_type": "none",
                "number_of_value_exp_in_group_by": 1,
                "having_type": {
                    "single": "SUM"
                },
                "orderby_type": "none",
                "limit_type": "without_offset",
                "value_exp_types": [
                    "single_exp_number",
                    "single_exp_text"
                ],
                "distinct_type": "none",
                "min_max_depth_in_subquery": [
                    1,
                    1
                ]
            }
        },
        "de6be19e20bec3aef43bbac3e4cd757df78a4180": {
            "set_op_type": "none",
            "first_query": {
                "meaningful_joins": "yes",
                "table_exp_type": "JOIN_JOIN",
                "where_type": {
                    "basic_comparison": "!="
                },
                "number_of_value_exp_in_group_by": 0,
                "having_type": "none",
                "orderby_type": "none",
                "limit_type": "without_offset",
                "value_exp_types": [
                    "single_exp_number",
                    "single_exp_text"
                ],
                "distinct_type": "none",
                "min_max_depth_in_subquery": [
                    1,
                    1
                ]
            }
        },
        "1ddd683ee61ba432a674ad61151db202229af8ac": {
            "set_op_type": "none",
            "first_query": {
                "meaningful_joins": "yes",
                "table_exp_type": "single_table",
                "where_type": "between",
                "number_of_value_exp_in_group_by": 0,
                "having_type": "none",
                "orderby_type": "DESC",
                "limit_type": "without_offset",
                "value_exp_types": [
                    "single_exp_number"
                ],
                "distinct_type": "none",
                "min_max_depth_in_subquery": [
                    1,
                    1
                ]
            }
        },
        "98bb0e7cc9ccafff0c561f7b295953e508349026": {
            "set_op_type": "none",
            "first_query": {
                "meaningful_joins": "yes",
                "table_exp_type": "JOIN_JOIN_JOIN",
                "where_type": {
                    "basic_comparison": ">="
                },
                "number_of_value_exp_in_group_by": 1,
                "having_type": "none",
                "orderby_type": "DESC",
                "limit_type": "none",
                "value_exp_types": [
                    "agg_exp",
                    "single_exp_text"
                ],
                "distinct_type": "none",
                "min_max_depth_in_subquery": [
                    1,
                    1
                ]
            }
        },
        "22eee1196b8af9554f8d7ef268fd5a93a33520af": {
            "set_op_type": "none",
            "first_query": {
                "meaningful_joins": "yes",
                "table_exp_type": "single_table",
                "where_type": "none",
                "number_of_value_exp_in_group_by": 1,
                "having_type": "none",
                "orderby_type": "DESC",
                "limit_type": "without_offset",
                "value_exp_types": [
                    "single_exp_number"
                ],
                "distinct_type": "none",
                "min_max_depth_in_subquery": [
                    1,
                    1
                ]
            }
        },
        "82796cda1b13a6577f1516115af442f8d431b54d": {
            "set_op_type": "none",
            "first_query": {
                "meaningful_joins": "yes",
                "table_exp_type": "single_table_with_name_changing",
                "where_type": {
                    "logical_operator": [
                        "AND",
                        "between",
                        "basic_comparison"
                    ]
                },
                "number_of_value_exp_in_group_by": 1,
                "having_type": "none",
                "orderby_type": "none",
                "limit_type": "none",
                "value_exp_types": [
                    "agg_exp",
                    "count_distinct_exp",
                    "single_exp_text"
                ],
                "distinct_type": "none",
                "min_max_depth_in_subquery": [
                    1,
                    1
                ]
            }
        },
        "a93c6448179691ed337ca8a7eed9d0293d35a7f7": {
            "set_op_type": "none",
            "first_query": {
                "meaningful_joins": "yes",
                "table_exp_type": "JOIN_JOIN_JOIN",
                "where_type": "in_with_subquery",
                "number_of_value_exp_in_group_by": 0,
                "having_type": "none",
                "orderby_type": "DESC",
                "limit_type": "none",
                "value_exp_types": [
                    "agg_exp",
                    "agg_exp",
                    "count_distinct_exp"
                ],
                "distinct_type": "none",
                "min_max_depth_in_subquery": [
                    1,
                    1
                ]
            }
        },
        "bcbff8f790dde3272279c6bf8fd9db32907ec2c9": {
            "set_op_type": "none",
            "first_query": {
                "meaningful_joins": "yes",
                "table_exp_type": "single_table_with_name_changing",
                "where_type": "between",
                "number_of_value_exp_in_group_by": 1,
                "having_type": {
                    "single": "SUM"
                },
                "orderby_type": "none",
                "limit_type": "none",
                "value_exp_types": [
                    "single_exp_text",
                    "single_exp_text"
                ],
                "distinct_type": "none",
                "min_max_depth_in_subquery": [
                    1,
                    1
                ]
            }
        },
        "7f6fefff74e33509615adb80f2f10f1a3af1910e": {
            "set_op_type": "none",
            "first_query": {
                "meaningful_joins": "yes",
                "table_exp_type": "single_table",
                "where_type": "not_in_with_subquery",
                "number_of_value_exp_in_group_by": 0,
                "having_type": "none",
                "orderby_type": "none",
                "limit_type": "none",
                "value_exp_types": [
                    "single_exp_text",
                    "single_exp_text",
                    "single_exp_text"
                ],
                "distinct_type": "none",
                "min_max_depth_in_subquery": [
                    1,
                    1
                ]
            }
        },
        "663b7c8a038b94e0fdbe98590db2a26b01108252": {
            "set_op_type": "none",
            "first_query": {
                "meaningful_joins": "yes",
                "table_exp_type": "JOIN",
                "where_type": {
                    "basic_comparison": "<="
                },
                "number_of_value_exp_in_group_by": 1,
                "having_type": {
                    "single": "SUM"
                },
                "orderby_type": "DESC",
                "limit_type": "none",
                "value_exp_types": [
                    "single_exp_number"
                ],
                "distinct_type": "none",
                "min_max_depth_in_subquery": [
                    1,
                    1
                ]
            }
        },
        "2ad7f511ef277db2606793756b1fdc1c2fd90328": {
            "set_op_type": "none",
            "first_query": {
                "meaningful_joins": "yes",
                "table_exp_type": "single_table",
                "where_type": {
                    "basic_comparison": ">="
                },
                "number_of_value_exp_in_group_by": 1,
                "having_type": "none",
                "orderby_type": "ASC",
                "limit_type": "none",
                "value_exp_types": [
                    "single_exp_text"
                ],
                "distinct_type": "none",
                "min_max_depth_in_subquery": [
                    1,
                    1
                ]
            }
        },
        "13aa11888e1fa6906c01f8aefedcdc74e5e629bf": {
            "set_op_type": "none",
            "first_query": {
                "meaningful_joins": "yes",
                "table_exp_type": "JOIN_JOIN",
                "where_type": "none",
                "number_of_value_exp_in_group_by": 0,
                "having_type": "none",
                "orderby_type": "ASC",
                "limit_type": "none",
                "value_exp_types": [
                    "agg_exp",
                    "single_exp_number"
                ],
                "distinct_type": "none",
                "min_max_depth_in_subquery": [
                    1,
                    1
                ]
            }
        },
        "dd02e6f45031735b322a957e94704dd9b26629ee": {
            "set_op_type": "none",
            "first_query": {
                "meaningful_joins": "yes",
                "table_exp_type": "SELF JOIN",
                "where_type": {
                    "logical_operator": [
                        "OR",
                        "between",
                        "in_with_subquery"
                    ]
                },
                "number_of_value_exp_in_group_by": 0,
                "having_type": "none",
                "orderby_type": "ASC",
                "limit_type": "none",
                "value_exp_types": [
                    "single_exp_text"
                ],
                "distinct_type": "none",
                "min_max_depth_in_subquery": [
                    1,
                    1
                ]
            }
        },
        "45c986921562f8f5bfe551aba37a420ed7899829": {
            "set_op_type": "none",
            "first_query": {
                "meaningful_joins": "yes",
                "table_exp_type": "single_table",
                "where_type": {
                    "logical_operator": [
                        "AND",
                        "basic_comparison",
                        "not_exists_subquery"
                    ]
                },
                "number_of_value_exp_in_group_by": 0,
                "having_type": "none",
                "orderby_type": "none",
                "limit_type": "none",
                "value_exp_types": [
                    "agg_exp"
                ],
                "distinct_type": "none",
                "min_max_depth_in_subquery": [
                    1,
                    1
                ]
            }
        },
        "65d504fa57e0b5798dbb6a8b9d933035f5c5324c": {
            "set_op_type": "none",
            "first_query": {
                "meaningful_joins": "yes",
                "table_exp_type": "single_table",
                "where_type": {
                    "logical_operator": [
                        "AND",
                        "between",
                        "not_exists_subquery"
                    ]
                },
                "number_of_value_exp_in_group_by": 0,
                "having_type": "none",
                "orderby_type": "none",
                "limit_type": "none",
                "value_exp_types": [
                    "count_distinct_exp"
                ],
                "distinct_type": "none",
                "min_max_depth_in_subquery": [
                    1,
                    1
                ]
            }
        },
        "8cd8dbe2b97873b502584d3064904051d5d9d1a2": {
            "set_op_type": "none",
            "first_query": {
                "meaningful_joins": "yes",
                "table_exp_type": "JOIN",
                "where_type": {
                    "logical_operator": [
                        "OR",
                        "between",
                        "exists_subquery"
                    ]
                },
                "number_of_value_exp_in_group_by": 1,
                "having_type": "none",
                "orderby_type": "ASC",
                "limit_type": "none",
                "value_exp_types": [
                    "single_exp_number",
                    "single_exp_text",
                    "single_exp_text"
                ],
                "distinct_type": "none",
                "min_max_depth_in_subquery": [
                    1,
                    1
                ]
            }
        },
        "678d66df9665a6ed0b77a9af78ca67cb4b6739b2": {
            "set_op_type": "none",
            "first_query": {
                "meaningful_joins": "yes",
                "table_exp_type": "JOIN_JOIN",
                "where_type": {
                    "logical_operator": [
                        "AND",
                        "between",
                        "in_with_subquery"
                    ]
                },
                "number_of_value_exp_in_group_by": 0,
                "having_type": "none",
                "orderby_type": "none",
                "limit_type": "without_offset",
                "value_exp_types": [
                    "single_exp_text",
                    "single_exp_text"
                ],
                "distinct_type": "none",
                "min_max_depth_in_subquery": [
                    1,
                    1
                ]
            }
        },
        "bcfdf863c1b4a17f7f66ba8ea8cf8bfe9bc47b2f": {
            "set_op_type": "none",
            "first_query": {
                "meaningful_joins": "yes",
                "table_exp_type": "single_table",
                "where_type": {
                    "logical_operator": [
                        "AND",
                        "between",
                        "basic_comparison"
                    ]
                },
                "number_of_value_exp_in_group_by": 0,
                "having_type": "none",
                "orderby_type": "none",
                "limit_type": "without_offset",
                "value_exp_types": [
                    "single_exp_text"
                ],
                "distinct_type": "none",
                "min_max_depth_in_subquery": [
                    1,
                    1
                ]
            }
        },
        "99d956ff29c6e4c1958332288912b25c0702db74": {
            "set_op_type": "none",
            "first_query": {
                "meaningful_joins": "yes",
                "table_exp_type": "single_table_with_name_changing",
                "where_type": {
                    "logical_operator": [
                        "OR",
                        "between",
                        "basic_comparison"
                    ]
                },
                "number_of_value_exp_in_group_by": 0,
                "having_type": "none",
                "orderby_type": "ASC",
                "limit_type": "without_offset",
                "value_exp_types": [
                    "agg_exp",
                    "count_distinct_exp"
                ],
                "distinct_type": "none",
                "min_max_depth_in_subquery": [
                    1,
                    1
                ]
            }
        },
        "baa479ea7281cf4865affa9cee0d45eae25caf65": {
            "set_op_type": "none",
            "first_query": {
                "meaningful_joins": "yes",
                "table_exp_type": "single_table",
                "where_type": {
                    "logical_operator": [
                        "OR",
                        "between",
                        "not_exists_subquery"
                    ]
                },
                "number_of_value_exp_in_group_by": 1,
                "having_type": {
                    "single": "AVG"
                },
                "orderby_type": "DESC",
                "limit_type": "none",
                "value_exp_types": [
                    "agg_exp",
                    "count_distinct_exp"
                ],
                "distinct_type": "none",
                "min_max_depth_in_subquery": [
                    1,
                    1
                ]
            }
        },
        "54670cd98219f5bab0f2d732b65d815b56e1bd9d": {
            "set_op_type": "none",
            "first_query": {
                "meaningful_joins": "yes",
                "table_exp_type": "single_table",
                "where_type": {
                    "logical_operator": [
                        "AND",
                        "basic_comparison",
                        "not_exists_subquery"
                    ]
                },
                "number_of_value_exp_in_group_by": 0,
                "having_type": "none",
                "orderby_type": "none",
                "limit_type": "without_offset",
                "value_exp_types": [
                    "agg_exp",
                    "single_exp_number"
                ],
                "distinct_type": "none",
                "min_max_depth_in_subquery": [
                    1,
                    1
                ]
            }
        },
        "b2f2dc946a25aa698cc08be11cc99b09515b3ee6": {
            "set_op_type": "none",
            "first_query": {
                "meaningful_joins": "yes",
                "table_exp_type": "JOIN",
                "where_type": {
                    "basic_comparison": ">="
                },
                "number_of_value_exp_in_group_by": 0,
                "having_type": "none",
                "orderby_type": "none",
                "limit_type": "none",
                "value_exp_types": [
                    "single_exp_number",
                    "single_exp_number"
                ],
                "distinct_type": "none",
                "min_max_depth_in_subquery": [
                    1,
                    1
                ]
            }
        },
        "ddc52e1127ccf376cc676bd7b38a5f74ff43598c": {
            "set_op_type": "none",
            "first_query": {
                "meaningful_joins": "yes",
                "table_exp_type": "single_table",
                "where_type": "none",
                "number_of_value_exp_in_group_by": 0,
                "having_type": "none",
                "orderby_type": "none",
                "limit_type": "none",
                "value_exp_types": [
                    "agg_exp",
                    "single_exp_number"
                ],
                "distinct_type": "none",
                "min_max_depth_in_subquery": [
                    1,
                    1
                ]
            }
        },
        "fb50fd70397b8efc16c4a8eaabd9c3619a466f6d": {
            "set_op_type": "none",
            "first_query": {
                "meaningful_joins": "yes",
                "table_exp_type": "JOIN_JOIN",
                "where_type": "none",
                "number_of_value_exp_in_group_by": 0,
                "having_type": "none",
                "orderby_type": "none",
                "limit_type": "none",
                "value_exp_types": [
                    "single_exp_text"
                ],
                "distinct_type": "none",
                "min_max_depth_in_subquery": [
                    1,
                    1
                ]
            }
        },
        "77d30c3cfcacb339b3714793f58fd75f4b570df0": {
            "set_op_type": "none",
            "first_query": {
                "meaningful_joins": "yes",
                "table_exp_type": "single_table",
                "where_type": {
                    "logical_operator": [
                        "AND",
                        "between",
                        "basic_comparison"
                    ]
                },
                "number_of_value_exp_in_group_by": 0,
                "having_type": "none",
                "orderby_type": "none",
                "limit_type": "without_offset",
                "value_exp_types": [
                    "agg_exp",
                    "single_exp_number"
                ],
                "distinct_type": "none",
                "min_max_depth_in_subquery": [
                    1,
                    1
                ]
            }
        },
        "7a21472496f76a882b4c5018a65ef948d27ab861": {
            "set_op_type": "none",
            "first_query": {
                "meaningful_joins": "yes",
                "table_exp_type": "single_table",
                "where_type": "not_exists_subquery",
                "number_of_value_exp_in_group_by": 0,
                "having_type": "none",
                "orderby_type": "none",
                "limit_type": "none",
                "value_exp_types": [
                    "single_exp_number"
                ],
                "distinct_type": "none",
                "min_max_depth_in_subquery": [
                    1,
                    1
                ]
            }
        },
        "23d25fda277234147c20aa4538bcad7e191d3eb1": {
            "set_op_type": "none",
            "first_query": {
                "meaningful_joins": "yes",
                "table_exp_type": "single_table",
                "where_type": {
                    "logical_operator": [
                        "AND",
                        "basic_comparison",
                        "not_exists_subquery"
                    ]
                },
                "number_of_value_exp_in_group_by": 0,
                "having_type": "none",
                "orderby_type": "none",
                "limit_type": "none",
                "value_exp_types": [
                    "single_exp_text"
                ],
                "distinct_type": "none",
                "min_max_depth_in_subquery": [
                    1,
                    1
                ]
            }
        },
        "fe59c96a0eb60eb68faf42d1a112f55ec13d7c16": {
            "set_op_type": "none",
            "first_query": {
                "meaningful_joins": "yes",
                "table_exp_type": "single_table",
                "where_type": {
                    "basic_comparison": ">="
                },
                "number_of_value_exp_in_group_by": 0,
                "having_type": "none",
                "orderby_type": "none",
                "limit_type": "none",
                "value_exp_types": [
                    "count_distinct_exp",
                    "count_distinct_exp",
                    "single_exp_text"
                ],
                "distinct_type": "none",
                "min_max_depth_in_subquery": [
                    1,
                    1
                ]
            }
        },
        "290ba8e058086dd5fb0396da36244f640c4b891d": {
            "set_op_type": "none",
            "first_query": {
                "meaningful_joins": "yes",
                "table_exp_type": "single_table_with_name_changing",
                "where_type": "none",
                "number_of_value_exp_in_group_by": 0,
                "having_type": "none",
                "orderby_type": "none",
                "limit_type": "none",
                "value_exp_types": [
                    "single_exp_number"
                ],
                "distinct_type": "none",
                "min_max_depth_in_subquery": [
                    1,
                    1
                ]
            }
        },
        "f6988f402d5fabb8352b71abaa4aa3f6394b08f8": {
            "set_op_type": "none",
            "first_query": {
                "meaningful_joins": "yes",
                "table_exp_type": "JOIN",
                "where_type": "in_with_subquery",
                "number_of_value_exp_in_group_by": 0,
                "having_type": "none",
                "orderby_type": "none",
                "limit_type": "none",
                "value_exp_types": [
                    "single_exp_number",
                    "single_exp_number"
                ],
                "distinct_type": "none",
                "min_max_depth_in_subquery": [
                    1,
                    1
                ]
            }
        },
        "e25ae388b0c4a17705b42839a6490403a8938f6f": {
            "set_op_type": "none",
            "first_query": {
                "meaningful_joins": "yes",
                "table_exp_type": "SELF JOIN",
                "where_type": {
                    "logical_operator": [
                        "AND",
                        "between",
                        "basic_comparison"
                    ]
                },
                "number_of_value_exp_in_group_by": 0,
                "having_type": "none",
                "orderby_type": "none",
                "limit_type": "none",
                "value_exp_types": [
                    "single_exp_number"
                ],
                "distinct_type": "none",
                "min_max_depth_in_subquery": [
                    1,
                    1
                ]
            }
        },
        "20e23e60f8e1eed5f9d89b9f49689fd6e220338f": {
            "set_op_type": "none",
            "first_query": {
                "meaningful_joins": "yes",
                "table_exp_type": "JOIN_JOIN",
                "where_type": {
                    "basic_comparison": ">"
                },
                "number_of_value_exp_in_group_by": 0,
                "having_type": "none",
                "orderby_type": "ASC",
                "limit_type": "without_offset",
                "value_exp_types": [
                    "count_distinct_exp"
                ],
                "distinct_type": "none",
                "min_max_depth_in_subquery": [
                    1,
                    1
                ]
            }
        },
        "3613c6656d35c2f52e6488f0fba45785c7e4dda8": {
            "set_op_type": "none",
            "first_query": {
                "meaningful_joins": "yes",
                "table_exp_type": "single_table",
                "where_type": {
                    "basic_comparison": ">"
                },
                "number_of_value_exp_in_group_by": 0,
                "having_type": "none",
                "orderby_type": "none",
                "limit_type": "none",
                "value_exp_types": [
                    "agg_exp",
                    "agg_exp"
                ],
                "distinct_type": "none",
                "min_max_depth_in_subquery": [
                    1,
                    1
                ]
            }
        },
        "31a320200f054ed1af43e3601599915f38b3e184": {
            "set_op_type": "none",
            "first_query": {
                "meaningful_joins": "yes",
                "table_exp_type": "single_table_with_name_changing",
                "where_type": {
                    "logical_operator": [
                        "AND",
                        "between",
                        "comparison_with_subquery"
                    ]
                },
                "number_of_value_exp_in_group_by": 0,
                "having_type": "none",
                "orderby_type": "none",
                "limit_type": "without_offset",
                "value_exp_types": [
                    "agg_exp",
                    "single_exp_number",
                    "single_exp_number"
                ],
                "distinct_type": "none",
                "min_max_depth_in_subquery": [
                    1,
                    1
                ]
            }
        },
        "139ee9e56cdc8b6f0bb6117772eb9b3bf78db2d6": {
            "set_op_type": "none",
            "first_query": {
                "meaningful_joins": "yes",
                "table_exp_type": "SELF JOIN",
                "where_type": {
                    "basic_comparison": "<="
                },
                "number_of_value_exp_in_group_by": 0,
                "having_type": "none",
                "orderby_type": "none",
                "limit_type": "without_offset",
                "value_exp_types": [
                    "agg_exp",
                    "single_exp_number"
                ],
                "distinct_type": "none",
                "min_max_depth_in_subquery": [
                    1,
                    1
                ]
            }
        },
        "c58f253f8e9d4671aef2588e8cf107bc98a00747": {
            "set_op_type": "none",
            "first_query": {
                "meaningful_joins": "yes",
                "table_exp_type": "SELF JOIN",
                "where_type": {
                    "basic_comparison": "!="
                },
                "number_of_value_exp_in_group_by": 0,
                "having_type": "none",
                "orderby_type": "ASC",
                "limit_type": "none",
                "value_exp_types": [
                    "single_exp_number"
                ],
                "distinct_type": "none",
                "min_max_depth_in_subquery": [
                    1,
                    1
                ]
            }
        },
        "22dba3601e133fddbb64b6a1dae42c3e9177fea1": {
            "set_op_type": "none",
            "first_query": {
                "meaningful_joins": "yes",
                "table_exp_type": "single_table",
                "where_type": {
                    "basic_comparison": "="
                },
                "number_of_value_exp_in_group_by": 1,
                "having_type": "none",
                "orderby_type": "DESC",
                "limit_type": "none",
                "value_exp_types": [
                    "agg_exp",
                    "single_exp_text"
                ],
                "distinct_type": "none",
                "min_max_depth_in_subquery": [
                    1,
                    1
                ]
            }
        },
        "58e005aef5327502946db03231366d98bb563b38": {
            "set_op_type": "none",
            "first_query": {
                "meaningful_joins": "yes",
                "table_exp_type": "single_table",
                "where_type": {
                    "logical_operator": [
                        "OR",
                        "basic_comparison",
                        "not_exists_subquery"
                    ]
                },
                "number_of_value_exp_in_group_by": 0,
                "having_type": "none",
                "orderby_type": "none",
                "limit_type": "none",
                "value_exp_types": [
                    "single_exp_number"
                ],
                "distinct_type": "none",
                "min_max_depth_in_subquery": [
                    1,
                    1
                ]
            }
        }
    }
}