{
    "product_catalog": {
        "cced7787ca64a318b48aaa4863a746552321bd2b": {
            "set_op_type": "none",
            "first_query": {
                "meaningful_joins": "yes",
                "table_exp_type": "single_table",
                "where_type": {
                    "basic_comparison": "<="
                },
                "number_of_value_exp_in_group_by": 0,
                "having_type": "none",
                "orderby_type": "none",
                "limit_type": "without_offset",
                "value_exp_types": [
                    "single_exp_number"
                ],
                "distinct_type": "none",
                "min_max_depth_in_subquery": [
                    1,
                    1
                ]
            }
        },
        "d09af283f3d7febc852daaf7dea1360c38345c92": {
            "set_op_type": "none",
            "first_query": {
                "meaningful_joins": "yes",
                "table_exp_type": "single_table",
                "where_type": {
                    "logical_operator": [
                        "OR",
                        "between",
                        "not_exists_subquery"
                    ]
                },
                "number_of_value_exp_in_group_by": 1,
                "having_type": "none",
                "orderby_type": "none",
                "limit_type": "without_offset",
                "value_exp_types": [
                    "count_distinct_exp",
                    "single_exp_number",
                    "single_exp_number"
                ],
                "distinct_type": "none",
                "min_max_depth_in_subquery": [
                    1,
                    1
                ]
            }
        },
        "26e8a55defa231d68e99602e2aa8fde3fc0ad991": {
            "set_op_type": "none",
            "first_query": {
                "meaningful_joins": "yes",
                "table_exp_type": "single_table_with_name_changing",
                "where_type": {
                    "basic_comparison": "<"
                },
                "number_of_value_exp_in_group_by": 0,
                "having_type": "none",
                "orderby_type": "none",
                "limit_type": "without_offset",
                "value_exp_types": [
                    "count_distinct_exp",
                    "single_exp_number",
                    "single_exp_text"
                ],
                "distinct_type": "none",
                "min_max_depth_in_subquery": [
                    1,
                    1
                ]
            }
        },
        "1bf3cd7fe27084c38eb578a565ade6fb2768fc56": {
            "set_op_type": "none",
            "first_query": {
                "meaningful_joins": "yes",
                "table_exp_type": "single_table_with_name_changing",
                "where_type": "between",
                "number_of_value_exp_in_group_by": 0,
                "having_type": "none",
                "orderby_type": "ASC",
                "limit_type": "none",
                "value_exp_types": [
                    "single_exp_number"
                ],
                "distinct_type": "none",
                "min_max_depth_in_subquery": [
                    1,
                    1
                ]
            }
        },
        "cbfa7542ecb223160a3963ac51a6400eaaf948a1": {
            "set_op_type": "none",
            "first_query": {
                "meaningful_joins": "yes",
                "table_exp_type": "single_table_with_name_changing",
                "where_type": "none",
                "number_of_value_exp_in_group_by": 0,
                "having_type": "none",
                "orderby_type": "none",
                "limit_type": "none",
                "value_exp_types": [
                    "agg_exp",
                    "single_exp_number",
                    "single_exp_text"
                ],
                "distinct_type": "none",
                "min_max_depth_in_subquery": [
                    1,
                    1
                ]
            }
        },
        "f0d62ab728f43b4cf6f0cbb1bdabc981fdc3466e": {
            "set_op_type": "none",
            "first_query": {
                "meaningful_joins": "yes",
                "table_exp_type": "JOIN_JOIN",
                "where_type": {
                    "basic_comparison": ">"
                },
                "number_of_value_exp_in_group_by": 0,
                "having_type": "none",
                "orderby_type": "DESC",
                "limit_type": "without_offset",
                "value_exp_types": [
                    "count_distinct_exp",
                    "single_exp_text"
                ],
                "distinct_type": "none",
                "min_max_depth_in_subquery": [
                    1,
                    1
                ]
            }
        },
        "4e9f5be6294805a45b6e23c33a2f39ce2bd05a01": {
            "set_op_type": "none",
            "first_query": {
                "meaningful_joins": "yes",
                "table_exp_type": "JOIN",
                "where_type": "not_in_with_subquery",
                "number_of_value_exp_in_group_by": 1,
                "having_type": "none",
                "orderby_type": "ASC",
                "limit_type": "none",
                "value_exp_types": [
                    "single_exp_text"
                ],
                "distinct_type": "none",
                "min_max_depth_in_subquery": [
                    1,
                    1
                ]
            }
        },
        "397c75fae49c6c277ec253c22e4298b5fe254c60": {
            "set_op_type": "none",
            "first_query": {
                "meaningful_joins": "yes",
                "table_exp_type": "single_table_with_name_changing",
                "where_type": "none",
                "number_of_value_exp_in_group_by": 0,
                "having_type": "none",
                "orderby_type": "none",
                "limit_type": "without_offset",
                "value_exp_types": [
                    "agg_exp",
                    "single_exp_number"
                ],
                "distinct_type": "none",
                "min_max_depth_in_subquery": [
                    1,
                    1
                ]
            }
        },
        "43a12c1cb8a2c9e9a92ab7d2b2e3fc563b43c890": {
            "set_op_type": "none",
            "first_query": {
                "meaningful_joins": "yes",
                "table_exp_type": "JOIN",
                "where_type": "comparison_with_subquery",
                "number_of_value_exp_in_group_by": 0,
                "having_type": "none",
                "orderby_type": "DESC",
                "limit_type": "none",
                "value_exp_types": [
                    "agg_exp"
                ],
                "distinct_type": "none",
                "min_max_depth_in_subquery": [
                    1,
                    1
                ]
            }
        },
        "172db3f17725cbae796e0a0064c7973a7e03ab1f": {
            "set_op_type": "none",
            "first_query": {
                "meaningful_joins": "yes",
                "table_exp_type": "JOIN",
                "where_type": {
                    "basic_comparison": "="
                },
                "number_of_value_exp_in_group_by": 1,
                "having_type": "none",
                "orderby_type": "none",
                "limit_type": "without_offset",
                "value_exp_types": [
                    "single_exp_text"
                ],
                "distinct_type": "none",
                "min_max_depth_in_subquery": [
                    1,
                    1
                ]
            }
        },
        "97c4310c87233a9623d9a5017b48bdf1326a49b1": {
            "set_op_type": "none",
            "first_query": {
                "meaningful_joins": "yes",
                "table_exp_type": "single_table_with_name_changing",
                "where_type": "none",
                "number_of_value_exp_in_group_by": 0,
                "having_type": "none",
                "orderby_type": "none",
                "limit_type": "without_offset",
                "value_exp_types": [
                    "count_distinct_exp",
                    "count_distinct_exp",
                    "single_exp_text"
                ],
                "distinct_type": "none",
                "min_max_depth_in_subquery": [
                    1,
                    1
                ]
            }
        },
        "149650685c1298ffc1dae8e49df5a68de47c8157": {
            "set_op_type": "none",
            "first_query": {
                "meaningful_joins": "yes",
                "table_exp_type": "JOIN",
                "where_type": {
                    "basic_comparison": "<="
                },
                "number_of_value_exp_in_group_by": 0,
                "having_type": "none",
                "orderby_type": "ASC",
                "limit_type": "without_offset",
                "value_exp_types": [
                    "agg_exp",
                    "single_exp_number"
                ],
                "distinct_type": "none",
                "min_max_depth_in_subquery": [
                    1,
                    1
                ]
            }
        },
        "055a9d91082f3764ecd812ede52c895fcf7e2a01": {
            "set_op_type": "none",
            "first_query": {
                "meaningful_joins": "yes",
                "table_exp_type": "single_table",
                "where_type": "exists_subquery",
                "number_of_value_exp_in_group_by": 0,
                "having_type": "none",
                "orderby_type": "ASC",
                "limit_type": "none",
                "value_exp_types": [
                    "single_exp_number"
                ],
                "distinct_type": "none",
                "min_max_depth_in_subquery": [
                    1,
                    1
                ]
            }
        },
        "4b9ca6b6dde1c4308bf53c75c5aa56e841893b6b": {
            "set_op_type": "none",
            "first_query": {
                "meaningful_joins": "yes",
                "table_exp_type": "JOIN",
                "where_type": {
                    "basic_comparison": "<"
                },
                "number_of_value_exp_in_group_by": 0,
                "having_type": "none",
                "orderby_type": "none",
                "limit_type": "without_offset",
                "value_exp_types": [
                    "count_distinct_exp",
                    "single_exp_number"
                ],
                "distinct_type": "none",
                "min_max_depth_in_subquery": [
                    1,
                    1
                ]
            }
        },
        "c788e126b028aa4c2ca4ba2b3963fb25647069ad": {
            "set_op_type": "none",
            "first_query": {
                "meaningful_joins": "yes",
                "table_exp_type": "single_table",
                "where_type": "not_exists_subquery",
                "number_of_value_exp_in_group_by": 0,
                "having_type": "none",
                "orderby_type": "ASC",
                "limit_type": "none",
                "value_exp_types": [
                    "count_distinct_exp",
                    "single_exp_number",
                    "single_exp_text"
                ],
                "distinct_type": "none",
                "min_max_depth_in_subquery": [
                    1,
                    1
                ]
            }
        },
        "ca377b850657df7757412773b7bac24160249d68": {
            "set_op_type": "none",
            "first_query": {
                "meaningful_joins": "yes",
                "table_exp_type": "single_table_with_name_changing",
                "where_type": {
                    "basic_comparison": ">"
                },
                "number_of_value_exp_in_group_by": 0,
                "having_type": "none",
                "orderby_type": "none",
                "limit_type": "none",
                "value_exp_types": [
                    "single_exp_number",
                    "single_exp_number"
                ],
                "distinct_type": "none",
                "min_max_depth_in_subquery": [
                    1,
                    1
                ]
            }
        },
        "23945395fabd242b4405303e8149e2c90e70e057": {
            "set_op_type": "none",
            "first_query": {
                "meaningful_joins": "yes",
                "table_exp_type": "JOIN",
                "where_type": {
                    "basic_comparison": ">"
                },
                "number_of_value_exp_in_group_by": 1,
                "having_type": "none",
                "orderby_type": "DESC",
                "limit_type": "none",
                "value_exp_types": [
                    "single_exp_text"
                ],
                "distinct_type": "none",
                "min_max_depth_in_subquery": [
                    1,
                    1
                ]
            }
        },
        "7f73a77086ade522701c76e164deccf1083ac6eb": {
            "set_op_type": "none",
            "first_query": {
                "meaningful_joins": "yes",
                "table_exp_type": "single_table",
                "where_type": {
                    "logical_operator": [
                        "OR",
                        "between",
                        "exists_subquery"
                    ]
                },
                "number_of_value_exp_in_group_by": 0,
                "having_type": "none",
                "orderby_type": "DESC",
                "limit_type": "without_offset",
                "value_exp_types": [
                    "single_exp_text",
                    "single_exp_text"
                ],
                "distinct_type": "none",
                "min_max_depth_in_subquery": [
                    1,
                    1
                ]
            }
        },
        "fb33f2ae51d540e1b5f18a8559abc80741e0e2aa": {
            "set_op_type": "none",
            "first_query": {
                "meaningful_joins": "yes",
                "table_exp_type": "single_table_with_name_changing",
                "where_type": {
                    "basic_comparison": "<="
                },
                "number_of_value_exp_in_group_by": 1,
                "having_type": "none",
                "orderby_type": "none",
                "limit_type": "without_offset",
                "value_exp_types": [
                    "agg_exp",
                    "single_exp_text",
                    "single_exp_text"
                ],
                "distinct_type": "none",
                "min_max_depth_in_subquery": [
                    1,
                    1
                ]
            }
        },
        "237b05f93a4ce692b58e3f0d48fb2ebbdda16390": {
            "set_op_type": "none",
            "first_query": {
                "meaningful_joins": "yes",
                "table_exp_type": "SELF JOIN",
                "where_type": {
                    "logical_operator": [
                        "OR",
                        "basic_comparison",
                        "comparison_with_subquery"
                    ]
                },
                "number_of_value_exp_in_group_by": 0,
                "having_type": "none",
                "orderby_type": "ASC",
                "limit_type": "none",
                "value_exp_types": [
                    "count_distinct_exp"
                ],
                "distinct_type": "none",
                "min_max_depth_in_subquery": [
                    1,
                    1
                ]
            }
        },
        "f4b92a945e75f081eb96ce9712e3d959e3dfd2f8": {
            "set_op_type": "none",
            "first_query": {
                "meaningful_joins": "yes",
                "table_exp_type": "single_table_with_name_changing",
                "where_type": "in_with_subquery",
                "number_of_value_exp_in_group_by": 1,
                "having_type": "none",
                "orderby_type": "ASC",
                "limit_type": "none",
                "value_exp_types": [
                    "single_exp_text"
                ],
                "distinct_type": "none",
                "min_max_depth_in_subquery": [
                    1,
                    1
                ]
            }
        },
        "c9a0a633bf1fe2ac1fd456d035e5cae96ed9bb0e": {
            "set_op_type": "none",
            "first_query": {
                "meaningful_joins": "yes",
                "table_exp_type": "SELF JOIN",
                "where_type": {
                    "basic_comparison": "!="
                },
                "number_of_value_exp_in_group_by": 0,
                "having_type": "none",
                "orderby_type": "none",
                "limit_type": "none",
                "value_exp_types": [
                    "single_exp_text",
                    "single_exp_text"
                ],
                "distinct_type": "none",
                "min_max_depth_in_subquery": [
                    1,
                    1
                ]
            }
        },
        "3e425aa48833ab8861d7ba2a39e19c74858c61e0": {
            "set_op_type": "none",
            "first_query": {
                "meaningful_joins": "yes",
                "table_exp_type": "single_table",
                "where_type": {
                    "basic_comparison": "<"
                },
                "number_of_value_exp_in_group_by": 1,
                "having_type": {
                    "single": "MIN"
                },
                "orderby_type": "DESC",
                "limit_type": "none",
                "value_exp_types": [
                    "count_distinct_exp"
                ],
                "distinct_type": "none",
                "min_max_depth_in_subquery": [
                    1,
                    1
                ]
            }
        },
        "b43d2930c3a3f12910321b1c2c031718aeda756e": {
            "set_op_type": "none",
            "first_query": {
                "meaningful_joins": "yes",
                "table_exp_type": "JOIN",
                "where_type": {
                    "basic_comparison": "="
                },
                "number_of_value_exp_in_group_by": 1,
                "having_type": "none",
                "orderby_type": "none",
                "limit_type": "none",
                "value_exp_types": [
                    "agg_exp",
                    "agg_exp",
                    "count_distinct_exp"
                ],
                "distinct_type": "none",
                "min_max_depth_in_subquery": [
                    1,
                    1
                ]
            }
        },
        "b71f4d72a7f025df6de64ed02a30fdb0b8f02814": {
            "set_op_type": "none",
            "first_query": {
                "meaningful_joins": "yes",
                "table_exp_type": "JOIN",
                "where_type": {
                    "basic_comparison": ">="
                },
                "number_of_value_exp_in_group_by": 0,
                "having_type": "none",
                "orderby_type": "none",
                "limit_type": "none",
                "value_exp_types": [
                    "single_exp_text"
                ],
                "distinct_type": "none",
                "min_max_depth_in_subquery": [
                    1,
                    1
                ]
            }
        },
        "2ee4e03c528521746d66330887934ccc84c37f45": {
            "set_op_type": "none",
            "first_query": {
                "meaningful_joins": "yes",
                "table_exp_type": "JOIN_JOIN",
                "where_type": "none",
                "number_of_value_exp_in_group_by": 1,
                "having_type": "none",
                "orderby_type": "DESC",
                "limit_type": "none",
                "value_exp_types": [
                    "single_exp_number",
                    "single_exp_text"
                ],
                "distinct_type": "none",
                "min_max_depth_in_subquery": [
                    1,
                    1
                ]
            }
        },
        "36a9c719941ee498f700ecf273a65aabcd234e43": {
            "set_op_type": "none",
            "first_query": {
                "meaningful_joins": "yes",
                "table_exp_type": "single_table",
                "where_type": {
                    "basic_comparison": "!="
                },
                "number_of_value_exp_in_group_by": 0,
                "having_type": "none",
                "orderby_type": "none",
                "limit_type": "none",
                "value_exp_types": [
                    "agg_exp",
                    "agg_exp",
                    "count_distinct_exp"
                ],
                "distinct_type": "none",
                "min_max_depth_in_subquery": [
                    1,
                    1
                ]
            }
        },
        "cdd9a4ee0bf91fbb06b61cf89f5f67ab7ed8dab6": {
            "set_op_type": "none",
            "first_query": {
                "meaningful_joins": "yes",
                "table_exp_type": "JOIN",
                "where_type": {
                    "basic_comparison": ">="
                },
                "number_of_value_exp_in_group_by": 0,
                "having_type": "none",
                "orderby_type": "none",
                "limit_type": "without_offset",
                "value_exp_types": [
                    "single_exp_number"
                ],
                "distinct_type": "none",
                "min_max_depth_in_subquery": [
                    1,
                    1
                ]
            }
        },
        "b2732f50628b7008e99c6912bd3dda7126a66121": {
            "set_op_type": "none",
            "first_query": {
                "meaningful_joins": "yes",
                "table_exp_type": "single_table_with_name_changing",
                "where_type": {
                    "logical_operator": [
                        "OR",
                        "between",
                        "basic_comparison"
                    ]
                },
                "number_of_value_exp_in_group_by": 0,
                "having_type": "none",
                "orderby_type": "none",
                "limit_type": "without_offset",
                "value_exp_types": [
                    "single_exp_number"
                ],
                "distinct_type": "none",
                "min_max_depth_in_subquery": [
                    1,
                    1
                ]
            }
        },
        "c96ba9d1279e5f213f5327d5543eb6cb04868396": {
            "set_op_type": "none",
            "first_query": {
                "meaningful_joins": "yes",
                "table_exp_type": "JOIN",
                "where_type": "none",
                "number_of_value_exp_in_group_by": 0,
                "having_type": "none",
                "orderby_type": "ASC",
                "limit_type": "none",
                "value_exp_types": [
                    "agg_exp"
                ],
                "distinct_type": "none",
                "min_max_depth_in_subquery": [
                    1,
                    1
                ]
            }
        },
        "87500699e3113a313d3500e750110550af38eef9": {
            "set_op_type": "none",
            "first_query": {
                "meaningful_joins": "yes",
                "table_exp_type": "single_table",
                "where_type": "in_with_subquery",
                "number_of_value_exp_in_group_by": 0,
                "having_type": "none",
                "orderby_type": "ASC",
                "limit_type": "none",
                "value_exp_types": [
                    "single_exp_number"
                ],
                "distinct_type": "none",
                "min_max_depth_in_subquery": [
                    1,
                    1
                ]
            }
        },
        "46f1048cca1eeb4c2b1e625ef35a1b0b1649833d": {
            "set_op_type": "none",
            "first_query": {
                "meaningful_joins": "yes",
                "table_exp_type": "single_table",
                "where_type": {
                    "basic_comparison": "="
                },
                "number_of_value_exp_in_group_by": 0,
                "having_type": "none",
                "orderby_type": "none",
                "limit_type": "none",
                "value_exp_types": [
                    "single_exp_number"
                ],
                "distinct_type": "none",
                "min_max_depth_in_subquery": [
                    1,
                    1
                ]
            }
        },
        "1d2028c000ecb354b45020d00c9d7a9854a97f72": {
            "set_op_type": "none",
            "first_query": {
                "meaningful_joins": "yes",
                "table_exp_type": "JOIN",
                "where_type": {
                    "basic_comparison": "<="
                },
                "number_of_value_exp_in_group_by": 1,
                "having_type": "none",
                "orderby_type": "none",
                "limit_type": "without_offset",
                "value_exp_types": [
                    "single_exp_number"
                ],
                "distinct_type": "none",
                "min_max_depth_in_subquery": [
                    1,
                    1
                ]
            }
        },
        "9d366b5f949e743a878a70caf46cccd0409e63b5": {
            "set_op_type": "none",
            "first_query": {
                "meaningful_joins": "yes",
                "table_exp_type": "single_table",
                "where_type": "between",
                "number_of_value_exp_in_group_by": 1,
                "having_type": {
                    "single": "MIN"
                },
                "orderby_type": "none",
                "limit_type": "none",
                "value_exp_types": [
                    "single_exp_text"
                ],
                "distinct_type": "none",
                "min_max_depth_in_subquery": [
                    1,
                    1
                ]
            }
        },
        "e28bc4aa05c534e6cece1a2fb2ddc3c83a6c7804": {
            "set_op_type": "none",
            "first_query": {
                "meaningful_joins": "yes",
                "table_exp_type": "single_table",
                "where_type": {
                    "basic_comparison": "!="
                },
                "number_of_value_exp_in_group_by": 0,
                "having_type": "none",
                "orderby_type": "ASC",
                "limit_type": "without_offset",
                "value_exp_types": [
                    "single_exp_number",
                    "single_exp_number"
                ],
                "distinct_type": "none",
                "min_max_depth_in_subquery": [
                    1,
                    1
                ]
            }
        }
    }
}