{
    "tracking_software_problems": {
        "517e822b3d48f1eda3561f83bcf0265b2a90e0ea": {
            "set_op_type": "none",
            "first_query": {
                "meaningful_joins": "yes",
                "table_exp_type": "JOIN",
                "where_type": "none",
                "number_of_value_exp_in_group_by": 0,
                "having_type": "none",
                "orderby_type": "none",
                "limit_type": "none",
                "value_exp_types": [
                    "single_exp_number"
                ],
                "distinct_type": "none",
                "min_max_depth_in_subquery": [
                    1,
                    1
                ]
            }
        },
        "296dbfa03796ac8d7d358f1f9bcf09ec764f0d51": {
            "set_op_type": "none",
            "first_query": {
                "meaningful_joins": "yes",
                "table_exp_type": "single_table",
                "where_type": "between",
                "number_of_value_exp_in_group_by": 0,
                "having_type": "none",
                "orderby_type": "DESC",
                "limit_type": "none",
                "value_exp_types": [
                    "single_exp_number"
                ],
                "distinct_type": "none",
                "min_max_depth_in_subquery": [
                    1,
                    1
                ]
            }
        },
        "2a1672eab22f9b1d56f5a4c48fc93ff4ead578e0": {
            "set_op_type": "none",
            "first_query": {
                "meaningful_joins": "yes",
                "table_exp_type": "SELF JOIN",
                "where_type": "not_exists_subquery",
                "number_of_value_exp_in_group_by": 0,
                "having_type": "none",
                "orderby_type": "none",
                "limit_type": "none",
                "value_exp_types": [
                    "single_exp_number",
                    "single_exp_text"
                ],
                "distinct_type": "none",
                "min_max_depth_in_subquery": [
                    1,
                    1
                ]
            }
        },
        "b6b9db8861ae5f7dd5c4ede30defbfa81a031e13": {
            "set_op_type": "none",
            "first_query": {
                "meaningful_joins": "yes",
                "table_exp_type": "JOIN_JOIN_JOIN",
                "where_type": {
                    "basic_comparison": "<"
                },
                "number_of_value_exp_in_group_by": 0,
                "having_type": "none",
                "orderby_type": "none",
                "limit_type": "without_offset",
                "value_exp_types": [
                    "single_exp_text",
                    "single_exp_text"
                ],
                "distinct_type": "none",
                "min_max_depth_in_subquery": [
                    1,
                    1
                ]
            }
        },
        "9b1fd16c30f019cb728bfaff225700adaa13d461": {
            "set_op_type": "none",
            "first_query": {
                "meaningful_joins": "yes",
                "table_exp_type": "JOIN_JOIN",
                "where_type": {
                    "logical_operator": [
                        "AND",
                        "between",
                        "in_with_subquery"
                    ]
                },
                "number_of_value_exp_in_group_by": 1,
                "having_type": "none",
                "orderby_type": "ASC",
                "limit_type": "none",
                "value_exp_types": [
                    "single_exp_number",
                    "single_exp_text"
                ],
                "distinct_type": "none",
                "min_max_depth_in_subquery": [
                    1,
                    1
                ]
            }
        },
        "6ddbd63cf7d0c1135efbfac6f3362268c1f76bee": {
            "set_op_type": "none",
            "first_query": {
                "meaningful_joins": "yes",
                "table_exp_type": "JOIN",
                "where_type": {
                    "basic_comparison": "!="
                },
                "number_of_value_exp_in_group_by": 1,
                "having_type": "none",
                "orderby_type": "none",
                "limit_type": "without_offset",
                "value_exp_types": [
                    "single_exp_number",
                    "single_exp_number",
                    "single_exp_number"
                ],
                "distinct_type": "none",
                "min_max_depth_in_subquery": [
                    1,
                    1
                ]
            }
        },
        "4c9825be4a4a40d9889667653436d078daf06b80": {
            "set_op_type": "none",
            "first_query": {
                "meaningful_joins": "yes",
                "table_exp_type": "single_table",
                "where_type": {
                    "basic_comparison": ">="
                },
                "number_of_value_exp_in_group_by": 1,
                "having_type": "none",
                "orderby_type": "none",
                "limit_type": "none",
                "value_exp_types": [
                    "count_distinct_exp",
                    "single_exp_text"
                ],
                "distinct_type": "none",
                "min_max_depth_in_subquery": [
                    1,
                    1
                ]
            }
        },
        "a10d17c7a0c58088d3a728979d78f5c5009eb8c9": {
            "set_op_type": "none",
            "first_query": {
                "meaningful_joins": "yes",
                "table_exp_type": "JOIN_JOIN_JOIN",
                "where_type": {
                    "basic_comparison": "="
                },
                "number_of_value_exp_in_group_by": 1,
                "having_type": {
                    "single": "AVG"
                },
                "orderby_type": "none",
                "limit_type": "none",
                "value_exp_types": [
                    "agg_exp",
                    "single_exp_text"
                ],
                "distinct_type": "none",
                "min_max_depth_in_subquery": [
                    1,
                    1
                ]
            }
        },
        "0fcc1493aaec39f5027a1358470856dfa2adcd04": {
            "set_op_type": "none",
            "first_query": {
                "meaningful_joins": "yes",
                "table_exp_type": "single_table_with_name_changing",
                "where_type": {
                    "basic_comparison": "="
                },
                "number_of_value_exp_in_group_by": 0,
                "having_type": "none",
                "orderby_type": "none",
                "limit_type": "none",
                "value_exp_types": [
                    "agg_exp",
                    "single_exp_number"
                ],
                "distinct_type": "none",
                "min_max_depth_in_subquery": [
                    1,
                    1
                ]
            }
        },
        "c2aa44252fa41ec4735bbf503464e533cbbee677": {
            "set_op_type": "none",
            "first_query": {
                "meaningful_joins": "yes",
                "table_exp_type": "JOIN_JOIN",
                "where_type": {
                    "basic_comparison": "!="
                },
                "number_of_value_exp_in_group_by": 0,
                "having_type": "none",
                "orderby_type": "none",
                "limit_type": "without_offset",
                "value_exp_types": [
                    "agg_exp",
                    "count_distinct_exp"
                ],
                "distinct_type": "none",
                "min_max_depth_in_subquery": [
                    1,
                    1
                ]
            }
        },
        "2dbbb6c98695c25dca025e04ce4e851b58fc71ad": {
            "set_op_type": "none",
            "first_query": {
                "meaningful_joins": "yes",
                "table_exp_type": "single_table_with_name_changing",
                "where_type": "none",
                "number_of_value_exp_in_group_by": 0,
                "having_type": "none",
                "orderby_type": "none",
                "limit_type": "none",
                "value_exp_types": [
                    "count_distinct_exp",
                    "single_exp_text"
                ],
                "distinct_type": "none",
                "min_max_depth_in_subquery": [
                    1,
                    1
                ]
            }
        },
        "5774d9db846c984137f0414d32fb1c5604d817cb": {
            "set_op_type": "none",
            "first_query": {
                "meaningful_joins": "yes",
                "table_exp_type": "single_table_with_name_changing",
                "where_type": "in_with_subquery",
                "number_of_value_exp_in_group_by": 0,
                "having_type": "none",
                "orderby_type": "DESC",
                "limit_type": "without_offset",
                "value_exp_types": [
                    "single_exp_text"
                ],
                "distinct_type": "none",
                "min_max_depth_in_subquery": [
                    1,
                    1
                ]
            }
        },
        "f1f823b3796f5e41d53d8ff18cc5371d51df9f46": {
            "set_op_type": "none",
            "first_query": {
                "meaningful_joins": "yes",
                "table_exp_type": "single_table_with_name_changing",
                "where_type": {
                    "basic_comparison": "<"
                },
                "number_of_value_exp_in_group_by": 0,
                "having_type": "none",
                "orderby_type": "none",
                "limit_type": "none",
                "value_exp_types": [
                    "single_exp_number",
                    "single_exp_number"
                ],
                "distinct_type": "none",
                "min_max_depth_in_subquery": [
                    1,
                    1
                ]
            }
        },
        "9fb3ab495584ca7371fea2009ccab0474694afc9": {
            "set_op_type": "none",
            "first_query": {
                "meaningful_joins": "yes",
                "table_exp_type": "single_table",
                "where_type": {
                    "basic_comparison": ">"
                },
                "number_of_value_exp_in_group_by": 0,
                "having_type": "none",
                "orderby_type": "none",
                "limit_type": "none",
                "value_exp_types": [
                    "single_exp_number",
                    "single_exp_text"
                ],
                "distinct_type": "none",
                "min_max_depth_in_subquery": [
                    1,
                    1
                ]
            }
        },
        "033370a16ca142f6689aa9bc1e16e7022e1effc6": {
            "set_op_type": "none",
            "first_query": {
                "meaningful_joins": "yes",
                "table_exp_type": "single_table_with_name_changing",
                "where_type": "not_in_with_subquery",
                "number_of_value_exp_in_group_by": 1,
                "having_type": {
                    "single": "COUNT"
                },
                "orderby_type": "ASC",
                "limit_type": "none",
                "value_exp_types": [
                    "count_distinct_exp",
                    "single_exp_number",
                    "single_exp_number"
                ],
                "distinct_type": "none",
                "min_max_depth_in_subquery": [
                    1,
                    1
                ]
            }
        },
        "ee1bc261293fcb955bfdc6f1d3fc8767844fb847": {
            "set_op_type": "none",
            "first_query": {
                "meaningful_joins": "yes",
                "table_exp_type": "JOIN",
                "where_type": {
                    "basic_comparison": "<"
                },
                "number_of_value_exp_in_group_by": 1,
                "having_type": {
                    "single": "AVG"
                },
                "orderby_type": "none",
                "limit_type": "none",
                "value_exp_types": [
                    "agg_exp",
                    "single_exp_number"
                ],
                "distinct_type": "none",
                "min_max_depth_in_subquery": [
                    1,
                    1
                ]
            }
        },
        "827ee8bbaafc29aa4eecd2408335fe338fa78c92": {
            "set_op_type": "none",
            "first_query": {
                "meaningful_joins": "yes",
                "table_exp_type": "single_table_with_name_changing",
                "where_type": {
                    "logical_operator": [
                        "OR",
                        "between",
                        "exists_subquery"
                    ]
                },
                "number_of_value_exp_in_group_by": 0,
                "having_type": "none",
                "orderby_type": "none",
                "limit_type": "none",
                "value_exp_types": [
                    "single_exp_text",
                    "single_exp_text"
                ],
                "distinct_type": "none",
                "min_max_depth_in_subquery": [
                    1,
                    1
                ]
            }
        },
        "1cd235611cda6f096f8cdc9b5e09e90d9a22f89e": {
            "set_op_type": "none",
            "first_query": {
                "meaningful_joins": "yes",
                "table_exp_type": "JOIN_JOIN",
                "where_type": "between",
                "number_of_value_exp_in_group_by": 1,
                "having_type": "none",
                "orderby_type": "none",
                "limit_type": "none",
                "value_exp_types": [
                    "single_exp_text",
                    "single_exp_text"
                ],
                "distinct_type": "none",
                "min_max_depth_in_subquery": [
                    1,
                    1
                ]
            }
        },
        "30d27ea64600723187c907f926dbd7f0c0c3e009": {
            "set_op_type": "none",
            "first_query": {
                "meaningful_joins": "yes",
                "table_exp_type": "SELF JOIN",
                "where_type": "not_exists_subquery",
                "number_of_value_exp_in_group_by": 0,
                "having_type": "none",
                "orderby_type": "DESC",
                "limit_type": "without_offset",
                "value_exp_types": [
                    "single_exp_text"
                ],
                "distinct_type": "none",
                "min_max_depth_in_subquery": [
                    1,
                    1
                ]
            }
        },
        "a2de43d94d46847ae81e5c88bb66d9265058e4f4": {
            "set_op_type": "none",
            "first_query": {
                "meaningful_joins": "yes",
                "table_exp_type": "single_table_with_name_changing",
                "where_type": "in_with_subquery",
                "number_of_value_exp_in_group_by": 1,
                "having_type": "none",
                "orderby_type": "none",
                "limit_type": "none",
                "value_exp_types": [
                    "count_distinct_exp",
                    "count_distinct_exp",
                    "count_distinct_exp"
                ],
                "distinct_type": "none",
                "min_max_depth_in_subquery": [
                    1,
                    1
                ]
            }
        },
        "1832ccd7245a0aa84b51136292c1528a9677d598": {
            "set_op_type": "none",
            "first_query": {
                "meaningful_joins": "yes",
                "table_exp_type": "single_table",
                "where_type": {
                    "logical_operator": [
                        "OR",
                        "between",
                        "basic_comparison"
                    ]
                },
                "number_of_value_exp_in_group_by": 0,
                "having_type": "none",
                "orderby_type": "none",
                "limit_type": "none",
                "value_exp_types": [
                    "single_exp_text",
                    "single_exp_text",
                    "single_exp_text"
                ],
                "distinct_type": "none",
                "min_max_depth_in_subquery": [
                    1,
                    1
                ]
            }
        },
        "a3eacaebf283e08a7fc6d9469ed32c19815b1b20": {
            "set_op_type": "none",
            "first_query": {
                "meaningful_joins": "yes",
                "table_exp_type": "single_table_with_name_changing",
                "where_type": {
                    "basic_comparison": "="
                },
                "number_of_value_exp_in_group_by": 0,
                "having_type": "none",
                "orderby_type": "none",
                "limit_type": "none",
                "value_exp_types": [
                    "count_distinct_exp"
                ],
                "distinct_type": "none",
                "min_max_depth_in_subquery": [
                    1,
                    1
                ]
            }
        },
        "29c20cde5e4e81bfe4f9b096ffa34b979b99c561": {
            "set_op_type": "none",
            "first_query": {
                "meaningful_joins": "yes",
                "table_exp_type": "single_table",
                "where_type": {
                    "basic_comparison": "="
                },
                "number_of_value_exp_in_group_by": 0,
                "having_type": "none",
                "orderby_type": "ASC",
                "limit_type": "none",
                "value_exp_types": [
                    "single_exp_text",
                    "single_exp_text"
                ],
                "distinct_type": "none",
                "min_max_depth_in_subquery": [
                    1,
                    1
                ]
            }
        },
        "99d47c0e0597ed7d2d736eb527307d7caf725c19": {
            "set_op_type": "none",
            "first_query": {
                "meaningful_joins": "yes",
                "table_exp_type": "JOIN_JOIN",
                "where_type": {
                    "basic_comparison": "<"
                },
                "number_of_value_exp_in_group_by": 0,
                "having_type": "none",
                "orderby_type": "none",
                "limit_type": "none",
                "value_exp_types": [
                    "single_exp_number",
                    "single_exp_text"
                ],
                "distinct_type": "none",
                "min_max_depth_in_subquery": [
                    1,
                    1
                ]
            }
        },
        "05afa12306dba63a3d978ad1ec7cbe697a9aa65c": {
            "set_op_type": "none",
            "first_query": {
                "meaningful_joins": "yes",
                "table_exp_type": "SELF JOIN",
                "where_type": {
                    "logical_operator": [
                        "OR",
                        "basic_comparison",
                        "in_with_subquery"
                    ]
                },
                "number_of_value_exp_in_group_by": 1,
                "having_type": "none",
                "orderby_type": "none",
                "limit_type": "none",
                "value_exp_types": [
                    "single_exp_text",
                    "single_exp_text"
                ],
                "distinct_type": "none",
                "min_max_depth_in_subquery": [
                    1,
                    1
                ]
            }
        },
        "97797f725cb0bb84a7c4ffba48b41fbf6e8dc667": {
            "set_op_type": "none",
            "first_query": {
                "meaningful_joins": "yes",
                "table_exp_type": "single_table",
                "where_type": "none",
                "number_of_value_exp_in_group_by": 1,
                "having_type": {
                    "single": "COUNT"
                },
                "orderby_type": "none",
                "limit_type": "without_offset",
                "value_exp_types": [
                    "single_exp_text",
                    "single_exp_text"
                ],
                "distinct_type": "none",
                "min_max_depth_in_subquery": [
                    1,
                    1
                ]
            }
        },
        "8d542ac5d9ac0dd461b5315562dac91b5b4ed57c": {
            "set_op_type": "none",
            "first_query": {
                "meaningful_joins": "yes",
                "table_exp_type": "JOIN_JOIN",
                "where_type": {
                    "basic_comparison": "<="
                },
                "number_of_value_exp_in_group_by": 1,
                "having_type": {
                    "single": "AVG"
                },
                "orderby_type": "none",
                "limit_type": "none",
                "value_exp_types": [
                    "agg_exp",
                    "count_distinct_exp",
                    "single_exp_text"
                ],
                "distinct_type": "none",
                "min_max_depth_in_subquery": [
                    1,
                    1
                ]
            }
        },
        "0c380dde5c82dfeff03e02b6dae66939256667de": {
            "set_op_type": "none",
            "first_query": {
                "meaningful_joins": "yes",
                "table_exp_type": "SELF JOIN",
                "where_type": {
                    "basic_comparison": ">="
                },
                "number_of_value_exp_in_group_by": 0,
                "having_type": "none",
                "orderby_type": "none",
                "limit_type": "without_offset",
                "value_exp_types": [
                    "single_exp_text",
                    "single_exp_text"
                ],
                "distinct_type": "none",
                "min_max_depth_in_subquery": [
                    1,
                    1
                ]
            }
        },
        "4b4b27ddb794ff82f739285429a491c38496da39": {
            "set_op_type": "none",
            "first_query": {
                "meaningful_joins": "yes",
                "table_exp_type": "SELF JOIN",
                "where_type": "comparison_with_subquery",
                "number_of_value_exp_in_group_by": 0,
                "having_type": "none",
                "orderby_type": "none",
                "limit_type": "none",
                "value_exp_types": [
                    "single_exp_number",
                    "single_exp_text"
                ],
                "distinct_type": "none",
                "min_max_depth_in_subquery": [
                    1,
                    1
                ]
            }
        },
        "d88b3c6a1253b2370019b2702dac009848403c5b": {
            "set_op_type": "none",
            "first_query": {
                "meaningful_joins": "yes",
                "table_exp_type": "single_table_with_name_changing",
                "where_type": {
                    "logical_operator": [
                        "OR",
                        "between",
                        "basic_comparison"
                    ]
                },
                "number_of_value_exp_in_group_by": 0,
                "having_type": "none",
                "orderby_type": "DESC",
                "limit_type": "none",
                "value_exp_types": [
                    "count_distinct_exp",
                    "count_distinct_exp"
                ],
                "distinct_type": "none",
                "min_max_depth_in_subquery": [
                    1,
                    1
                ]
            }
        },
        "5936d2b912fdf2ea3e505e79ee05d0aaf0f26093": {
            "set_op_type": "none",
            "first_query": {
                "meaningful_joins": "yes",
                "table_exp_type": "single_table_with_name_changing",
                "where_type": {
                    "logical_operator": [
                        "OR",
                        "between",
                        "exists_subquery"
                    ]
                },
                "number_of_value_exp_in_group_by": 0,
                "having_type": "none",
                "orderby_type": "none",
                "limit_type": "without_offset",
                "value_exp_types": [
                    "single_exp_text",
                    "single_exp_text"
                ],
                "distinct_type": "none",
                "min_max_depth_in_subquery": [
                    1,
                    1
                ]
            }
        },
        "1bf3cd7fe27084c38eb578a565ade6fb2768fc56": {
            "set_op_type": "none",
            "first_query": {
                "meaningful_joins": "yes",
                "table_exp_type": "single_table_with_name_changing",
                "where_type": "between",
                "number_of_value_exp_in_group_by": 0,
                "having_type": "none",
                "orderby_type": "ASC",
                "limit_type": "none",
                "value_exp_types": [
                    "single_exp_number"
                ],
                "distinct_type": "none",
                "min_max_depth_in_subquery": [
                    1,
                    1
                ]
            }
        },
        "953c48a302b05384683cbdc5af92ed862ee0fb13": {
            "set_op_type": "none",
            "first_query": {
                "meaningful_joins": "yes",
                "table_exp_type": "single_table_with_name_changing",
                "where_type": {
                    "basic_comparison": "<"
                },
                "number_of_value_exp_in_group_by": 0,
                "having_type": "none",
                "orderby_type": "DESC",
                "limit_type": "none",
                "value_exp_types": [
                    "single_exp_number",
                    "single_exp_text",
                    "single_exp_text"
                ],
                "distinct_type": "none",
                "min_max_depth_in_subquery": [
                    1,
                    1
                ]
            }
        },
        "f1d74860c4c2023359692b7e62e9a24b3b9bfdc2": {
            "set_op_type": "none",
            "first_query": {
                "meaningful_joins": "yes",
                "table_exp_type": "JOIN",
                "where_type": {
                    "logical_operator": [
                        "AND",
                        "basic_comparison",
                        "comparison_with_subquery"
                    ]
                },
                "number_of_value_exp_in_group_by": 0,
                "having_type": "none",
                "orderby_type": "ASC",
                "limit_type": "none",
                "value_exp_types": [
                    "single_exp_number",
                    "single_exp_number"
                ],
                "distinct_type": "none",
                "min_max_depth_in_subquery": [
                    1,
                    1
                ]
            }
        },
        "099af0dcf10392ca733e03e675a5fbb3d423da6c": {
            "set_op_type": "none",
            "first_query": {
                "meaningful_joins": "yes",
                "table_exp_type": "JOIN_JOIN_JOIN",
                "where_type": {
                    "logical_operator": [
                        "AND",
                        "between",
                        "basic_comparison"
                    ]
                },
                "number_of_value_exp_in_group_by": 0,
                "having_type": "none",
                "orderby_type": "none",
                "limit_type": "none",
                "value_exp_types": [
                    "count_distinct_exp"
                ],
                "distinct_type": "none",
                "min_max_depth_in_subquery": [
                    1,
                    1
                ]
            }
        },
        "06be8df2dd694ebb7f8d05bf2e096fdcfd95ec42": {
            "set_op_type": "none",
            "first_query": {
                "meaningful_joins": "yes",
                "table_exp_type": "single_table",
                "where_type": "none",
                "number_of_value_exp_in_group_by": 0,
                "having_type": "none",
                "orderby_type": "DESC",
                "limit_type": "without_offset",
                "value_exp_types": [
                    "agg_exp",
                    "agg_exp",
                    "single_exp_number"
                ],
                "distinct_type": "none",
                "min_max_depth_in_subquery": [
                    1,
                    1
                ]
            }
        },
        "c999bd2f10026361fb239ca117972ac265567af1": {
            "set_op_type": "none",
            "first_query": {
                "meaningful_joins": "yes",
                "table_exp_type": "JOIN",
                "where_type": {
                    "logical_operator": [
                        "AND",
                        "between",
                        "comparison_with_subquery"
                    ]
                },
                "number_of_value_exp_in_group_by": 1,
                "having_type": {
                    "single": "MIN"
                },
                "orderby_type": "none",
                "limit_type": "none",
                "value_exp_types": [
                    "count_distinct_exp"
                ],
                "distinct_type": "none",
                "min_max_depth_in_subquery": [
                    1,
                    1
                ]
            }
        }
    }
}