{
    "voter_2": {
        "8ce761aedafe018863b4c2a74289888e622e861b": {
            "set_op_type": "none",
            "first_query": {
                "meaningful_joins": "yes",
                "table_exp_type": "single_table_with_name_changing",
                "where_type": "none",
                "number_of_value_exp_in_group_by": 0,
                "having_type": "none",
                "orderby_type": "ASC",
                "limit_type": "none",
                "value_exp_types": [
                    "agg_exp",
                    "count_distinct_exp",
                    "count_distinct_exp"
                ],
                "distinct_type": "none",
                "min_max_depth_in_subquery": [
                    1,
                    1
                ]
            }
        },
        "4adec41de2c6c437dc306b55d0535691ce762216": {
            "set_op_type": "none",
            "first_query": {
                "meaningful_joins": "yes",
                "table_exp_type": "single_table_with_name_changing",
                "where_type": {
                    "basic_comparison": "!="
                },
                "number_of_value_exp_in_group_by": 1,
                "having_type": "none",
                "orderby_type": "none",
                "limit_type": "none",
                "value_exp_types": [
                    "single_exp_number"
                ],
                "distinct_type": "none",
                "min_max_depth_in_subquery": [
                    1,
                    1
                ]
            }
        },
        "0a7715f98e1be8a1e3a3771f87bd18ab3b96e37c": {
            "set_op_type": "none",
            "first_query": {
                "meaningful_joins": "yes",
                "table_exp_type": "JOIN_JOIN_JOIN",
                "where_type": {
                    "logical_operator": [
                        "OR",
                        "basic_comparison",
                        "in_with_subquery"
                    ]
                },
                "number_of_value_exp_in_group_by": 0,
                "having_type": "none",
                "orderby_type": "none",
                "limit_type": "none",
                "value_exp_types": [
                    "single_exp_text"
                ],
                "distinct_type": "none",
                "min_max_depth_in_subquery": [
                    1,
                    1
                ]
            }
        },
        "52e0f42322ba334f88f73a0acd0f4d43acaf5191": {
            "set_op_type": "none",
            "first_query": {
                "meaningful_joins": "yes",
                "table_exp_type": "JOIN_JOIN",
                "where_type": {
                    "basic_comparison": ">="
                },
                "number_of_value_exp_in_group_by": 1,
                "having_type": {
                    "single": "AVG"
                },
                "orderby_type": "DESC",
                "limit_type": "without_offset",
                "value_exp_types": [
                    "agg_exp",
                    "agg_exp"
                ],
                "distinct_type": "none",
                "min_max_depth_in_subquery": [
                    1,
                    1
                ]
            }
        },
        "a069a1e2d8e5a81f061630ffd147fef1e50535e8": {
            "set_op_type": "none",
            "first_query": {
                "meaningful_joins": "yes",
                "table_exp_type": "JOIN",
                "where_type": {
                    "logical_operator": [
                        "AND",
                        "basic_comparison",
                        "exists_subquery"
                    ]
                },
                "number_of_value_exp_in_group_by": 0,
                "having_type": "none",
                "orderby_type": "none",
                "limit_type": "without_offset",
                "value_exp_types": [
                    "count_distinct_exp",
                    "single_exp_number"
                ],
                "distinct_type": "none",
                "min_max_depth_in_subquery": [
                    1,
                    1
                ]
            }
        },
        "7fbb6ba1744682b0fb36af07b195d9bf40f7df25": {
            "set_op_type": "none",
            "first_query": {
                "meaningful_joins": "yes",
                "table_exp_type": "JOIN_JOIN_JOIN",
                "where_type": "exists_subquery",
                "number_of_value_exp_in_group_by": 1,
                "having_type": {
                    "single": "COUNT"
                },
                "orderby_type": "DESC",
                "limit_type": "none",
                "value_exp_types": [
                    "single_exp_number",
                    "single_exp_text"
                ],
                "distinct_type": "none",
                "min_max_depth_in_subquery": [
                    1,
                    1
                ]
            }
        },
        "0a603c3677e33842abf1852c9e5e98f230b26da2": {
            "set_op_type": "none",
            "first_query": {
                "meaningful_joins": "yes",
                "table_exp_type": "single_table_with_name_changing",
                "where_type": {
                    "basic_comparison": "="
                },
                "number_of_value_exp_in_group_by": 1,
                "having_type": "none",
                "orderby_type": "DESC",
                "limit_type": "without_offset",
                "value_exp_types": [
                    "agg_exp",
                    "single_exp_number"
                ],
                "distinct_type": "none",
                "min_max_depth_in_subquery": [
                    1,
                    1
                ]
            }
        },
        "6a9c79ee24782b6236bd566b2bf3ddb27b2db474": {
            "set_op_type": "none",
            "first_query": {
                "meaningful_joins": "yes",
                "table_exp_type": "single_table",
                "where_type": {
                    "logical_operator": [
                        "AND",
                        "between",
                        "not_in_with_subquery"
                    ]
                },
                "number_of_value_exp_in_group_by": 0,
                "having_type": "none",
                "orderby_type": "DESC",
                "limit_type": "without_offset",
                "value_exp_types": [
                    "single_exp_text",
                    "single_exp_text"
                ],
                "distinct_type": "none",
                "min_max_depth_in_subquery": [
                    1,
                    1
                ]
            }
        },
        "f101b7ce2c7a76f058aef9cd157fcf09bcf1bad0": {
            "set_op_type": "none",
            "first_query": {
                "meaningful_joins": "yes",
                "table_exp_type": "single_table",
                "where_type": {
                    "logical_operator": [
                        "AND",
                        "basic_comparison",
                        "exists_subquery"
                    ]
                },
                "number_of_value_exp_in_group_by": 1,
                "having_type": {
                    "single": "MAX"
                },
                "orderby_type": "none",
                "limit_type": "none",
                "value_exp_types": [
                    "single_exp_text"
                ],
                "distinct_type": "none",
                "min_max_depth_in_subquery": [
                    1,
                    1
                ]
            }
        },
        "b4b5ff16019336a9efa2b2c45396573baf3a9c19": {
            "set_op_type": "none",
            "first_query": {
                "meaningful_joins": "yes",
                "table_exp_type": "single_table",
                "where_type": {
                    "basic_comparison": "<"
                },
                "number_of_value_exp_in_group_by": 0,
                "having_type": "none",
                "orderby_type": "ASC",
                "limit_type": "none",
                "value_exp_types": [
                    "single_exp_text"
                ],
                "distinct_type": "none",
                "min_max_depth_in_subquery": [
                    1,
                    1
                ]
            }
        },
        "04c486d03250f82bc28ece921020379c04ecadd8": {
            "set_op_type": "none",
            "first_query": {
                "meaningful_joins": "yes",
                "table_exp_type": "JOIN",
                "where_type": {
                    "basic_comparison": "!="
                },
                "number_of_value_exp_in_group_by": 1,
                "having_type": "none",
                "orderby_type": "none",
                "limit_type": "without_offset",
                "value_exp_types": [
                    "count_distinct_exp"
                ],
                "distinct_type": "none",
                "min_max_depth_in_subquery": [
                    1,
                    1
                ]
            }
        },
        "7d4a02158ccae8d5f239d905c8d43497b3f38650": {
            "set_op_type": "none",
            "first_query": {
                "meaningful_joins": "yes",
                "table_exp_type": "JOIN",
                "where_type": {
                    "logical_operator": [
                        "OR",
                        "between",
                        "in_with_subquery"
                    ]
                },
                "number_of_value_exp_in_group_by": 0,
                "having_type": "none",
                "orderby_type": "DESC",
                "limit_type": "without_offset",
                "value_exp_types": [
                    "single_exp_text"
                ],
                "distinct_type": "none",
                "min_max_depth_in_subquery": [
                    1,
                    1
                ]
            }
        },
        "686749ae9650ba40811e10d5991ce1f7449cf9f3": {
            "set_op_type": "none",
            "first_query": {
                "meaningful_joins": "yes",
                "table_exp_type": "SELF JOIN",
                "where_type": {
                    "basic_comparison": "<="
                },
                "number_of_value_exp_in_group_by": 0,
                "having_type": "none",
                "orderby_type": "none",
                "limit_type": "none",
                "value_exp_types": [
                    "single_exp_text"
                ],
                "distinct_type": "none",
                "min_max_depth_in_subquery": [
                    1,
                    1
                ]
            }
        },
        "a630e85f74695c2838da06d664801cbf9e31bbb9": {
            "set_op_type": "none",
            "first_query": {
                "meaningful_joins": "yes",
                "table_exp_type": "single_table_with_name_changing",
                "where_type": "none",
                "number_of_value_exp_in_group_by": 0,
                "having_type": "none",
                "orderby_type": "none",
                "limit_type": "none",
                "value_exp_types": [
                    "agg_exp",
                    "single_exp_number"
                ],
                "distinct_type": "none",
                "min_max_depth_in_subquery": [
                    1,
                    1
                ]
            }
        },
        "6ac7d64c91f324bd39a8d2acc17989e00aeb773a": {
            "set_op_type": "none",
            "first_query": {
                "meaningful_joins": "yes",
                "table_exp_type": "single_table_with_name_changing",
                "where_type": {
                    "logical_operator": [
                        "OR",
                        "between",
                        "basic_comparison"
                    ]
                },
                "number_of_value_exp_in_group_by": 0,
                "having_type": "none",
                "orderby_type": "none",
                "limit_type": "none",
                "value_exp_types": [
                    "single_exp_number",
                    "single_exp_text"
                ],
                "distinct_type": "none",
                "min_max_depth_in_subquery": [
                    1,
                    1
                ]
            }
        },
        "dc8b0853f0101610d67a2223f742cfb66cd9e297": {
            "set_op_type": "none",
            "first_query": {
                "meaningful_joins": "yes",
                "table_exp_type": "JOIN",
                "where_type": {
                    "basic_comparison": ">="
                },
                "number_of_value_exp_in_group_by": 0,
                "having_type": "none",
                "orderby_type": "DESC",
                "limit_type": "without_offset",
                "value_exp_types": [
                    "agg_exp",
                    "count_distinct_exp",
                    "count_distinct_exp"
                ],
                "distinct_type": "none",
                "min_max_depth_in_subquery": [
                    1,
                    1
                ]
            }
        },
        "2d1c5bf68db52acd6d336f4596dbb599b9ad0d2c": {
            "set_op_type": "none",
            "first_query": {
                "meaningful_joins": "yes",
                "table_exp_type": "SELF JOIN",
                "where_type": "comparison_with_subquery",
                "number_of_value_exp_in_group_by": 1,
                "having_type": {
                    "single": "MIN"
                },
                "orderby_type": "ASC",
                "limit_type": "none",
                "value_exp_types": [
                    "agg_exp"
                ],
                "distinct_type": "none",
                "min_max_depth_in_subquery": [
                    1,
                    1
                ]
            }
        },
        "f76f44545a74ce06906eb2e7907cca62bbaccf2c": {
            "set_op_type": "none",
            "first_query": {
                "meaningful_joins": "yes",
                "table_exp_type": "SELF JOIN",
                "where_type": "none",
                "number_of_value_exp_in_group_by": 1,
                "having_type": "none",
                "orderby_type": "none",
                "limit_type": "without_offset",
                "value_exp_types": [
                    "single_exp_text"
                ],
                "distinct_type": "none",
                "min_max_depth_in_subquery": [
                    1,
                    1
                ]
            }
        },
        "e696a3c01b5badb3d69d7167892604b327b0fd29": {
            "set_op_type": "none",
            "first_query": {
                "meaningful_joins": "yes",
                "table_exp_type": "single_table_with_name_changing",
                "where_type": {
                    "basic_comparison": "!="
                },
                "number_of_value_exp_in_group_by": 1,
                "having_type": {
                    "single": "MIN"
                },
                "orderby_type": "none",
                "limit_type": "without_offset",
                "value_exp_types": [
                    "agg_exp",
                    "single_exp_text"
                ],
                "distinct_type": "none",
                "min_max_depth_in_subquery": [
                    1,
                    1
                ]
            }
        },
        "595c3206bd606253857d628d24b945464a7c979f": {
            "set_op_type": "none",
            "first_query": {
                "meaningful_joins": "yes",
                "table_exp_type": "single_table",
                "where_type": {
                    "logical_operator": [
                        "OR",
                        "between",
                        "basic_comparison"
                    ]
                },
                "number_of_value_exp_in_group_by": 0,
                "having_type": "none",
                "orderby_type": "DESC",
                "limit_type": "none",
                "value_exp_types": [
                    "single_exp_number"
                ],
                "distinct_type": "none",
                "min_max_depth_in_subquery": [
                    1,
                    1
                ]
            }
        },
        "80882d5f1b91cbfc8deb5a1c93b065d2aa0f04c3": {
            "set_op_type": "none",
            "first_query": {
                "meaningful_joins": "yes",
                "table_exp_type": "single_table",
                "where_type": "none",
                "number_of_value_exp_in_group_by": 0,
                "having_type": "none",
                "orderby_type": "none",
                "limit_type": "none",
                "value_exp_types": [
                    "single_exp_number",
                    "single_exp_number"
                ],
                "distinct_type": "none",
                "min_max_depth_in_subquery": [
                    1,
                    1
                ]
            }
        },
        "39995ed7e8a8a6c517a902be6c75a85e20159188": {
            "set_op_type": "none",
            "first_query": {
                "meaningful_joins": "yes",
                "table_exp_type": "JOIN_JOIN",
                "where_type": {
                    "basic_comparison": "!="
                },
                "number_of_value_exp_in_group_by": 1,
                "having_type": {
                    "single": "COUNT"
                },
                "orderby_type": "none",
                "limit_type": "without_offset",
                "value_exp_types": [
                    "single_exp_number"
                ],
                "distinct_type": "none",
                "min_max_depth_in_subquery": [
                    1,
                    1
                ]
            }
        },
        "1bbda9749385ae478fa0635703e7a8847d87c8d7": {
            "set_op_type": "none",
            "first_query": {
                "meaningful_joins": "yes",
                "table_exp_type": "single_table_with_name_changing",
                "where_type": {
                    "basic_comparison": ">="
                },
                "number_of_value_exp_in_group_by": 0,
                "having_type": "none",
                "orderby_type": "none",
                "limit_type": "none",
                "value_exp_types": [
                    "single_exp_text"
                ],
                "distinct_type": "none",
                "min_max_depth_in_subquery": [
                    1,
                    1
                ]
            }
        },
        "bcf25a615d9f903997fc2dd95bae245a94e00be8": {
            "set_op_type": "none",
            "first_query": {
                "meaningful_joins": "yes",
                "table_exp_type": "single_table_with_name_changing",
                "where_type": "not_in_with_subquery",
                "number_of_value_exp_in_group_by": 1,
                "having_type": {
                    "single": "SUM"
                },
                "orderby_type": "DESC",
                "limit_type": "none",
                "value_exp_types": [
                    "single_exp_number",
                    "single_exp_text"
                ],
                "distinct_type": "none",
                "min_max_depth_in_subquery": [
                    1,
                    1
                ]
            }
        },
        "81fecbbc7fc6d2e8a02f47731af908a02a4208e5": {
            "set_op_type": "none",
            "first_query": {
                "meaningful_joins": "yes",
                "table_exp_type": "JOIN_JOIN_JOIN",
                "where_type": {
                    "logical_operator": [
                        "OR",
                        "between",
                        "basic_comparison"
                    ]
                },
                "number_of_value_exp_in_group_by": 0,
                "having_type": "none",
                "orderby_type": "ASC",
                "limit_type": "none",
                "value_exp_types": [
                    "single_exp_number"
                ],
                "distinct_type": "none",
                "min_max_depth_in_subquery": [
                    1,
                    1
                ]
            }
        },
        "6e0113c15681ea66b92122a9f42a55ed9e586269": {
            "set_op_type": "none",
            "first_query": {
                "meaningful_joins": "yes",
                "table_exp_type": "single_table",
                "where_type": {
                    "basic_comparison": "<="
                },
                "number_of_value_exp_in_group_by": 0,
                "having_type": "none",
                "orderby_type": "ASC",
                "limit_type": "without_offset",
                "value_exp_types": [
                    "agg_exp",
                    "agg_exp",
                    "single_exp_text"
                ],
                "distinct_type": "none",
                "min_max_depth_in_subquery": [
                    1,
                    1
                ]
            }
        },
        "064c2319365dbf67cabd62688dae98e84b76f565": {
            "set_op_type": "none",
            "first_query": {
                "meaningful_joins": "yes",
                "table_exp_type": "JOIN",
                "where_type": {
                    "basic_comparison": "!="
                },
                "number_of_value_exp_in_group_by": 0,
                "having_type": "none",
                "orderby_type": "ASC",
                "limit_type": "none",
                "value_exp_types": [
                    "count_distinct_exp",
                    "single_exp_number"
                ],
                "distinct_type": "none",
                "min_max_depth_in_subquery": [
                    1,
                    1
                ]
            }
        },
        "3f0b82695fd4bd087f2a5f5df7e9a9b161b2da63": {
            "set_op_type": "none",
            "first_query": {
                "meaningful_joins": "yes",
                "table_exp_type": "JOIN_JOIN",
                "where_type": {
                    "basic_comparison": ">"
                },
                "number_of_value_exp_in_group_by": 0,
                "having_type": "none",
                "orderby_type": "none",
                "limit_type": "without_offset",
                "value_exp_types": [
                    "count_distinct_exp",
                    "count_distinct_exp"
                ],
                "distinct_type": "none",
                "min_max_depth_in_subquery": [
                    1,
                    1
                ]
            }
        },
        "0420406051f892342645d46ec13c2f9d4ae69112": {
            "set_op_type": "none",
            "first_query": {
                "meaningful_joins": "yes",
                "table_exp_type": "JOIN_JOIN_JOIN",
                "where_type": {
                    "basic_comparison": ">"
                },
                "number_of_value_exp_in_group_by": 0,
                "having_type": "none",
                "orderby_type": "none",
                "limit_type": "none",
                "value_exp_types": [
                    "single_exp_number"
                ],
                "distinct_type": "none",
                "min_max_depth_in_subquery": [
                    1,
                    1
                ]
            }
        },
        "2dd63ea820b5bdd326c1ea3bda223de2e599ac1c": {
            "set_op_type": "none",
            "first_query": {
                "meaningful_joins": "yes",
                "table_exp_type": "single_table_with_name_changing",
                "where_type": {
                    "logical_operator": [
                        "OR",
                        "between",
                        "basic_comparison"
                    ]
                },
                "number_of_value_exp_in_group_by": 1,
                "having_type": {
                    "single": "MAX"
                },
                "orderby_type": "none",
                "limit_type": "none",
                "value_exp_types": [
                    "agg_exp",
                    "agg_exp"
                ],
                "distinct_type": "none",
                "min_max_depth_in_subquery": [
                    1,
                    1
                ]
            }
        },
        "bb5640fe3680b618da529b4e612cf8826b070319": {
            "set_op_type": "none",
            "first_query": {
                "meaningful_joins": "yes",
                "table_exp_type": "JOIN_JOIN_JOIN",
                "where_type": {
                    "logical_operator": [
                        "AND",
                        "between",
                        "not_in_with_subquery"
                    ]
                },
                "number_of_value_exp_in_group_by": 0,
                "having_type": "none",
                "orderby_type": "ASC",
                "limit_type": "none",
                "value_exp_types": [
                    "count_distinct_exp"
                ],
                "distinct_type": "none",
                "min_max_depth_in_subquery": [
                    1,
                    1
                ]
            }
        },
        "16130f9e964b13368d656a6716abe6b8277325bd": {
            "set_op_type": "none",
            "first_query": {
                "meaningful_joins": "yes",
                "table_exp_type": "single_table_with_name_changing",
                "where_type": {
                    "logical_operator": [
                        "AND",
                        "between",
                        "not_exists_subquery"
                    ]
                },
                "number_of_value_exp_in_group_by": 0,
                "having_type": "none",
                "orderby_type": "DESC",
                "limit_type": "without_offset",
                "value_exp_types": [
                    "single_exp_number",
                    "single_exp_text"
                ],
                "distinct_type": "none",
                "min_max_depth_in_subquery": [
                    1,
                    1
                ]
            }
        },
        "6afe9cf1c6152c8e5fa7362387713bb3dac6d889": {
            "set_op_type": "none",
            "first_query": {
                "meaningful_joins": "yes",
                "table_exp_type": "JOIN_JOIN",
                "where_type": {
                    "basic_comparison": "="
                },
                "number_of_value_exp_in_group_by": 0,
                "having_type": "none",
                "orderby_type": "none",
                "limit_type": "none",
                "value_exp_types": [
                    "agg_exp"
                ],
                "distinct_type": "none",
                "min_max_depth_in_subquery": [
                    1,
                    1
                ]
            }
        },
        "6fc5fcbe7942fa32db0ae51c778d20ad817a9f63": {
            "set_op_type": "none",
            "first_query": {
                "meaningful_joins": "yes",
                "table_exp_type": "single_table",
                "where_type": {
                    "basic_comparison": ">"
                },
                "number_of_value_exp_in_group_by": 0,
                "having_type": "none",
                "orderby_type": "none",
                "limit_type": "without_offset",
                "value_exp_types": [
                    "single_exp_number",
                    "single_exp_number",
                    "single_exp_number"
                ],
                "distinct_type": "none",
                "min_max_depth_in_subquery": [
                    1,
                    1
                ]
            }
        },
        "1d2028c000ecb354b45020d00c9d7a9854a97f72": {
            "set_op_type": "none",
            "first_query": {
                "meaningful_joins": "yes",
                "table_exp_type": "JOIN",
                "where_type": {
                    "basic_comparison": "<="
                },
                "number_of_value_exp_in_group_by": 1,
                "having_type": "none",
                "orderby_type": "none",
                "limit_type": "without_offset",
                "value_exp_types": [
                    "single_exp_number"
                ],
                "distinct_type": "none",
                "min_max_depth_in_subquery": [
                    1,
                    1
                ]
            }
        },
        "d2c7671f38eb429fc176a3edf2fb44f50fd18afc": {
            "set_op_type": "none",
            "first_query": {
                "meaningful_joins": "yes",
                "table_exp_type": "JOIN",
                "where_type": {
                    "basic_comparison": ">="
                },
                "number_of_value_exp_in_group_by": 0,
                "having_type": "none",
                "orderby_type": "none",
                "limit_type": "none",
                "value_exp_types": [
                    "single_exp_text",
                    "single_exp_text"
                ],
                "distinct_type": "none",
                "min_max_depth_in_subquery": [
                    1,
                    1
                ]
            }
        },
        "38a79cbcbf1b0d1ccec9edd578829cf617539cc8": {
            "set_op_type": "none",
            "first_query": {
                "meaningful_joins": "yes",
                "table_exp_type": "SELF JOIN",
                "where_type": {
                    "basic_comparison": ">"
                },
                "number_of_value_exp_in_group_by": 1,
                "having_type": "none",
                "orderby_type": "none",
                "limit_type": "none",
                "value_exp_types": [
                    "single_exp_text"
                ],
                "distinct_type": "none",
                "min_max_depth_in_subquery": [
                    1,
                    1
                ]
            }
        },
        "bc7a25df607418a29e69fb493757924bb2f4b04c": {
            "set_op_type": "none",
            "first_query": {
                "meaningful_joins": "yes",
                "table_exp_type": "JOIN_JOIN_JOIN",
                "where_type": {
                    "basic_comparison": ">="
                },
                "number_of_value_exp_in_group_by": 0,
                "having_type": "none",
                "orderby_type": "DESC",
                "limit_type": "without_offset",
                "value_exp_types": [
                    "agg_exp",
                    "single_exp_text"
                ],
                "distinct_type": "none",
                "min_max_depth_in_subquery": [
                    1,
                    1
                ]
            }
        },
        "01462fdf46e9dcfcd805060e9d99b3c29f3285a0": {
            "set_op_type": "none",
            "first_query": {
                "meaningful_joins": "yes",
                "table_exp_type": "single_table",
                "where_type": {
                    "logical_operator": [
                        "AND",
                        "between",
                        "not_in_with_subquery"
                    ]
                },
                "number_of_value_exp_in_group_by": 0,
                "having_type": "none",
                "orderby_type": "none",
                "limit_type": "none",
                "value_exp_types": [
                    "agg_exp",
                    "single_exp_number"
                ],
                "distinct_type": "none",
                "min_max_depth_in_subquery": [
                    1,
                    1
                ]
            }
        }
    }
}