Specification,query
"{'meaningful_joins': 'yes', 'table_exp_type': 'single_table', 'where_type': {'logical_operator': ['AND', 'basic_comparison', 'in_with_subquery']}, 'number_of_value_exp_in_group_by': 1, 'having_type': {'single': 'MAX'}, 'orderby_type': 'none', 'limit_type': 'none', 'value_exp_types': ['single_exp_number', 'single_exp_text'], 'distinct_type': 'none', 'min_max_depth_in_subquery': [1, 1]}",No number columns in basic_comparison
"{'meaningful_joins': 'yes', 'table_exp_type': 'JOIN_JOIN', 'where_type': {'basic_comparison': '>='}, 'number_of_value_exp_in_group_by': 0, 'having_type': 'none', 'orderby_type': 'none', 'limit_type': 'none', 'value_exp_types': ['single_exp_text'], 'distinct_type': 'none', 'min_max_depth_in_subquery': [1, 1]}",SELECT color FROM Boats JOIN Sailors JOIN Reserves ON Reserves.bid = Boats.bid AND Sailors.sid = Reserves.sid WHERE  rating >= 28
"{'meaningful_joins': 'yes', 'table_exp_type': 'JOIN', 'where_type': {'logical_operator': ['OR', 'basic_comparison', 'not_in_with_subquery']}, 'number_of_value_exp_in_group_by': 0, 'having_type': 'none', 'orderby_type': 'ASC', 'limit_type': 'without_offset', 'value_exp_types': ['single_exp_number'], 'distinct_type': 'none', 'min_max_depth_in_subquery': [1, 1]}",Error in IN/NOT IN subquery: list index out of range
"{'meaningful_joins': 'yes', 'table_exp_type': 'JOIN_JOIN', 'where_type': {'basic_comparison': '<='}, 'number_of_value_exp_in_group_by': 0, 'having_type': 'none', 'orderby_type': 'none', 'limit_type': 'none', 'value_exp_types': ['agg_exp', 'single_exp_number'], 'distinct_type': 'none', 'min_max_depth_in_subquery': [1, 1]}","SELECT MAX(rating), rating FROM Boats JOIN Sailors JOIN Reserves ON Reserves.bid = Boats.bid AND Sailors.sid = Reserves.sid WHERE  rating <= 99"
"{'meaningful_joins': 'yes', 'table_exp_type': 'SELF JOIN_SELF JOIN', 'where_type': {'basic_comparison': '<'}, 'number_of_value_exp_in_group_by': 0, 'having_type': 'none', 'orderby_type': 'none', 'limit_type': 'without_offset', 'value_exp_types': ['single_exp_number'], 'distinct_type': 'none', 'min_max_depth_in_subquery': [1, 1]}",No number columns in basic_comparison
"{'meaningful_joins': 'yes', 'table_exp_type': 'single_table_with_name_changing', 'where_type': 'in_with_subquery', 'number_of_value_exp_in_group_by': 0, 'having_type': 'none', 'orderby_type': 'none', 'limit_type': 'none', 'value_exp_types': ['agg_exp', 'single_exp_number'], 'distinct_type': 'none', 'min_max_depth_in_subquery': [1, 1]}",No number columns in agg_exp
"{'meaningful_joins': 'yes', 'table_exp_type': 'JOIN', 'where_type': {'basic_comparison': '='}, 'number_of_value_exp_in_group_by': 0, 'having_type': 'none', 'orderby_type': 'none', 'limit_type': 'none', 'value_exp_types': ['single_exp_number'], 'distinct_type': 'none', 'min_max_depth_in_subquery': [1, 1]}",SELECT rating FROM Sailors JOIN Reserves ON Sailors.sid = Reserves.sid WHERE  age = 87
"{'meaningful_joins': 'yes', 'table_exp_type': 'JOIN_JOIN_JOIN', 'where_type': 'between', 'number_of_value_exp_in_group_by': 1, 'having_type': 'none', 'orderby_type': 'none', 'limit_type': 'without_offset', 'value_exp_types': ['agg_exp', 'single_exp_number'], 'distinct_type': 'none', 'min_max_depth_in_subquery': [1, 1]}",list index out of range
"{'meaningful_joins': 'yes', 'table_exp_type': 'JOIN', 'where_type': 'not_in_with_subquery', 'number_of_value_exp_in_group_by': 1, 'having_type': 'none', 'orderby_type': 'none', 'limit_type': 'without_offset', 'value_exp_types': ['agg_exp', 'single_exp_number', 'single_exp_number'], 'distinct_type': 'none', 'min_max_depth_in_subquery': [1, 1]}",Error in IN/NOT IN subquery: No number columns in basic_comparison
"{'meaningful_joins': 'yes', 'table_exp_type': 'JOIN', 'where_type': 'between', 'number_of_value_exp_in_group_by': 0, 'having_type': 'none', 'orderby_type': 'ASC', 'limit_type': 'without_offset', 'value_exp_types': ['agg_exp', 'count_distinct_exp'], 'distinct_type': 'none', 'min_max_depth_in_subquery': [1, 1]}",list index out of range
"{'meaningful_joins': 'yes', 'table_exp_type': 'single_table', 'where_type': {'basic_comparison': '>='}, 'number_of_value_exp_in_group_by': 0, 'having_type': 'none', 'orderby_type': 'none', 'limit_type': 'none', 'value_exp_types': ['agg_exp', 'count_distinct_exp', 'single_exp_text'], 'distinct_type': 'none', 'min_max_depth_in_subquery': [1, 1]}","SELECT AVG(rating), COUNT(DISTINCT name), name FROM Sailors WHERE  rating >= 75"
"{'meaningful_joins': 'yes', 'table_exp_type': 'JOIN_JOIN', 'where_type': {'basic_comparison': '>'}, 'number_of_value_exp_in_group_by': 0, 'having_type': 'none', 'orderby_type': 'ASC', 'limit_type': 'none', 'value_exp_types': ['agg_exp', 'single_exp_text'], 'distinct_type': 'none', 'min_max_depth_in_subquery': [1, 1]}","SELECT SUM(age), color FROM Boats JOIN Sailors JOIN Reserves ON Reserves.bid = Boats.bid AND Sailors.sid = Reserves.sid WHERE  rating > 50 ORDER BY color ASC"
"{'meaningful_joins': 'yes', 'table_exp_type': 'JOIN_SELF JOIN_SELF JOIN', 'where_type': 'comparison_with_subquery', 'number_of_value_exp_in_group_by': 1, 'having_type': 'none', 'orderby_type': 'none', 'limit_type': 'without_offset', 'value_exp_types': ['agg_exp', 'single_exp_text'], 'distinct_type': 'none', 'min_max_depth_in_subquery': [1, 1]}",'Reserves'
