Specification,query
"{'meaningful_joins': 'yes', 'table_exp_type': 'JOIN', 'where_type': {'basic_comparison': '<='}, 'number_of_value_exp_in_group_by': 1, 'having_type': 'none', 'orderby_type': 'DESC', 'limit_type': 'none', 'value_exp_types': ['count_distinct_exp'], 'distinct_type': 'none', 'min_max_depth_in_subquery': [1, 1]}","SELECT COUNT(DISTINCT Case_burden), city.County_ID FROM city JOIN county_public_safety ON city.County_ID = county_public_safety.County_ID WHERE  Hispanic <= 40 GROUP BY city.County_ID ORDER BY city.County_ID DESC"
"{'meaningful_joins': 'yes', 'table_exp_type': 'SELF JOIN', 'where_type': {'basic_comparison': '<'}, 'number_of_value_exp_in_group_by': 1, 'having_type': {'single': 'AVG'}, 'orderby_type': 'DESC', 'limit_type': 'without_offset', 'value_exp_types': ['single_exp_text', 'single_exp_text'], 'distinct_type': 'none', 'min_max_depth_in_subquery': [1, 1]}","SELECT county_public_safety.Police_force, a.Name, a.Case_burden FROM county_public_safety AS a JOIN county_public_safety ON county_public_safety.County_ID = a.County_ID WHERE  county_public_safety.Crime_rate < 76 GROUP BY a.Case_burden HAVING AVG(a.Case_burden) > 69 ORDER BY a.Name DESC LIMIT 3"
"{'meaningful_joins': 'yes', 'table_exp_type': 'JOIN_JOIN', 'where_type': {'logical_operator': ['OR', 'between', 'in_with_subquery']}, 'number_of_value_exp_in_group_by': 0, 'having_type': 'none', 'orderby_type': 'ASC', 'limit_type': 'without_offset', 'value_exp_types': ['single_exp_number', 'single_exp_text'], 'distinct_type': 'none', 'min_max_depth_in_subquery': [1, 1]}",list index out of range
"{'meaningful_joins': 'yes', 'table_exp_type': 'single_table', 'where_type': {'basic_comparison': '='}, 'number_of_value_exp_in_group_by': 0, 'having_type': 'none', 'orderby_type': 'ASC', 'limit_type': 'none', 'value_exp_types': ['agg_exp', 'count_distinct_exp'], 'distinct_type': 'none', 'min_max_depth_in_subquery': [1, 1]}",list index out of range
"{'meaningful_joins': 'yes', 'table_exp_type': 'single_table', 'where_type': {'logical_operator': ['OR', 'basic_comparison', 'not_in_with_subquery']}, 'number_of_value_exp_in_group_by': 1, 'having_type': 'none', 'orderby_type': 'none', 'limit_type': 'none', 'value_exp_types': ['single_exp_text'], 'distinct_type': 'none', 'min_max_depth_in_subquery': [1, 1]}","SELECT Name, White FROM city WHERE  Multiracial >= 27 OR Amerindian NOT IN (SELECT Amerindian FROM city AS a WHERE  a.Hispanic > 10 LIMIT 4) GROUP BY White"
"{'meaningful_joins': 'yes', 'table_exp_type': 'SELF JOIN_SELF JOIN', 'where_type': {'logical_operator': ['OR', 'between', 'basic_comparison']}, 'number_of_value_exp_in_group_by': 0, 'having_type': 'none', 'orderby_type': 'none', 'limit_type': 'none', 'value_exp_types': ['agg_exp', 'single_exp_number'], 'distinct_type': 'none', 'min_max_depth_in_subquery': [1, 1]}","SELECT MAX(k.Case_burden), k.Police_officers FROM county_public_safety AS x JOIN county_public_safety AS k JOIN county_public_safety ON county_public_safety.County_ID = k.County_ID AND k.County_ID = x.County_ID WHERE county_public_safety.Population BETWEEN 1 AND 10 OR  county_public_safety.Case_burden >= 32"
"{'meaningful_joins': 'yes', 'table_exp_type': 'single_table', 'where_type': {'logical_operator': ['AND', 'between', 'comparison_with_subquery']}, 'number_of_value_exp_in_group_by': 1, 'having_type': 'none', 'orderby_type': 'none', 'limit_type': 'without_offset', 'value_exp_types': ['agg_exp', 'single_exp_number', 'single_exp_number'], 'distinct_type': 'none', 'min_max_depth_in_subquery': [1, 1]}","SELECT MIN(Case_burden), Population, Police_officers, Police_force FROM county_public_safety WHERE Crime_rate BETWEEN 1 AND 10 AND Crime_rate = (SELECT SUM(Crime_rate) FROM county_public_safety WHERE  Crime_rate < 30) GROUP BY Police_force LIMIT 10"
"{'meaningful_joins': 'yes', 'table_exp_type': 'single_table', 'where_type': {'basic_comparison': '!='}, 'number_of_value_exp_in_group_by': 1, 'having_type': 'none', 'orderby_type': 'ASC', 'limit_type': 'none', 'value_exp_types': ['count_distinct_exp', 'single_exp_number'], 'distinct_type': 'none', 'min_max_depth_in_subquery': [1, 1]}","SELECT COUNT(DISTINCT Case_burden), Case_burden, Residents_per_officer FROM county_public_safety WHERE  Case_burden != 43 GROUP BY Residents_per_officer ORDER BY Case_burden ASC"
"{'meaningful_joins': 'yes', 'table_exp_type': 'JOIN_SELF JOIN_SELF JOIN', 'where_type': 'none', 'number_of_value_exp_in_group_by': 1, 'having_type': 'none', 'orderby_type': 'ASC', 'limit_type': 'without_offset', 'value_exp_types': ['single_exp_number', 'single_exp_text'], 'distinct_type': 'none', 'min_max_depth_in_subquery': [1, 1]}","SELECT c.White, city.Name, c.Amerindian FROM city AS u JOIN city AS c JOIN city JOIN county_public_safety ON city.City_ID = c.City_ID AND city.City_ID = u.City_ID AND city.County_ID = county_public_safety.County_ID GROUP BY c.Amerindian ORDER BY c.Amerindian ASC LIMIT 4"
"{'meaningful_joins': 'yes', 'table_exp_type': 'SELF JOIN_SELF JOIN', 'where_type': {'basic_comparison': '<'}, 'number_of_value_exp_in_group_by': 0, 'having_type': 'none', 'orderby_type': 'none', 'limit_type': 'none', 'value_exp_types': ['single_exp_text', 'single_exp_text'], 'distinct_type': 'none', 'min_max_depth_in_subquery': [1, 1]}","SELECT e.Police_force, county_public_safety.Name FROM county_public_safety AS c JOIN county_public_safety AS e JOIN county_public_safety ON county_public_safety.County_ID = e.County_ID AND e.County_ID = c.County_ID WHERE  county_public_safety.Case_burden < 67"
"{'meaningful_joins': 'yes', 'table_exp_type': 'single_table', 'where_type': {'logical_operator': ['OR', 'between', 'basic_comparison']}, 'number_of_value_exp_in_group_by': 0, 'having_type': 'none', 'orderby_type': 'DESC', 'limit_type': 'none', 'value_exp_types': ['agg_exp', 'single_exp_number'], 'distinct_type': 'none', 'min_max_depth_in_subquery': [1, 1]}","SELECT MIN(Amerindian), White FROM city WHERE Asian BETWEEN 1 AND 10 OR  Black > 56 ORDER BY White DESC"
"{'meaningful_joins': 'yes', 'table_exp_type': 'single_table', 'where_type': {'basic_comparison': '!='}, 'number_of_value_exp_in_group_by': 0, 'having_type': 'none', 'orderby_type': 'ASC', 'limit_type': 'none', 'value_exp_types': ['agg_exp', 'single_exp_number', 'single_exp_text'], 'distinct_type': 'none', 'min_max_depth_in_subquery': [1, 1]}","SELECT AVG(Population), Police_officers, Police_force FROM county_public_safety WHERE  Case_burden != 12 ORDER BY Police_officers ASC"
