Specification,query
"{'meaningful_joins': 'yes', 'table_exp_type': 'JOIN', 'where_type': 'exists_subquery', 'number_of_value_exp_in_group_by': 0, 'having_type': 'none', 'orderby_type': 'ASC', 'limit_type': 'none', 'value_exp_types': ['single_exp_number'], 'distinct_type': 'none', 'min_max_depth_in_subquery': [1, 1]}",too many values to unpack (expected 2)
"{'meaningful_joins': 'yes', 'table_exp_type': 'JOIN_JOIN_JOIN', 'where_type': 'in_with_subquery', 'number_of_value_exp_in_group_by': 1, 'having_type': 'none', 'orderby_type': 'none', 'limit_type': 'none', 'value_exp_types': ['agg_exp', 'single_exp_text'], 'distinct_type': 'none', 'min_max_depth_in_subquery': [1, 1]}","SELECT AVG(MAX_SALARY), jobs.JOB_ID, PHONE_NUMBER FROM job_history JOIN jobs JOIN departments JOIN employees ON employees.JOB_ID = jobs.JOB_ID AND employees.EMPLOYEE_ID = job_history.EMPLOYEE_ID AND job_history.JOB_ID = jobs.JOB_ID AND departments.DEPARTMENT_ID = employees.DEPARTMENT_ID WHERE EMPLOYEE_ID IN (SELECT EMPLOYEE_ID FROM employees AS v WHERE v.SALARY BETWEEN 1 AND 10) GROUP BY PHONE_NUMBER"
"{'meaningful_joins': 'yes', 'table_exp_type': 'JOIN_JOIN', 'where_type': {'basic_comparison': '<='}, 'number_of_value_exp_in_group_by': 1, 'having_type': {'single': 'MIN'}, 'orderby_type': 'none', 'limit_type': 'none', 'value_exp_types': ['count_distinct_exp', 'single_exp_number'], 'distinct_type': 'none', 'min_max_depth_in_subquery': [1, 1]}","SELECT COUNT(DISTINCT PHONE_NUMBER), MAX_SALARY, employees.DEPARTMENT_ID FROM jobs JOIN departments JOIN employees ON employees.JOB_ID = jobs.JOB_ID AND departments.DEPARTMENT_ID = employees.DEPARTMENT_ID WHERE  MIN_SALARY <= 1 GROUP BY employees.DEPARTMENT_ID HAVING MIN(departments.DEPARTMENT_ID) > 84"
"{'meaningful_joins': 'yes', 'table_exp_type': 'JOIN', 'where_type': {'basic_comparison': '<='}, 'number_of_value_exp_in_group_by': 1, 'having_type': {'single': 'SUM'}, 'orderby_type': 'none', 'limit_type': 'without_offset', 'value_exp_types': ['count_distinct_exp', 'count_distinct_exp'], 'distinct_type': 'none', 'min_max_depth_in_subquery': [1, 1]}",No number columns in basic_comparison
"{'meaningful_joins': 'yes', 'table_exp_type': 'JOIN_SELF JOIN_SELF JOIN', 'where_type': {'logical_operator': ['AND', 'between', 'basic_comparison']}, 'number_of_value_exp_in_group_by': 1, 'having_type': {'single': 'AVG'}, 'orderby_type': 'DESC', 'limit_type': 'none', 'value_exp_types': ['agg_exp'], 'distinct_type': 'none', 'min_max_depth_in_subquery': [1, 1]}","SELECT MAX(c.MAX_SALARY), START_DATE FROM jobs AS c JOIN job_history JOIN jobs JOIN jobs AS o ON job_history.JOB_ID = jobs.JOB_ID AND jobs.JOB_ID = o.JOB_ID AND jobs.JOB_ID = c.JOB_ID WHERE c.MIN_SALARY BETWEEN 1 AND 10 AND  o.MIN_SALARY >= 47 GROUP BY START_DATE HAVING AVG(jobs.MIN_SALARY) < 29 ORDER BY START_DATE DESC"
"{'meaningful_joins': 'yes', 'table_exp_type': 'JOIN_SELF JOIN_SELF JOIN', 'where_type': {'logical_operator': ['AND', 'between', 'basic_comparison']}, 'number_of_value_exp_in_group_by': 1, 'having_type': {'single': 'MIN'}, 'orderby_type': 'ASC', 'limit_type': 'without_offset', 'value_exp_types': ['agg_exp', 'single_exp_text'], 'distinct_type': 'none', 'min_max_depth_in_subquery': [1, 1]}","SELECT MAX(COMMISSION_PCT), d.JOB_ID, job_history.END_DATE FROM job_history AS d JOIN job_history AS c JOIN job_history JOIN employees ON employees.EMPLOYEE_ID = job_history.EMPLOYEE_ID AND job_history.EMPLOYEE_ID = d.EMPLOYEE_ID AND job_history.EMPLOYEE_ID = c.EMPLOYEE_ID WHERE COMMISSION_PCT BETWEEN 1 AND 10 AND  COMMISSION_PCT <= 53 GROUP BY job_history.END_DATE HAVING MIN(employees.EMPLOYEE_ID) = 6 ORDER BY d.JOB_ID ASC LIMIT 7"
"{'meaningful_joins': 'yes', 'table_exp_type': 'JOIN', 'where_type': {'basic_comparison': '<'}, 'number_of_value_exp_in_group_by': 0, 'having_type': 'none', 'orderby_type': 'DESC', 'limit_type': 'none', 'value_exp_types': ['single_exp_number', 'single_exp_text'], 'distinct_type': 'none', 'min_max_depth_in_subquery': [1, 1]}","SELECT SALARY, job_history.JOB_ID FROM job_history JOIN employees ON employees.EMPLOYEE_ID = job_history.EMPLOYEE_ID WHERE  SALARY < 95 ORDER BY SALARY DESC"
"{'meaningful_joins': 'yes', 'table_exp_type': 'JOIN_JOIN', 'where_type': {'basic_comparison': '='}, 'number_of_value_exp_in_group_by': 1, 'having_type': {'single': 'SUM'}, 'orderby_type': 'none', 'limit_type': 'without_offset', 'value_exp_types': ['single_exp_number', 'single_exp_number'], 'distinct_type': 'none', 'min_max_depth_in_subquery': [1, 1]}","SELECT MIN_SALARY, COMMISSION_PCT, SALARY FROM job_history JOIN jobs JOIN employees ON employees.JOB_ID = jobs.JOB_ID AND employees.EMPLOYEE_ID = job_history.EMPLOYEE_ID AND job_history.JOB_ID = jobs.JOB_ID WHERE  MAX_SALARY = 27 GROUP BY SALARY HAVING SUM(MAX_SALARY) >= 31 LIMIT 2"
"{'meaningful_joins': 'yes', 'table_exp_type': 'single_table_with_name_changing', 'where_type': {'basic_comparison': '>'}, 'number_of_value_exp_in_group_by': 0, 'having_type': 'none', 'orderby_type': 'none', 'limit_type': 'none', 'value_exp_types': ['agg_exp', 'single_exp_number'], 'distinct_type': 'none', 'min_max_depth_in_subquery': [1, 1]}",No number columns in basic_comparison
"{'meaningful_joins': 'yes', 'table_exp_type': 'JOIN_SELF JOIN', 'where_type': {'basic_comparison': '!='}, 'number_of_value_exp_in_group_by': 0, 'having_type': 'none', 'orderby_type': 'DESC', 'limit_type': 'none', 'value_exp_types': ['agg_exp'], 'distinct_type': 'none', 'min_max_depth_in_subquery': [1, 1]}",No number columns in basic_comparison
"{'meaningful_joins': 'yes', 'table_exp_type': 'single_table', 'where_type': 'between', 'number_of_value_exp_in_group_by': 0, 'having_type': 'none', 'orderby_type': 'none', 'limit_type': 'none', 'value_exp_types': ['count_distinct_exp', 'count_distinct_exp', 'count_distinct_exp'], 'distinct_type': 'none', 'min_max_depth_in_subquery': [1, 1]}",list index out of range
"{'meaningful_joins': 'yes', 'table_exp_type': 'JOIN_JOIN', 'where_type': 'in_with_subquery', 'number_of_value_exp_in_group_by': 1, 'having_type': {'single': 'COUNT'}, 'orderby_type': 'none', 'limit_type': 'without_offset', 'value_exp_types': ['agg_exp', 'single_exp_number'], 'distinct_type': 'none', 'min_max_depth_in_subquery': [1, 1]}",Error in IN/NOT IN subquery: No number columns in basic_comparison
"{'meaningful_joins': 'yes', 'table_exp_type': 'single_table_with_name_changing', 'where_type': {'logical_operator': ['AND', 'basic_comparison', 'not_exists_subquery']}, 'number_of_value_exp_in_group_by': 1, 'having_type': {'single': 'AVG'}, 'orderby_type': 'none', 'limit_type': 'none', 'value_exp_types': ['count_distinct_exp', 'single_exp_text', 'single_exp_text'], 'distinct_type': 'none', 'min_max_depth_in_subquery': [1, 1]}",No number columns in basic_comparison
"{'meaningful_joins': 'yes', 'table_exp_type': 'single_table', 'where_type': {'logical_operator': ['OR', 'between', 'in_with_subquery']}, 'number_of_value_exp_in_group_by': 0, 'having_type': 'none', 'orderby_type': 'none', 'limit_type': 'none', 'value_exp_types': ['agg_exp', 'single_exp_text'], 'distinct_type': 'none', 'min_max_depth_in_subquery': [1, 1]}","SELECT SUM(COMMISSION_PCT), LAST_NAME FROM employees WHERE SALARY BETWEEN 1 AND 10 OR SALARY IN (SELECT SALARY FROM employees AS f WHERE  f.COMMISSION_PCT != 72)"
