Specification,query
"{'meaningful_joins': 'yes', 'table_exp_type': 'single_table_with_name_changing', 'where_type': {'logical_operator': ['OR', 'basic_comparison', 'exists_subquery']}, 'number_of_value_exp_in_group_by': 1, 'having_type': {'single': 'MAX'}, 'orderby_type': 'DESC', 'limit_type': 'without_offset', 'value_exp_types': ['single_exp_text'], 'distinct_type': 'none', 'min_max_depth_in_subquery': [1, 1]}",No number columns in basic_comparison
"{'meaningful_joins': 'yes', 'table_exp_type': 'single_table', 'where_type': 'comparison_with_subquery', 'number_of_value_exp_in_group_by': 1, 'having_type': 'none', 'orderby_type': 'none', 'limit_type': 'without_offset', 'value_exp_types': ['single_exp_text'], 'distinct_type': 'none', 'min_max_depth_in_subquery': [1, 1]}",Error in comparison subquery: No number columns in basic_comparison
"{'meaningful_joins': 'yes', 'table_exp_type': 'JOIN', 'where_type': {'logical_operator': ['OR', 'between', 'not_in_with_subquery']}, 'number_of_value_exp_in_group_by': 1, 'having_type': 'none', 'orderby_type': 'DESC', 'limit_type': 'without_offset', 'value_exp_types': ['agg_exp', 'count_distinct_exp'], 'distinct_type': 'none', 'min_max_depth_in_subquery': [1, 1]}",list index out of range
"{'meaningful_joins': 'yes', 'table_exp_type': 'JOIN_SELF JOIN', 'where_type': {'basic_comparison': '>'}, 'number_of_value_exp_in_group_by': 1, 'having_type': 'none', 'orderby_type': 'DESC', 'limit_type': 'none', 'value_exp_types': ['agg_exp', 'count_distinct_exp'], 'distinct_type': 'none', 'min_max_depth_in_subquery': [1, 1]}",No number columns in basic_comparison
"{'meaningful_joins': 'yes', 'table_exp_type': 'single_table_with_name_changing', 'where_type': {'logical_operator': ['OR', 'between', 'basic_comparison']}, 'number_of_value_exp_in_group_by': 0, 'having_type': 'none', 'orderby_type': 'ASC', 'limit_type': 'none', 'value_exp_types': ['single_exp_text'], 'distinct_type': 'none', 'min_max_depth_in_subquery': [1, 1]}",list index out of range
"{'meaningful_joins': 'yes', 'table_exp_type': 'JOIN_JOIN_JOIN', 'where_type': {'logical_operator': ['OR', 'basic_comparison', 'in_with_subquery']}, 'number_of_value_exp_in_group_by': 0, 'having_type': 'none', 'orderby_type': 'ASC', 'limit_type': 'without_offset', 'value_exp_types': ['single_exp_text'], 'distinct_type': 'none', 'min_max_depth_in_subquery': [1, 1]}",No number columns in basic_comparison
"{'meaningful_joins': 'yes', 'table_exp_type': 'SELF JOIN_SELF JOIN', 'where_type': 'none', 'number_of_value_exp_in_group_by': 0, 'having_type': 'none', 'orderby_type': 'ASC', 'limit_type': 'none', 'value_exp_types': ['count_distinct_exp', 'single_exp_number'], 'distinct_type': 'none', 'min_max_depth_in_subquery': [1, 1]}",No number columns in single_exp
"{'meaningful_joins': 'yes', 'table_exp_type': 'single_table_with_name_changing', 'where_type': {'basic_comparison': '<'}, 'number_of_value_exp_in_group_by': 0, 'having_type': 'none', 'orderby_type': 'none', 'limit_type': 'without_offset', 'value_exp_types': ['agg_exp', 'agg_exp'], 'distinct_type': 'none', 'min_max_depth_in_subquery': [1, 1]}",No number columns in basic_comparison
"{'meaningful_joins': 'yes', 'table_exp_type': 'JOIN', 'where_type': 'comparison_with_subquery', 'number_of_value_exp_in_group_by': 1, 'having_type': 'none', 'orderby_type': 'none', 'limit_type': 'without_offset', 'value_exp_types': ['single_exp_number', 'single_exp_number'], 'distinct_type': 'none', 'min_max_depth_in_subquery': [1, 1]}",Error in comparison subquery: No number columns in basic_comparison
"{'meaningful_joins': 'yes', 'table_exp_type': 'single_table_with_name_changing', 'where_type': 'none', 'number_of_value_exp_in_group_by': 0, 'having_type': 'none', 'orderby_type': 'ASC', 'limit_type': 'without_offset', 'value_exp_types': ['single_exp_text', 'single_exp_text'], 'distinct_type': 'none', 'min_max_depth_in_subquery': [1, 1]}","SELECT z.service_type_code, z.Type_of_Thing_Code FROM Things AS z ORDER BY z.Type_of_Thing_Code ASC LIMIT 6"
"{'meaningful_joins': 'yes', 'table_exp_type': 'single_table_with_name_changing', 'where_type': {'basic_comparison': '='}, 'number_of_value_exp_in_group_by': 1, 'having_type': 'none', 'orderby_type': 'DESC', 'limit_type': 'none', 'value_exp_types': ['single_exp_text'], 'distinct_type': 'none', 'min_max_depth_in_subquery': [1, 1]}",No number columns in basic_comparison
"{'meaningful_joins': 'yes', 'table_exp_type': 'single_table_with_name_changing', 'where_type': {'basic_comparison': '!='}, 'number_of_value_exp_in_group_by': 0, 'having_type': 'none', 'orderby_type': 'none', 'limit_type': 'none', 'value_exp_types': ['agg_exp'], 'distinct_type': 'none', 'min_max_depth_in_subquery': [1, 1]}",No number columns in basic_comparison
"{'meaningful_joins': 'yes', 'table_exp_type': 'single_table', 'where_type': 'between', 'number_of_value_exp_in_group_by': 0, 'having_type': 'none', 'orderby_type': 'none', 'limit_type': 'none', 'value_exp_types': ['single_exp_text'], 'distinct_type': 'none', 'min_max_depth_in_subquery': [1, 1]}",list index out of range
"{'meaningful_joins': 'yes', 'table_exp_type': 'single_table_with_name_changing', 'where_type': {'basic_comparison': '<'}, 'number_of_value_exp_in_group_by': 0, 'having_type': 'none', 'orderby_type': 'none', 'limit_type': 'none', 'value_exp_types': ['agg_exp', 'single_exp_text'], 'distinct_type': 'none', 'min_max_depth_in_subquery': [1, 1]}",No number columns in basic_comparison
