Specification,query
"{'meaningful_joins': 'yes', 'table_exp_type': 'single_table', 'where_type': 'comparison_with_subquery', 'number_of_value_exp_in_group_by': 1, 'having_type': {'single': 'MAX'}, 'orderby_type': 'none', 'limit_type': 'none', 'value_exp_types': ['agg_exp'], 'distinct_type': 'none', 'min_max_depth_in_subquery': [1, 1]}","SELECT COUNT(amount_of_refund), booking_start_date FROM Bookings WHERE booking_start_date > (SELECT SUM(booking_start_date) FROM Bookings AS p WHERE  p.amount_outstanding > 88) GROUP BY booking_start_date HAVING MAX(amount_payable) <= 99"
"{'meaningful_joins': 'yes', 'table_exp_type': 'JOIN_JOIN', 'where_type': {'basic_comparison': '>='}, 'number_of_value_exp_in_group_by': 0, 'having_type': 'none', 'orderby_type': 'none', 'limit_type': 'none', 'value_exp_types': ['count_distinct_exp', 'single_exp_number'], 'distinct_type': 'none', 'min_max_depth_in_subquery': [1, 1]}","SELECT COUNT(DISTINCT good_or_bad_customer), amount_of_refund FROM Customers JOIN Bookings JOIN Discount_Coupons ON Bookings.customer_id = Customers.customer_id AND Customers.coupon_id = Discount_Coupons.coupon_id WHERE  amount_payable >= 81"
"{'meaningful_joins': 'yes', 'table_exp_type': 'single_table_with_name_changing', 'where_type': {'logical_operator': ['OR', 'basic_comparison', 'not_exists_subquery']}, 'number_of_value_exp_in_group_by': 0, 'having_type': 'none', 'orderby_type': 'none', 'limit_type': 'none', 'value_exp_types': ['agg_exp'], 'distinct_type': 'none', 'min_max_depth_in_subquery': [1, 1]}",SELECT MIN(b.booked_count) FROM Products_Booked AS b WHERE  b.booked_count <= 45 OR EXISTS (SELECT * FROM View_Product_Availability WHERE b.booking_id = booking_id)
"{'meaningful_joins': 'yes', 'table_exp_type': 'single_table_with_name_changing', 'where_type': {'basic_comparison': '<'}, 'number_of_value_exp_in_group_by': 0, 'having_type': 'none', 'orderby_type': 'ASC', 'limit_type': 'none', 'value_exp_types': ['single_exp_number'], 'distinct_type': 'none', 'min_max_depth_in_subquery': [1, 1]}",SELECT o.daily_hire_cost FROM Products_for_Hire AS o WHERE  o.daily_hire_cost < 24 ORDER BY o.daily_hire_cost ASC
"{'meaningful_joins': 'yes', 'table_exp_type': 'JOIN_JOIN', 'where_type': {'basic_comparison': '>='}, 'number_of_value_exp_in_group_by': 0, 'having_type': 'none', 'orderby_type': 'ASC', 'limit_type': 'none', 'value_exp_types': ['agg_exp', 'agg_exp'], 'distinct_type': 'none', 'min_max_depth_in_subquery': [1, 1]}",list index out of range
"{'meaningful_joins': 'yes', 'table_exp_type': 'JOIN_JOIN_JOIN', 'where_type': {'basic_comparison': '!='}, 'number_of_value_exp_in_group_by': 0, 'having_type': 'none', 'orderby_type': 'ASC', 'limit_type': 'none', 'value_exp_types': ['single_exp_number', 'single_exp_number'], 'distinct_type': 'none', 'min_max_depth_in_subquery': [1, 1]}","SELECT amount_outstanding, booked_count FROM View_Product_Availability JOIN Bookings JOIN Products_for_Hire JOIN Products_Booked ON Bookings.booking_id = View_Product_Availability.booking_id AND Products_Booked.product_id = Products_for_Hire.product_id AND Products_for_Hire.product_id = View_Product_Availability.product_id WHERE  daily_hire_cost != 8 ORDER BY amount_outstanding ASC"
"{'meaningful_joins': 'yes', 'table_exp_type': 'JOIN', 'where_type': 'none', 'number_of_value_exp_in_group_by': 1, 'having_type': {'single': 'MIN'}, 'orderby_type': 'none', 'limit_type': 'none', 'value_exp_types': ['count_distinct_exp'], 'distinct_type': 'none', 'min_max_depth_in_subquery': [1, 1]}","SELECT COUNT(DISTINCT returned_damaged_yn), customer_id FROM View_Product_Availability JOIN Bookings ON Bookings.booking_id = View_Product_Availability.booking_id GROUP BY customer_id HAVING MIN(Bookings.booking_id) = 51"
"{'meaningful_joins': 'yes', 'table_exp_type': 'SELF JOIN', 'where_type': {'basic_comparison': '<='}, 'number_of_value_exp_in_group_by': 0, 'having_type': 'none', 'orderby_type': 'none', 'limit_type': 'none', 'value_exp_types': ['single_exp_text'], 'distinct_type': 'none', 'min_max_depth_in_subquery': [1, 1]}",SELECT Bookings.booking_status_code FROM Bookings JOIN Bookings AS d ON Bookings.booking_id = d.booking_id WHERE  Bookings.amount_payable <= 39
"{'meaningful_joins': 'yes', 'table_exp_type': 'JOIN', 'where_type': {'basic_comparison': '>'}, 'number_of_value_exp_in_group_by': 0, 'having_type': 'none', 'orderby_type': 'none', 'limit_type': 'none', 'value_exp_types': ['count_distinct_exp', 'single_exp_text', 'single_exp_text'], 'distinct_type': 'none', 'min_max_depth_in_subquery': [1, 1]}","SELECT COUNT(DISTINCT booked_count), returned_late_yn, product_name FROM Products_for_Hire JOIN Products_Booked ON Products_Booked.product_id = Products_for_Hire.product_id WHERE  daily_hire_cost > 95"
"{'meaningful_joins': 'yes', 'table_exp_type': 'single_table', 'where_type': {'basic_comparison': '!='}, 'number_of_value_exp_in_group_by': 1, 'having_type': 'none', 'orderby_type': 'ASC', 'limit_type': 'none', 'value_exp_types': ['count_distinct_exp', 'single_exp_number'], 'distinct_type': 'none', 'min_max_depth_in_subquery': [1, 1]}","SELECT COUNT(DISTINCT booked_amount), booked_count, booked_amount FROM Products_Booked WHERE  booked_count != 79 GROUP BY booked_amount ORDER BY booked_count ASC"
"{'meaningful_joins': 'yes', 'table_exp_type': 'SELF JOIN', 'where_type': {'logical_operator': ['OR', 'between', 'in_with_subquery']}, 'number_of_value_exp_in_group_by': 0, 'having_type': 'none', 'orderby_type': 'none', 'limit_type': 'none', 'value_exp_types': ['count_distinct_exp', 'single_exp_number'], 'distinct_type': 'none', 'min_max_depth_in_subquery': [1, 1]}","SELECT COUNT(DISTINCT j.coupon_amount), j.coupon_amount FROM Discount_Coupons JOIN Discount_Coupons AS j ON Discount_Coupons.coupon_id = j.coupon_id WHERE Discount_Coupons.coupon_amount BETWEEN 1 AND 10 OR coupon_id IN (SELECT coupon_id FROM Discount_Coupons WHERE  coupon_amount = 15)"
"{'meaningful_joins': 'yes', 'table_exp_type': 'SELF JOIN_SELF JOIN_SELF JOIN', 'where_type': {'logical_operator': ['OR', 'basic_comparison', 'exists_subquery']}, 'number_of_value_exp_in_group_by': 0, 'having_type': 'none', 'orderby_type': 'none', 'limit_type': 'none', 'value_exp_types': ['agg_exp', 'single_exp_text'], 'distinct_type': 'none', 'min_max_depth_in_subquery': [1, 1]}",No number columns in basic_comparison
"{'meaningful_joins': 'yes', 'table_exp_type': 'JOIN_JOIN_SELF JOIN', 'where_type': {'basic_comparison': '='}, 'number_of_value_exp_in_group_by': 0, 'having_type': 'none', 'orderby_type': 'none', 'limit_type': 'none', 'value_exp_types': ['single_exp_number', 'single_exp_text'], 'distinct_type': 'none', 'min_max_depth_in_subquery': [1, 1]}","SELECT Bookings.amount_payable, first_name FROM Customers JOIN Bookings JOIN Bookings AS z JOIN Discount_Coupons ON Bookings.booking_id = z.booking_id AND Bookings.customer_id = Customers.customer_id AND Customers.coupon_id = Discount_Coupons.coupon_id WHERE  Bookings.amount_payable = 18"
"{'meaningful_joins': 'yes', 'table_exp_type': 'JOIN_JOIN_JOIN', 'where_type': {'basic_comparison': '>'}, 'number_of_value_exp_in_group_by': 1, 'having_type': {'single': 'MAX'}, 'orderby_type': 'DESC', 'limit_type': 'without_offset', 'value_exp_types': ['agg_exp', 'agg_exp'], 'distinct_type': 'none', 'min_max_depth_in_subquery': [1, 1]}","SELECT AVG(amount_of_refund), SUM(amount_of_discount), payment_type_code FROM Customers JOIN View_Product_Availability JOIN Bookings JOIN Payments ON Bookings.customer_id = Customers.customer_id AND Bookings.booking_id = View_Product_Availability.booking_id AND Payments.customer_id = Customers.customer_id WHERE  amount_of_refund > 71 GROUP BY payment_type_code HAVING MAX(payment_id) >= 38 ORDER BY payment_type_code DESC LIMIT 5"
"{'meaningful_joins': 'yes', 'table_exp_type': 'single_table_with_name_changing', 'where_type': {'logical_operator': ['OR', 'between', 'in_with_subquery']}, 'number_of_value_exp_in_group_by': 1, 'having_type': {'single': 'SUM'}, 'orderby_type': 'ASC', 'limit_type': 'none', 'value_exp_types': ['single_exp_text'], 'distinct_type': 'none', 'min_max_depth_in_subquery': [1, 1]}","SELECT e.returned_late_yn, e.booked_amount FROM Products_Booked AS e WHERE e.booked_amount BETWEEN 1 AND 10 OR booked_amount IN (SELECT booked_amount FROM Products_Booked WHERE booked_amount BETWEEN 1 AND 10) GROUP BY e.booked_amount HAVING SUM(e.booked_count) <= 15 ORDER BY e.returned_late_yn ASC"
