Specification,query
"{'meaningful_joins': 'yes', 'table_exp_type': 'SELF JOIN', 'where_type': {'basic_comparison': '<='}, 'number_of_value_exp_in_group_by': 1, 'having_type': 'none', 'orderby_type': 'none', 'limit_type': 'none', 'value_exp_types': ['agg_exp', 'single_exp_text'], 'distinct_type': 'none', 'min_max_depth_in_subquery': [1, 1]}","SELECT MIN(match.Round), v.Winning_Pilot, match.Date FROM match AS v JOIN match ON match.Round = v.Round WHERE  match.Round <= 78 GROUP BY match.Date"
"{'meaningful_joins': 'yes', 'table_exp_type': 'single_table_with_name_changing', 'where_type': {'basic_comparison': '<='}, 'number_of_value_exp_in_group_by': 1, 'having_type': {'single': 'SUM'}, 'orderby_type': 'DESC', 'limit_type': 'without_offset', 'value_exp_types': ['single_exp_number'], 'distinct_type': 'none', 'min_max_depth_in_subquery': [1, 1]}","SELECT l.Pilot_Id, l.Age FROM pilot AS l WHERE  l.Age <= 23 GROUP BY l.Age HAVING SUM(l.Pilot_Id) >= 80 ORDER BY l.Age DESC LIMIT 3"
"{'meaningful_joins': 'yes', 'table_exp_type': 'JOIN', 'where_type': 'exists_subquery', 'number_of_value_exp_in_group_by': 0, 'having_type': 'none', 'orderby_type': 'none', 'limit_type': 'none', 'value_exp_types': ['single_exp_number', 'single_exp_text', 'single_exp_text'], 'distinct_type': 'none', 'min_max_depth_in_subquery': [1, 1]}","SELECT aircraft.Aircraft_ID, Description, Total_disk_area FROM aircraft JOIN airport_aircraft ON airport_aircraft.Aircraft_ID = aircraft.Aircraft_ID WHERE EXISTS (SELECT * FROM airport AS t WHERE  t.Freight_Metric_Tonnes != 59 AND airport_aircraft.Airport_ID = t.Airport_ID)"
"{'meaningful_joins': 'yes', 'table_exp_type': 'single_table', 'where_type': 'not_exists_subquery', 'number_of_value_exp_in_group_by': 1, 'having_type': {'single': 'MIN'}, 'orderby_type': 'none', 'limit_type': 'none', 'value_exp_types': ['agg_exp', 'single_exp_number'], 'distinct_type': 'none', 'min_max_depth_in_subquery': [1, 1]}","SELECT MIN(Freight_Metric_Tonnes), International_Passengers, Total_Passengers FROM airport WHERE EXISTS (SELECT * FROM airport_aircraft WHERE  Aircraft_ID != 28 AND airport.Airport_ID = Airport_ID) GROUP BY Total_Passengers HAVING MIN(Airport_ID) > 27"
"{'meaningful_joins': 'yes', 'table_exp_type': 'single_table', 'where_type': {'logical_operator': ['AND', 'basic_comparison', 'exists_subquery']}, 'number_of_value_exp_in_group_by': 0, 'having_type': 'none', 'orderby_type': 'DESC', 'limit_type': 'none', 'value_exp_types': ['count_distinct_exp', 'single_exp_number'], 'distinct_type': 'none', 'min_max_depth_in_subquery': [1, 1]}","SELECT COUNT(DISTINCT Airport_ID), ID FROM airport_aircraft WHERE  Airport_ID != 65 AND EXISTS (SELECT * FROM airport WHERE Total_Passengers BETWEEN 1 AND 10 AND airport_aircraft.Airport_ID = Airport_ID) ORDER BY ID DESC"
"{'meaningful_joins': 'yes', 'table_exp_type': 'single_table', 'where_type': 'between', 'number_of_value_exp_in_group_by': 0, 'having_type': 'none', 'orderby_type': 'none', 'limit_type': 'none', 'value_exp_types': ['single_exp_number', 'single_exp_number'], 'distinct_type': 'none', 'min_max_depth_in_subquery': [1, 1]}","SELECT Aircraft_ID, Aircraft_ID FROM aircraft WHERE Aircraft_ID BETWEEN 1 AND 10"
"{'meaningful_joins': 'yes', 'table_exp_type': 'single_table_with_name_changing', 'where_type': {'basic_comparison': '<'}, 'number_of_value_exp_in_group_by': 0, 'having_type': 'none', 'orderby_type': 'none', 'limit_type': 'without_offset', 'value_exp_types': ['single_exp_number'], 'distinct_type': 'none', 'min_max_depth_in_subquery': [1, 1]}",SELECT h.Round FROM match AS h WHERE  h.Round < 26 LIMIT 8
"{'meaningful_joins': 'yes', 'table_exp_type': 'single_table_with_name_changing', 'where_type': 'none', 'number_of_value_exp_in_group_by': 1, 'having_type': 'none', 'orderby_type': 'none', 'limit_type': 'without_offset', 'value_exp_types': ['single_exp_number', 'single_exp_text'], 'distinct_type': 'none', 'min_max_depth_in_subquery': [1, 1]}","SELECT p.Round, p.Winning_Aircraft FROM match AS p GROUP BY p.Winning_Aircraft LIMIT 5"
"{'meaningful_joins': 'yes', 'table_exp_type': 'JOIN', 'where_type': {'basic_comparison': '>='}, 'number_of_value_exp_in_group_by': 0, 'having_type': 'none', 'orderby_type': 'ASC', 'limit_type': 'none', 'value_exp_types': ['single_exp_text'], 'distinct_type': 'none', 'min_max_depth_in_subquery': [1, 1]}",SELECT Location FROM aircraft JOIN match ON aircraft.Aircraft_ID = match.Winning_Aircraft WHERE  Aircraft_ID >= 84 ORDER BY Location ASC
"{'meaningful_joins': 'yes', 'table_exp_type': 'single_table_with_name_changing', 'where_type': {'basic_comparison': '!='}, 'number_of_value_exp_in_group_by': 0, 'having_type': 'none', 'orderby_type': 'none', 'limit_type': 'none', 'value_exp_types': ['agg_exp', 'agg_exp'], 'distinct_type': 'none', 'min_max_depth_in_subquery': [1, 1]}","SELECT MIN(b.Aircraft_ID), MIN(b.Aircraft_ID) FROM aircraft AS b WHERE  b.Aircraft_ID != 41"
"{'meaningful_joins': 'yes', 'table_exp_type': 'single_table_with_name_changing', 'where_type': {'basic_comparison': '!='}, 'number_of_value_exp_in_group_by': 0, 'having_type': 'none', 'orderby_type': 'ASC', 'limit_type': 'none', 'value_exp_types': ['single_exp_number'], 'distinct_type': 'none', 'min_max_depth_in_subquery': [1, 1]}",SELECT m.Aircraft_ID FROM airport_aircraft AS m WHERE  m.Airport_ID != 18 ORDER BY m.Aircraft_ID ASC
"{'meaningful_joins': 'yes', 'table_exp_type': 'single_table_with_name_changing', 'where_type': {'logical_operator': ['OR', 'between', 'basic_comparison']}, 'number_of_value_exp_in_group_by': 0, 'having_type': 'none', 'orderby_type': 'DESC', 'limit_type': 'without_offset', 'value_exp_types': ['single_exp_text', 'single_exp_text'], 'distinct_type': 'none', 'min_max_depth_in_subquery': [1, 1]}","SELECT v.Name, v.Name FROM pilot AS v WHERE v.Age BETWEEN 1 AND 10 OR  v.Pilot_Id != 6 ORDER BY v.Name DESC LIMIT 7"
"{'meaningful_joins': 'yes', 'table_exp_type': 'JOIN', 'where_type': {'logical_operator': ['OR', 'between', 'not_in_with_subquery']}, 'number_of_value_exp_in_group_by': 0, 'having_type': 'none', 'orderby_type': 'none', 'limit_type': 'none', 'value_exp_types': ['single_exp_number', 'single_exp_text'], 'distinct_type': 'none', 'min_max_depth_in_subquery': [1, 1]}","SELECT Round, Winning_Pilot FROM pilot JOIN match ON match.Winning_Pilot = pilot.Pilot_Id WHERE Pilot_Id BETWEEN 1 AND 10 OR Date NOT IN (SELECT Date FROM match AS u)"
"{'meaningful_joins': 'yes', 'table_exp_type': 'single_table', 'where_type': {'logical_operator': ['AND', 'basic_comparison', 'exists_subquery']}, 'number_of_value_exp_in_group_by': 1, 'having_type': {'single': 'COUNT'}, 'orderby_type': 'ASC', 'limit_type': 'none', 'value_exp_types': ['count_distinct_exp', 'single_exp_number'], 'distinct_type': 'none', 'min_max_depth_in_subquery': [1, 1]}","SELECT COUNT(DISTINCT Max_Gross_Weight), Aircraft_ID, Total_disk_area FROM aircraft WHERE  Aircraft_ID < 73 AND EXISTS (SELECT * FROM airport_aircraft WHERE  Aircraft_ID != 56 AND aircraft.Aircraft_ID = Aircraft_ID LIMIT 4) GROUP BY Total_disk_area HAVING COUNT(Aircraft_ID) < 99 ORDER BY Aircraft_ID ASC"
"{'meaningful_joins': 'yes', 'table_exp_type': 'JOIN_JOIN_JOIN', 'where_type': {'basic_comparison': '>'}, 'number_of_value_exp_in_group_by': 1, 'having_type': 'none', 'orderby_type': 'DESC', 'limit_type': 'none', 'value_exp_types': ['count_distinct_exp', 'count_distinct_exp', 'count_distinct_exp'], 'distinct_type': 'none', 'min_max_depth_in_subquery': [1, 1]}","SELECT COUNT(DISTINCT airport_aircraft.Aircraft_ID), COUNT(DISTINCT aircraft.Aircraft_ID), COUNT(DISTINCT Round), Max_Gross_Weight FROM pilot JOIN airport_aircraft JOIN aircraft JOIN match ON match.Winning_Pilot = pilot.Pilot_Id AND aircraft.Aircraft_ID = match.Winning_Aircraft AND airport_aircraft.Aircraft_ID = aircraft.Aircraft_ID WHERE  aircraft.Aircraft_ID > 24 GROUP BY Max_Gross_Weight ORDER BY Max_Gross_Weight DESC"
"{'meaningful_joins': 'yes', 'table_exp_type': 'single_table', 'where_type': {'basic_comparison': '>='}, 'number_of_value_exp_in_group_by': 0, 'having_type': 'none', 'orderby_type': 'ASC', 'limit_type': 'none', 'value_exp_types': ['single_exp_number'], 'distinct_type': 'none', 'min_max_depth_in_subquery': [1, 1]}",SELECT Aircraft_ID FROM aircraft WHERE  Aircraft_ID >= 79 ORDER BY Aircraft_ID ASC
"{'meaningful_joins': 'yes', 'table_exp_type': 'single_table', 'where_type': 'in_with_subquery', 'number_of_value_exp_in_group_by': 1, 'having_type': 'none', 'orderby_type': 'DESC', 'limit_type': 'without_offset', 'value_exp_types': ['single_exp_text'], 'distinct_type': 'none', 'min_max_depth_in_subquery': [1, 1]}","SELECT Airport_Name, Freight_Metric_Tonnes FROM airport WHERE Transit_Passengers IN (SELECT Transit_Passengers FROM airport) GROUP BY Freight_Metric_Tonnes ORDER BY Airport_Name DESC LIMIT 8"
"{'meaningful_joins': 'yes', 'table_exp_type': 'single_table_with_name_changing', 'where_type': {'basic_comparison': '!='}, 'number_of_value_exp_in_group_by': 0, 'having_type': 'none', 'orderby_type': 'none', 'limit_type': 'without_offset', 'value_exp_types': ['single_exp_number', 'single_exp_text'], 'distinct_type': 'none', 'min_max_depth_in_subquery': [1, 1]}","SELECT v.Round, v.Country FROM match AS v WHERE  v.Round != 5 LIMIT 9"
"{'meaningful_joins': 'yes', 'table_exp_type': 'single_table', 'where_type': {'logical_operator': ['OR', 'basic_comparison', 'in_with_subquery']}, 'number_of_value_exp_in_group_by': 1, 'having_type': 'none', 'orderby_type': 'ASC', 'limit_type': 'none', 'value_exp_types': ['single_exp_number'], 'distinct_type': 'none', 'min_max_depth_in_subquery': [1, 1]}",SELECT International_Passengers FROM airport WHERE  Total_Passengers > 35 OR Domestic_Passengers IN (SELECT Domestic_Passengers FROM airport AS c WHERE  c.Transit_Passengers > 81) GROUP BY International_Passengers ORDER BY International_Passengers ASC
"{'meaningful_joins': 'yes', 'table_exp_type': 'single_table', 'where_type': {'basic_comparison': '>'}, 'number_of_value_exp_in_group_by': 0, 'having_type': 'none', 'orderby_type': 'none', 'limit_type': 'without_offset', 'value_exp_types': ['agg_exp', 'single_exp_text'], 'distinct_type': 'none', 'min_max_depth_in_subquery': [1, 1]}","SELECT SUM(Airport_ID), Airport_Name FROM airport WHERE  Transit_Passengers > 88 LIMIT 10"
"{'meaningful_joins': 'yes', 'table_exp_type': 'single_table_with_name_changing', 'where_type': {'logical_operator': ['AND', 'between', 'basic_comparison']}, 'number_of_value_exp_in_group_by': 0, 'having_type': 'none', 'orderby_type': 'none', 'limit_type': 'none', 'value_exp_types': ['single_exp_number'], 'distinct_type': 'none', 'min_max_depth_in_subquery': [1, 1]}",SELECT t.ID FROM airport_aircraft AS t WHERE t.Airport_ID BETWEEN 1 AND 10 AND  t.Aircraft_ID >= 73
"{'meaningful_joins': 'yes', 'table_exp_type': 'SELF JOIN', 'where_type': 'none', 'number_of_value_exp_in_group_by': 0, 'having_type': 'none', 'orderby_type': 'none', 'limit_type': 'without_offset', 'value_exp_types': ['agg_exp'], 'distinct_type': 'none', 'min_max_depth_in_subquery': [1, 1]}",SELECT AVG(o.Round) FROM match AS o JOIN match ON match.Round = o.Round LIMIT 5
"{'meaningful_joins': 'yes', 'table_exp_type': 'JOIN_JOIN_JOIN', 'where_type': {'logical_operator': ['AND', 'between', 'basic_comparison']}, 'number_of_value_exp_in_group_by': 0, 'having_type': 'none', 'orderby_type': 'ASC', 'limit_type': 'without_offset', 'value_exp_types': ['single_exp_number'], 'distinct_type': 'none', 'min_max_depth_in_subquery': [1, 1]}",SELECT ID FROM aircraft JOIN airport_aircraft JOIN airport JOIN match ON aircraft.Aircraft_ID = match.Winning_Aircraft AND airport_aircraft.Aircraft_ID = aircraft.Aircraft_ID AND airport.Airport_ID = airport_aircraft.Airport_ID WHERE Transit_Passengers BETWEEN 1 AND 10 AND  aircraft.Aircraft_ID > 20 ORDER BY ID ASC LIMIT 9
"{'meaningful_joins': 'yes', 'table_exp_type': 'single_table_with_name_changing', 'where_type': {'basic_comparison': '>'}, 'number_of_value_exp_in_group_by': 0, 'having_type': 'none', 'orderby_type': 'ASC', 'limit_type': 'none', 'value_exp_types': ['single_exp_text', 'single_exp_text'], 'distinct_type': 'none', 'min_max_depth_in_subquery': [1, 1]}","SELECT i.Fastest_Qualifying, i.Country FROM match AS i WHERE  i.Round > 14 ORDER BY i.Country ASC"
"{'meaningful_joins': 'yes', 'table_exp_type': 'single_table', 'where_type': {'basic_comparison': '='}, 'number_of_value_exp_in_group_by': 0, 'having_type': 'none', 'orderby_type': 'ASC', 'limit_type': 'none', 'value_exp_types': ['single_exp_number'], 'distinct_type': 'none', 'min_max_depth_in_subquery': [1, 1]}",SELECT Aircraft_ID FROM aircraft WHERE  Aircraft_ID = 82 ORDER BY Aircraft_ID ASC
"{'meaningful_joins': 'yes', 'table_exp_type': 'single_table', 'where_type': {'basic_comparison': '='}, 'number_of_value_exp_in_group_by': 0, 'having_type': 'none', 'orderby_type': 'none', 'limit_type': 'none', 'value_exp_types': ['agg_exp', 'count_distinct_exp'], 'distinct_type': 'none', 'min_max_depth_in_subquery': [1, 1]}","SELECT AVG(Round), COUNT(DISTINCT Date) FROM match WHERE  Round = 48"
"{'meaningful_joins': 'yes', 'table_exp_type': 'JOIN', 'where_type': 'none', 'number_of_value_exp_in_group_by': 0, 'having_type': 'none', 'orderby_type': 'none', 'limit_type': 'none', 'value_exp_types': ['single_exp_number', 'single_exp_number'], 'distinct_type': 'none', 'min_max_depth_in_subquery': [1, 1]}","SELECT Round, Round FROM aircraft JOIN match ON aircraft.Aircraft_ID = match.Winning_Aircraft"
"{'meaningful_joins': 'yes', 'table_exp_type': 'single_table', 'where_type': 'none', 'number_of_value_exp_in_group_by': 0, 'having_type': 'none', 'orderby_type': 'none', 'limit_type': 'none', 'value_exp_types': ['count_distinct_exp'], 'distinct_type': 'none', 'min_max_depth_in_subquery': [1, 1]}",SELECT COUNT(DISTINCT Aircraft_ID) FROM aircraft
"{'meaningful_joins': 'yes', 'table_exp_type': 'JOIN_JOIN', 'where_type': {'basic_comparison': '<'}, 'number_of_value_exp_in_group_by': 0, 'having_type': 'none', 'orderby_type': 'none', 'limit_type': 'none', 'value_exp_types': ['single_exp_number'], 'distinct_type': 'none', 'min_max_depth_in_subquery': [1, 1]}",SELECT Airport_ID FROM aircraft JOIN airport_aircraft JOIN match ON aircraft.Aircraft_ID = match.Winning_Aircraft AND airport_aircraft.Aircraft_ID = aircraft.Aircraft_ID WHERE  Airport_ID < 9
"{'meaningful_joins': 'yes', 'table_exp_type': 'single_table', 'where_type': {'logical_operator': ['OR', 'basic_comparison', 'exists_subquery']}, 'number_of_value_exp_in_group_by': 0, 'having_type': 'none', 'orderby_type': 'DESC', 'limit_type': 'none', 'value_exp_types': ['single_exp_number'], 'distinct_type': 'none', 'min_max_depth_in_subquery': [1, 1]}",SELECT ID FROM airport_aircraft WHERE  Aircraft_ID < 12 OR EXISTS (SELECT * FROM aircraft WHERE airport_aircraft.Airport_ID = Aircraft_ID) ORDER BY ID DESC
"{'meaningful_joins': 'yes', 'table_exp_type': 'JOIN', 'where_type': {'logical_operator': ['OR', 'between', 'basic_comparison']}, 'number_of_value_exp_in_group_by': 1, 'having_type': {'single': 'MAX'}, 'orderby_type': 'none', 'limit_type': 'none', 'value_exp_types': ['single_exp_number', 'single_exp_text'], 'distinct_type': 'none', 'min_max_depth_in_subquery': [1, 1]}","SELECT ID, Max_disk_Loading, Description FROM aircraft JOIN airport_aircraft ON airport_aircraft.Aircraft_ID = aircraft.Aircraft_ID WHERE ID BETWEEN 1 AND 10 OR  airport_aircraft.Aircraft_ID >= 95 GROUP BY Description HAVING MAX(aircraft.Aircraft_ID) = 30"
