Specification,query
"{'meaningful_joins': 'yes', 'table_exp_type': 'single_table', 'where_type': {'logical_operator': ['OR', 'between', 'basic_comparison']}, 'number_of_value_exp_in_group_by': 1, 'having_type': 'none', 'orderby_type': 'none', 'limit_type': 'without_offset', 'value_exp_types': ['agg_exp', 'single_exp_number'], 'distinct_type': 'none', 'min_max_depth_in_subquery': [1, 1]}","SELECT AVG(apt_id), apt_booking_id, available_yn FROM View_Unit_Status WHERE apt_booking_id BETWEEN 1 AND 10 OR  apt_id < 82 GROUP BY available_yn LIMIT 8"
"{'meaningful_joins': 'yes', 'table_exp_type': 'single_table', 'where_type': {'basic_comparison': '!='}, 'number_of_value_exp_in_group_by': 0, 'having_type': 'none', 'orderby_type': 'DESC', 'limit_type': 'none', 'value_exp_types': ['single_exp_text'], 'distinct_type': 'none', 'min_max_depth_in_subquery': [1, 1]}",SELECT booking_status_code FROM Apartment_Bookings WHERE  apt_id != 3 ORDER BY booking_status_code DESC
"{'meaningful_joins': 'yes', 'table_exp_type': 'SELF JOIN', 'where_type': {'logical_operator': ['AND', 'between', 'comparison_with_subquery']}, 'number_of_value_exp_in_group_by': 1, 'having_type': 'none', 'orderby_type': 'ASC', 'limit_type': 'none', 'value_exp_types': ['single_exp_text', 'single_exp_text'], 'distinct_type': 'none', 'min_max_depth_in_subquery': [1, 1]}","SELECT Apartment_Facilities.facility_code, n.facility_code FROM Apartment_Facilities AS n JOIN Apartment_Facilities ON Apartment_Facilities.apt_id = n.apt_id WHERE Apartment_Facilities.apt_id BETWEEN 1 AND 10 AND facility_code = (SELECT MIN(facility_code) FROM Apartment_Facilities AS b WHERE  b.apt_id <= 6) GROUP BY Apartment_Facilities.facility_code ORDER BY n.facility_code ASC"
"{'meaningful_joins': 'yes', 'table_exp_type': 'JOIN', 'where_type': {'basic_comparison': '='}, 'number_of_value_exp_in_group_by': 0, 'having_type': 'none', 'orderby_type': 'none', 'limit_type': 'none', 'value_exp_types': ['count_distinct_exp'], 'distinct_type': 'none', 'min_max_depth_in_subquery': [1, 1]}",SELECT COUNT(DISTINCT facility_code) FROM Apartment_Facilities JOIN Apartments ON Apartment_Facilities.apt_id = Apartments.apt_id WHERE  building_id = 28
"{'meaningful_joins': 'yes', 'table_exp_type': 'single_table', 'where_type': {'basic_comparison': '<'}, 'number_of_value_exp_in_group_by': 0, 'having_type': 'none', 'orderby_type': 'none', 'limit_type': 'none', 'value_exp_types': ['count_distinct_exp'], 'distinct_type': 'none', 'min_max_depth_in_subquery': [1, 1]}",SELECT COUNT(DISTINCT gender_code) FROM Guests WHERE  guest_id < 69
"{'meaningful_joins': 'yes', 'table_exp_type': 'single_table', 'where_type': 'in_with_subquery', 'number_of_value_exp_in_group_by': 1, 'having_type': 'none', 'orderby_type': 'none', 'limit_type': 'without_offset', 'value_exp_types': ['agg_exp', 'single_exp_number'], 'distinct_type': 'none', 'min_max_depth_in_subquery': [1, 1]}","SELECT AVG(apt_id), apt_id, facility_code FROM Apartment_Facilities WHERE facility_code IN (SELECT facility_code FROM Apartment_Facilities WHERE  apt_id < 52) GROUP BY facility_code LIMIT 7"
"{'meaningful_joins': 'yes', 'table_exp_type': 'single_table_with_name_changing', 'where_type': {'basic_comparison': '<='}, 'number_of_value_exp_in_group_by': 1, 'having_type': 'none', 'orderby_type': 'none', 'limit_type': 'none', 'value_exp_types': ['agg_exp', 'single_exp_text'], 'distinct_type': 'none', 'min_max_depth_in_subquery': [1, 1]}","SELECT COUNT(c.building_id), c.building_description FROM Apartment_Buildings AS c WHERE  c.building_id <= 17 GROUP BY c.building_description"
"{'meaningful_joins': 'yes', 'table_exp_type': 'JOIN_JOIN_JOIN', 'where_type': {'basic_comparison': '<='}, 'number_of_value_exp_in_group_by': 1, 'having_type': 'none', 'orderby_type': 'ASC', 'limit_type': 'none', 'value_exp_types': ['single_exp_text', 'single_exp_text'], 'distinct_type': 'none', 'min_max_depth_in_subquery': [1, 1]}","SELECT apt_number, building_phone, booking_status_code FROM View_Unit_Status JOIN Apartment_Bookings JOIN Apartment_Buildings JOIN Apartments ON Apartments.building_id = Apartment_Buildings.building_id AND Apartments.apt_id = View_Unit_Status.apt_id AND View_Unit_Status.apt_booking_id = Apartment_Bookings.apt_booking_id WHERE  bedroom_count <= 22 GROUP BY booking_status_code ORDER BY building_phone ASC"
"{'meaningful_joins': 'yes', 'table_exp_type': 'single_table_with_name_changing', 'where_type': 'not_in_with_subquery', 'number_of_value_exp_in_group_by': 0, 'having_type': 'none', 'orderby_type': 'none', 'limit_type': 'none', 'value_exp_types': ['count_distinct_exp'], 'distinct_type': 'none', 'min_max_depth_in_subquery': [1, 1]}",SELECT COUNT(DISTINCT z.building_full_name) FROM Apartment_Buildings AS z WHERE building_full_name NOT IN (SELECT building_full_name FROM Apartment_Buildings WHERE building_id BETWEEN 1 AND 10 OR  building_id < 7 LIMIT 5)
"{'meaningful_joins': 'yes', 'table_exp_type': 'single_table', 'where_type': {'logical_operator': ['AND', 'between', 'comparison_with_subquery']}, 'number_of_value_exp_in_group_by': 1, 'having_type': {'single': 'AVG'}, 'orderby_type': 'none', 'limit_type': 'without_offset', 'value_exp_types': ['single_exp_text'], 'distinct_type': 'none', 'min_max_depth_in_subquery': [1, 1]}","SELECT apt_type_code, room_count FROM Apartments WHERE building_id BETWEEN 1 AND 10 AND building_id >= (SELECT AVG(building_id) FROM Apartments WHERE bedroom_count BETWEEN 1 AND 10) GROUP BY room_count HAVING AVG(bedroom_count) = 13 LIMIT 2"
"{'meaningful_joins': 'yes', 'table_exp_type': 'JOIN_JOIN_JOIN', 'where_type': {'basic_comparison': '!='}, 'number_of_value_exp_in_group_by': 0, 'having_type': 'none', 'orderby_type': 'none', 'limit_type': 'none', 'value_exp_types': ['agg_exp', 'single_exp_number', 'single_exp_number'], 'distinct_type': 'none', 'min_max_depth_in_subquery': [1, 1]}","SELECT AVG(apt_booking_id), Apartment_Facilities.apt_id, Apartments.building_id FROM View_Unit_Status JOIN Apartment_Facilities JOIN Apartment_Buildings JOIN Apartments ON Apartments.building_id = Apartment_Buildings.building_id AND Apartments.apt_id = View_Unit_Status.apt_id AND Apartment_Facilities.apt_id = Apartments.apt_id WHERE  Apartments.building_id != 61"
"{'meaningful_joins': 'yes', 'table_exp_type': 'single_table', 'where_type': 'not_exists_subquery', 'number_of_value_exp_in_group_by': 0, 'having_type': 'none', 'orderby_type': 'ASC', 'limit_type': 'without_offset', 'value_exp_types': ['single_exp_number'], 'distinct_type': 'none', 'min_max_depth_in_subquery': [1, 1]}",SELECT guest_id FROM Guests WHERE EXISTS (SELECT * FROM Apartment_Bookings WHERE  guest_id != 62 AND Guests.guest_id = guest_id) ORDER BY guest_id ASC LIMIT 6
"{'meaningful_joins': 'yes', 'table_exp_type': 'SELF JOIN', 'where_type': {'basic_comparison': '<='}, 'number_of_value_exp_in_group_by': 1, 'having_type': {'single': 'MIN'}, 'orderby_type': 'none', 'limit_type': 'without_offset', 'value_exp_types': ['agg_exp', 'single_exp_text'], 'distinct_type': 'none', 'min_max_depth_in_subquery': [1, 1]}","SELECT SUM(e.apt_id), View_Unit_Status.available_yn, e.available_yn FROM View_Unit_Status JOIN View_Unit_Status AS e ON View_Unit_Status.status_date = e.status_date WHERE  e.apt_booking_id <= 100 GROUP BY e.available_yn HAVING MIN(View_Unit_Status.apt_booking_id) < 96 LIMIT 1"
"{'meaningful_joins': 'yes', 'table_exp_type': 'single_table', 'where_type': 'none', 'number_of_value_exp_in_group_by': 0, 'having_type': 'none', 'orderby_type': 'DESC', 'limit_type': 'none', 'value_exp_types': ['count_distinct_exp', 'single_exp_number'], 'distinct_type': 'none', 'min_max_depth_in_subquery': [1, 1]}","SELECT COUNT(DISTINCT apt_type_code), building_id FROM Apartments ORDER BY building_id DESC"
"{'meaningful_joins': 'yes', 'table_exp_type': 'SELF JOIN', 'where_type': {'basic_comparison': '>='}, 'number_of_value_exp_in_group_by': 0, 'having_type': 'none', 'orderby_type': 'none', 'limit_type': 'none', 'value_exp_types': ['single_exp_text', 'single_exp_text'], 'distinct_type': 'none', 'min_max_depth_in_subquery': [1, 1]}","SELECT a.available_yn, View_Unit_Status.available_yn FROM View_Unit_Status JOIN View_Unit_Status AS a ON View_Unit_Status.status_date = a.status_date WHERE  View_Unit_Status.apt_booking_id >= 5"
"{'meaningful_joins': 'yes', 'table_exp_type': 'SELF JOIN', 'where_type': 'between', 'number_of_value_exp_in_group_by': 0, 'having_type': 'none', 'orderby_type': 'none', 'limit_type': 'none', 'value_exp_types': ['count_distinct_exp', 'single_exp_number', 'single_exp_text'], 'distinct_type': 'none', 'min_max_depth_in_subquery': [1, 1]}","SELECT COUNT(DISTINCT Apartment_Buildings.building_address), i.building_id, i.building_short_name FROM Apartment_Buildings AS i JOIN Apartment_Buildings ON Apartment_Buildings.building_id = i.building_id WHERE Apartment_Buildings.building_id BETWEEN 1 AND 10"
"{'meaningful_joins': 'yes', 'table_exp_type': 'SELF JOIN', 'where_type': 'not_in_with_subquery', 'number_of_value_exp_in_group_by': 0, 'having_type': 'none', 'orderby_type': 'none', 'limit_type': 'none', 'value_exp_types': ['agg_exp', 'single_exp_number'], 'distinct_type': 'none', 'min_max_depth_in_subquery': [1, 1]}","SELECT AVG(Apartments.bedroom_count), Apartments.bathroom_count FROM Apartments AS f JOIN Apartments ON Apartments.apt_id = f.apt_id WHERE apt_number NOT IN (SELECT apt_number FROM Apartments AS v WHERE  v.building_id < 86)"
"{'meaningful_joins': 'yes', 'table_exp_type': 'JOIN', 'where_type': {'basic_comparison': '<'}, 'number_of_value_exp_in_group_by': 0, 'having_type': 'none', 'orderby_type': 'none', 'limit_type': 'none', 'value_exp_types': ['single_exp_number'], 'distinct_type': 'none', 'min_max_depth_in_subquery': [1, 1]}",SELECT bathroom_count FROM View_Unit_Status JOIN Apartments ON Apartments.apt_id = View_Unit_Status.apt_id WHERE  building_id < 2
"{'meaningful_joins': 'yes', 'table_exp_type': 'single_table_with_name_changing', 'where_type': {'logical_operator': ['OR', 'between', 'not_in_with_subquery']}, 'number_of_value_exp_in_group_by': 1, 'having_type': 'none', 'orderby_type': 'none', 'limit_type': 'without_offset', 'value_exp_types': ['single_exp_number', 'single_exp_number'], 'distinct_type': 'none', 'min_max_depth_in_subquery': [1, 1]}","SELECT o.guest_id, o.guest_id, o.guest_last_name FROM Guests AS o WHERE o.guest_id BETWEEN 1 AND 10 OR guest_id NOT IN (SELECT guest_id FROM Guests WHERE  guest_id >= 40) GROUP BY o.guest_last_name LIMIT 2"
"{'meaningful_joins': 'yes', 'table_exp_type': 'single_table', 'where_type': 'between', 'number_of_value_exp_in_group_by': 0, 'having_type': 'none', 'orderby_type': 'none', 'limit_type': 'none', 'value_exp_types': ['single_exp_number', 'single_exp_text'], 'distinct_type': 'none', 'min_max_depth_in_subquery': [1, 1]}","SELECT apt_id, available_yn FROM View_Unit_Status WHERE apt_id BETWEEN 1 AND 10"
"{'meaningful_joins': 'yes', 'table_exp_type': 'single_table', 'where_type': {'basic_comparison': '<'}, 'number_of_value_exp_in_group_by': 0, 'having_type': 'none', 'orderby_type': 'none', 'limit_type': 'none', 'value_exp_types': ['single_exp_text', 'single_exp_text'], 'distinct_type': 'none', 'min_max_depth_in_subquery': [1, 1]}","SELECT booking_status_code, booking_status_code FROM Apartment_Bookings WHERE  apt_id < 94"
"{'meaningful_joins': 'yes', 'table_exp_type': 'single_table_with_name_changing', 'where_type': {'logical_operator': ['OR', 'basic_comparison', 'not_in_with_subquery']}, 'number_of_value_exp_in_group_by': 0, 'having_type': 'none', 'orderby_type': 'none', 'limit_type': 'none', 'value_exp_types': ['agg_exp'], 'distinct_type': 'none', 'min_max_depth_in_subquery': [1, 1]}",SELECT MAX(k.guest_id) FROM Guests AS k WHERE  k.guest_id = 59 OR guest_last_name NOT IN (SELECT guest_last_name FROM Guests LIMIT 2)
"{'meaningful_joins': 'yes', 'table_exp_type': 'single_table', 'where_type': {'basic_comparison': '='}, 'number_of_value_exp_in_group_by': 1, 'having_type': {'single': 'MAX'}, 'orderby_type': 'none', 'limit_type': 'none', 'value_exp_types': ['count_distinct_exp', 'single_exp_text'], 'distinct_type': 'none', 'min_max_depth_in_subquery': [1, 1]}","SELECT COUNT(DISTINCT bedroom_count), apt_type_code, bedroom_count FROM Apartments WHERE  bedroom_count = 93 GROUP BY bedroom_count HAVING MAX(bedroom_count) <= 51"
"{'meaningful_joins': 'yes', 'table_exp_type': 'SELF JOIN', 'where_type': {'logical_operator': ['OR', 'between', 'basic_comparison']}, 'number_of_value_exp_in_group_by': 0, 'having_type': 'none', 'orderby_type': 'ASC', 'limit_type': 'none', 'value_exp_types': ['agg_exp', 'single_exp_number'], 'distinct_type': 'none', 'min_max_depth_in_subquery': [1, 1]}","SELECT MAX(w.bedroom_count), w.building_id FROM Apartments AS w JOIN Apartments ON Apartments.apt_id = w.apt_id WHERE w.building_id BETWEEN 1 AND 10 OR  Apartments.apt_id >= 1 ORDER BY w.building_id ASC"
"{'meaningful_joins': 'yes', 'table_exp_type': 'single_table', 'where_type': {'basic_comparison': '>='}, 'number_of_value_exp_in_group_by': 0, 'having_type': 'none', 'orderby_type': 'none', 'limit_type': 'none', 'value_exp_types': ['count_distinct_exp', 'single_exp_text', 'single_exp_text'], 'distinct_type': 'none', 'min_max_depth_in_subquery': [1, 1]}","SELECT COUNT(DISTINCT apt_id), facility_code, facility_code FROM Apartment_Facilities WHERE  apt_id >= 18"
"{'meaningful_joins': 'yes', 'table_exp_type': 'JOIN_JOIN_JOIN', 'where_type': {'logical_operator': ['AND', 'between', 'basic_comparison']}, 'number_of_value_exp_in_group_by': 0, 'having_type': 'none', 'orderby_type': 'none', 'limit_type': 'none', 'value_exp_types': ['single_exp_text', 'single_exp_text'], 'distinct_type': 'none', 'min_max_depth_in_subquery': [1, 1]}","SELECT apt_type_code, available_yn FROM View_Unit_Status JOIN Apartment_Bookings JOIN Apartment_Facilities JOIN Apartments ON Apartments.apt_id = View_Unit_Status.apt_id AND View_Unit_Status.apt_booking_id = Apartment_Bookings.apt_booking_id AND Apartment_Facilities.apt_id = Apartments.apt_id WHERE Apartment_Facilities.apt_id BETWEEN 1 AND 10 AND  Apartment_Bookings.apt_booking_id >= 26"
"{'meaningful_joins': 'yes', 'table_exp_type': 'JOIN_JOIN_JOIN', 'where_type': 'between', 'number_of_value_exp_in_group_by': 1, 'having_type': {'single': 'COUNT'}, 'orderby_type': 'none', 'limit_type': 'none', 'value_exp_types': ['count_distinct_exp', 'count_distinct_exp', 'single_exp_number'], 'distinct_type': 'none', 'min_max_depth_in_subquery': [1, 1]}","SELECT COUNT(DISTINCT Apartments.apt_id), COUNT(DISTINCT Guests.guest_id), Guests.guest_id, bedroom_count FROM View_Unit_Status JOIN Apartment_Bookings JOIN Guests JOIN Apartments ON Apartments.apt_id = View_Unit_Status.apt_id AND Apartment_Bookings.guest_id = Guests.guest_id AND View_Unit_Status.apt_booking_id = Apartment_Bookings.apt_booking_id WHERE Apartment_Bookings.guest_id BETWEEN 1 AND 10 GROUP BY bedroom_count HAVING COUNT(View_Unit_Status.apt_id) >= 39"
"{'meaningful_joins': 'yes', 'table_exp_type': 'single_table_with_name_changing', 'where_type': {'logical_operator': ['OR', 'between', 'basic_comparison']}, 'number_of_value_exp_in_group_by': 0, 'having_type': 'none', 'orderby_type': 'none', 'limit_type': 'none', 'value_exp_types': ['agg_exp', 'count_distinct_exp', 'single_exp_number'], 'distinct_type': 'none', 'min_max_depth_in_subquery': [1, 1]}","SELECT SUM(b.guest_id), COUNT(DISTINCT b.guest_id), b.apt_id FROM Apartment_Bookings AS b WHERE b.apt_id BETWEEN 1 AND 10 OR  b.apt_booking_id != 83"
"{'meaningful_joins': 'yes', 'table_exp_type': 'single_table_with_name_changing', 'where_type': {'basic_comparison': '>'}, 'number_of_value_exp_in_group_by': 1, 'having_type': {'single': 'AVG'}, 'orderby_type': 'ASC', 'limit_type': 'none', 'value_exp_types': ['agg_exp', 'single_exp_text'], 'distinct_type': 'none', 'min_max_depth_in_subquery': [1, 1]}","SELECT AVG(s.bathroom_count), s.room_count FROM Apartments AS s WHERE  s.apt_id > 92 GROUP BY s.room_count HAVING AVG(s.bathroom_count) < 16 ORDER BY s.room_count ASC"
"{'meaningful_joins': 'yes', 'table_exp_type': 'JOIN_JOIN_JOIN', 'where_type': {'logical_operator': ['AND', 'basic_comparison', 'in_with_subquery']}, 'number_of_value_exp_in_group_by': 0, 'having_type': 'none', 'orderby_type': 'none', 'limit_type': 'none', 'value_exp_types': ['agg_exp', 'agg_exp'], 'distinct_type': 'none', 'min_max_depth_in_subquery': [1, 1]}","SELECT MAX(bedroom_count), AVG(building_id) FROM View_Unit_Status JOIN Apartment_Bookings JOIN Guests JOIN Apartments ON Apartments.apt_id = View_Unit_Status.apt_id AND Apartment_Bookings.guest_id = Guests.guest_id AND View_Unit_Status.apt_booking_id = Apartment_Bookings.apt_booking_id WHERE  Apartment_Bookings.guest_id > 33 AND guest_last_name IN (SELECT guest_last_name FROM Guests AS v WHERE v.guest_id BETWEEN 1 AND 10)"
"{'meaningful_joins': 'yes', 'table_exp_type': 'single_table_with_name_changing', 'where_type': {'logical_operator': ['OR', 'between', 'basic_comparison']}, 'number_of_value_exp_in_group_by': 0, 'having_type': 'none', 'orderby_type': 'none', 'limit_type': 'none', 'value_exp_types': ['single_exp_number', 'single_exp_number'], 'distinct_type': 'none', 'min_max_depth_in_subquery': [1, 1]}","SELECT q.apt_id, q.apt_id FROM Apartment_Facilities AS q WHERE q.apt_id BETWEEN 1 AND 10 OR  q.apt_id >= 32"
"{'meaningful_joins': 'yes', 'table_exp_type': 'single_table_with_name_changing', 'where_type': 'between', 'number_of_value_exp_in_group_by': 1, 'having_type': {'single': 'MIN'}, 'orderby_type': 'DESC', 'limit_type': 'without_offset', 'value_exp_types': ['count_distinct_exp'], 'distinct_type': 'none', 'min_max_depth_in_subquery': [1, 1]}","SELECT COUNT(DISTINCT j.facility_code), j.facility_code FROM Apartment_Facilities AS j WHERE j.apt_id BETWEEN 1 AND 10 GROUP BY j.facility_code HAVING MIN(j.apt_id) < 65 ORDER BY j.facility_code DESC LIMIT 10"
"{'meaningful_joins': 'yes', 'table_exp_type': 'JOIN_JOIN', 'where_type': {'basic_comparison': '>='}, 'number_of_value_exp_in_group_by': 0, 'having_type': 'none', 'orderby_type': 'none', 'limit_type': 'without_offset', 'value_exp_types': ['single_exp_text', 'single_exp_text'], 'distinct_type': 'none', 'min_max_depth_in_subquery': [1, 1]}","SELECT apt_type_code, apt_type_code FROM View_Unit_Status JOIN Apartment_Facilities JOIN Apartments ON Apartments.apt_id = View_Unit_Status.apt_id AND Apartment_Facilities.apt_id = Apartments.apt_id WHERE  building_id >= 12 LIMIT 10"
