Specification,query
"{'meaningful_joins': 'yes', 'table_exp_type': 'SELF JOIN', 'where_type': {'basic_comparison': '='}, 'number_of_value_exp_in_group_by': 0, 'having_type': 'none', 'orderby_type': 'none', 'limit_type': 'without_offset', 'value_exp_types': ['count_distinct_exp'], 'distinct_type': 'none', 'min_max_depth_in_subquery': [1, 1]}",SELECT COUNT(DISTINCT d.skill_description) FROM Skills JOIN Skills AS d ON Skills.skill_id = d.skill_id WHERE  d.skill_id = 0 LIMIT 2
"{'meaningful_joins': 'yes', 'table_exp_type': 'JOIN', 'where_type': 'none', 'number_of_value_exp_in_group_by': 0, 'having_type': 'none', 'orderby_type': 'ASC', 'limit_type': 'none', 'value_exp_types': ['agg_exp', 'single_exp_number'], 'distinct_type': 'none', 'min_max_depth_in_subquery': [1, 1]}","SELECT MAX(Parts.part_id), asset_id FROM Asset_Parts JOIN Parts ON Asset_Parts.part_id = Parts.part_id ORDER BY asset_id ASC"
"{'meaningful_joins': 'yes', 'table_exp_type': 'single_table_with_name_changing', 'where_type': {'basic_comparison': '>='}, 'number_of_value_exp_in_group_by': 1, 'having_type': {'single': 'MAX'}, 'orderby_type': 'none', 'limit_type': 'none', 'value_exp_types': ['single_exp_number', 'single_exp_text'], 'distinct_type': 'none', 'min_max_depth_in_subquery': [1, 1]}","SELECT i.company_id, i.last_name, i.first_name FROM Maintenance_Engineers AS i WHERE  i.company_id >= 3 GROUP BY i.first_name HAVING MAX(i.company_id) < 8"
"{'meaningful_joins': 'yes', 'table_exp_type': 'SELF JOIN', 'where_type': {'basic_comparison': '<='}, 'number_of_value_exp_in_group_by': 1, 'having_type': 'none', 'orderby_type': 'none', 'limit_type': 'none', 'value_exp_types': ['count_distinct_exp'], 'distinct_type': 'none', 'min_max_depth_in_subquery': [1, 1]}","SELECT COUNT(DISTINCT Maintenance_Contracts.maintenance_contract_id), r.other_contract_details FROM Maintenance_Contracts AS r JOIN Maintenance_Contracts ON Maintenance_Contracts.maintenance_contract_id = r.maintenance_contract_id WHERE  Maintenance_Contracts.maintenance_contract_company_id <= 88 GROUP BY r.other_contract_details"
"{'meaningful_joins': 'yes', 'table_exp_type': 'single_table', 'where_type': 'not_in_with_subquery', 'number_of_value_exp_in_group_by': 0, 'having_type': 'none', 'orderby_type': 'DESC', 'limit_type': 'none', 'value_exp_types': ['single_exp_text'], 'distinct_type': 'none', 'min_max_depth_in_subquery': [1, 1]}",SELECT fault_description FROM Part_Faults WHERE fault_short_name NOT IN (SELECT fault_short_name FROM Part_Faults WHERE  part_id = 89) ORDER BY fault_description DESC
"{'meaningful_joins': 'yes', 'table_exp_type': 'JOIN_JOIN', 'where_type': 'none', 'number_of_value_exp_in_group_by': 0, 'having_type': 'none', 'orderby_type': 'DESC', 'limit_type': 'none', 'value_exp_types': ['count_distinct_exp', 'single_exp_number'], 'distinct_type': 'none', 'min_max_depth_in_subquery': [1, 1]}","SELECT COUNT(DISTINCT Assets.maintenance_contract_id), Maintenance_Contracts.maintenance_contract_id FROM Fault_Log JOIN Maintenance_Contracts JOIN Assets ON Assets.asset_id = Fault_Log.asset_id AND Maintenance_Contracts.maintenance_contract_id = Assets.maintenance_contract_id ORDER BY Maintenance_Contracts.maintenance_contract_id DESC"
"{'meaningful_joins': 'yes', 'table_exp_type': 'JOIN_JOIN_JOIN', 'where_type': {'basic_comparison': '>='}, 'number_of_value_exp_in_group_by': 1, 'having_type': {'single': 'MIN'}, 'orderby_type': 'none', 'limit_type': 'none', 'value_exp_types': ['count_distinct_exp'], 'distinct_type': 'none', 'min_max_depth_in_subquery': [1, 1]}","SELECT COUNT(DISTINCT other_asset_details), fault_log_entry_id FROM Staff JOIN Fault_Log JOIN Maintenance_Contracts JOIN Assets ON Assets.asset_id = Fault_Log.asset_id AND Fault_Log.recorded_by_staff_id = Staff.staff_id AND Maintenance_Contracts.maintenance_contract_id = Assets.maintenance_contract_id WHERE  Assets.maintenance_contract_id >= 16 GROUP BY fault_log_entry_id HAVING MIN(maintenance_contract_company_id) <= 2"
"{'meaningful_joins': 'yes', 'table_exp_type': 'JOIN_JOIN_JOIN', 'where_type': {'basic_comparison': '!='}, 'number_of_value_exp_in_group_by': 0, 'having_type': 'none', 'orderby_type': 'none', 'limit_type': 'none', 'value_exp_types': ['single_exp_text', 'single_exp_text', 'single_exp_text'], 'distinct_type': 'none', 'min_max_depth_in_subquery': [1, 1]}","SELECT Part_Faults.fault_description, fault_short_name, fault_short_name FROM Skills_Required_To_Fix JOIN Part_Faults JOIN Fault_Log JOIN Fault_Log_Parts ON Fault_Log.fault_log_entry_id = Fault_Log_Parts.fault_log_entry_id AND Part_Faults.part_fault_id = Skills_Required_To_Fix.part_fault_id AND Fault_Log_Parts.part_fault_id = Part_Faults.part_fault_id WHERE  skill_id != 86"
"{'meaningful_joins': 'yes', 'table_exp_type': 'single_table_with_name_changing', 'where_type': 'none', 'number_of_value_exp_in_group_by': 1, 'having_type': {'single': 'AVG'}, 'orderby_type': 'ASC', 'limit_type': 'without_offset', 'value_exp_types': ['single_exp_text'], 'distinct_type': 'none', 'min_max_depth_in_subquery': [1, 1]}",SELECT t.gender FROM Staff AS t GROUP BY t.gender HAVING AVG(t.staff_id) <= 63 ORDER BY t.gender ASC LIMIT 4
"{'meaningful_joins': 'yes', 'table_exp_type': 'JOIN', 'where_type': {'basic_comparison': '<='}, 'number_of_value_exp_in_group_by': 0, 'having_type': 'none', 'orderby_type': 'none', 'limit_type': 'without_offset', 'value_exp_types': ['single_exp_number'], 'distinct_type': 'none', 'min_max_depth_in_subquery': [1, 1]}",SELECT asset_id FROM Third_Party_Companies JOIN Assets ON Assets.supplier_company_id = Third_Party_Companies.company_id WHERE  asset_id <= 25 LIMIT 9
"{'meaningful_joins': 'yes', 'table_exp_type': 'single_table_with_name_changing', 'where_type': {'basic_comparison': '>='}, 'number_of_value_exp_in_group_by': 0, 'having_type': 'none', 'orderby_type': 'none', 'limit_type': 'none', 'value_exp_types': ['count_distinct_exp', 'count_distinct_exp'], 'distinct_type': 'none', 'min_max_depth_in_subquery': [1, 1]}","SELECT COUNT(DISTINCT s.asset_details), COUNT(DISTINCT s.asset_model) FROM Assets AS s WHERE  s.maintenance_contract_id >= 48"
"{'meaningful_joins': 'yes', 'table_exp_type': 'JOIN', 'where_type': {'logical_operator': ['AND', 'basic_comparison', 'comparison_with_subquery']}, 'number_of_value_exp_in_group_by': 0, 'having_type': 'none', 'orderby_type': 'none', 'limit_type': 'none', 'value_exp_types': ['agg_exp', 'single_exp_text'], 'distinct_type': 'none', 'min_max_depth_in_subquery': [1, 1]}","SELECT SUM(Fault_Log.asset_id), other_asset_details FROM Fault_Log JOIN Assets ON Assets.asset_id = Fault_Log.asset_id WHERE  maintenance_contract_id != 44 AND asset_id >= (SELECT AVG(asset_id) FROM Asset_Parts AS m WHERE  m.asset_id >= 27)"
"{'meaningful_joins': 'yes', 'table_exp_type': 'JOIN_JOIN_JOIN', 'where_type': {'logical_operator': ['OR', 'between', 'basic_comparison']}, 'number_of_value_exp_in_group_by': 0, 'having_type': 'none', 'orderby_type': 'none', 'limit_type': 'none', 'value_exp_types': ['agg_exp'], 'distinct_type': 'none', 'min_max_depth_in_subquery': [1, 1]}",SELECT COUNT(company_id) FROM Third_Party_Companies JOIN Fault_Log JOIN Maintenance_Contracts JOIN Assets ON Assets.supplier_company_id = Third_Party_Companies.company_id AND Assets.asset_id = Fault_Log.asset_id AND Maintenance_Contracts.maintenance_contract_id = Assets.maintenance_contract_id WHERE maintenance_contract_company_id BETWEEN 1 AND 10 OR  fault_log_entry_id <= 45
"{'meaningful_joins': 'yes', 'table_exp_type': 'single_table_with_name_changing', 'where_type': 'between', 'number_of_value_exp_in_group_by': 0, 'having_type': 'none', 'orderby_type': 'none', 'limit_type': 'none', 'value_exp_types': ['single_exp_text'], 'distinct_type': 'none', 'min_max_depth_in_subquery': [1, 1]}",SELECT v.company_type FROM Third_Party_Companies AS v WHERE v.company_id BETWEEN 1 AND 10
"{'meaningful_joins': 'yes', 'table_exp_type': 'single_table', 'where_type': 'between', 'number_of_value_exp_in_group_by': 0, 'having_type': 'none', 'orderby_type': 'none', 'limit_type': 'none', 'value_exp_types': ['single_exp_number'], 'distinct_type': 'none', 'min_max_depth_in_subquery': [1, 1]}",SELECT skill_id FROM Skills_Required_To_Fix WHERE skill_id BETWEEN 1 AND 10
"{'meaningful_joins': 'yes', 'table_exp_type': 'single_table', 'where_type': 'between', 'number_of_value_exp_in_group_by': 1, 'having_type': {'single': 'COUNT'}, 'orderby_type': 'ASC', 'limit_type': 'none', 'value_exp_types': ['single_exp_text', 'single_exp_text', 'single_exp_text'], 'distinct_type': 'none', 'min_max_depth_in_subquery': [1, 1]}","SELECT fault_description, other_fault_details, fault_description, fault_log_entry_id FROM Fault_Log WHERE fault_log_entry_id BETWEEN 1 AND 10 GROUP BY fault_log_entry_id HAVING COUNT(fault_log_entry_id) = 83 ORDER BY fault_log_entry_id ASC"
"{'meaningful_joins': 'yes', 'table_exp_type': 'JOIN_JOIN', 'where_type': {'basic_comparison': '>'}, 'number_of_value_exp_in_group_by': 0, 'having_type': 'none', 'orderby_type': 'ASC', 'limit_type': 'without_offset', 'value_exp_types': ['agg_exp', 'single_exp_text', 'single_exp_text'], 'distinct_type': 'none', 'min_max_depth_in_subquery': [1, 1]}","SELECT MIN(Third_Party_Companies.company_id), other_visit_details, other_visit_details FROM Third_Party_Companies JOIN Maintenance_Engineers JOIN Engineer_Visits ON Third_Party_Companies.company_id = Maintenance_Engineers.company_id AND Maintenance_Engineers.engineer_id = Engineer_Visits.engineer_id WHERE  Third_Party_Companies.company_id > 56 ORDER BY other_visit_details ASC LIMIT 4"
"{'meaningful_joins': 'yes', 'table_exp_type': 'single_table_with_name_changing', 'where_type': 'comparison_with_subquery', 'number_of_value_exp_in_group_by': 0, 'having_type': 'none', 'orderby_type': 'none', 'limit_type': 'without_offset', 'value_exp_types': ['single_exp_text', 'single_exp_text'], 'distinct_type': 'none', 'min_max_depth_in_subquery': [1, 1]}","SELECT y.other_contract_details, y.other_contract_details FROM Maintenance_Contracts AS y WHERE maintenance_contract_company_id = (SELECT AVG(maintenance_contract_company_id) FROM Maintenance_Contracts AS m WHERE  m.maintenance_contract_company_id = 78) LIMIT 6"
"{'meaningful_joins': 'yes', 'table_exp_type': 'JOIN_JOIN_JOIN', 'where_type': {'logical_operator': ['OR', 'between', 'in_with_subquery']}, 'number_of_value_exp_in_group_by': 0, 'having_type': 'none', 'orderby_type': 'none', 'limit_type': 'without_offset', 'value_exp_types': ['single_exp_number'], 'distinct_type': 'none', 'min_max_depth_in_subquery': [1, 1]}",SELECT Skills_Required_To_Fix.part_fault_id FROM Engineer_Skills JOIN Part_Faults JOIN Skills_Required_To_Fix JOIN Skills ON Part_Faults.part_fault_id = Skills_Required_To_Fix.part_fault_id AND Engineer_Skills.skill_id = Skills.skill_id AND Skills.skill_id = Skills_Required_To_Fix.skill_id WHERE part_id BETWEEN 1 AND 10 OR skill_id IN (SELECT skill_id FROM Skills WHERE skill_id BETWEEN 1 AND 10 OR  skill_id <= 40) LIMIT 1
"{'meaningful_joins': 'yes', 'table_exp_type': 'single_table', 'where_type': {'logical_operator': ['AND', 'basic_comparison', 'not_exists_subquery']}, 'number_of_value_exp_in_group_by': 0, 'having_type': 'none', 'orderby_type': 'none', 'limit_type': 'none', 'value_exp_types': ['count_distinct_exp'], 'distinct_type': 'none', 'min_max_depth_in_subquery': [1, 1]}",SELECT COUNT(DISTINCT contract_end_date) FROM Maintenance_Contracts WHERE  maintenance_contract_company_id >= 39 AND EXISTS (SELECT * FROM Assets WHERE asset_id BETWEEN 1 AND 10 AND Maintenance_Contracts.maintenance_contract_id = maintenance_contract_id)
"{'meaningful_joins': 'yes', 'table_exp_type': 'JOIN', 'where_type': {'logical_operator': ['OR', 'between', 'not_in_with_subquery']}, 'number_of_value_exp_in_group_by': 1, 'having_type': {'single': 'COUNT'}, 'orderby_type': 'none', 'limit_type': 'without_offset', 'value_exp_types': ['agg_exp', 'single_exp_text'], 'distinct_type': 'none', 'min_max_depth_in_subquery': [1, 1]}","SELECT AVG(fault_log_entry_id), asset_make, asset_disposed_date FROM Fault_Log JOIN Assets ON Assets.asset_id = Fault_Log.asset_id WHERE Fault_Log.asset_id BETWEEN 1 AND 10 OR asset_model NOT IN (SELECT asset_model FROM Assets AS k) GROUP BY asset_disposed_date HAVING COUNT(fault_log_entry_id) = 30 LIMIT 10"
"{'meaningful_joins': 'yes', 'table_exp_type': 'single_table', 'where_type': 'comparison_with_subquery', 'number_of_value_exp_in_group_by': 0, 'having_type': 'none', 'orderby_type': 'none', 'limit_type': 'none', 'value_exp_types': ['single_exp_number'], 'distinct_type': 'none', 'min_max_depth_in_subquery': [1, 1]}",SELECT part_fault_id FROM Fault_Log_Parts WHERE part_fault_id >= (SELECT MIN(part_fault_id) FROM Part_Faults WHERE  part_id = 12)
"{'meaningful_joins': 'yes', 'table_exp_type': 'SELF JOIN', 'where_type': {'logical_operator': ['AND', 'between', 'exists_subquery']}, 'number_of_value_exp_in_group_by': 1, 'having_type': 'none', 'orderby_type': 'ASC', 'limit_type': 'without_offset', 'value_exp_types': ['agg_exp', 'count_distinct_exp'], 'distinct_type': 'none', 'min_max_depth_in_subquery': [1, 1]}","SELECT MIN(Third_Party_Companies.company_id), COUNT(DISTINCT Third_Party_Companies.company_address), Third_Party_Companies.company_name FROM Third_Party_Companies AS y JOIN Third_Party_Companies ON Third_Party_Companies.company_id = y.company_id WHERE Third_Party_Companies.company_id BETWEEN 1 AND 10 AND EXISTS (SELECT * FROM Assets WHERE  supplier_company_id = 10 AND Third_Party_Companies.company_id = supplier_company_id) GROUP BY Third_Party_Companies.company_name ORDER BY Third_Party_Companies.company_name ASC LIMIT 7"
