Specification,query
"{'meaningful_joins': 'yes', 'table_exp_type': 'single_table_with_name_changing', 'where_type': 'between', 'number_of_value_exp_in_group_by': 1, 'having_type': 'none', 'orderby_type': 'none', 'limit_type': 'without_offset', 'value_exp_types': ['single_exp_number', 'single_exp_number'], 'distinct_type': 'none', 'min_max_depth_in_subquery': [1, 1]}","SELECT m.Director_ID, m.Director_ID, m.Is_first_director FROM director_admin AS m WHERE m.Director_ID BETWEEN 1 AND 10 GROUP BY m.Is_first_director LIMIT 8"
"{'meaningful_joins': 'yes', 'table_exp_type': 'single_table_with_name_changing', 'where_type': 'none', 'number_of_value_exp_in_group_by': 0, 'having_type': 'none', 'orderby_type': 'none', 'limit_type': 'without_offset', 'value_exp_types': ['single_exp_number'], 'distinct_type': 'none', 'min_max_depth_in_subquery': [1, 1]}",SELECT f.Director_ID FROM director_admin AS f LIMIT 2
"{'meaningful_joins': 'yes', 'table_exp_type': 'JOIN', 'where_type': {'basic_comparison': '='}, 'number_of_value_exp_in_group_by': 0, 'having_type': 'none', 'orderby_type': 'none', 'limit_type': 'none', 'value_exp_types': ['agg_exp', 'agg_exp'], 'distinct_type': 'none', 'min_max_depth_in_subquery': [1, 1]}","SELECT MAX(Program_ID), MAX(Program_ID) FROM channel JOIN program ON program.Channel_ID = channel.Channel_ID WHERE  Director_ID = 87"
"{'meaningful_joins': 'yes', 'table_exp_type': 'single_table', 'where_type': 'none', 'number_of_value_exp_in_group_by': 0, 'having_type': 'none', 'orderby_type': 'ASC', 'limit_type': 'none', 'value_exp_types': ['count_distinct_exp', 'count_distinct_exp', 'single_exp_number'], 'distinct_type': 'none', 'min_max_depth_in_subquery': [1, 1]}","SELECT COUNT(DISTINCT Name), COUNT(DISTINCT Name), Director_ID FROM director ORDER BY Director_ID ASC"
"{'meaningful_joins': 'yes', 'table_exp_type': 'single_table', 'where_type': {'basic_comparison': '='}, 'number_of_value_exp_in_group_by': 0, 'having_type': 'none', 'orderby_type': 'ASC', 'limit_type': 'none', 'value_exp_types': ['single_exp_number', 'single_exp_number'], 'distinct_type': 'none', 'min_max_depth_in_subquery': [1, 1]}","SELECT Channel_ID, Director_ID FROM program WHERE  Channel_ID = 36 ORDER BY Director_ID ASC"
"{'meaningful_joins': 'yes', 'table_exp_type': 'single_table_with_name_changing', 'where_type': {'basic_comparison': '>'}, 'number_of_value_exp_in_group_by': 0, 'having_type': 'none', 'orderby_type': 'none', 'limit_type': 'none', 'value_exp_types': ['agg_exp', 'single_exp_number', 'single_exp_number'], 'distinct_type': 'none', 'min_max_depth_in_subquery': [1, 1]}","SELECT MAX(a.Start_Year), a.Director_ID, a.Start_Year FROM program AS a WHERE  a.Start_Year > 53"
"{'meaningful_joins': 'yes', 'table_exp_type': 'single_table_with_name_changing', 'where_type': {'basic_comparison': '<='}, 'number_of_value_exp_in_group_by': 1, 'having_type': 'none', 'orderby_type': 'none', 'limit_type': 'none', 'value_exp_types': ['single_exp_number'], 'distinct_type': 'none', 'min_max_depth_in_subquery': [1, 1]}","SELECT c.Director_ID, c.Channel_ID FROM director_admin AS c WHERE  c.Director_ID <= 21 GROUP BY c.Channel_ID"
"{'meaningful_joins': 'yes', 'table_exp_type': 'single_table_with_name_changing', 'where_type': {'logical_operator': ['OR', 'between', 'basic_comparison']}, 'number_of_value_exp_in_group_by': 0, 'having_type': 'none', 'orderby_type': 'none', 'limit_type': 'none', 'value_exp_types': ['agg_exp'], 'distinct_type': 'none', 'min_max_depth_in_subquery': [1, 1]}",SELECT SUM(v.Channel_ID) FROM channel AS v WHERE v.Channel_ID BETWEEN 1 AND 10 OR  v.Channel_ID > 7
"{'meaningful_joins': 'yes', 'table_exp_type': 'JOIN_JOIN_JOIN', 'where_type': {'basic_comparison': '>'}, 'number_of_value_exp_in_group_by': 0, 'having_type': 'none', 'orderby_type': 'ASC', 'limit_type': 'none', 'value_exp_types': ['single_exp_text', 'single_exp_text'], 'distinct_type': 'none', 'min_max_depth_in_subquery': [1, 1]}","SELECT channel.Name, director.Name FROM director JOIN channel JOIN director_admin JOIN program ON program.Channel_ID = channel.Channel_ID AND channel.Channel_ID = director_admin.Channel_ID AND director.Director_ID = program.Director_ID AND director_admin.Director_ID = director.Director_ID WHERE  program.Channel_ID > 43 ORDER BY director.Name ASC"
"{'meaningful_joins': 'yes', 'table_exp_type': 'single_table_with_name_changing', 'where_type': {'basic_comparison': '>'}, 'number_of_value_exp_in_group_by': 1, 'having_type': 'none', 'orderby_type': 'ASC', 'limit_type': 'none', 'value_exp_types': ['single_exp_number', 'single_exp_number'], 'distinct_type': 'none', 'min_max_depth_in_subquery': [1, 1]}","SELECT q.Age, q.Age FROM director AS q WHERE  q.Director_ID > 92 GROUP BY q.Age ORDER BY q.Age ASC"
"{'meaningful_joins': 'yes', 'table_exp_type': 'JOIN', 'where_type': 'none', 'number_of_value_exp_in_group_by': 0, 'having_type': 'none', 'orderby_type': 'none', 'limit_type': 'none', 'value_exp_types': ['single_exp_text', 'single_exp_text', 'single_exp_text'], 'distinct_type': 'none', 'min_max_depth_in_subquery': [1, 1]}","SELECT Name, Internet, Title FROM channel JOIN program ON program.Channel_ID = channel.Channel_ID"
"{'meaningful_joins': 'yes', 'table_exp_type': 'JOIN', 'where_type': {'basic_comparison': '<='}, 'number_of_value_exp_in_group_by': 0, 'having_type': 'none', 'orderby_type': 'none', 'limit_type': 'without_offset', 'value_exp_types': ['agg_exp', 'single_exp_text', 'single_exp_text'], 'distinct_type': 'none', 'min_max_depth_in_subquery': [1, 1]}","SELECT MIN(channel.Channel_ID), Is_first_director, Is_first_director FROM channel JOIN director_admin ON channel.Channel_ID = director_admin.Channel_ID WHERE  director_admin.Channel_ID <= 25 LIMIT 9"
"{'meaningful_joins': 'yes', 'table_exp_type': 'JOIN_JOIN_JOIN', 'where_type': {'basic_comparison': '='}, 'number_of_value_exp_in_group_by': 0, 'having_type': 'none', 'orderby_type': 'none', 'limit_type': 'none', 'value_exp_types': ['single_exp_number', 'single_exp_number'], 'distinct_type': 'none', 'min_max_depth_in_subquery': [1, 1]}","SELECT Age, Program_ID FROM director JOIN channel JOIN director_admin JOIN program ON program.Channel_ID = channel.Channel_ID AND channel.Channel_ID = director_admin.Channel_ID AND director.Director_ID = program.Director_ID AND director_admin.Director_ID = director.Director_ID WHERE  Age = 34"
"{'meaningful_joins': 'yes', 'table_exp_type': 'JOIN', 'where_type': {'logical_operator': ['AND', 'between', 'comparison_with_subquery']}, 'number_of_value_exp_in_group_by': 0, 'having_type': 'none', 'orderby_type': 'none', 'limit_type': 'none', 'value_exp_types': ['count_distinct_exp', 'single_exp_text', 'single_exp_text'], 'distinct_type': 'none', 'min_max_depth_in_subquery': [1, 1]}","SELECT COUNT(DISTINCT Name), Name, Name FROM director JOIN director_admin ON director_admin.Director_ID = director.Director_ID WHERE Age BETWEEN 1 AND 10 AND Director_ID > (SELECT MAX(Director_ID) FROM director_admin AS l WHERE  l.Director_ID = 75 LIMIT 6)"
"{'meaningful_joins': 'yes', 'table_exp_type': 'single_table', 'where_type': {'logical_operator': ['AND', 'between', 'not_exists_subquery']}, 'number_of_value_exp_in_group_by': 0, 'having_type': 'none', 'orderby_type': 'none', 'limit_type': 'none', 'value_exp_types': ['single_exp_number'], 'distinct_type': 'none', 'min_max_depth_in_subquery': [1, 1]}",SELECT Age FROM director WHERE Age BETWEEN 1 AND 10 AND EXISTS (SELECT * FROM director_admin AS r WHERE  r.Director_ID = 15 AND director.Director_ID = r.Director_ID)
"{'meaningful_joins': 'yes', 'table_exp_type': 'SELF JOIN', 'where_type': {'basic_comparison': '='}, 'number_of_value_exp_in_group_by': 0, 'having_type': 'none', 'orderby_type': 'none', 'limit_type': 'none', 'value_exp_types': ['agg_exp', 'agg_exp', 'agg_exp'], 'distinct_type': 'none', 'min_max_depth_in_subquery': [1, 1]}","SELECT SUM(c.Channel_ID), COUNT(c.Channel_ID), MAX(c.Channel_ID) FROM channel AS c JOIN channel ON channel.Channel_ID = c.Channel_ID WHERE  channel.Channel_ID = 34"
"{'meaningful_joins': 'yes', 'table_exp_type': 'SELF JOIN', 'where_type': 'comparison_with_subquery', 'number_of_value_exp_in_group_by': 0, 'having_type': 'none', 'orderby_type': 'none', 'limit_type': 'none', 'value_exp_types': ['single_exp_number'], 'distinct_type': 'none', 'min_max_depth_in_subquery': [1, 1]}",SELECT program.Program_ID FROM program AS r JOIN program ON program.Program_ID = r.Program_ID WHERE Title = (SELECT MAX(Title) FROM program AS f WHERE  f.Director_ID < 97 LIMIT 6)
"{'meaningful_joins': 'yes', 'table_exp_type': 'single_table', 'where_type': 'not_in_with_subquery', 'number_of_value_exp_in_group_by': 1, 'having_type': 'none', 'orderby_type': 'none', 'limit_type': 'none', 'value_exp_types': ['single_exp_number'], 'distinct_type': 'none', 'min_max_depth_in_subquery': [1, 1]}",SELECT Age FROM director WHERE Age NOT IN (SELECT Age FROM director) GROUP BY Age
"{'meaningful_joins': 'yes', 'table_exp_type': 'single_table', 'where_type': 'comparison_with_subquery', 'number_of_value_exp_in_group_by': 1, 'having_type': {'single': 'AVG'}, 'orderby_type': 'DESC', 'limit_type': 'none', 'value_exp_types': ['single_exp_number', 'single_exp_number'], 'distinct_type': 'none', 'min_max_depth_in_subquery': [1, 1]}","SELECT Director_ID, Director_ID FROM program WHERE Channel_ID >= (SELECT MAX(Channel_ID) FROM channel AS t WHERE t.Channel_ID BETWEEN 1 AND 10 LIMIT 4) GROUP BY Director_ID HAVING AVG(Channel_ID) >= 55 ORDER BY Director_ID DESC"
"{'meaningful_joins': 'yes', 'table_exp_type': 'single_table', 'where_type': {'logical_operator': ['OR', 'between', 'in_with_subquery']}, 'number_of_value_exp_in_group_by': 0, 'having_type': 'none', 'orderby_type': 'none', 'limit_type': 'none', 'value_exp_types': ['single_exp_text'], 'distinct_type': 'none', 'min_max_depth_in_subquery': [1, 1]}",SELECT Title FROM program WHERE Director_ID BETWEEN 1 AND 10 OR Start_Year IN (SELECT Start_Year FROM program AS m WHERE m.Start_Year BETWEEN 1 AND 10 OR  m.Director_ID <= 75 LIMIT 2)
"{'meaningful_joins': 'yes', 'table_exp_type': 'JOIN_JOIN', 'where_type': {'logical_operator': ['AND', 'between', 'basic_comparison']}, 'number_of_value_exp_in_group_by': 1, 'having_type': {'single': 'COUNT'}, 'orderby_type': 'none', 'limit_type': 'none', 'value_exp_types': ['count_distinct_exp', 'single_exp_number'], 'distinct_type': 'none', 'min_max_depth_in_subquery': [1, 1]}","SELECT COUNT(DISTINCT director_admin.Channel_ID), Program_ID, Is_first_director FROM channel JOIN director_admin JOIN program ON program.Channel_ID = channel.Channel_ID AND channel.Channel_ID = director_admin.Channel_ID WHERE program.Channel_ID BETWEEN 1 AND 10 AND  program.Channel_ID > 22 GROUP BY Is_first_director HAVING COUNT(director_admin.Director_ID) > 6"
"{'meaningful_joins': 'yes', 'table_exp_type': 'single_table', 'where_type': {'basic_comparison': '>'}, 'number_of_value_exp_in_group_by': 1, 'having_type': 'none', 'orderby_type': 'ASC', 'limit_type': 'without_offset', 'value_exp_types': ['agg_exp'], 'distinct_type': 'none', 'min_max_depth_in_subquery': [1, 1]}","SELECT MAX(Director_ID), Is_first_director FROM director_admin WHERE  Channel_ID > 18 GROUP BY Is_first_director ORDER BY Is_first_director ASC LIMIT 6"
"{'meaningful_joins': 'yes', 'table_exp_type': 'SELF JOIN', 'where_type': {'basic_comparison': '>'}, 'number_of_value_exp_in_group_by': 0, 'having_type': 'none', 'orderby_type': 'none', 'limit_type': 'none', 'value_exp_types': ['agg_exp'], 'distinct_type': 'none', 'min_max_depth_in_subquery': [1, 1]}",SELECT COUNT(director_admin.Channel_ID) FROM director_admin JOIN director_admin AS y ON director_admin.Director_ID = y.Director_ID WHERE  y.Channel_ID > 51
"{'meaningful_joins': 'yes', 'table_exp_type': 'JOIN_JOIN_JOIN', 'where_type': 'between', 'number_of_value_exp_in_group_by': 0, 'having_type': 'none', 'orderby_type': 'none', 'limit_type': 'without_offset', 'value_exp_types': ['agg_exp'], 'distinct_type': 'none', 'min_max_depth_in_subquery': [1, 1]}",SELECT MAX(director_admin.Director_ID) FROM director JOIN channel JOIN director_admin JOIN program ON program.Channel_ID = channel.Channel_ID AND channel.Channel_ID = director_admin.Channel_ID AND director.Director_ID = program.Director_ID AND director_admin.Director_ID = director.Director_ID WHERE program.Channel_ID BETWEEN 1 AND 10 LIMIT 5
"{'meaningful_joins': 'yes', 'table_exp_type': 'single_table', 'where_type': {'basic_comparison': '!='}, 'number_of_value_exp_in_group_by': 1, 'having_type': {'single': 'MAX'}, 'orderby_type': 'DESC', 'limit_type': 'without_offset', 'value_exp_types': ['count_distinct_exp'], 'distinct_type': 'none', 'min_max_depth_in_subquery': [1, 1]}","SELECT COUNT(DISTINCT Is_first_director), Is_first_director FROM director_admin WHERE  Channel_ID != 76 GROUP BY Is_first_director HAVING MAX(Director_ID) <= 58 ORDER BY Is_first_director DESC LIMIT 10"
"{'meaningful_joins': 'yes', 'table_exp_type': 'single_table_with_name_changing', 'where_type': {'basic_comparison': '<='}, 'number_of_value_exp_in_group_by': 0, 'having_type': 'none', 'orderby_type': 'none', 'limit_type': 'without_offset', 'value_exp_types': ['single_exp_number'], 'distinct_type': 'none', 'min_max_depth_in_subquery': [1, 1]}",SELECT q.Age FROM director AS q WHERE  q.Age <= 39 LIMIT 5
"{'meaningful_joins': 'yes', 'table_exp_type': 'single_table', 'where_type': {'basic_comparison': '<'}, 'number_of_value_exp_in_group_by': 0, 'having_type': 'none', 'orderby_type': 'none', 'limit_type': 'none', 'value_exp_types': ['single_exp_number', 'single_exp_text'], 'distinct_type': 'none', 'min_max_depth_in_subquery': [1, 1]}","SELECT Channel_ID, Is_first_director FROM director_admin WHERE  Director_ID < 100"
"{'meaningful_joins': 'yes', 'table_exp_type': 'single_table', 'where_type': {'logical_operator': ['AND', 'between', 'basic_comparison']}, 'number_of_value_exp_in_group_by': 0, 'having_type': 'none', 'orderby_type': 'none', 'limit_type': 'none', 'value_exp_types': ['count_distinct_exp'], 'distinct_type': 'none', 'min_max_depth_in_subquery': [1, 1]}",SELECT COUNT(DISTINCT Channel_ID) FROM program WHERE Channel_ID BETWEEN 1 AND 10 AND  Start_Year < 1
"{'meaningful_joins': 'yes', 'table_exp_type': 'single_table', 'where_type': {'logical_operator': ['AND', 'between', 'not_in_with_subquery']}, 'number_of_value_exp_in_group_by': 0, 'having_type': 'none', 'orderby_type': 'DESC', 'limit_type': 'none', 'value_exp_types': ['count_distinct_exp', 'single_exp_number'], 'distinct_type': 'none', 'min_max_depth_in_subquery': [1, 1]}","SELECT COUNT(DISTINCT Name), Age FROM director WHERE Director_ID BETWEEN 1 AND 10 AND Director_ID NOT IN (SELECT Director_ID FROM director_admin AS m WHERE m.Channel_ID BETWEEN 1 AND 10 AND  m.Director_ID >= 14) ORDER BY Age DESC"
"{'meaningful_joins': 'yes', 'table_exp_type': 'single_table', 'where_type': {'basic_comparison': '='}, 'number_of_value_exp_in_group_by': 0, 'having_type': 'none', 'orderby_type': 'none', 'limit_type': 'none', 'value_exp_types': ['single_exp_number'], 'distinct_type': 'none', 'min_max_depth_in_subquery': [1, 1]}",SELECT Director_ID FROM director_admin WHERE  Channel_ID = 2
"{'meaningful_joins': 'yes', 'table_exp_type': 'single_table', 'where_type': {'basic_comparison': '!='}, 'number_of_value_exp_in_group_by': 0, 'having_type': 'none', 'orderby_type': 'none', 'limit_type': 'without_offset', 'value_exp_types': ['agg_exp', 'single_exp_text'], 'distinct_type': 'none', 'min_max_depth_in_subquery': [1, 1]}","SELECT COUNT(Director_ID), Is_first_director FROM director_admin WHERE  Director_ID != 10 LIMIT 4"
"{'meaningful_joins': 'yes', 'table_exp_type': 'single_table', 'where_type': 'comparison_with_subquery', 'number_of_value_exp_in_group_by': 1, 'having_type': 'none', 'orderby_type': 'ASC', 'limit_type': 'none', 'value_exp_types': ['single_exp_number'], 'distinct_type': 'none', 'min_max_depth_in_subquery': [1, 1]}","SELECT Director_ID, Age FROM director WHERE Age <= (SELECT MAX(Age) FROM director AS b WHERE  b.Director_ID > 48) GROUP BY Age ORDER BY Age ASC"
"{'meaningful_joins': 'yes', 'table_exp_type': 'JOIN', 'where_type': {'logical_operator': ['OR', 'basic_comparison', 'exists_subquery']}, 'number_of_value_exp_in_group_by': 1, 'having_type': 'none', 'orderby_type': 'none', 'limit_type': 'without_offset', 'value_exp_types': ['count_distinct_exp', 'single_exp_text'], 'distinct_type': 'none', 'min_max_depth_in_subquery': [1, 1]}","SELECT COUNT(DISTINCT program.Channel_ID), Internet, Analogue_terrestrial_channel FROM channel JOIN program ON program.Channel_ID = channel.Channel_ID WHERE  program.Channel_ID >= 100 OR EXISTS (SELECT * FROM director_admin WHERE  Channel_ID = 79 AND channel.Channel_ID = Channel_ID) GROUP BY Analogue_terrestrial_channel LIMIT 4"
"{'meaningful_joins': 'yes', 'table_exp_type': 'JOIN_JOIN_JOIN', 'where_type': {'basic_comparison': '<='}, 'number_of_value_exp_in_group_by': 0, 'having_type': 'none', 'orderby_type': 'ASC', 'limit_type': 'none', 'value_exp_types': ['single_exp_text'], 'distinct_type': 'none', 'min_max_depth_in_subquery': [1, 1]}",SELECT channel.Name FROM director JOIN channel JOIN director_admin JOIN program ON program.Channel_ID = channel.Channel_ID AND channel.Channel_ID = director_admin.Channel_ID AND director.Director_ID = program.Director_ID AND director_admin.Director_ID = director.Director_ID WHERE  director_admin.Director_ID <= 75 ORDER BY channel.Name ASC
"{'meaningful_joins': 'yes', 'table_exp_type': 'JOIN', 'where_type': 'none', 'number_of_value_exp_in_group_by': 0, 'having_type': 'none', 'orderby_type': 'DESC', 'limit_type': 'none', 'value_exp_types': ['agg_exp', 'single_exp_number', 'single_exp_number'], 'distinct_type': 'none', 'min_max_depth_in_subquery': [1, 1]}","SELECT SUM(Program_ID), Start_Year, channel.Channel_ID FROM channel JOIN program ON program.Channel_ID = channel.Channel_ID ORDER BY Start_Year DESC"
"{'meaningful_joins': 'yes', 'table_exp_type': 'JOIN_JOIN', 'where_type': {'basic_comparison': '<'}, 'number_of_value_exp_in_group_by': 0, 'having_type': 'none', 'orderby_type': 'none', 'limit_type': 'without_offset', 'value_exp_types': ['count_distinct_exp', 'single_exp_number'], 'distinct_type': 'none', 'min_max_depth_in_subquery': [1, 1]}","SELECT COUNT(DISTINCT channel.Name), director_admin.Director_ID FROM director JOIN channel JOIN director_admin ON channel.Channel_ID = director_admin.Channel_ID AND director_admin.Director_ID = director.Director_ID WHERE  director_admin.Director_ID < 0 LIMIT 3"
"{'meaningful_joins': 'yes', 'table_exp_type': 'JOIN', 'where_type': {'basic_comparison': '='}, 'number_of_value_exp_in_group_by': 1, 'having_type': 'none', 'orderby_type': 'ASC', 'limit_type': 'none', 'value_exp_types': ['single_exp_number', 'single_exp_text'], 'distinct_type': 'none', 'min_max_depth_in_subquery': [1, 1]}","SELECT channel.Channel_ID, Name, Digital_terrestrial_channel FROM channel JOIN program ON program.Channel_ID = channel.Channel_ID WHERE  program.Channel_ID = 19 GROUP BY Digital_terrestrial_channel ORDER BY Digital_terrestrial_channel ASC"
"{'meaningful_joins': 'yes', 'table_exp_type': 'JOIN_JOIN_JOIN', 'where_type': {'logical_operator': ['AND', 'basic_comparison', 'not_in_with_subquery']}, 'number_of_value_exp_in_group_by': 0, 'having_type': 'none', 'orderby_type': 'none', 'limit_type': 'without_offset', 'value_exp_types': ['agg_exp'], 'distinct_type': 'none', 'min_max_depth_in_subquery': [1, 1]}",SELECT MAX(director.Director_ID) FROM director JOIN channel JOIN director_admin JOIN program ON program.Channel_ID = channel.Channel_ID AND channel.Channel_ID = director_admin.Channel_ID AND director.Director_ID = program.Director_ID AND director_admin.Director_ID = director.Director_ID WHERE  program.Channel_ID != 60 AND Channel_ID NOT IN (SELECT Channel_ID FROM director_admin WHERE  Director_ID <= 38 LIMIT 1) LIMIT 6
