Specification,query
"{'meaningful_joins': 'yes', 'table_exp_type': 'JOIN', 'where_type': {'basic_comparison': '>='}, 'number_of_value_exp_in_group_by': 1, 'having_type': 'none', 'orderby_type': 'ASC', 'limit_type': 'none', 'value_exp_types': ['single_exp_text'], 'distinct_type': 'none', 'min_max_depth_in_subquery': [1, 1]}","SELECT recommendations, incident_id FROM Behavior_Incident JOIN Students ON Behavior_Incident.student_id = Students.student_id WHERE  incident_id >= 80 GROUP BY incident_id ORDER BY incident_id ASC"
"{'meaningful_joins': 'yes', 'table_exp_type': 'JOIN', 'where_type': 'between', 'number_of_value_exp_in_group_by': 0, 'having_type': 'none', 'orderby_type': 'none', 'limit_type': 'none', 'value_exp_types': ['count_distinct_exp', 'single_exp_number'], 'distinct_type': 'none', 'min_max_depth_in_subquery': [1, 1]}","SELECT COUNT(DISTINCT recommendations), Behavior_Incident.student_id FROM Behavior_Incident JOIN Students ON Behavior_Incident.student_id = Students.student_id WHERE Students.student_id BETWEEN 1 AND 10"
"{'meaningful_joins': 'yes', 'table_exp_type': 'single_table_with_name_changing', 'where_type': {'basic_comparison': '!='}, 'number_of_value_exp_in_group_by': 0, 'having_type': 'none', 'orderby_type': 'none', 'limit_type': 'none', 'value_exp_types': ['agg_exp', 'single_exp_number'], 'distinct_type': 'none', 'min_max_depth_in_subquery': [1, 1]}","SELECT MAX(o.address_id), o.address_id FROM Addresses AS o WHERE  o.address_id != 6"
"{'meaningful_joins': 'yes', 'table_exp_type': 'single_table_with_name_changing', 'where_type': {'basic_comparison': '='}, 'number_of_value_exp_in_group_by': 0, 'having_type': 'none', 'orderby_type': 'DESC', 'limit_type': 'none', 'value_exp_types': ['single_exp_text'], 'distinct_type': 'none', 'min_max_depth_in_subquery': [1, 1]}",SELECT v.other_details FROM Detention AS v WHERE  v.teacher_id = 44 ORDER BY v.other_details DESC
"{'meaningful_joins': 'yes', 'table_exp_type': 'single_table_with_name_changing', 'where_type': {'logical_operator': ['OR', 'between', 'basic_comparison']}, 'number_of_value_exp_in_group_by': 0, 'having_type': 'none', 'orderby_type': 'none', 'limit_type': 'none', 'value_exp_types': ['single_exp_number'], 'distinct_type': 'none', 'min_max_depth_in_subquery': [1, 1]}",SELECT p.teacher_id FROM Detention AS p WHERE p.teacher_id BETWEEN 1 AND 10 OR  p.detention_id >= 16
"{'meaningful_joins': 'yes', 'table_exp_type': 'single_table', 'where_type': {'basic_comparison': '>='}, 'number_of_value_exp_in_group_by': 0, 'having_type': 'none', 'orderby_type': 'none', 'limit_type': 'none', 'value_exp_types': ['agg_exp', 'agg_exp'], 'distinct_type': 'none', 'min_max_depth_in_subquery': [1, 1]}","SELECT AVG(teacher_id), MIN(teacher_id) FROM Detention WHERE  teacher_id >= 3"
"{'meaningful_joins': 'yes', 'table_exp_type': 'JOIN', 'where_type': 'not_in_with_subquery', 'number_of_value_exp_in_group_by': 0, 'having_type': 'none', 'orderby_type': 'none', 'limit_type': 'without_offset', 'value_exp_types': ['single_exp_text'], 'distinct_type': 'none', 'min_max_depth_in_subquery': [1, 1]}",SELECT middle_name FROM Teachers JOIN Detention ON Teachers.teacher_id = Detention.teacher_id WHERE teacher_id NOT IN (SELECT teacher_id FROM Detention AS r WHERE  r.detention_id > 75) LIMIT 5
"{'meaningful_joins': 'yes', 'table_exp_type': 'SELF JOIN', 'where_type': {'logical_operator': ['AND', 'between', 'basic_comparison']}, 'number_of_value_exp_in_group_by': 0, 'having_type': 'none', 'orderby_type': 'none', 'limit_type': 'without_offset', 'value_exp_types': ['agg_exp', 'single_exp_number', 'single_exp_number'], 'distinct_type': 'none', 'min_max_depth_in_subquery': [1, 1]}","SELECT AVG(Teachers.address_id), Teachers.address_id, b.address_id FROM Teachers JOIN Teachers AS b ON Teachers.teacher_id = b.teacher_id WHERE b.teacher_id BETWEEN 1 AND 10 AND  Teachers.address_id > 61 LIMIT 1"
"{'meaningful_joins': 'yes', 'table_exp_type': 'single_table_with_name_changing', 'where_type': {'basic_comparison': '='}, 'number_of_value_exp_in_group_by': 1, 'having_type': 'none', 'orderby_type': 'none', 'limit_type': 'none', 'value_exp_types': ['single_exp_number', 'single_exp_text'], 'distinct_type': 'none', 'min_max_depth_in_subquery': [1, 1]}","SELECT o.incident_id, o.incident_type_code, o.date_incident_end FROM Behavior_Incident AS o WHERE  o.incident_id = 89 GROUP BY o.date_incident_end"
"{'meaningful_joins': 'yes', 'table_exp_type': 'single_table', 'where_type': {'basic_comparison': '='}, 'number_of_value_exp_in_group_by': 0, 'having_type': 'none', 'orderby_type': 'ASC', 'limit_type': 'none', 'value_exp_types': ['single_exp_text', 'single_exp_text'], 'distinct_type': 'none', 'min_max_depth_in_subquery': [1, 1]}","SELECT cell_mobile_number, last_name FROM Students WHERE  address_id = 66 ORDER BY last_name ASC"
"{'meaningful_joins': 'yes', 'table_exp_type': 'single_table', 'where_type': {'basic_comparison': '>='}, 'number_of_value_exp_in_group_by': 0, 'having_type': 'none', 'orderby_type': 'ASC', 'limit_type': 'without_offset', 'value_exp_types': ['single_exp_text'], 'distinct_type': 'none', 'min_max_depth_in_subquery': [1, 1]}",SELECT other_details FROM Assessment_Notes WHERE  student_id >= 23 ORDER BY other_details ASC LIMIT 5
"{'meaningful_joins': 'yes', 'table_exp_type': 'JOIN_JOIN_JOIN', 'where_type': {'basic_comparison': '<='}, 'number_of_value_exp_in_group_by': 0, 'having_type': 'none', 'orderby_type': 'none', 'limit_type': 'none', 'value_exp_types': ['agg_exp', 'single_exp_text'], 'distinct_type': 'none', 'min_max_depth_in_subquery': [1, 1]}","SELECT COUNT(Students_in_Detention.detention_id), detention_type_description FROM Detention JOIN Students_in_Detention JOIN Behavior_Incident JOIN Ref_Detention_Type ON Behavior_Incident.incident_id = Students_in_Detention.incident_id AND Detention.detention_type_code = Ref_Detention_Type.detention_type_code AND Students_in_Detention.detention_id = Detention.detention_id WHERE  teacher_id <= 53"
"{'meaningful_joins': 'yes', 'table_exp_type': 'JOIN', 'where_type': {'basic_comparison': '<'}, 'number_of_value_exp_in_group_by': 1, 'having_type': 'none', 'orderby_type': 'DESC', 'limit_type': 'none', 'value_exp_types': ['single_exp_text', 'single_exp_text'], 'distinct_type': 'none', 'min_max_depth_in_subquery': [1, 1]}","SELECT zip_postcode, other_address_details, cell_mobile_number FROM Addresses JOIN Students ON Students.address_id = Addresses.address_id WHERE  Addresses.address_id < 62 GROUP BY cell_mobile_number ORDER BY zip_postcode DESC"
"{'meaningful_joins': 'yes', 'table_exp_type': 'SELF JOIN', 'where_type': {'basic_comparison': '<='}, 'number_of_value_exp_in_group_by': 1, 'having_type': {'single': 'COUNT'}, 'orderby_type': 'none', 'limit_type': 'without_offset', 'value_exp_types': ['count_distinct_exp'], 'distinct_type': 'none', 'min_max_depth_in_subquery': [1, 1]}","SELECT COUNT(DISTINCT Students.cell_mobile_number), q.date_first_rental FROM Students AS q JOIN Students ON Students.student_id = q.student_id WHERE  q.address_id <= 40 GROUP BY q.date_first_rental HAVING COUNT(Students.student_id) > 54 LIMIT 4"
"{'meaningful_joins': 'yes', 'table_exp_type': 'JOIN', 'where_type': {'logical_operator': ['AND', 'between', 'not_in_with_subquery']}, 'number_of_value_exp_in_group_by': 0, 'having_type': 'none', 'orderby_type': 'ASC', 'limit_type': 'without_offset', 'value_exp_types': ['single_exp_text'], 'distinct_type': 'none', 'min_max_depth_in_subquery': [1, 1]}",SELECT last_name FROM Students_in_Detention JOIN Students ON Students.student_id = Students_in_Detention.student_id WHERE detention_id BETWEEN 1 AND 10 AND address_id NOT IN (SELECT address_id FROM Teachers AS e WHERE  e.address_id <= 83) ORDER BY last_name ASC LIMIT 10
"{'meaningful_joins': 'yes', 'table_exp_type': 'JOIN', 'where_type': 'comparison_with_subquery', 'number_of_value_exp_in_group_by': 0, 'having_type': 'none', 'orderby_type': 'none', 'limit_type': 'none', 'value_exp_types': ['agg_exp', 'count_distinct_exp'], 'distinct_type': 'none', 'min_max_depth_in_subquery': [1, 1]}","SELECT SUM(detention_id), COUNT(DISTINCT detention_type_description) FROM Detention JOIN Ref_Detention_Type ON Detention.detention_type_code = Ref_Detention_Type.detention_type_code WHERE other_details > (SELECT MIN(other_details) FROM Behavior_Incident WHERE  incident_id < 14 LIMIT 5)"
"{'meaningful_joins': 'yes', 'table_exp_type': 'JOIN', 'where_type': 'none', 'number_of_value_exp_in_group_by': 1, 'having_type': {'single': 'SUM'}, 'orderby_type': 'DESC', 'limit_type': 'without_offset', 'value_exp_types': ['count_distinct_exp', 'single_exp_text'], 'distinct_type': 'none', 'min_max_depth_in_subquery': [1, 1]}","SELECT COUNT(DISTINCT email_address), other_address_details FROM Addresses JOIN Students ON Students.address_id = Addresses.address_id GROUP BY other_address_details HAVING SUM(student_id) > 11 ORDER BY other_address_details DESC LIMIT 6"
"{'meaningful_joins': 'yes', 'table_exp_type': 'single_table', 'where_type': {'basic_comparison': '<='}, 'number_of_value_exp_in_group_by': 1, 'having_type': 'none', 'orderby_type': 'none', 'limit_type': 'none', 'value_exp_types': ['single_exp_text', 'single_exp_text'], 'distinct_type': 'none', 'min_max_depth_in_subquery': [1, 1]}","SELECT last_name, middle_name, first_name FROM Teachers WHERE  address_id <= 88 GROUP BY first_name"
"{'meaningful_joins': 'yes', 'table_exp_type': 'JOIN', 'where_type': {'logical_operator': ['OR', 'basic_comparison', 'not_in_with_subquery']}, 'number_of_value_exp_in_group_by': 0, 'having_type': 'none', 'orderby_type': 'none', 'limit_type': 'none', 'value_exp_types': ['single_exp_number'], 'distinct_type': 'none', 'min_max_depth_in_subquery': [1, 1]}",SELECT incident_id FROM Behavior_Incident JOIN Ref_Incident_Type ON Ref_Incident_Type.incident_type_code = Behavior_Incident.incident_type_code WHERE  student_id = 80 OR incident_summary NOT IN (SELECT incident_summary FROM Behavior_Incident WHERE  incident_id >= 58 LIMIT 1)
"{'meaningful_joins': 'yes', 'table_exp_type': 'single_table_with_name_changing', 'where_type': 'comparison_with_subquery', 'number_of_value_exp_in_group_by': 0, 'having_type': 'none', 'orderby_type': 'none', 'limit_type': 'none', 'value_exp_types': ['single_exp_number'], 'distinct_type': 'none', 'min_max_depth_in_subquery': [1, 1]}",SELECT q.address_id FROM Teachers AS q WHERE address_id > (SELECT MIN(address_id) FROM Teachers WHERE  address_id < 86 LIMIT 10)
