Specification,query
"{'meaningful_joins': 'yes', 'table_exp_type': 'single_table', 'where_type': 'none', 'number_of_value_exp_in_group_by': 0, 'having_type': 'none', 'orderby_type': 'none', 'limit_type': 'none', 'value_exp_types': ['single_exp_text', 'single_exp_text'], 'distinct_type': 'none', 'min_max_depth_in_subquery': [1, 1]}","SELECT IdOrder, ISBN FROM Books_Order"
"{'meaningful_joins': 'yes', 'table_exp_type': 'JOIN', 'where_type': {'logical_operator': ['OR', 'between', 'in_with_subquery']}, 'number_of_value_exp_in_group_by': 1, 'having_type': 'none', 'orderby_type': 'none', 'limit_type': 'none', 'value_exp_types': ['single_exp_number', 'single_exp_number'], 'distinct_type': 'none', 'min_max_depth_in_subquery': [1, 1]}","SELECT amount, amount, Title FROM Books_Order JOIN Book ON Book.ISBN = Books_Order.ISBN WHERE PurchasePrice BETWEEN 1 AND 10 OR SalePrice IN (SELECT SalePrice FROM Book AS h WHERE  h.SalePrice < 84) GROUP BY Title"
"{'meaningful_joins': 'yes', 'table_exp_type': 'single_table_with_name_changing', 'where_type': {'basic_comparison': '='}, 'number_of_value_exp_in_group_by': 1, 'having_type': {'single': 'AVG'}, 'orderby_type': 'none', 'limit_type': 'none', 'value_exp_types': ['single_exp_number'], 'distinct_type': 'none', 'min_max_depth_in_subquery': [1, 1]}","SELECT j.amount, j.IdOrder FROM Books_Order AS j WHERE  j.amount = 35 GROUP BY j.IdOrder HAVING AVG(j.amount) >= 57"
"{'meaningful_joins': 'yes', 'table_exp_type': 'SELF JOIN', 'where_type': 'in_with_subquery', 'number_of_value_exp_in_group_by': 0, 'having_type': 'none', 'orderby_type': 'none', 'limit_type': 'none', 'value_exp_types': ['agg_exp', 'count_distinct_exp'], 'distinct_type': 'none', 'min_max_depth_in_subquery': [1, 1]}","SELECT COUNT(b.amount), COUNT(DISTINCT b.amount) FROM Books_Order JOIN Books_Order AS b ON Books_Order.ISBN = b.ISBN WHERE IdOrder IN (SELECT IdOrder FROM Books_Order AS x WHERE x.amount BETWEEN 1 AND 10 OR  x.amount != 48 LIMIT 9)"
"{'meaningful_joins': 'yes', 'table_exp_type': 'JOIN_JOIN', 'where_type': {'basic_comparison': '<'}, 'number_of_value_exp_in_group_by': 1, 'having_type': 'none', 'orderby_type': 'DESC', 'limit_type': 'none', 'value_exp_types': ['agg_exp', 'single_exp_text'], 'distinct_type': 'none', 'min_max_depth_in_subquery': [1, 1]}","SELECT MAX(SalePrice), Books_Order.IdOrder FROM Orders JOIN Books_Order JOIN Book ON Book.ISBN = Books_Order.ISBN AND Books_Order.IdOrder = Orders.IdOrder WHERE  SalePrice < 82 GROUP BY Books_Order.IdOrder ORDER BY Books_Order.IdOrder DESC"
"{'meaningful_joins': 'yes', 'table_exp_type': 'JOIN', 'where_type': {'basic_comparison': '>'}, 'number_of_value_exp_in_group_by': 0, 'having_type': 'none', 'orderby_type': 'none', 'limit_type': 'without_offset', 'value_exp_types': ['count_distinct_exp', 'single_exp_text', 'single_exp_text'], 'distinct_type': 'none', 'min_max_depth_in_subquery': [1, 1]}","SELECT COUNT(DISTINCT IdOrder), Title, IdOrder FROM Books_Order JOIN Book ON Book.ISBN = Books_Order.ISBN WHERE  SalePrice > 77 LIMIT 7"
"{'meaningful_joins': 'yes', 'table_exp_type': 'single_table', 'where_type': {'basic_comparison': '>='}, 'number_of_value_exp_in_group_by': 0, 'having_type': 'none', 'orderby_type': 'ASC', 'limit_type': 'none', 'value_exp_types': ['single_exp_text'], 'distinct_type': 'none', 'min_max_depth_in_subquery': [1, 1]}",SELECT ISBN FROM Books_Order WHERE  amount >= 46 ORDER BY ISBN ASC
"{'meaningful_joins': 'yes', 'table_exp_type': 'JOIN', 'where_type': {'basic_comparison': '='}, 'number_of_value_exp_in_group_by': 1, 'having_type': 'none', 'orderby_type': 'none', 'limit_type': 'none', 'value_exp_types': ['agg_exp', 'single_exp_number'], 'distinct_type': 'none', 'min_max_depth_in_subquery': [1, 1]}","SELECT AVG(amount), PurchasePrice, SalePrice FROM Books_Order JOIN Book ON Book.ISBN = Books_Order.ISBN WHERE  SalePrice = 88 GROUP BY SalePrice"
"{'meaningful_joins': 'yes', 'table_exp_type': 'JOIN_JOIN', 'where_type': {'basic_comparison': '!='}, 'number_of_value_exp_in_group_by': 0, 'having_type': 'none', 'orderby_type': 'none', 'limit_type': 'none', 'value_exp_types': ['agg_exp'], 'distinct_type': 'none', 'min_max_depth_in_subquery': [1, 1]}",SELECT MAX(amount) FROM Orders JOIN Books_Order JOIN Book ON Book.ISBN = Books_Order.ISBN AND Books_Order.IdOrder = Orders.IdOrder WHERE  amount != 77
"{'meaningful_joins': 'yes', 'table_exp_type': 'JOIN_JOIN', 'where_type': {'basic_comparison': '>'}, 'number_of_value_exp_in_group_by': 1, 'having_type': 'none', 'orderby_type': 'DESC', 'limit_type': 'none', 'value_exp_types': ['count_distinct_exp'], 'distinct_type': 'none', 'min_max_depth_in_subquery': [1, 1]}","SELECT COUNT(DISTINCT Books_Order.ISBN), PurchasePrice FROM Orders JOIN Books_Order JOIN Book ON Book.ISBN = Books_Order.ISBN AND Books_Order.IdOrder = Orders.IdOrder WHERE  PurchasePrice > 66 GROUP BY PurchasePrice ORDER BY PurchasePrice DESC"
"{'meaningful_joins': 'yes', 'table_exp_type': 'single_table', 'where_type': 'in_with_subquery', 'number_of_value_exp_in_group_by': 1, 'having_type': {'single': 'SUM'}, 'orderby_type': 'DESC', 'limit_type': 'without_offset', 'value_exp_types': ['single_exp_text', 'single_exp_text'], 'distinct_type': 'none', 'min_max_depth_in_subquery': [1, 1]}","SELECT ISBN, IdOrder, amount FROM Books_Order WHERE ISBN IN (SELECT ISBN FROM Author_Book AS h WHERE h.Author BETWEEN 1 AND 10 OR  h.Author <= 2) GROUP BY amount HAVING SUM(amount) >= 47 ORDER BY IdOrder DESC LIMIT 7"
"{'meaningful_joins': 'yes', 'table_exp_type': 'JOIN', 'where_type': {'basic_comparison': '<='}, 'number_of_value_exp_in_group_by': 0, 'having_type': 'none', 'orderby_type': 'none', 'limit_type': 'without_offset', 'value_exp_types': ['single_exp_number', 'single_exp_text'], 'distinct_type': 'none', 'min_max_depth_in_subquery': [1, 1]}","SELECT amount, ISBN FROM Orders JOIN Books_Order ON Books_Order.IdOrder = Orders.IdOrder WHERE  amount <= 72 LIMIT 4"
"{'meaningful_joins': 'yes', 'table_exp_type': 'SELF JOIN', 'where_type': {'logical_operator': ['OR', 'between', 'basic_comparison']}, 'number_of_value_exp_in_group_by': 1, 'having_type': 'none', 'orderby_type': 'DESC', 'limit_type': 'none', 'value_exp_types': ['agg_exp', 'count_distinct_exp'], 'distinct_type': 'none', 'min_max_depth_in_subquery': [1, 1]}","SELECT AVG(Author.idAuthor), COUNT(DISTINCT n.idAuthor), Author.Name FROM Author JOIN Author AS n ON Author.idAuthor = n.idAuthor WHERE n.idAuthor BETWEEN 1 AND 10 OR  Author.idAuthor <= 10 GROUP BY Author.Name ORDER BY Author.Name DESC"
"{'meaningful_joins': 'yes', 'table_exp_type': 'JOIN', 'where_type': {'basic_comparison': '>'}, 'number_of_value_exp_in_group_by': 0, 'having_type': 'none', 'orderby_type': 'none', 'limit_type': 'without_offset', 'value_exp_types': ['single_exp_text'], 'distinct_type': 'none', 'min_max_depth_in_subquery': [1, 1]}",SELECT Title FROM Books_Order JOIN Book ON Book.ISBN = Books_Order.ISBN WHERE  PurchasePrice > 34 LIMIT 7
"{'meaningful_joins': 'yes', 'table_exp_type': 'single_table_with_name_changing', 'where_type': {'basic_comparison': '>'}, 'number_of_value_exp_in_group_by': 0, 'having_type': 'none', 'orderby_type': 'ASC', 'limit_type': 'none', 'value_exp_types': ['single_exp_number', 'single_exp_number'], 'distinct_type': 'none', 'min_max_depth_in_subquery': [1, 1]}","SELECT k.SalePrice, k.SalePrice FROM Book AS k WHERE  k.PurchasePrice > 19 ORDER BY k.SalePrice ASC"
"{'meaningful_joins': 'yes', 'table_exp_type': 'JOIN', 'where_type': 'none', 'number_of_value_exp_in_group_by': 1, 'having_type': 'none', 'orderby_type': 'DESC', 'limit_type': 'without_offset', 'value_exp_types': ['agg_exp', 'single_exp_number'], 'distinct_type': 'none', 'min_max_depth_in_subquery': [1, 1]}","SELECT AVG(amount), amount, DateOrder FROM Orders JOIN Books_Order ON Books_Order.IdOrder = Orders.IdOrder GROUP BY DateOrder ORDER BY amount DESC LIMIT 2"
"{'meaningful_joins': 'yes', 'table_exp_type': 'JOIN', 'where_type': {'basic_comparison': '!='}, 'number_of_value_exp_in_group_by': 1, 'having_type': 'none', 'orderby_type': 'none', 'limit_type': 'none', 'value_exp_types': ['agg_exp', 'agg_exp', 'agg_exp'], 'distinct_type': 'none', 'min_max_depth_in_subquery': [1, 1]}","SELECT MAX(amount), MIN(amount), SUM(amount), DateOrder FROM Orders JOIN Books_Order ON Books_Order.IdOrder = Orders.IdOrder WHERE  amount != 30 GROUP BY DateOrder"
"{'meaningful_joins': 'yes', 'table_exp_type': 'SELF JOIN', 'where_type': {'basic_comparison': '<'}, 'number_of_value_exp_in_group_by': 0, 'having_type': 'none', 'orderby_type': 'none', 'limit_type': 'none', 'value_exp_types': ['single_exp_number'], 'distinct_type': 'none', 'min_max_depth_in_subquery': [1, 1]}",SELECT q.SalePrice FROM Book AS q JOIN Book ON Book.ISBN = q.ISBN WHERE  q.SalePrice < 35
