Specification,query
"{'meaningful_joins': 'yes', 'table_exp_type': 'single_table_with_name_changing', 'where_type': 'comparison_with_subquery', 'number_of_value_exp_in_group_by': 1, 'having_type': {'single': 'MIN'}, 'orderby_type': 'DESC', 'limit_type': 'none', 'value_exp_types': ['agg_exp', 'single_exp_text'], 'distinct_type': 'none', 'min_max_depth_in_subquery': [1, 1]}","SELECT SUM(u.id), u.Client, u.Operating_system FROM Web_client_accelerator AS u WHERE id = (SELECT AVG(id) FROM Web_client_accelerator AS l WHERE l.id BETWEEN 1 AND 10) GROUP BY u.Operating_system HAVING MIN(u.id) <= 8 ORDER BY u.Operating_system DESC"
"{'meaningful_joins': 'yes', 'table_exp_type': 'single_table', 'where_type': {'basic_comparison': '<='}, 'number_of_value_exp_in_group_by': 0, 'having_type': 'none', 'orderby_type': 'none', 'limit_type': 'without_offset', 'value_exp_types': ['count_distinct_exp', 'single_exp_number', 'single_exp_number'], 'distinct_type': 'none', 'min_max_depth_in_subquery': [1, 1]}","SELECT COUNT(DISTINCT browser_id), accelerator_id, browser_id FROM accelerator_compatible_browser WHERE  accelerator_id <= 39 LIMIT 9"
"{'meaningful_joins': 'yes', 'table_exp_type': 'JOIN', 'where_type': {'basic_comparison': '!='}, 'number_of_value_exp_in_group_by': 0, 'having_type': 'none', 'orderby_type': 'ASC', 'limit_type': 'none', 'value_exp_types': ['single_exp_text'], 'distinct_type': 'none', 'min_max_depth_in_subquery': [1, 1]}",SELECT Client FROM Web_client_accelerator JOIN accelerator_compatible_browser ON Web_client_accelerator.id = accelerator_compatible_browser.accelerator_id WHERE  id != 86 ORDER BY Client ASC
"{'meaningful_joins': 'yes', 'table_exp_type': 'JOIN', 'where_type': {'basic_comparison': '>'}, 'number_of_value_exp_in_group_by': 0, 'having_type': 'none', 'orderby_type': 'none', 'limit_type': 'none', 'value_exp_types': ['single_exp_number', 'single_exp_number'], 'distinct_type': 'none', 'min_max_depth_in_subquery': [1, 1]}","SELECT accelerator_id, browser_id FROM Web_client_accelerator JOIN accelerator_compatible_browser ON Web_client_accelerator.id = accelerator_compatible_browser.accelerator_id WHERE  id > 12"
"{'meaningful_joins': 'yes', 'table_exp_type': 'single_table', 'where_type': {'logical_operator': ['OR', 'between', 'in_with_subquery']}, 'number_of_value_exp_in_group_by': 0, 'having_type': 'none', 'orderby_type': 'DESC', 'limit_type': 'none', 'value_exp_types': ['single_exp_number', 'single_exp_number'], 'distinct_type': 'none', 'min_max_depth_in_subquery': [1, 1]}","SELECT id, id FROM Web_client_accelerator WHERE id BETWEEN 1 AND 10 OR id IN (SELECT id FROM browser WHERE  id >= 30) ORDER BY id DESC"
"{'meaningful_joins': 'yes', 'table_exp_type': 'JOIN', 'where_type': 'between', 'number_of_value_exp_in_group_by': 0, 'having_type': 'none', 'orderby_type': 'ASC', 'limit_type': 'without_offset', 'value_exp_types': ['single_exp_number'], 'distinct_type': 'none', 'min_max_depth_in_subquery': [1, 1]}",SELECT accelerator_id FROM Web_client_accelerator JOIN accelerator_compatible_browser ON Web_client_accelerator.id = accelerator_compatible_browser.accelerator_id WHERE browser_id BETWEEN 1 AND 10 ORDER BY accelerator_id ASC LIMIT 4
"{'meaningful_joins': 'yes', 'table_exp_type': 'SELF JOIN', 'where_type': {'basic_comparison': '>='}, 'number_of_value_exp_in_group_by': 0, 'having_type': 'none', 'orderby_type': 'none', 'limit_type': 'without_offset', 'value_exp_types': ['single_exp_text'], 'distinct_type': 'none', 'min_max_depth_in_subquery': [1, 1]}",SELECT r.name FROM browser JOIN browser AS r ON browser.id = r.id WHERE  browser.market_share >= 26 LIMIT 8
"{'meaningful_joins': 'yes', 'table_exp_type': 'single_table_with_name_changing', 'where_type': {'basic_comparison': '<='}, 'number_of_value_exp_in_group_by': 0, 'having_type': 'none', 'orderby_type': 'none', 'limit_type': 'none', 'value_exp_types': ['single_exp_number'], 'distinct_type': 'none', 'min_max_depth_in_subquery': [1, 1]}",SELECT m.id FROM browser AS m WHERE  m.id <= 89
"{'meaningful_joins': 'yes', 'table_exp_type': 'JOIN', 'where_type': {'logical_operator': ['OR', 'between', 'basic_comparison']}, 'number_of_value_exp_in_group_by': 1, 'having_type': {'single': 'COUNT'}, 'orderby_type': 'DESC', 'limit_type': 'without_offset', 'value_exp_types': ['single_exp_text'], 'distinct_type': 'none', 'min_max_depth_in_subquery': [1, 1]}",SELECT name FROM browser JOIN accelerator_compatible_browser ON accelerator_compatible_browser.browser_id = browser.id WHERE browser_id BETWEEN 1 AND 10 OR  id <= 55 GROUP BY name HAVING COUNT(market_share) >= 61 ORDER BY name DESC LIMIT 5
"{'meaningful_joins': 'yes', 'table_exp_type': 'single_table_with_name_changing', 'where_type': {'logical_operator': ['AND', 'between', 'basic_comparison']}, 'number_of_value_exp_in_group_by': 0, 'having_type': 'none', 'orderby_type': 'ASC', 'limit_type': 'without_offset', 'value_exp_types': ['agg_exp', 'single_exp_text'], 'distinct_type': 'none', 'min_max_depth_in_subquery': [1, 1]}","SELECT SUM(c.id), c.Client FROM Web_client_accelerator AS c WHERE c.id BETWEEN 1 AND 10 AND  c.id >= 77 ORDER BY c.Client ASC LIMIT 10"
"{'meaningful_joins': 'yes', 'table_exp_type': 'single_table_with_name_changing', 'where_type': 'none', 'number_of_value_exp_in_group_by': 0, 'having_type': 'none', 'orderby_type': 'DESC', 'limit_type': 'none', 'value_exp_types': ['count_distinct_exp', 'single_exp_number'], 'distinct_type': 'none', 'min_max_depth_in_subquery': [1, 1]}","SELECT COUNT(DISTINCT r.name), r.id FROM Web_client_accelerator AS r ORDER BY r.id DESC"
"{'meaningful_joins': 'yes', 'table_exp_type': 'JOIN', 'where_type': 'none', 'number_of_value_exp_in_group_by': 0, 'having_type': 'none', 'orderby_type': 'none', 'limit_type': 'without_offset', 'value_exp_types': ['agg_exp', 'count_distinct_exp', 'single_exp_number'], 'distinct_type': 'none', 'min_max_depth_in_subquery': [1, 1]}","SELECT COUNT(accelerator_id), COUNT(DISTINCT compatible_since_year), compatible_since_year FROM browser JOIN accelerator_compatible_browser ON accelerator_compatible_browser.browser_id = browser.id LIMIT 1"
"{'meaningful_joins': 'yes', 'table_exp_type': 'single_table', 'where_type': {'logical_operator': ['AND', 'between', 'basic_comparison']}, 'number_of_value_exp_in_group_by': 0, 'having_type': 'none', 'orderby_type': 'ASC', 'limit_type': 'without_offset', 'value_exp_types': ['single_exp_number'], 'distinct_type': 'none', 'min_max_depth_in_subquery': [1, 1]}",SELECT market_share FROM browser WHERE id BETWEEN 1 AND 10 AND  id >= 9 ORDER BY market_share ASC LIMIT 9
"{'meaningful_joins': 'yes', 'table_exp_type': 'JOIN', 'where_type': {'logical_operator': ['OR', 'basic_comparison', 'not_exists_subquery']}, 'number_of_value_exp_in_group_by': 1, 'having_type': 'none', 'orderby_type': 'none', 'limit_type': 'none', 'value_exp_types': ['single_exp_number'], 'distinct_type': 'none', 'min_max_depth_in_subquery': [1, 1]}","SELECT market_share, browser_id FROM browser JOIN accelerator_compatible_browser ON accelerator_compatible_browser.browser_id = browser.id WHERE  browser_id >= 98 OR EXISTS (SELECT * FROM accelerator_compatible_browser AS q WHERE browser.id = q.browser_id) GROUP BY browser_id"
"{'meaningful_joins': 'yes', 'table_exp_type': 'JOIN', 'where_type': {'basic_comparison': '='}, 'number_of_value_exp_in_group_by': 0, 'having_type': 'none', 'orderby_type': 'DESC', 'limit_type': 'none', 'value_exp_types': ['count_distinct_exp', 'single_exp_text'], 'distinct_type': 'none', 'min_max_depth_in_subquery': [1, 1]}","SELECT COUNT(DISTINCT name), name FROM browser JOIN accelerator_compatible_browser ON accelerator_compatible_browser.browser_id = browser.id WHERE  market_share = 91 ORDER BY name DESC"
"{'meaningful_joins': 'yes', 'table_exp_type': 'SELF JOIN', 'where_type': 'between', 'number_of_value_exp_in_group_by': 1, 'having_type': {'single': 'SUM'}, 'orderby_type': 'DESC', 'limit_type': 'none', 'value_exp_types': ['count_distinct_exp'], 'distinct_type': 'none', 'min_max_depth_in_subquery': [1, 1]}","SELECT COUNT(DISTINCT browser.name), v.market_share FROM browser JOIN browser AS v ON browser.id = v.id WHERE v.id BETWEEN 1 AND 10 GROUP BY v.market_share HAVING SUM(v.market_share) <= 82 ORDER BY v.market_share DESC"
"{'meaningful_joins': 'yes', 'table_exp_type': 'JOIN_JOIN', 'where_type': {'basic_comparison': '='}, 'number_of_value_exp_in_group_by': 1, 'having_type': 'none', 'orderby_type': 'none', 'limit_type': 'without_offset', 'value_exp_types': ['agg_exp', 'agg_exp', 'single_exp_text'], 'distinct_type': 'none', 'min_max_depth_in_subquery': [1, 1]}","SELECT SUM(compatible_since_year), SUM(browser_id), browser.name, Client FROM Web_client_accelerator JOIN browser JOIN accelerator_compatible_browser ON accelerator_compatible_browser.browser_id = browser.id AND Web_client_accelerator.id = accelerator_compatible_browser.accelerator_id WHERE  compatible_since_year = 85 GROUP BY Client LIMIT 1"
"{'meaningful_joins': 'yes', 'table_exp_type': 'single_table_with_name_changing', 'where_type': 'none', 'number_of_value_exp_in_group_by': 0, 'having_type': 'none', 'orderby_type': 'ASC', 'limit_type': 'none', 'value_exp_types': ['agg_exp', 'single_exp_text'], 'distinct_type': 'none', 'min_max_depth_in_subquery': [1, 1]}","SELECT COUNT(o.id), o.name FROM browser AS o ORDER BY o.name ASC"
"{'meaningful_joins': 'yes', 'table_exp_type': 'single_table', 'where_type': 'exists_subquery', 'number_of_value_exp_in_group_by': 0, 'having_type': 'none', 'orderby_type': 'none', 'limit_type': 'none', 'value_exp_types': ['single_exp_number', 'single_exp_text'], 'distinct_type': 'none', 'min_max_depth_in_subquery': [1, 1]}","SELECT id, Connection FROM Web_client_accelerator WHERE EXISTS (SELECT * FROM accelerator_compatible_browser AS u WHERE u.accelerator_id BETWEEN 1 AND 10 AND Web_client_accelerator.id = u.accelerator_id LIMIT 7)"
"{'meaningful_joins': 'yes', 'table_exp_type': 'single_table', 'where_type': 'not_in_with_subquery', 'number_of_value_exp_in_group_by': 0, 'having_type': 'none', 'orderby_type': 'none', 'limit_type': 'without_offset', 'value_exp_types': ['count_distinct_exp', 'single_exp_text'], 'distinct_type': 'none', 'min_max_depth_in_subquery': [1, 1]}","SELECT COUNT(DISTINCT name), Client FROM Web_client_accelerator WHERE Client NOT IN (SELECT Client FROM Web_client_accelerator WHERE  id >= 46 LIMIT 7) LIMIT 5"
"{'meaningful_joins': 'yes', 'table_exp_type': 'SELF JOIN', 'where_type': {'basic_comparison': '>='}, 'number_of_value_exp_in_group_by': 0, 'having_type': 'none', 'orderby_type': 'ASC', 'limit_type': 'none', 'value_exp_types': ['single_exp_number'], 'distinct_type': 'none', 'min_max_depth_in_subquery': [1, 1]}",SELECT f.id FROM browser JOIN browser AS f ON browser.id = f.id WHERE  browser.id >= 92 ORDER BY f.id ASC
"{'meaningful_joins': 'yes', 'table_exp_type': 'JOIN', 'where_type': 'not_in_with_subquery', 'number_of_value_exp_in_group_by': 0, 'having_type': 'none', 'orderby_type': 'none', 'limit_type': 'none', 'value_exp_types': ['single_exp_text', 'single_exp_text'], 'distinct_type': 'none', 'min_max_depth_in_subquery': [1, 1]}","SELECT name, name FROM browser JOIN accelerator_compatible_browser ON accelerator_compatible_browser.browser_id = browser.id WHERE name NOT IN (SELECT name FROM Web_client_accelerator AS t)"
"{'meaningful_joins': 'yes', 'table_exp_type': 'single_table', 'where_type': 'not_in_with_subquery', 'number_of_value_exp_in_group_by': 0, 'having_type': 'none', 'orderby_type': 'none', 'limit_type': 'none', 'value_exp_types': ['agg_exp'], 'distinct_type': 'none', 'min_max_depth_in_subquery': [1, 1]}",SELECT MIN(id) FROM browser WHERE name NOT IN (SELECT name FROM Web_client_accelerator AS c WHERE c.id BETWEEN 1 AND 10 LIMIT 3)
"{'meaningful_joins': 'yes', 'table_exp_type': 'single_table', 'where_type': {'basic_comparison': '>='}, 'number_of_value_exp_in_group_by': 1, 'having_type': 'none', 'orderby_type': 'DESC', 'limit_type': 'none', 'value_exp_types': ['agg_exp'], 'distinct_type': 'none', 'min_max_depth_in_subquery': [1, 1]}","SELECT AVG(id), Client FROM Web_client_accelerator WHERE  id >= 55 GROUP BY Client ORDER BY Client DESC"
"{'meaningful_joins': 'yes', 'table_exp_type': 'JOIN', 'where_type': {'basic_comparison': '!='}, 'number_of_value_exp_in_group_by': 0, 'having_type': 'none', 'orderby_type': 'none', 'limit_type': 'none', 'value_exp_types': ['single_exp_number'], 'distinct_type': 'none', 'min_max_depth_in_subquery': [1, 1]}",SELECT compatible_since_year FROM Web_client_accelerator JOIN accelerator_compatible_browser ON Web_client_accelerator.id = accelerator_compatible_browser.accelerator_id WHERE  accelerator_id != 89
"{'meaningful_joins': 'yes', 'table_exp_type': 'single_table_with_name_changing', 'where_type': {'logical_operator': ['AND', 'between', 'basic_comparison']}, 'number_of_value_exp_in_group_by': 1, 'having_type': {'single': 'AVG'}, 'orderby_type': 'none', 'limit_type': 'none', 'value_exp_types': ['single_exp_text', 'single_exp_text'], 'distinct_type': 'none', 'min_max_depth_in_subquery': [1, 1]}","SELECT m.name, m.name FROM browser AS m WHERE m.id BETWEEN 1 AND 10 AND  m.id < 27 GROUP BY m.name HAVING AVG(m.market_share) <= 27"
"{'meaningful_joins': 'yes', 'table_exp_type': 'single_table', 'where_type': {'basic_comparison': '='}, 'number_of_value_exp_in_group_by': 0, 'having_type': 'none', 'orderby_type': 'ASC', 'limit_type': 'none', 'value_exp_types': ['single_exp_number'], 'distinct_type': 'none', 'min_max_depth_in_subquery': [1, 1]}",SELECT compatible_since_year FROM accelerator_compatible_browser WHERE  accelerator_id = 41 ORDER BY compatible_since_year ASC
"{'meaningful_joins': 'yes', 'table_exp_type': 'single_table', 'where_type': 'not_in_with_subquery', 'number_of_value_exp_in_group_by': 1, 'having_type': {'single': 'MAX'}, 'orderby_type': 'ASC', 'limit_type': 'none', 'value_exp_types': ['agg_exp', 'single_exp_number'], 'distinct_type': 'none', 'min_max_depth_in_subquery': [1, 1]}","SELECT AVG(market_share), id, market_share FROM browser WHERE id NOT IN (SELECT id FROM Web_client_accelerator AS l WHERE  l.id != 52) GROUP BY market_share HAVING MAX(id) >= 45 ORDER BY id ASC"
