Specification,query
"{'meaningful_joins': 'yes', 'table_exp_type': 'JOIN', 'where_type': {'basic_comparison': '>='}, 'number_of_value_exp_in_group_by': 1, 'having_type': 'none', 'orderby_type': 'none', 'limit_type': 'none', 'value_exp_types': ['agg_exp', 'single_exp_number'], 'distinct_type': 'none', 'min_max_depth_in_subquery': [1, 1]}","SELECT SUM(MediaTypeId), AlbumId, Composer FROM Genre JOIN Track ON Genre.GenreId = Track.GenreId WHERE  Track.GenreId >= 66 GROUP BY Composer"
"{'meaningful_joins': 'yes', 'table_exp_type': 'JOIN_JOIN', 'where_type': {'basic_comparison': '!='}, 'number_of_value_exp_in_group_by': 0, 'having_type': 'none', 'orderby_type': 'none', 'limit_type': 'none', 'value_exp_types': ['single_exp_number', 'single_exp_text'], 'distinct_type': 'none', 'min_max_depth_in_subquery': [1, 1]}","SELECT PlaylistTrack.TrackId, Composer FROM PlaylistTrack JOIN Genre JOIN Track ON Track.TrackId = PlaylistTrack.TrackId AND Genre.GenreId = Track.GenreId WHERE  PlaylistId != 90"
"{'meaningful_joins': 'yes', 'table_exp_type': 'JOIN', 'where_type': 'none', 'number_of_value_exp_in_group_by': 1, 'having_type': 'none', 'orderby_type': 'ASC', 'limit_type': 'none', 'value_exp_types': ['single_exp_number'], 'distinct_type': 'none', 'min_max_depth_in_subquery': [1, 1]}","SELECT PlaylistId, AlbumId FROM PlaylistTrack JOIN Track ON Track.TrackId = PlaylistTrack.TrackId GROUP BY AlbumId ORDER BY AlbumId ASC"
"{'meaningful_joins': 'yes', 'table_exp_type': 'JOIN', 'where_type': {'logical_operator': ['OR', 'between', 'in_with_subquery']}, 'number_of_value_exp_in_group_by': 1, 'having_type': {'single': 'COUNT'}, 'orderby_type': 'ASC', 'limit_type': 'none', 'value_exp_types': ['count_distinct_exp', 'single_exp_text'], 'distinct_type': 'none', 'min_max_depth_in_subquery': [1, 1]}","SELECT COUNT(DISTINCT BillingCountry), BillingPostalCode, Total FROM Invoice JOIN InvoiceLine ON Invoice.InvoiceId = InvoiceLine.InvoiceId WHERE CustomerId BETWEEN 1 AND 10 OR UnitPrice IN (SELECT UnitPrice FROM Track WHERE MediaTypeId BETWEEN 1 AND 10 AND  GenreId = 21 LIMIT 7) GROUP BY Total HAVING COUNT(InvoiceLine.InvoiceId) < 7 ORDER BY BillingPostalCode ASC"
"{'meaningful_joins': 'yes', 'table_exp_type': 'single_table', 'where_type': {'basic_comparison': '!='}, 'number_of_value_exp_in_group_by': 0, 'having_type': 'none', 'orderby_type': 'none', 'limit_type': 'without_offset', 'value_exp_types': ['single_exp_text'], 'distinct_type': 'none', 'min_max_depth_in_subquery': [1, 1]}",SELECT Title FROM Album WHERE  AlbumId != 5 LIMIT 4
"{'meaningful_joins': 'yes', 'table_exp_type': 'single_table', 'where_type': {'basic_comparison': '<='}, 'number_of_value_exp_in_group_by': 1, 'having_type': 'none', 'orderby_type': 'none', 'limit_type': 'without_offset', 'value_exp_types': ['agg_exp'], 'distinct_type': 'none', 'min_max_depth_in_subquery': [1, 1]}","SELECT COUNT(EmployeeId), City FROM Employee WHERE  EmployeeId <= 42 GROUP BY City LIMIT 10"
"{'meaningful_joins': 'yes', 'table_exp_type': 'SELF JOIN', 'where_type': {'basic_comparison': '>='}, 'number_of_value_exp_in_group_by': 0, 'having_type': 'none', 'orderby_type': 'none', 'limit_type': 'none', 'value_exp_types': ['single_exp_text'], 'distinct_type': 'none', 'min_max_depth_in_subquery': [1, 1]}",SELECT Playlist.Name FROM Playlist JOIN Playlist AS f ON Playlist.PlaylistId = f.PlaylistId WHERE  f.PlaylistId >= 15
"{'meaningful_joins': 'yes', 'table_exp_type': 'JOIN', 'where_type': {'basic_comparison': '>='}, 'number_of_value_exp_in_group_by': 1, 'having_type': 'none', 'orderby_type': 'DESC', 'limit_type': 'without_offset', 'value_exp_types': ['agg_exp', 'single_exp_number'], 'distinct_type': 'none', 'min_max_depth_in_subquery': [1, 1]}","SELECT AVG(MediaTypeId), PlaylistTrack.TrackId FROM PlaylistTrack JOIN Track ON Track.TrackId = PlaylistTrack.TrackId WHERE  Bytes >= 92 GROUP BY PlaylistTrack.TrackId ORDER BY PlaylistTrack.TrackId DESC LIMIT 5"
"{'meaningful_joins': 'yes', 'table_exp_type': 'single_table_with_name_changing', 'where_type': {'basic_comparison': '<'}, 'number_of_value_exp_in_group_by': 1, 'having_type': {'single': 'AVG'}, 'orderby_type': 'none', 'limit_type': 'none', 'value_exp_types': ['single_exp_text'], 'distinct_type': 'none', 'min_max_depth_in_subquery': [1, 1]}",SELECT u.Name FROM Artist AS u WHERE  u.ArtistId < 24 GROUP BY u.Name HAVING AVG(u.ArtistId) > 62
"{'meaningful_joins': 'yes', 'table_exp_type': 'SELF JOIN', 'where_type': {'basic_comparison': '='}, 'number_of_value_exp_in_group_by': 0, 'having_type': 'none', 'orderby_type': 'DESC', 'limit_type': 'without_offset', 'value_exp_types': ['single_exp_number', 'single_exp_text'], 'distinct_type': 'none', 'min_max_depth_in_subquery': [1, 1]}","SELECT m.GenreId, Genre.Name FROM Genre AS m JOIN Genre ON Genre.GenreId = m.GenreId WHERE  Genre.GenreId = 5 ORDER BY Genre.Name DESC LIMIT 3"
"{'meaningful_joins': 'yes', 'table_exp_type': 'JOIN_JOIN', 'where_type': 'in_with_subquery', 'number_of_value_exp_in_group_by': 0, 'having_type': 'none', 'orderby_type': 'none', 'limit_type': 'without_offset', 'value_exp_types': ['agg_exp', 'count_distinct_exp', 'single_exp_number'], 'distinct_type': 'none', 'min_max_depth_in_subquery': [1, 1]}","SELECT COUNT(UnitPrice), COUNT(DISTINCT MediaTypeId), MediaTypeId FROM PlaylistTrack JOIN Playlist JOIN Track ON Track.TrackId = PlaylistTrack.TrackId AND PlaylistTrack.PlaylistId = Playlist.PlaylistId WHERE PlaylistId IN (SELECT PlaylistId FROM Playlist WHERE  PlaylistId >= 43) LIMIT 3"
"{'meaningful_joins': 'yes', 'table_exp_type': 'single_table_with_name_changing', 'where_type': {'logical_operator': ['AND', 'between', 'basic_comparison']}, 'number_of_value_exp_in_group_by': 0, 'having_type': 'none', 'orderby_type': 'none', 'limit_type': 'without_offset', 'value_exp_types': ['single_exp_text', 'single_exp_text'], 'distinct_type': 'none', 'min_max_depth_in_subquery': [1, 1]}","SELECT f.Email, f.City FROM Customer AS f WHERE f.SupportRepId BETWEEN 1 AND 10 AND  f.CustomerId <= 57 LIMIT 1"
"{'meaningful_joins': 'yes', 'table_exp_type': 'JOIN', 'where_type': {'logical_operator': ['OR', 'basic_comparison', 'exists_subquery']}, 'number_of_value_exp_in_group_by': 0, 'having_type': 'none', 'orderby_type': 'ASC', 'limit_type': 'without_offset', 'value_exp_types': ['single_exp_text'], 'distinct_type': 'none', 'min_max_depth_in_subquery': [1, 1]}",SELECT Name FROM Album JOIN Track ON Track.AlbumId = Album.AlbumId WHERE  Track.AlbumId >= 100 OR EXISTS (SELECT * FROM Artist AS v WHERE  v.ArtistId > 30 AND Album.AlbumId = v.ArtistId LIMIT 3) ORDER BY Name ASC LIMIT 6
"{'meaningful_joins': 'yes', 'table_exp_type': 'single_table_with_name_changing', 'where_type': {'logical_operator': ['AND', 'basic_comparison', 'in_with_subquery']}, 'number_of_value_exp_in_group_by': 1, 'having_type': {'single': 'MAX'}, 'orderby_type': 'DESC', 'limit_type': 'none', 'value_exp_types': ['count_distinct_exp', 'single_exp_number'], 'distinct_type': 'none', 'min_max_depth_in_subquery': [1, 1]}","SELECT COUNT(DISTINCT o.ArtistId), o.ArtistId, o.Title FROM Album AS o WHERE  o.ArtistId > 81 AND Title IN (SELECT Title FROM Employee AS r WHERE  r.ReportsTo = 67) GROUP BY o.Title HAVING MAX(o.ArtistId) >= 21 ORDER BY o.Title DESC"
"{'meaningful_joins': 'yes', 'table_exp_type': 'single_table_with_name_changing', 'where_type': {'logical_operator': ['OR', 'basic_comparison', 'in_with_subquery']}, 'number_of_value_exp_in_group_by': 0, 'having_type': 'none', 'orderby_type': 'DESC', 'limit_type': 'none', 'value_exp_types': ['single_exp_number'], 'distinct_type': 'none', 'min_max_depth_in_subquery': [1, 1]}",SELECT b.Total FROM Invoice AS b WHERE  b.Total > 27 OR BillingCity IN (SELECT BillingCity FROM Invoice AS c LIMIT 2) ORDER BY b.Total DESC
"{'meaningful_joins': 'yes', 'table_exp_type': 'single_table_with_name_changing', 'where_type': {'basic_comparison': '>='}, 'number_of_value_exp_in_group_by': 0, 'having_type': 'none', 'orderby_type': 'none', 'limit_type': 'none', 'value_exp_types': ['single_exp_text', 'single_exp_text'], 'distinct_type': 'none', 'min_max_depth_in_subquery': [1, 1]}","SELECT f.Name, f.Name FROM MediaType AS f WHERE  f.MediaTypeId >= 49"
"{'meaningful_joins': 'yes', 'table_exp_type': 'single_table', 'where_type': {'basic_comparison': '>='}, 'number_of_value_exp_in_group_by': 0, 'having_type': 'none', 'orderby_type': 'none', 'limit_type': 'none', 'value_exp_types': ['single_exp_number'], 'distinct_type': 'none', 'min_max_depth_in_subquery': [1, 1]}",SELECT ReportsTo FROM Employee WHERE  ReportsTo >= 23
"{'meaningful_joins': 'yes', 'table_exp_type': 'single_table', 'where_type': {'basic_comparison': '<='}, 'number_of_value_exp_in_group_by': 1, 'having_type': {'single': 'SUM'}, 'orderby_type': 'none', 'limit_type': 'none', 'value_exp_types': ['single_exp_text', 'single_exp_text', 'single_exp_text'], 'distinct_type': 'none', 'min_max_depth_in_subquery': [1, 1]}","SELECT Name, Composer, Composer, Bytes FROM Track WHERE  GenreId <= 67 GROUP BY Bytes HAVING SUM(Bytes) = 59"
"{'meaningful_joins': 'yes', 'table_exp_type': 'JOIN', 'where_type': {'logical_operator': ['AND', 'between', 'not_exists_subquery']}, 'number_of_value_exp_in_group_by': 1, 'having_type': 'none', 'orderby_type': 'none', 'limit_type': 'none', 'value_exp_types': ['agg_exp'], 'distinct_type': 'none', 'min_max_depth_in_subquery': [1, 1]}","SELECT AVG(Invoice.CustomerId), Phone FROM Invoice JOIN Customer ON Customer.CustomerId = Invoice.CustomerId WHERE InvoiceId BETWEEN 1 AND 10 AND EXISTS (SELECT * FROM Invoice WHERE  CustomerId >= 35 AND Customer.CustomerId = CustomerId) GROUP BY Phone"
"{'meaningful_joins': 'yes', 'table_exp_type': 'JOIN_JOIN', 'where_type': {'logical_operator': ['OR', 'basic_comparison', 'not_exists_subquery']}, 'number_of_value_exp_in_group_by': 0, 'having_type': 'none', 'orderby_type': 'none', 'limit_type': 'none', 'value_exp_types': ['single_exp_number'], 'distinct_type': 'none', 'min_max_depth_in_subquery': [1, 1]}",SELECT ReportsTo FROM Invoice JOIN Customer JOIN Employee ON Employee.EmployeeId = Customer.SupportRepId AND Customer.CustomerId = Invoice.CustomerId WHERE  ReportsTo != 80 OR EXISTS (SELECT * FROM Customer WHERE Invoice.InvoiceId = CustomerId LIMIT 2)
"{'meaningful_joins': 'yes', 'table_exp_type': 'single_table', 'where_type': 'none', 'number_of_value_exp_in_group_by': 0, 'having_type': 'none', 'orderby_type': 'none', 'limit_type': 'none', 'value_exp_types': ['single_exp_number', 'single_exp_number'], 'distinct_type': 'none', 'min_max_depth_in_subquery': [1, 1]}","SELECT AlbumId, AlbumId FROM Album"
"{'meaningful_joins': 'yes', 'table_exp_type': 'SELF JOIN', 'where_type': {'basic_comparison': '>'}, 'number_of_value_exp_in_group_by': 1, 'having_type': 'none', 'orderby_type': 'none', 'limit_type': 'none', 'value_exp_types': ['agg_exp', 'single_exp_number'], 'distinct_type': 'none', 'min_max_depth_in_subquery': [1, 1]}","SELECT MAX(p.InvoiceLineId), InvoiceLine.UnitPrice, p.TrackId FROM InvoiceLine JOIN InvoiceLine AS p ON InvoiceLine.InvoiceLineId = p.InvoiceLineId WHERE  InvoiceLine.UnitPrice > 87 GROUP BY p.TrackId"
"{'meaningful_joins': 'yes', 'table_exp_type': 'single_table', 'where_type': 'comparison_with_subquery', 'number_of_value_exp_in_group_by': 0, 'having_type': 'none', 'orderby_type': 'none', 'limit_type': 'without_offset', 'value_exp_types': ['count_distinct_exp'], 'distinct_type': 'none', 'min_max_depth_in_subquery': [1, 1]}",SELECT COUNT(DISTINCT ReportsTo) FROM Employee WHERE Title > (SELECT SUM(Title) FROM Employee AS h WHERE  h.ReportsTo >= 41) LIMIT 4
"{'meaningful_joins': 'yes', 'table_exp_type': 'single_table', 'where_type': {'basic_comparison': '>'}, 'number_of_value_exp_in_group_by': 0, 'having_type': 'none', 'orderby_type': 'none', 'limit_type': 'without_offset', 'value_exp_types': ['agg_exp', 'single_exp_number'], 'distinct_type': 'none', 'min_max_depth_in_subquery': [1, 1]}","SELECT COUNT(SupportRepId), CustomerId FROM Customer WHERE  CustomerId > 64 LIMIT 6"
"{'meaningful_joins': 'yes', 'table_exp_type': 'single_table', 'where_type': {'basic_comparison': '>='}, 'number_of_value_exp_in_group_by': 1, 'having_type': {'single': 'AVG'}, 'orderby_type': 'DESC', 'limit_type': 'none', 'value_exp_types': ['single_exp_number', 'single_exp_number'], 'distinct_type': 'none', 'min_max_depth_in_subquery': [1, 1]}","SELECT PlaylistId, TrackId FROM PlaylistTrack WHERE  PlaylistId >= 34 GROUP BY TrackId HAVING AVG(TrackId) >= 40 ORDER BY PlaylistId DESC"
"{'meaningful_joins': 'yes', 'table_exp_type': 'JOIN_JOIN_JOIN', 'where_type': {'basic_comparison': '<='}, 'number_of_value_exp_in_group_by': 0, 'having_type': 'none', 'orderby_type': 'none', 'limit_type': 'none', 'value_exp_types': ['agg_exp'], 'distinct_type': 'none', 'min_max_depth_in_subquery': [1, 1]}",SELECT AVG(Track.AlbumId) FROM PlaylistTrack JOIN Album JOIN Playlist JOIN Track ON Track.TrackId = PlaylistTrack.TrackId AND Track.AlbumId = Album.AlbumId AND PlaylistTrack.PlaylistId = Playlist.PlaylistId WHERE  Album.AlbumId <= 73
"{'meaningful_joins': 'yes', 'table_exp_type': 'single_table', 'where_type': 'not_in_with_subquery', 'number_of_value_exp_in_group_by': 0, 'having_type': 'none', 'orderby_type': 'none', 'limit_type': 'none', 'value_exp_types': ['agg_exp'], 'distinct_type': 'none', 'min_max_depth_in_subquery': [1, 1]}",SELECT COUNT(ArtistId) FROM Artist WHERE Name NOT IN (SELECT Name FROM Playlist)
"{'meaningful_joins': 'yes', 'table_exp_type': 'JOIN', 'where_type': {'basic_comparison': '='}, 'number_of_value_exp_in_group_by': 0, 'having_type': 'none', 'orderby_type': 'DESC', 'limit_type': 'without_offset', 'value_exp_types': ['count_distinct_exp', 'count_distinct_exp', 'single_exp_number'], 'distinct_type': 'none', 'min_max_depth_in_subquery': [1, 1]}","SELECT COUNT(DISTINCT MediaTypeId), COUNT(DISTINCT Genre.GenreId), TrackId FROM Genre JOIN Track ON Genre.GenreId = Track.GenreId WHERE  Milliseconds = 82 ORDER BY TrackId DESC LIMIT 7"
"{'meaningful_joins': 'yes', 'table_exp_type': 'SELF JOIN', 'where_type': 'none', 'number_of_value_exp_in_group_by': 0, 'having_type': 'none', 'orderby_type': 'ASC', 'limit_type': 'without_offset', 'value_exp_types': ['single_exp_number'], 'distinct_type': 'none', 'min_max_depth_in_subquery': [1, 1]}",SELECT o.CustomerId FROM Customer AS o JOIN Customer ON Customer.CustomerId = o.CustomerId ORDER BY o.CustomerId ASC LIMIT 8
"{'meaningful_joins': 'yes', 'table_exp_type': 'single_table', 'where_type': {'basic_comparison': '>='}, 'number_of_value_exp_in_group_by': 1, 'having_type': 'none', 'orderby_type': 'DESC', 'limit_type': 'none', 'value_exp_types': ['single_exp_number'], 'distinct_type': 'none', 'min_max_depth_in_subquery': [1, 1]}","SELECT ReportsTo, FirstName FROM Employee WHERE  ReportsTo >= 75 GROUP BY FirstName ORDER BY ReportsTo DESC"
"{'meaningful_joins': 'yes', 'table_exp_type': 'single_table', 'where_type': {'basic_comparison': '>'}, 'number_of_value_exp_in_group_by': 1, 'having_type': {'single': 'MAX'}, 'orderby_type': 'none', 'limit_type': 'none', 'value_exp_types': ['single_exp_number'], 'distinct_type': 'none', 'min_max_depth_in_subquery': [1, 1]}",SELECT TrackId FROM PlaylistTrack WHERE  PlaylistId > 1 GROUP BY TrackId HAVING MAX(TrackId) >= 42
"{'meaningful_joins': 'yes', 'table_exp_type': 'JOIN', 'where_type': 'not_exists_subquery', 'number_of_value_exp_in_group_by': 0, 'having_type': 'none', 'orderby_type': 'none', 'limit_type': 'none', 'value_exp_types': ['agg_exp', 'single_exp_text'], 'distinct_type': 'none', 'min_max_depth_in_subquery': [1, 1]}","SELECT COUNT(InvoiceId), City FROM Invoice JOIN Customer ON Customer.CustomerId = Invoice.CustomerId WHERE EXISTS (SELECT * FROM Customer AS u WHERE  u.SupportRepId >= 17 AND Invoice.InvoiceId = u.CustomerId)"
"{'meaningful_joins': 'yes', 'table_exp_type': 'JOIN_JOIN', 'where_type': {'logical_operator': ['OR', 'between', 'basic_comparison']}, 'number_of_value_exp_in_group_by': 1, 'having_type': {'single': 'AVG'}, 'orderby_type': 'ASC', 'limit_type': 'none', 'value_exp_types': ['single_exp_number', 'single_exp_number', 'single_exp_number'], 'distinct_type': 'none', 'min_max_depth_in_subquery': [1, 1]}","SELECT Total, Total, Customer.CustomerId, Title FROM Invoice JOIN Customer JOIN Employee ON Employee.EmployeeId = Customer.SupportRepId AND Customer.CustomerId = Invoice.CustomerId WHERE Total BETWEEN 1 AND 10 OR  Customer.CustomerId != 53 GROUP BY Title HAVING AVG(Customer.CustomerId) = 1 ORDER BY Customer.CustomerId ASC"
