Specification,query
"{'meaningful_joins': 'yes', 'table_exp_type': 'single_table', 'where_type': {'logical_operator': ['OR', 'between', 'basic_comparison']}, 'number_of_value_exp_in_group_by': 0, 'having_type': 'none', 'orderby_type': 'none', 'limit_type': 'none', 'value_exp_types': ['single_exp_text', 'single_exp_text'], 'distinct_type': 'none', 'min_max_depth_in_subquery': [1, 1]}","SELECT DEPT_CODE, STU_INIT FROM STUDENT WHERE PROF_NUM BETWEEN 1 AND 10 OR  STU_TRANSFER >= 13"
"{'meaningful_joins': 'yes', 'table_exp_type': 'single_table_with_name_changing', 'where_type': {'basic_comparison': '='}, 'number_of_value_exp_in_group_by': 0, 'having_type': 'none', 'orderby_type': 'none', 'limit_type': 'none', 'value_exp_types': ['single_exp_number', 'single_exp_text'], 'distinct_type': 'none', 'min_max_depth_in_subquery': [1, 1]}","SELECT w.STU_NUM, w.CLASS_CODE FROM ENROLL AS w WHERE  w.STU_NUM = 98"
"{'meaningful_joins': 'yes', 'table_exp_type': 'single_table', 'where_type': 'none', 'number_of_value_exp_in_group_by': 0, 'having_type': 'none', 'orderby_type': 'ASC', 'limit_type': 'none', 'value_exp_types': ['single_exp_number'], 'distinct_type': 'none', 'min_max_depth_in_subquery': [1, 1]}",SELECT STU_NUM FROM ENROLL ORDER BY STU_NUM ASC
"{'meaningful_joins': 'yes', 'table_exp_type': 'JOIN', 'where_type': {'basic_comparison': '>='}, 'number_of_value_exp_in_group_by': 0, 'having_type': 'none', 'orderby_type': 'ASC', 'limit_type': 'none', 'value_exp_types': ['agg_exp', 'single_exp_number'], 'distinct_type': 'none', 'min_max_depth_in_subquery': [1, 1]}","SELECT AVG(EMPLOYEE.EMP_NUM), EMPLOYEE.EMP_NUM FROM EMPLOYEE JOIN PROFESSOR ON EMPLOYEE.EMP_NUM = PROFESSOR.EMP_NUM WHERE  PROFESSOR.EMP_NUM >= 42 ORDER BY EMPLOYEE.EMP_NUM ASC"
"{'meaningful_joins': 'yes', 'table_exp_type': 'JOIN_JOIN', 'where_type': {'logical_operator': ['AND', 'between', 'basic_comparison']}, 'number_of_value_exp_in_group_by': 0, 'having_type': 'none', 'orderby_type': 'ASC', 'limit_type': 'none', 'value_exp_types': ['single_exp_text'], 'distinct_type': 'none', 'min_max_depth_in_subquery': [1, 1]}",SELECT STU_INIT FROM STUDENT JOIN DEPARTMENT JOIN ENROLL ON DEPARTMENT.DEPT_CODE = STUDENT.DEPT_CODE AND ENROLL.STU_NUM = STUDENT.STU_NUM WHERE STU_HRS BETWEEN 1 AND 10 AND  STUDENT.STU_NUM < 90 ORDER BY STU_INIT ASC
"{'meaningful_joins': 'yes', 'table_exp_type': 'single_table_with_name_changing', 'where_type': 'in_with_subquery', 'number_of_value_exp_in_group_by': 1, 'having_type': 'none', 'orderby_type': 'none', 'limit_type': 'none', 'value_exp_types': ['single_exp_number', 'single_exp_text'], 'distinct_type': 'none', 'min_max_depth_in_subquery': [1, 1]}","SELECT n.STU_NUM, n.CLASS_CODE FROM ENROLL AS n WHERE STU_NUM IN (SELECT STU_NUM FROM ENROLL AS q WHERE q.STU_NUM BETWEEN 1 AND 10 AND  q.STU_NUM != 36) GROUP BY n.CLASS_CODE"
"{'meaningful_joins': 'yes', 'table_exp_type': 'single_table', 'where_type': {'basic_comparison': '>'}, 'number_of_value_exp_in_group_by': 1, 'having_type': 'none', 'orderby_type': 'ASC', 'limit_type': 'none', 'value_exp_types': ['agg_exp', 'single_exp_number'], 'distinct_type': 'none', 'min_max_depth_in_subquery': [1, 1]}","SELECT SUM(EMP_NUM), EMP_NUM, EMP_LNAME FROM EMPLOYEE WHERE  EMP_NUM > 41 GROUP BY EMP_LNAME ORDER BY EMP_NUM ASC"
"{'meaningful_joins': 'yes', 'table_exp_type': 'single_table_with_name_changing', 'where_type': {'basic_comparison': '<'}, 'number_of_value_exp_in_group_by': 0, 'having_type': 'none', 'orderby_type': 'none', 'limit_type': 'none', 'value_exp_types': ['count_distinct_exp', 'single_exp_text'], 'distinct_type': 'none', 'min_max_depth_in_subquery': [1, 1]}","SELECT COUNT(DISTINCT l.STU_CLASS), l.DEPT_CODE FROM STUDENT AS l WHERE  l.STU_HRS < 58"
"{'meaningful_joins': 'yes', 'table_exp_type': 'JOIN', 'where_type': {'logical_operator': ['OR', 'between', 'comparison_with_subquery']}, 'number_of_value_exp_in_group_by': 0, 'having_type': 'none', 'orderby_type': 'ASC', 'limit_type': 'none', 'value_exp_types': ['single_exp_number'], 'distinct_type': 'none', 'min_max_depth_in_subquery': [1, 1]}",SELECT STU_NUM FROM CLASS JOIN ENROLL ON CLASS.CLASS_CODE = ENROLL.CLASS_CODE WHERE STU_NUM BETWEEN 1 AND 10 OR CLASS_SECTION >= (SELECT AVG(CLASS_SECTION) FROM CLASS WHERE  PROF_NUM < 26 LIMIT 9) ORDER BY STU_NUM ASC
"{'meaningful_joins': 'yes', 'table_exp_type': 'single_table', 'where_type': {'logical_operator': ['AND', 'basic_comparison', 'comparison_with_subquery']}, 'number_of_value_exp_in_group_by': 1, 'having_type': {'single': 'COUNT'}, 'orderby_type': 'DESC', 'limit_type': 'none', 'value_exp_types': ['count_distinct_exp', 'single_exp_number', 'single_exp_text'], 'distinct_type': 'none', 'min_max_depth_in_subquery': [1, 1]}","SELECT COUNT(DISTINCT CLASS_SECTION), PROF_NUM, CLASS_TIME FROM CLASS WHERE  PROF_NUM != 31 AND PROF_NUM != (SELECT MAX(PROF_NUM) FROM STUDENT AS g WHERE g.STU_NUM BETWEEN 1 AND 10 LIMIT 7) GROUP BY PROF_NUM HAVING COUNT(PROF_NUM) <= 19 ORDER BY PROF_NUM DESC"
"{'meaningful_joins': 'yes', 'table_exp_type': 'single_table', 'where_type': {'logical_operator': ['AND', 'basic_comparison', 'exists_subquery']}, 'number_of_value_exp_in_group_by': 0, 'having_type': 'none', 'orderby_type': 'none', 'limit_type': 'none', 'value_exp_types': ['single_exp_text'], 'distinct_type': 'none', 'min_max_depth_in_subquery': [1, 1]}",SELECT CRS_CODE FROM COURSE WHERE  CRS_CREDIT = 61 AND EXISTS (SELECT * FROM CLASS WHERE  PROF_NUM != 40 AND COURSE.CRS_CODE = CRS_CODE)
"{'meaningful_joins': 'yes', 'table_exp_type': 'JOIN_JOIN', 'where_type': {'logical_operator': ['OR', 'between', 'not_in_with_subquery']}, 'number_of_value_exp_in_group_by': 0, 'having_type': 'none', 'orderby_type': 'DESC', 'limit_type': 'none', 'value_exp_types': ['count_distinct_exp', 'single_exp_number'], 'distinct_type': 'none', 'min_max_depth_in_subquery': [1, 1]}","SELECT COUNT(DISTINCT EMP_JOBCODE), EMP_NUM FROM CLASS JOIN COURSE JOIN EMPLOYEE ON CLASS.PROF_NUM = EMPLOYEE.EMP_NUM AND COURSE.CRS_CODE = CLASS.CRS_CODE WHERE CRS_CREDIT BETWEEN 1 AND 10 OR CLASS_TIME NOT IN (SELECT CLASS_TIME FROM CLASS WHERE  PROF_NUM >= 65) ORDER BY EMP_NUM DESC"
"{'meaningful_joins': 'yes', 'table_exp_type': 'single_table_with_name_changing', 'where_type': 'in_with_subquery', 'number_of_value_exp_in_group_by': 0, 'having_type': 'none', 'orderby_type': 'ASC', 'limit_type': 'none', 'value_exp_types': ['count_distinct_exp', 'single_exp_text'], 'distinct_type': 'none', 'min_max_depth_in_subquery': [1, 1]}","SELECT COUNT(DISTINCT h.CRS_CODE), h.CLASS_SECTION FROM CLASS AS h WHERE CLASS_SECTION IN (SELECT CLASS_SECTION FROM CLASS AS e) ORDER BY h.CLASS_SECTION ASC"
"{'meaningful_joins': 'yes', 'table_exp_type': 'single_table', 'where_type': {'basic_comparison': '<='}, 'number_of_value_exp_in_group_by': 0, 'having_type': 'none', 'orderby_type': 'none', 'limit_type': 'without_offset', 'value_exp_types': ['count_distinct_exp', 'count_distinct_exp', 'single_exp_number'], 'distinct_type': 'none', 'min_max_depth_in_subquery': [1, 1]}","SELECT COUNT(DISTINCT EMP_DOB), COUNT(DISTINCT EMP_JOBCODE), EMP_NUM FROM EMPLOYEE WHERE  EMP_NUM <= 88 LIMIT 3"
"{'meaningful_joins': 'yes', 'table_exp_type': 'JOIN_JOIN', 'where_type': {'logical_operator': ['AND', 'between', 'not_exists_subquery']}, 'number_of_value_exp_in_group_by': 0, 'having_type': 'none', 'orderby_type': 'none', 'limit_type': 'without_offset', 'value_exp_types': ['agg_exp', 'single_exp_number', 'single_exp_number'], 'distinct_type': 'none', 'min_max_depth_in_subquery': [1, 1]}","SELECT MIN(EMP_NUM), EMP_NUM, EMP_NUM FROM CLASS JOIN COURSE JOIN EMPLOYEE ON CLASS.PROF_NUM = EMPLOYEE.EMP_NUM AND COURSE.CRS_CODE = CLASS.CRS_CODE WHERE CRS_CREDIT BETWEEN 1 AND 10 AND EXISTS (SELECT * FROM ENROLL AS e WHERE  e.STU_NUM > 25 AND CLASS.CLASS_CODE = e.CLASS_CODE) LIMIT 1"
"{'meaningful_joins': 'yes', 'table_exp_type': 'JOIN', 'where_type': {'logical_operator': ['OR', 'between', 'basic_comparison']}, 'number_of_value_exp_in_group_by': 0, 'having_type': 'none', 'orderby_type': 'ASC', 'limit_type': 'none', 'value_exp_types': ['single_exp_text', 'single_exp_text'], 'distinct_type': 'none', 'min_max_depth_in_subquery': [1, 1]}","SELECT DEPT_CODE, CLASS_CODE FROM CLASS JOIN COURSE ON COURSE.CRS_CODE = CLASS.CRS_CODE WHERE PROF_NUM BETWEEN 1 AND 10 OR  PROF_NUM > 2 ORDER BY CLASS_CODE ASC"
"{'meaningful_joins': 'yes', 'table_exp_type': 'SELF JOIN', 'where_type': {'logical_operator': ['OR', 'between', 'basic_comparison']}, 'number_of_value_exp_in_group_by': 1, 'having_type': 'none', 'orderby_type': 'ASC', 'limit_type': 'without_offset', 'value_exp_types': ['agg_exp', 'single_exp_number', 'single_exp_text'], 'distinct_type': 'none', 'min_max_depth_in_subquery': [1, 1]}","SELECT MAX(DEPARTMENT.EMP_NUM), DEPARTMENT.EMP_NUM, x.DEPT_NAME, x.DEPT_EXTENSION FROM DEPARTMENT JOIN DEPARTMENT AS x ON DEPARTMENT.DEPT_CODE = x.DEPT_CODE WHERE DEPARTMENT.EMP_NUM BETWEEN 1 AND 10 OR  x.EMP_NUM >= 47 GROUP BY x.DEPT_EXTENSION ORDER BY x.DEPT_EXTENSION ASC LIMIT 10"
"{'meaningful_joins': 'yes', 'table_exp_type': 'JOIN_JOIN_JOIN', 'where_type': {'basic_comparison': '!='}, 'number_of_value_exp_in_group_by': 0, 'having_type': 'none', 'orderby_type': 'none', 'limit_type': 'without_offset', 'value_exp_types': ['single_exp_number'], 'distinct_type': 'none', 'min_max_depth_in_subquery': [1, 1]}",SELECT PROFESSOR.EMP_NUM FROM CLASS JOIN EMPLOYEE JOIN PROFESSOR JOIN ENROLL ON CLASS.PROF_NUM = EMPLOYEE.EMP_NUM AND CLASS.CLASS_CODE = ENROLL.CLASS_CODE AND EMPLOYEE.EMP_NUM = PROFESSOR.EMP_NUM WHERE  EMPLOYEE.EMP_NUM != 93 LIMIT 1
"{'meaningful_joins': 'yes', 'table_exp_type': 'JOIN', 'where_type': 'none', 'number_of_value_exp_in_group_by': 0, 'having_type': 'none', 'orderby_type': 'ASC', 'limit_type': 'none', 'value_exp_types': ['single_exp_number', 'single_exp_number'], 'distinct_type': 'none', 'min_max_depth_in_subquery': [1, 1]}","SELECT STU_GPA, ENROLL.STU_NUM FROM STUDENT JOIN ENROLL ON ENROLL.STU_NUM = STUDENT.STU_NUM ORDER BY STU_GPA ASC"
"{'meaningful_joins': 'yes', 'table_exp_type': 'single_table', 'where_type': {'basic_comparison': '>'}, 'number_of_value_exp_in_group_by': 0, 'having_type': 'none', 'orderby_type': 'none', 'limit_type': 'none', 'value_exp_types': ['agg_exp'], 'distinct_type': 'none', 'min_max_depth_in_subquery': [1, 1]}",SELECT MIN(PROF_NUM) FROM STUDENT WHERE  STU_GPA > 19
"{'meaningful_joins': 'yes', 'table_exp_type': 'single_table_with_name_changing', 'where_type': {'basic_comparison': '<'}, 'number_of_value_exp_in_group_by': 0, 'having_type': 'none', 'orderby_type': 'none', 'limit_type': 'none', 'value_exp_types': ['single_exp_number'], 'distinct_type': 'none', 'min_max_depth_in_subquery': [1, 1]}",SELECT p.CRS_CREDIT FROM COURSE AS p WHERE  p.CRS_CREDIT < 68
"{'meaningful_joins': 'yes', 'table_exp_type': 'JOIN_JOIN_JOIN', 'where_type': {'logical_operator': ['OR', 'between', 'basic_comparison']}, 'number_of_value_exp_in_group_by': 0, 'having_type': 'none', 'orderby_type': 'none', 'limit_type': 'without_offset', 'value_exp_types': ['single_exp_text'], 'distinct_type': 'none', 'min_max_depth_in_subquery': [1, 1]}",SELECT COURSE.DEPT_CODE FROM CLASS JOIN COURSE JOIN EMPLOYEE JOIN PROFESSOR ON CLASS.PROF_NUM = EMPLOYEE.EMP_NUM AND EMPLOYEE.EMP_NUM = PROFESSOR.EMP_NUM AND COURSE.CRS_CODE = CLASS.CRS_CODE WHERE PROF_NUM BETWEEN 1 AND 10 OR  CRS_CREDIT = 34 LIMIT 7
"{'meaningful_joins': 'yes', 'table_exp_type': 'JOIN_JOIN', 'where_type': {'basic_comparison': '='}, 'number_of_value_exp_in_group_by': 0, 'having_type': 'none', 'orderby_type': 'none', 'limit_type': 'none', 'value_exp_types': ['agg_exp', 'single_exp_text'], 'distinct_type': 'none', 'min_max_depth_in_subquery': [1, 1]}","SELECT AVG(ENROLL.STU_NUM), SCHOOL_CODE FROM STUDENT JOIN DEPARTMENT JOIN ENROLL ON DEPARTMENT.DEPT_CODE = STUDENT.DEPT_CODE AND ENROLL.STU_NUM = STUDENT.STU_NUM WHERE  ENROLL.STU_NUM = 31"
"{'meaningful_joins': 'yes', 'table_exp_type': 'single_table', 'where_type': {'logical_operator': ['AND', 'between', 'comparison_with_subquery']}, 'number_of_value_exp_in_group_by': 0, 'having_type': 'none', 'orderby_type': 'none', 'limit_type': 'none', 'value_exp_types': ['single_exp_number'], 'distinct_type': 'none', 'min_max_depth_in_subquery': [1, 1]}",SELECT CRS_CREDIT FROM COURSE WHERE CRS_CREDIT BETWEEN 1 AND 10 AND DEPT_CODE < (SELECT AVG(DEPT_CODE) FROM COURSE WHERE CRS_CREDIT BETWEEN 1 AND 10)
"{'meaningful_joins': 'yes', 'table_exp_type': 'single_table_with_name_changing', 'where_type': 'between', 'number_of_value_exp_in_group_by': 0, 'having_type': 'none', 'orderby_type': 'none', 'limit_type': 'none', 'value_exp_types': ['agg_exp', 'single_exp_text'], 'distinct_type': 'none', 'min_max_depth_in_subquery': [1, 1]}","SELECT MAX(i.EMP_NUM), i.DEPT_ADDRESS FROM DEPARTMENT AS i WHERE i.EMP_NUM BETWEEN 1 AND 10"
"{'meaningful_joins': 'yes', 'table_exp_type': 'JOIN', 'where_type': {'basic_comparison': '>'}, 'number_of_value_exp_in_group_by': 0, 'having_type': 'none', 'orderby_type': 'none', 'limit_type': 'none', 'value_exp_types': ['single_exp_number'], 'distinct_type': 'none', 'min_max_depth_in_subquery': [1, 1]}",SELECT STU_TRANSFER FROM STUDENT JOIN ENROLL ON ENROLL.STU_NUM = STUDENT.STU_NUM WHERE  STU_TRANSFER > 8
"{'meaningful_joins': 'yes', 'table_exp_type': 'single_table', 'where_type': {'basic_comparison': '<='}, 'number_of_value_exp_in_group_by': 0, 'having_type': 'none', 'orderby_type': 'none', 'limit_type': 'none', 'value_exp_types': ['single_exp_text'], 'distinct_type': 'none', 'min_max_depth_in_subquery': [1, 1]}",SELECT EMP_FNAME FROM EMPLOYEE WHERE  EMP_NUM <= 39
"{'meaningful_joins': 'yes', 'table_exp_type': 'single_table', 'where_type': {'basic_comparison': '>='}, 'number_of_value_exp_in_group_by': 1, 'having_type': 'none', 'orderby_type': 'none', 'limit_type': 'none', 'value_exp_types': ['single_exp_text', 'single_exp_text'], 'distinct_type': 'none', 'min_max_depth_in_subquery': [1, 1]}","SELECT CLASS_ROOM, CRS_CODE, PROF_NUM FROM CLASS WHERE  PROF_NUM >= 51 GROUP BY PROF_NUM"
"{'meaningful_joins': 'yes', 'table_exp_type': 'JOIN_JOIN', 'where_type': {'basic_comparison': '>'}, 'number_of_value_exp_in_group_by': 0, 'having_type': 'none', 'orderby_type': 'none', 'limit_type': 'none', 'value_exp_types': ['agg_exp', 'agg_exp', 'single_exp_text'], 'distinct_type': 'none', 'min_max_depth_in_subquery': [1, 1]}","SELECT AVG(CRS_CREDIT), COUNT(CRS_CREDIT), CLASS_SECTION FROM CLASS JOIN COURSE JOIN EMPLOYEE ON CLASS.PROF_NUM = EMPLOYEE.EMP_NUM AND COURSE.CRS_CODE = CLASS.CRS_CODE WHERE  PROF_NUM > 18"
"{'meaningful_joins': 'yes', 'table_exp_type': 'JOIN_JOIN', 'where_type': {'logical_operator': ['AND', 'between', 'not_in_with_subquery']}, 'number_of_value_exp_in_group_by': 0, 'having_type': 'none', 'orderby_type': 'ASC', 'limit_type': 'without_offset', 'value_exp_types': ['agg_exp', 'single_exp_text'], 'distinct_type': 'none', 'min_max_depth_in_subquery': [1, 1]}","SELECT MIN(STU_NUM), CLASS.CLASS_CODE FROM CLASS JOIN EMPLOYEE JOIN ENROLL ON CLASS.PROF_NUM = EMPLOYEE.EMP_NUM AND CLASS.CLASS_CODE = ENROLL.CLASS_CODE WHERE STU_NUM BETWEEN 1 AND 10 AND PROF_NUM NOT IN (SELECT PROF_NUM FROM CLASS AS k WHERE  k.PROF_NUM = 31) ORDER BY CLASS.CLASS_CODE ASC LIMIT 4"
"{'meaningful_joins': 'yes', 'table_exp_type': 'SELF JOIN', 'where_type': {'basic_comparison': '<='}, 'number_of_value_exp_in_group_by': 1, 'having_type': {'single': 'MAX'}, 'orderby_type': 'none', 'limit_type': 'none', 'value_exp_types': ['agg_exp', 'count_distinct_exp', 'single_exp_number'], 'distinct_type': 'none', 'min_max_depth_in_subquery': [1, 1]}","SELECT AVG(EMPLOYEE.EMP_NUM), COUNT(DISTINCT EMPLOYEE.EMP_INITIAL), z.EMP_NUM, z.EMP_JOBCODE FROM EMPLOYEE JOIN EMPLOYEE AS z ON EMPLOYEE.EMP_NUM = z.EMP_NUM WHERE  z.EMP_NUM <= 48 GROUP BY z.EMP_JOBCODE HAVING MAX(z.EMP_NUM) > 54"
"{'meaningful_joins': 'yes', 'table_exp_type': 'single_table', 'where_type': {'basic_comparison': '!='}, 'number_of_value_exp_in_group_by': 0, 'having_type': 'none', 'orderby_type': 'ASC', 'limit_type': 'none', 'value_exp_types': ['count_distinct_exp', 'single_exp_text'], 'distinct_type': 'none', 'min_max_depth_in_subquery': [1, 1]}","SELECT COUNT(DISTINCT DEPT_CODE), DEPT_CODE FROM PROFESSOR WHERE  EMP_NUM != 28 ORDER BY DEPT_CODE ASC"
"{'meaningful_joins': 'yes', 'table_exp_type': 'JOIN_JOIN_JOIN', 'where_type': {'basic_comparison': '<='}, 'number_of_value_exp_in_group_by': 0, 'having_type': 'none', 'orderby_type': 'none', 'limit_type': 'none', 'value_exp_types': ['agg_exp', 'single_exp_text'], 'distinct_type': 'none', 'min_max_depth_in_subquery': [1, 1]}","SELECT AVG(STUDENT.PROF_NUM), STU_INIT FROM CLASS JOIN STUDENT JOIN DEPARTMENT JOIN ENROLL ON DEPARTMENT.DEPT_CODE = STUDENT.DEPT_CODE AND CLASS.CLASS_CODE = ENROLL.CLASS_CODE AND ENROLL.STU_NUM = STUDENT.STU_NUM WHERE  STUDENT.PROF_NUM <= 26"
"{'meaningful_joins': 'yes', 'table_exp_type': 'single_table', 'where_type': {'logical_operator': ['AND', 'between', 'basic_comparison']}, 'number_of_value_exp_in_group_by': 0, 'having_type': 'none', 'orderby_type': 'none', 'limit_type': 'none', 'value_exp_types': ['single_exp_number'], 'distinct_type': 'none', 'min_max_depth_in_subquery': [1, 1]}",SELECT STU_NUM FROM ENROLL WHERE STU_NUM BETWEEN 1 AND 10 AND  STU_NUM = 81
