Specification,query
"{'meaningful_joins': 'yes', 'table_exp_type': 'JOIN', 'where_type': {'logical_operator': ['OR', 'between', 'comparison_with_subquery']}, 'number_of_value_exp_in_group_by': 1, 'having_type': 'none', 'orderby_type': 'DESC', 'limit_type': 'without_offset', 'value_exp_types': ['agg_exp'], 'distinct_type': 'none', 'min_max_depth_in_subquery': [1, 1]}","SELECT COUNT(concert_ID), Name FROM singer JOIN singer_in_concert ON singer_in_concert.Singer_ID = singer.Singer_ID WHERE concert_ID BETWEEN 1 AND 10 OR Singer_ID = (SELECT SUM(Singer_ID) FROM singer AS n) GROUP BY Name ORDER BY Name DESC LIMIT 3"
"{'meaningful_joins': 'yes', 'table_exp_type': 'single_table', 'where_type': {'logical_operator': ['AND', 'between', 'not_in_with_subquery']}, 'number_of_value_exp_in_group_by': 0, 'having_type': 'none', 'orderby_type': 'none', 'limit_type': 'without_offset', 'value_exp_types': ['count_distinct_exp', 'single_exp_text', 'single_exp_text'], 'distinct_type': 'none', 'min_max_depth_in_subquery': [1, 1]}","SELECT COUNT(DISTINCT Average), Location, Name FROM stadium WHERE Capacity BETWEEN 1 AND 10 AND Highest NOT IN (SELECT Highest FROM stadium AS a WHERE a.Lowest BETWEEN 1 AND 10 OR  a.Capacity >= 28) LIMIT 4"
"{'meaningful_joins': 'yes', 'table_exp_type': 'JOIN_JOIN', 'where_type': 'between', 'number_of_value_exp_in_group_by': 1, 'having_type': {'single': 'SUM'}, 'orderby_type': 'ASC', 'limit_type': 'none', 'value_exp_types': ['single_exp_text', 'single_exp_text'], 'distinct_type': 'none', 'min_max_depth_in_subquery': [1, 1]}","SELECT Is_male, singer.Singer_ID, Song_Name FROM singer_in_concert JOIN singer JOIN concert ON concert.concert_ID = singer_in_concert.concert_ID AND singer_in_concert.Singer_ID = singer.Singer_ID WHERE singer_in_concert.concert_ID BETWEEN 1 AND 10 GROUP BY Song_Name HAVING SUM(singer_in_concert.concert_ID) >= 15 ORDER BY singer.Singer_ID ASC"
"{'meaningful_joins': 'yes', 'table_exp_type': 'single_table_with_name_changing', 'where_type': {'basic_comparison': '<='}, 'number_of_value_exp_in_group_by': 1, 'having_type': 'none', 'orderby_type': 'DESC', 'limit_type': 'none', 'value_exp_types': ['single_exp_number', 'single_exp_number'], 'distinct_type': 'none', 'min_max_depth_in_subquery': [1, 1]}","SELECT d.concert_ID, d.concert_ID, d.Year FROM concert AS d WHERE  d.concert_ID <= 11 GROUP BY d.Year ORDER BY d.concert_ID DESC"
"{'meaningful_joins': 'yes', 'table_exp_type': 'single_table_with_name_changing', 'where_type': 'in_with_subquery', 'number_of_value_exp_in_group_by': 0, 'having_type': 'none', 'orderby_type': 'none', 'limit_type': 'none', 'value_exp_types': ['count_distinct_exp', 'single_exp_text'], 'distinct_type': 'none', 'min_max_depth_in_subquery': [1, 1]}","SELECT COUNT(DISTINCT w.Year), w.Year FROM concert AS w WHERE concert_ID IN (SELECT concert_ID FROM singer_in_concert WHERE concert_ID BETWEEN 1 AND 10)"
"{'meaningful_joins': 'yes', 'table_exp_type': 'single_table', 'where_type': 'none', 'number_of_value_exp_in_group_by': 0, 'having_type': 'none', 'orderby_type': 'none', 'limit_type': 'none', 'value_exp_types': ['count_distinct_exp', 'single_exp_number'], 'distinct_type': 'none', 'min_max_depth_in_subquery': [1, 1]}","SELECT COUNT(DISTINCT concert_ID), concert_ID FROM singer_in_concert"
"{'meaningful_joins': 'yes', 'table_exp_type': 'JOIN', 'where_type': {'logical_operator': ['OR', 'basic_comparison', 'comparison_with_subquery']}, 'number_of_value_exp_in_group_by': 1, 'having_type': 'none', 'orderby_type': 'none', 'limit_type': 'without_offset', 'value_exp_types': ['single_exp_text'], 'distinct_type': 'none', 'min_max_depth_in_subquery': [1, 1]}","SELECT Song_release_year, singer_in_concert.Singer_ID FROM singer JOIN singer_in_concert ON singer_in_concert.Singer_ID = singer.Singer_ID WHERE  singer.Singer_ID = 44 OR Name < (SELECT MIN(Name) FROM singer AS z LIMIT 6) GROUP BY singer_in_concert.Singer_ID LIMIT 9"
"{'meaningful_joins': 'yes', 'table_exp_type': 'single_table_with_name_changing', 'where_type': {'basic_comparison': '!='}, 'number_of_value_exp_in_group_by': 0, 'having_type': 'none', 'orderby_type': 'none', 'limit_type': 'none', 'value_exp_types': ['single_exp_number', 'single_exp_number'], 'distinct_type': 'none', 'min_max_depth_in_subquery': [1, 1]}","SELECT h.concert_ID, h.concert_ID FROM concert AS h WHERE  h.concert_ID != 99"
"{'meaningful_joins': 'yes', 'table_exp_type': 'single_table', 'where_type': {'basic_comparison': '!='}, 'number_of_value_exp_in_group_by': 0, 'having_type': 'none', 'orderby_type': 'DESC', 'limit_type': 'none', 'value_exp_types': ['single_exp_number'], 'distinct_type': 'none', 'min_max_depth_in_subquery': [1, 1]}",SELECT Singer_ID FROM singer WHERE  Singer_ID != 86 ORDER BY Singer_ID DESC
"{'meaningful_joins': 'yes', 'table_exp_type': 'single_table', 'where_type': {'logical_operator': ['OR', 'between', 'basic_comparison']}, 'number_of_value_exp_in_group_by': 1, 'having_type': {'single': 'SUM'}, 'orderby_type': 'none', 'limit_type': 'none', 'value_exp_types': ['single_exp_number', 'single_exp_text'], 'distinct_type': 'none', 'min_max_depth_in_subquery': [1, 1]}","SELECT concert_ID, Singer_ID FROM singer_in_concert WHERE concert_ID BETWEEN 1 AND 10 OR  concert_ID <= 50 GROUP BY Singer_ID HAVING SUM(concert_ID) > 64"
"{'meaningful_joins': 'yes', 'table_exp_type': 'single_table_with_name_changing', 'where_type': 'none', 'number_of_value_exp_in_group_by': 0, 'having_type': 'none', 'orderby_type': 'ASC', 'limit_type': 'none', 'value_exp_types': ['single_exp_number', 'single_exp_text'], 'distinct_type': 'none', 'min_max_depth_in_subquery': [1, 1]}","SELECT l.concert_ID, l.Stadium_ID FROM concert AS l ORDER BY l.concert_ID ASC"
"{'meaningful_joins': 'yes', 'table_exp_type': 'single_table_with_name_changing', 'where_type': {'basic_comparison': '>='}, 'number_of_value_exp_in_group_by': 1, 'having_type': 'none', 'orderby_type': 'none', 'limit_type': 'none', 'value_exp_types': ['single_exp_text', 'single_exp_text'], 'distinct_type': 'none', 'min_max_depth_in_subquery': [1, 1]}","SELECT l.Singer_ID, l.Singer_ID FROM singer_in_concert AS l WHERE  l.concert_ID >= 57 GROUP BY l.Singer_ID"
"{'meaningful_joins': 'yes', 'table_exp_type': 'single_table_with_name_changing', 'where_type': 'none', 'number_of_value_exp_in_group_by': 1, 'having_type': {'single': 'COUNT'}, 'orderby_type': 'none', 'limit_type': 'none', 'value_exp_types': ['agg_exp', 'count_distinct_exp', 'count_distinct_exp'], 'distinct_type': 'none', 'min_max_depth_in_subquery': [1, 1]}","SELECT MIN(v.Stadium_ID), COUNT(DISTINCT v.Location), COUNT(DISTINCT v.Capacity), v.Name FROM stadium AS v GROUP BY v.Name HAVING COUNT(v.Average) < 60"
"{'meaningful_joins': 'yes', 'table_exp_type': 'single_table', 'where_type': 'not_in_with_subquery', 'number_of_value_exp_in_group_by': 0, 'having_type': 'none', 'orderby_type': 'DESC', 'limit_type': 'none', 'value_exp_types': ['single_exp_number'], 'distinct_type': 'none', 'min_max_depth_in_subquery': [1, 1]}",SELECT concert_ID FROM concert WHERE Theme NOT IN (SELECT Theme FROM concert WHERE  concert_ID >= 37 LIMIT 9) ORDER BY concert_ID DESC
"{'meaningful_joins': 'yes', 'table_exp_type': 'single_table', 'where_type': {'logical_operator': ['AND', 'between', 'exists_subquery']}, 'number_of_value_exp_in_group_by': 0, 'having_type': 'none', 'orderby_type': 'none', 'limit_type': 'none', 'value_exp_types': ['single_exp_number'], 'distinct_type': 'none', 'min_max_depth_in_subquery': [1, 1]}",SELECT concert_ID FROM singer_in_concert WHERE concert_ID BETWEEN 1 AND 10 AND EXISTS (SELECT * FROM singer WHERE Singer_ID BETWEEN 1 AND 10 AND singer_in_concert.concert_ID = Singer_ID)
"{'meaningful_joins': 'yes', 'table_exp_type': 'JOIN', 'where_type': {'basic_comparison': '>='}, 'number_of_value_exp_in_group_by': 0, 'having_type': 'none', 'orderby_type': 'none', 'limit_type': 'without_offset', 'value_exp_types': ['single_exp_text', 'single_exp_text'], 'distinct_type': 'none', 'min_max_depth_in_subquery': [1, 1]}","SELECT Location, Location FROM stadium JOIN concert ON concert.Stadium_ID = stadium.Stadium_ID WHERE  concert.Stadium_ID >= 83 LIMIT 1"
"{'meaningful_joins': 'yes', 'table_exp_type': 'JOIN', 'where_type': 'between', 'number_of_value_exp_in_group_by': 1, 'having_type': 'none', 'orderby_type': 'ASC', 'limit_type': 'without_offset', 'value_exp_types': ['count_distinct_exp'], 'distinct_type': 'none', 'min_max_depth_in_subquery': [1, 1]}","SELECT COUNT(DISTINCT Country), Age FROM singer JOIN singer_in_concert ON singer_in_concert.Singer_ID = singer.Singer_ID WHERE Age BETWEEN 1 AND 10 GROUP BY Age ORDER BY Age ASC LIMIT 3"
"{'meaningful_joins': 'yes', 'table_exp_type': 'single_table_with_name_changing', 'where_type': {'basic_comparison': '>'}, 'number_of_value_exp_in_group_by': 0, 'having_type': 'none', 'orderby_type': 'none', 'limit_type': 'without_offset', 'value_exp_types': ['single_exp_text'], 'distinct_type': 'none', 'min_max_depth_in_subquery': [1, 1]}",SELECT e.Name FROM singer AS e WHERE  e.Singer_ID > 56 LIMIT 2
"{'meaningful_joins': 'yes', 'table_exp_type': 'single_table', 'where_type': {'basic_comparison': '<'}, 'number_of_value_exp_in_group_by': 1, 'having_type': 'none', 'orderby_type': 'DESC', 'limit_type': 'none', 'value_exp_types': ['count_distinct_exp'], 'distinct_type': 'none', 'min_max_depth_in_subquery': [1, 1]}","SELECT COUNT(DISTINCT Year), concert_Name FROM concert WHERE  concert_ID < 63 GROUP BY concert_Name ORDER BY concert_Name DESC"
"{'meaningful_joins': 'yes', 'table_exp_type': 'single_table_with_name_changing', 'where_type': 'none', 'number_of_value_exp_in_group_by': 0, 'having_type': 'none', 'orderby_type': 'none', 'limit_type': 'none', 'value_exp_types': ['single_exp_number', 'single_exp_number'], 'distinct_type': 'none', 'min_max_depth_in_subquery': [1, 1]}","SELECT v.concert_ID, v.concert_ID FROM concert AS v"
"{'meaningful_joins': 'yes', 'table_exp_type': 'single_table_with_name_changing', 'where_type': {'logical_operator': ['OR', 'between', 'basic_comparison']}, 'number_of_value_exp_in_group_by': 0, 'having_type': 'none', 'orderby_type': 'ASC', 'limit_type': 'none', 'value_exp_types': ['agg_exp', 'single_exp_number'], 'distinct_type': 'none', 'min_max_depth_in_subquery': [1, 1]}","SELECT AVG(i.concert_ID), i.concert_ID FROM singer_in_concert AS i WHERE i.concert_ID BETWEEN 1 AND 10 OR  i.concert_ID <= 21 ORDER BY i.concert_ID ASC"
"{'meaningful_joins': 'yes', 'table_exp_type': 'single_table_with_name_changing', 'where_type': 'none', 'number_of_value_exp_in_group_by': 0, 'having_type': 'none', 'orderby_type': 'none', 'limit_type': 'none', 'value_exp_types': ['agg_exp', 'single_exp_number'], 'distinct_type': 'none', 'min_max_depth_in_subquery': [1, 1]}","SELECT SUM(q.concert_ID), q.concert_ID FROM singer_in_concert AS q"
"{'meaningful_joins': 'yes', 'table_exp_type': 'single_table', 'where_type': 'exists_subquery', 'number_of_value_exp_in_group_by': 0, 'having_type': 'none', 'orderby_type': 'DESC', 'limit_type': 'none', 'value_exp_types': ['single_exp_number'], 'distinct_type': 'none', 'min_max_depth_in_subquery': [1, 1]}",SELECT Age FROM singer WHERE EXISTS (SELECT * FROM singer_in_concert WHERE singer.Singer_ID = Singer_ID) ORDER BY Age DESC
"{'meaningful_joins': 'yes', 'table_exp_type': 'single_table', 'where_type': {'basic_comparison': '='}, 'number_of_value_exp_in_group_by': 1, 'having_type': {'single': 'MIN'}, 'orderby_type': 'none', 'limit_type': 'none', 'value_exp_types': ['count_distinct_exp'], 'distinct_type': 'none', 'min_max_depth_in_subquery': [1, 1]}","SELECT COUNT(DISTINCT Name), Lowest FROM stadium WHERE  Stadium_ID = 86 GROUP BY Lowest HAVING MIN(Stadium_ID) >= 96"
"{'meaningful_joins': 'yes', 'table_exp_type': 'JOIN', 'where_type': {'basic_comparison': '!='}, 'number_of_value_exp_in_group_by': 1, 'having_type': 'none', 'orderby_type': 'DESC', 'limit_type': 'none', 'value_exp_types': ['single_exp_number', 'single_exp_number'], 'distinct_type': 'none', 'min_max_depth_in_subquery': [1, 1]}","SELECT concert.Stadium_ID, Lowest, Location FROM stadium JOIN concert ON concert.Stadium_ID = stadium.Stadium_ID WHERE  Average != 93 GROUP BY Location ORDER BY concert.Stadium_ID DESC"
"{'meaningful_joins': 'yes', 'table_exp_type': 'JOIN_JOIN_JOIN', 'where_type': {'basic_comparison': '<='}, 'number_of_value_exp_in_group_by': 0, 'having_type': 'none', 'orderby_type': 'none', 'limit_type': 'none', 'value_exp_types': ['single_exp_number'], 'distinct_type': 'none', 'min_max_depth_in_subquery': [1, 1]}",SELECT concert.Stadium_ID FROM stadium JOIN singer_in_concert JOIN singer JOIN concert ON concert.Stadium_ID = stadium.Stadium_ID AND concert.concert_ID = singer_in_concert.concert_ID AND singer_in_concert.Singer_ID = singer.Singer_ID WHERE  singer_in_concert.concert_ID <= 89
"{'meaningful_joins': 'yes', 'table_exp_type': 'JOIN_JOIN', 'where_type': {'logical_operator': ['AND', 'basic_comparison', 'not_exists_subquery']}, 'number_of_value_exp_in_group_by': 0, 'having_type': 'none', 'orderby_type': 'ASC', 'limit_type': 'none', 'value_exp_types': ['single_exp_number'], 'distinct_type': 'none', 'min_max_depth_in_subquery': [1, 1]}",SELECT concert.Stadium_ID FROM stadium JOIN singer_in_concert JOIN concert ON concert.Stadium_ID = stadium.Stadium_ID AND concert.concert_ID = singer_in_concert.concert_ID WHERE  Capacity = 36 AND EXISTS (SELECT * FROM concert AS m WHERE  m.concert_ID = 63 AND stadium.Stadium_ID = m.Stadium_ID) ORDER BY concert.Stadium_ID ASC
"{'meaningful_joins': 'yes', 'table_exp_type': 'single_table', 'where_type': 'between', 'number_of_value_exp_in_group_by': 1, 'having_type': {'single': 'MAX'}, 'orderby_type': 'none', 'limit_type': 'none', 'value_exp_types': ['single_exp_number'], 'distinct_type': 'none', 'min_max_depth_in_subquery': [1, 1]}","SELECT concert_ID, concert_Name FROM concert WHERE concert_ID BETWEEN 1 AND 10 GROUP BY concert_Name HAVING MAX(concert_ID) = 28"
"{'meaningful_joins': 'yes', 'table_exp_type': 'JOIN_JOIN_JOIN', 'where_type': 'none', 'number_of_value_exp_in_group_by': 0, 'having_type': 'none', 'orderby_type': 'DESC', 'limit_type': 'none', 'value_exp_types': ['agg_exp', 'count_distinct_exp', 'single_exp_text'], 'distinct_type': 'none', 'min_max_depth_in_subquery': [1, 1]}","SELECT MAX(Highest), COUNT(DISTINCT Song_release_year), Year FROM stadium JOIN singer_in_concert JOIN singer JOIN concert ON concert.Stadium_ID = stadium.Stadium_ID AND concert.concert_ID = singer_in_concert.concert_ID AND singer_in_concert.Singer_ID = singer.Singer_ID ORDER BY Year DESC"
"{'meaningful_joins': 'yes', 'table_exp_type': 'JOIN_JOIN_JOIN', 'where_type': 'between', 'number_of_value_exp_in_group_by': 1, 'having_type': 'none', 'orderby_type': 'none', 'limit_type': 'none', 'value_exp_types': ['single_exp_number', 'single_exp_number'], 'distinct_type': 'none', 'min_max_depth_in_subquery': [1, 1]}","SELECT stadium.Stadium_ID, Highest, concert.Stadium_ID FROM stadium JOIN singer_in_concert JOIN singer JOIN concert ON concert.Stadium_ID = stadium.Stadium_ID AND concert.concert_ID = singer_in_concert.concert_ID AND singer_in_concert.Singer_ID = singer.Singer_ID WHERE Average BETWEEN 1 AND 10 GROUP BY concert.Stadium_ID"
"{'meaningful_joins': 'yes', 'table_exp_type': 'JOIN', 'where_type': {'basic_comparison': '<='}, 'number_of_value_exp_in_group_by': 1, 'having_type': 'none', 'orderby_type': 'none', 'limit_type': 'without_offset', 'value_exp_types': ['single_exp_text', 'single_exp_text'], 'distinct_type': 'none', 'min_max_depth_in_subquery': [1, 1]}","SELECT Song_Name, Country, Is_male FROM singer JOIN singer_in_concert ON singer_in_concert.Singer_ID = singer.Singer_ID WHERE  Age <= 17 GROUP BY Is_male LIMIT 7"
"{'meaningful_joins': 'yes', 'table_exp_type': 'SELF JOIN', 'where_type': {'basic_comparison': '<='}, 'number_of_value_exp_in_group_by': 0, 'having_type': 'none', 'orderby_type': 'none', 'limit_type': 'none', 'value_exp_types': ['agg_exp', 'agg_exp'], 'distinct_type': 'none', 'min_max_depth_in_subquery': [1, 1]}","SELECT MAX(singer_in_concert.concert_ID), MIN(y.concert_ID) FROM singer_in_concert AS y JOIN singer_in_concert ON singer_in_concert.concert_ID = y.concert_ID WHERE  y.concert_ID <= 85"
"{'meaningful_joins': 'yes', 'table_exp_type': 'JOIN', 'where_type': {'logical_operator': ['AND', 'between', 'basic_comparison']}, 'number_of_value_exp_in_group_by': 1, 'having_type': 'none', 'orderby_type': 'none', 'limit_type': 'without_offset', 'value_exp_types': ['agg_exp', 'single_exp_number'], 'distinct_type': 'none', 'min_max_depth_in_subquery': [1, 1]}","SELECT MAX(Age), Age, Song_Name FROM singer JOIN singer_in_concert ON singer_in_concert.Singer_ID = singer.Singer_ID WHERE Age BETWEEN 1 AND 10 AND  singer_in_concert.Singer_ID < 28 GROUP BY Song_Name LIMIT 6"
"{'meaningful_joins': 'yes', 'table_exp_type': 'JOIN', 'where_type': {'logical_operator': ['OR', 'basic_comparison', 'comparison_with_subquery']}, 'number_of_value_exp_in_group_by': 0, 'having_type': 'none', 'orderby_type': 'ASC', 'limit_type': 'without_offset', 'value_exp_types': ['single_exp_number', 'single_exp_number'], 'distinct_type': 'none', 'min_max_depth_in_subquery': [1, 1]}","SELECT concert_ID, concert_ID FROM singer JOIN singer_in_concert ON singer_in_concert.Singer_ID = singer.Singer_ID WHERE  Age > 39 OR Song_release_year != (SELECT MAX(Song_release_year) FROM singer AS u WHERE  u.Age > 67 LIMIT 1) ORDER BY concert_ID ASC LIMIT 8"
"{'meaningful_joins': 'yes', 'table_exp_type': 'SELF JOIN', 'where_type': {'logical_operator': ['AND', 'between', 'in_with_subquery']}, 'number_of_value_exp_in_group_by': 1, 'having_type': {'single': 'SUM'}, 'orderby_type': 'ASC', 'limit_type': 'none', 'value_exp_types': ['single_exp_number'], 'distinct_type': 'none', 'min_max_depth_in_subquery': [1, 1]}","SELECT i.Singer_ID, i.Name FROM singer JOIN singer AS i ON singer.Singer_ID = i.Singer_ID WHERE i.Age BETWEEN 1 AND 10 AND Name IN (SELECT Name FROM singer AS l WHERE  l.Singer_ID != 5) GROUP BY i.Name HAVING SUM(i.Age) > 19 ORDER BY i.Singer_ID ASC"
