Specification,query
"{'meaningful_joins': 'yes', 'table_exp_type': 'single_table', 'where_type': {'logical_operator': ['OR', 'between', 'basic_comparison']}, 'number_of_value_exp_in_group_by': 0, 'having_type': 'none', 'orderby_type': 'none', 'limit_type': 'without_offset', 'value_exp_types': ['agg_exp', 'single_exp_number', 'single_exp_number'], 'distinct_type': 'none', 'min_max_depth_in_subquery': [1, 1]}","SELECT SUM(Teacher_ID), Course_ID, Grade FROM course_arrange WHERE Course_ID BETWEEN 1 AND 10 OR  Teacher_ID != 72 LIMIT 3"
"{'meaningful_joins': 'yes', 'table_exp_type': 'single_table_with_name_changing', 'where_type': 'in_with_subquery', 'number_of_value_exp_in_group_by': 0, 'having_type': 'none', 'orderby_type': 'none', 'limit_type': 'none', 'value_exp_types': ['count_distinct_exp', 'single_exp_text'], 'distinct_type': 'none', 'min_max_depth_in_subquery': [1, 1]}","SELECT COUNT(DISTINCT u.Age), u.Hometown FROM teacher AS u WHERE Name IN (SELECT Name FROM teacher AS e WHERE e.Teacher_ID BETWEEN 1 AND 10 AND  e.Teacher_ID <= 14)"
"{'meaningful_joins': 'yes', 'table_exp_type': 'single_table', 'where_type': {'basic_comparison': '<'}, 'number_of_value_exp_in_group_by': 1, 'having_type': {'single': 'COUNT'}, 'orderby_type': 'DESC', 'limit_type': 'without_offset', 'value_exp_types': ['single_exp_text', 'single_exp_text'], 'distinct_type': 'none', 'min_max_depth_in_subquery': [1, 1]}","SELECT Age, Hometown, Name FROM teacher WHERE  Teacher_ID < 50 GROUP BY Name HAVING COUNT(Teacher_ID) < 23 ORDER BY Name DESC LIMIT 6"
"{'meaningful_joins': 'yes', 'table_exp_type': 'SELF JOIN', 'where_type': {'basic_comparison': '!='}, 'number_of_value_exp_in_group_by': 0, 'having_type': 'none', 'orderby_type': 'none', 'limit_type': 'none', 'value_exp_types': ['count_distinct_exp', 'count_distinct_exp'], 'distinct_type': 'none', 'min_max_depth_in_subquery': [1, 1]}","SELECT COUNT(DISTINCT w.Course_ID), COUNT(DISTINCT w.Teacher_ID) FROM course_arrange AS w JOIN course_arrange ON course_arrange.Course_ID = w.Course_ID WHERE  course_arrange.Course_ID != 2"
"{'meaningful_joins': 'yes', 'table_exp_type': 'single_table', 'where_type': {'logical_operator': ['AND', 'between', 'basic_comparison']}, 'number_of_value_exp_in_group_by': 1, 'having_type': 'none', 'orderby_type': 'none', 'limit_type': 'none', 'value_exp_types': ['agg_exp', 'count_distinct_exp'], 'distinct_type': 'none', 'min_max_depth_in_subquery': [1, 1]}","SELECT MAX(Course_ID), COUNT(DISTINCT Grade), Teacher_ID FROM course_arrange WHERE Grade BETWEEN 1 AND 10 AND  Grade < 52 GROUP BY Teacher_ID"
"{'meaningful_joins': 'yes', 'table_exp_type': 'SELF JOIN', 'where_type': {'basic_comparison': '>='}, 'number_of_value_exp_in_group_by': 0, 'having_type': 'none', 'orderby_type': 'none', 'limit_type': 'none', 'value_exp_types': ['single_exp_text', 'single_exp_text', 'single_exp_text'], 'distinct_type': 'none', 'min_max_depth_in_subquery': [1, 1]}","SELECT teacher.Age, a.Hometown, a.Name FROM teacher AS a JOIN teacher ON teacher.Teacher_ID = a.Teacher_ID WHERE  a.Teacher_ID >= 61"
"{'meaningful_joins': 'yes', 'table_exp_type': 'single_table', 'where_type': {'basic_comparison': '>='}, 'number_of_value_exp_in_group_by': 0, 'having_type': 'none', 'orderby_type': 'none', 'limit_type': 'without_offset', 'value_exp_types': ['single_exp_number', 'single_exp_number'], 'distinct_type': 'none', 'min_max_depth_in_subquery': [1, 1]}","SELECT Course_ID, Course_ID FROM course WHERE  Course_ID >= 62 LIMIT 3"
"{'meaningful_joins': 'yes', 'table_exp_type': 'single_table', 'where_type': {'basic_comparison': '>='}, 'number_of_value_exp_in_group_by': 1, 'having_type': 'none', 'orderby_type': 'DESC', 'limit_type': 'without_offset', 'value_exp_types': ['single_exp_number', 'single_exp_number'], 'distinct_type': 'none', 'min_max_depth_in_subquery': [1, 1]}","SELECT Course_ID, Grade FROM course_arrange WHERE  Course_ID >= 58 GROUP BY Grade ORDER BY Course_ID DESC LIMIT 10"
"{'meaningful_joins': 'yes', 'table_exp_type': 'single_table', 'where_type': {'logical_operator': ['AND', 'basic_comparison', 'exists_subquery']}, 'number_of_value_exp_in_group_by': 1, 'having_type': 'none', 'orderby_type': 'none', 'limit_type': 'none', 'value_exp_types': ['single_exp_text'], 'distinct_type': 'none', 'min_max_depth_in_subquery': [1, 1]}","SELECT Hometown, Name FROM teacher WHERE  Teacher_ID = 71 AND EXISTS (SELECT * FROM course_arrange AS j WHERE  j.Grade >= 39 AND teacher.Teacher_ID = j.Teacher_ID) GROUP BY Name"
"{'meaningful_joins': 'yes', 'table_exp_type': 'single_table_with_name_changing', 'where_type': {'logical_operator': ['OR', 'between', 'basic_comparison']}, 'number_of_value_exp_in_group_by': 0, 'having_type': 'none', 'orderby_type': 'DESC', 'limit_type': 'without_offset', 'value_exp_types': ['single_exp_text'], 'distinct_type': 'none', 'min_max_depth_in_subquery': [1, 1]}",SELECT t.Staring_Date FROM course AS t WHERE t.Course_ID BETWEEN 1 AND 10 OR  t.Course_ID > 19 ORDER BY t.Staring_Date DESC LIMIT 9
"{'meaningful_joins': 'yes', 'table_exp_type': 'JOIN', 'where_type': {'basic_comparison': '='}, 'number_of_value_exp_in_group_by': 0, 'having_type': 'none', 'orderby_type': 'ASC', 'limit_type': 'without_offset', 'value_exp_types': ['agg_exp', 'count_distinct_exp', 'single_exp_number'], 'distinct_type': 'none', 'min_max_depth_in_subquery': [1, 1]}","SELECT AVG(Course_ID), COUNT(DISTINCT teacher.Teacher_ID), Course_ID FROM course_arrange JOIN teacher ON course_arrange.Teacher_ID = teacher.Teacher_ID WHERE  Course_ID = 51 ORDER BY Course_ID ASC LIMIT 1"
"{'meaningful_joins': 'yes', 'table_exp_type': 'JOIN', 'where_type': {'logical_operator': ['AND', 'basic_comparison', 'comparison_with_subquery']}, 'number_of_value_exp_in_group_by': 0, 'having_type': 'none', 'orderby_type': 'DESC', 'limit_type': 'none', 'value_exp_types': ['single_exp_text'], 'distinct_type': 'none', 'min_max_depth_in_subquery': [1, 1]}",SELECT Hometown FROM course_arrange JOIN teacher ON course_arrange.Teacher_ID = teacher.Teacher_ID WHERE  course_arrange.Teacher_ID < 36 AND Teacher_ID > (SELECT AVG(Teacher_ID) FROM course_arrange WHERE Grade BETWEEN 1 AND 10 OR  Teacher_ID <= 47 LIMIT 1) ORDER BY Hometown DESC
"{'meaningful_joins': 'yes', 'table_exp_type': 'JOIN', 'where_type': 'exists_subquery', 'number_of_value_exp_in_group_by': 0, 'having_type': 'none', 'orderby_type': 'none', 'limit_type': 'none', 'value_exp_types': ['single_exp_number', 'single_exp_number', 'single_exp_number'], 'distinct_type': 'none', 'min_max_depth_in_subquery': [1, 1]}","SELECT Teacher_ID, course.Course_ID, course.Course_ID FROM course_arrange JOIN course ON course.Course_ID = course_arrange.Course_ID WHERE EXISTS (SELECT * FROM course AS w WHERE  w.Course_ID > 48 AND course_arrange.Course_ID = w.Course_ID)"
"{'meaningful_joins': 'yes', 'table_exp_type': 'JOIN', 'where_type': {'basic_comparison': '='}, 'number_of_value_exp_in_group_by': 1, 'having_type': {'single': 'SUM'}, 'orderby_type': 'none', 'limit_type': 'none', 'value_exp_types': ['agg_exp', 'single_exp_number'], 'distinct_type': 'none', 'min_max_depth_in_subquery': [1, 1]}","SELECT MIN(Course_ID), Grade FROM course_arrange JOIN teacher ON course_arrange.Teacher_ID = teacher.Teacher_ID WHERE  Grade = 83 GROUP BY Grade HAVING SUM(teacher.Teacher_ID) > 70"
"{'meaningful_joins': 'yes', 'table_exp_type': 'single_table', 'where_type': 'not_exists_subquery', 'number_of_value_exp_in_group_by': 1, 'having_type': 'none', 'orderby_type': 'ASC', 'limit_type': 'none', 'value_exp_types': ['count_distinct_exp'], 'distinct_type': 'none', 'min_max_depth_in_subquery': [1, 1]}","SELECT COUNT(DISTINCT Course_ID), Grade FROM course_arrange WHERE EXISTS (SELECT * FROM course AS u WHERE u.Course_ID BETWEEN 1 AND 10 AND course_arrange.Course_ID = u.Course_ID) GROUP BY Grade ORDER BY Grade ASC"
"{'meaningful_joins': 'yes', 'table_exp_type': 'single_table', 'where_type': 'none', 'number_of_value_exp_in_group_by': 0, 'having_type': 'none', 'orderby_type': 'none', 'limit_type': 'none', 'value_exp_types': ['single_exp_number', 'single_exp_number'], 'distinct_type': 'none', 'min_max_depth_in_subquery': [1, 1]}","SELECT Grade, Teacher_ID FROM course_arrange"
"{'meaningful_joins': 'yes', 'table_exp_type': 'single_table', 'where_type': {'basic_comparison': '='}, 'number_of_value_exp_in_group_by': 1, 'having_type': {'single': 'AVG'}, 'orderby_type': 'ASC', 'limit_type': 'without_offset', 'value_exp_types': ['single_exp_number', 'single_exp_text'], 'distinct_type': 'none', 'min_max_depth_in_subquery': [1, 1]}","SELECT Teacher_ID, Age, Name FROM teacher WHERE  Teacher_ID = 52 GROUP BY Name HAVING AVG(Teacher_ID) = 31 ORDER BY Teacher_ID ASC LIMIT 7"
"{'meaningful_joins': 'yes', 'table_exp_type': 'single_table_with_name_changing', 'where_type': {'basic_comparison': '>'}, 'number_of_value_exp_in_group_by': 1, 'having_type': 'none', 'orderby_type': 'none', 'limit_type': 'none', 'value_exp_types': ['count_distinct_exp', 'single_exp_text'], 'distinct_type': 'none', 'min_max_depth_in_subquery': [1, 1]}","SELECT COUNT(DISTINCT p.Course), p.Course, p.Staring_Date FROM course AS p WHERE  p.Course_ID > 83 GROUP BY p.Staring_Date"
"{'meaningful_joins': 'yes', 'table_exp_type': 'single_table_with_name_changing', 'where_type': 'none', 'number_of_value_exp_in_group_by': 0, 'having_type': 'none', 'orderby_type': 'none', 'limit_type': 'without_offset', 'value_exp_types': ['single_exp_text', 'single_exp_text'], 'distinct_type': 'none', 'min_max_depth_in_subquery': [1, 1]}","SELECT d.Name, d.Hometown FROM teacher AS d LIMIT 7"
"{'meaningful_joins': 'yes', 'table_exp_type': 'SELF JOIN', 'where_type': {'basic_comparison': '='}, 'number_of_value_exp_in_group_by': 0, 'having_type': 'none', 'orderby_type': 'ASC', 'limit_type': 'none', 'value_exp_types': ['count_distinct_exp', 'single_exp_number'], 'distinct_type': 'none', 'min_max_depth_in_subquery': [1, 1]}","SELECT COUNT(DISTINCT g.Name), teacher.Teacher_ID FROM teacher AS g JOIN teacher ON teacher.Teacher_ID = g.Teacher_ID WHERE  g.Teacher_ID = 49 ORDER BY teacher.Teacher_ID ASC"
"{'meaningful_joins': 'yes', 'table_exp_type': 'JOIN', 'where_type': 'between', 'number_of_value_exp_in_group_by': 1, 'having_type': {'single': 'COUNT'}, 'orderby_type': 'none', 'limit_type': 'without_offset', 'value_exp_types': ['agg_exp', 'agg_exp'], 'distinct_type': 'none', 'min_max_depth_in_subquery': [1, 1]}","SELECT COUNT(Grade), COUNT(Grade), Staring_Date FROM course_arrange JOIN course ON course.Course_ID = course_arrange.Course_ID WHERE Teacher_ID BETWEEN 1 AND 10 GROUP BY Staring_Date HAVING COUNT(course.Course_ID) < 66 LIMIT 2"
"{'meaningful_joins': 'yes', 'table_exp_type': 'single_table', 'where_type': {'basic_comparison': '>='}, 'number_of_value_exp_in_group_by': 1, 'having_type': {'single': 'COUNT'}, 'orderby_type': 'ASC', 'limit_type': 'without_offset', 'value_exp_types': ['agg_exp', 'single_exp_number'], 'distinct_type': 'none', 'min_max_depth_in_subquery': [1, 1]}","SELECT MIN(Teacher_ID), Teacher_ID, Grade FROM course_arrange WHERE  Grade >= 16 GROUP BY Grade HAVING COUNT(Course_ID) > 16 ORDER BY Teacher_ID ASC LIMIT 9"
"{'meaningful_joins': 'yes', 'table_exp_type': 'single_table_with_name_changing', 'where_type': {'logical_operator': ['OR', 'between', 'not_in_with_subquery']}, 'number_of_value_exp_in_group_by': 1, 'having_type': {'single': 'COUNT'}, 'orderby_type': 'none', 'limit_type': 'none', 'value_exp_types': ['agg_exp', 'count_distinct_exp', 'count_distinct_exp'], 'distinct_type': 'none', 'min_max_depth_in_subquery': [1, 1]}","SELECT COUNT(a.Teacher_ID), COUNT(DISTINCT a.Teacher_ID), COUNT(DISTINCT a.Grade), a.Grade FROM course_arrange AS a WHERE a.Teacher_ID BETWEEN 1 AND 10 OR Course_ID NOT IN (SELECT Course_ID FROM course_arrange AS v WHERE  v.Teacher_ID >= 39 LIMIT 10) GROUP BY a.Grade HAVING COUNT(a.Course_ID) <= 8"
"{'meaningful_joins': 'yes', 'table_exp_type': 'single_table_with_name_changing', 'where_type': {'basic_comparison': '>'}, 'number_of_value_exp_in_group_by': 0, 'having_type': 'none', 'orderby_type': 'DESC', 'limit_type': 'none', 'value_exp_types': ['single_exp_text', 'single_exp_text'], 'distinct_type': 'none', 'min_max_depth_in_subquery': [1, 1]}","SELECT q.Course, q.Course FROM course AS q WHERE  q.Course_ID > 65 ORDER BY q.Course DESC"
"{'meaningful_joins': 'yes', 'table_exp_type': 'JOIN', 'where_type': 'exists_subquery', 'number_of_value_exp_in_group_by': 1, 'having_type': {'single': 'MIN'}, 'orderby_type': 'none', 'limit_type': 'none', 'value_exp_types': ['agg_exp', 'single_exp_number', 'single_exp_text'], 'distinct_type': 'none', 'min_max_depth_in_subquery': [1, 1]}","SELECT SUM(Grade), Grade, Staring_Date FROM course_arrange JOIN course ON course.Course_ID = course_arrange.Course_ID WHERE EXISTS (SELECT * FROM course_arrange WHERE Grade BETWEEN 1 AND 10 OR  Teacher_ID = 88 AND course.Course_ID = Course_ID LIMIT 7) GROUP BY Staring_Date HAVING MIN(course_arrange.Course_ID) >= 98"
