Specification,query
"{'meaningful_joins': 'yes', 'table_exp_type': 'single_table', 'where_type': {'basic_comparison': '='}, 'number_of_value_exp_in_group_by': 0, 'having_type': 'none', 'orderby_type': 'none', 'limit_type': 'none', 'value_exp_types': ['single_exp_text'], 'distinct_type': 'none', 'min_max_depth_in_subquery': [1, 1]}",SELECT Royal_Family_Details FROM Royal_Family WHERE  Royal_Family_ID = 56
"{'meaningful_joins': 'yes', 'table_exp_type': 'JOIN_JOIN_JOIN', 'where_type': {'basic_comparison': '<'}, 'number_of_value_exp_in_group_by': 0, 'having_type': 'none', 'orderby_type': 'ASC', 'limit_type': 'without_offset', 'value_exp_types': ['single_exp_number', 'single_exp_text'], 'distinct_type': 'none', 'min_max_depth_in_subquery': [1, 1]}","SELECT Tourist_Attraction_ID, Tourist_Attractions.Other_Details FROM Tourist_Attractions JOIN Locations JOIN Royal_Family JOIN Ref_Attraction_Types ON Tourist_Attractions.Attraction_Type_Code = Ref_Attraction_Types.Attraction_Type_Code AND Locations.Location_ID = Tourist_Attractions.Location_ID AND Royal_Family.Royal_Family_ID = Tourist_Attractions.Tourist_Attraction_ID WHERE  Tourist_Attractions.Location_ID < 85 ORDER BY Tourist_Attraction_ID ASC LIMIT 1"
"{'meaningful_joins': 'yes', 'table_exp_type': 'single_table', 'where_type': {'logical_operator': ['OR', 'between', 'basic_comparison']}, 'number_of_value_exp_in_group_by': 0, 'having_type': 'none', 'orderby_type': 'none', 'limit_type': 'without_offset', 'value_exp_types': ['agg_exp', 'count_distinct_exp'], 'distinct_type': 'none', 'min_max_depth_in_subquery': [1, 1]}","SELECT COUNT(Museum_ID), COUNT(DISTINCT Museum_ID) FROM Museums WHERE Museum_ID BETWEEN 1 AND 10 OR  Museum_ID > 89 LIMIT 8"
"{'meaningful_joins': 'yes', 'table_exp_type': 'JOIN', 'where_type': 'exists_subquery', 'number_of_value_exp_in_group_by': 1, 'having_type': 'none', 'orderby_type': 'ASC', 'limit_type': 'none', 'value_exp_types': ['count_distinct_exp'], 'distinct_type': 'none', 'min_max_depth_in_subquery': [1, 1]}","SELECT COUNT(DISTINCT Tourist_Attractions.Description), Photos.Other_Details FROM Tourist_Attractions JOIN Photos ON Photos.Tourist_Attraction_ID = Tourist_Attractions.Tourist_Attraction_ID WHERE EXISTS (SELECT * FROM Tourist_Attractions WHERE  Location_ID > 28 AND Photos.Photo_ID = Tourist_Attraction_ID LIMIT 4) GROUP BY Photos.Other_Details ORDER BY Photos.Other_Details ASC"
"{'meaningful_joins': 'yes', 'table_exp_type': 'single_table_with_name_changing', 'where_type': {'logical_operator': ['AND', 'between', 'not_in_with_subquery']}, 'number_of_value_exp_in_group_by': 1, 'having_type': {'single': 'MIN'}, 'orderby_type': 'none', 'limit_type': 'without_offset', 'value_exp_types': ['agg_exp'], 'distinct_type': 'none', 'min_max_depth_in_subquery': [1, 1]}","SELECT MAX(b.Shop_ID), b.Shop_Details FROM Shops AS b WHERE b.Shop_ID BETWEEN 1 AND 10 AND Shop_ID NOT IN (SELECT Shop_ID FROM Shops AS w LIMIT 6) GROUP BY b.Shop_Details HAVING MIN(b.Shop_ID) <= 47 LIMIT 5"
"{'meaningful_joins': 'yes', 'table_exp_type': 'JOIN_JOIN_JOIN', 'where_type': 'exists_subquery', 'number_of_value_exp_in_group_by': 0, 'having_type': 'none', 'orderby_type': 'none', 'limit_type': 'none', 'value_exp_types': ['single_exp_number', 'single_exp_number'], 'distinct_type': 'none', 'min_max_depth_in_subquery': [1, 1]}","SELECT Shop_ID, Locations.Location_ID FROM Tourist_Attractions JOIN Locations JOIN Shops JOIN Ref_Attraction_Types ON Tourist_Attractions.Attraction_Type_Code = Ref_Attraction_Types.Attraction_Type_Code AND Locations.Location_ID = Tourist_Attractions.Location_ID AND Shops.Shop_ID = Tourist_Attractions.Tourist_Attraction_ID WHERE EXISTS (SELECT * FROM Tourist_Attractions WHERE  Tourist_Attraction_ID >= 23 AND Locations.Location_ID = Location_ID)"
"{'meaningful_joins': 'yes', 'table_exp_type': 'single_table_with_name_changing', 'where_type': {'basic_comparison': '!='}, 'number_of_value_exp_in_group_by': 0, 'having_type': 'none', 'orderby_type': 'DESC', 'limit_type': 'none', 'value_exp_types': ['count_distinct_exp', 'single_exp_text'], 'distinct_type': 'none', 'min_max_depth_in_subquery': [1, 1]}","SELECT COUNT(DISTINCT i.Market_Details), i.Market_Details FROM Street_Markets AS i WHERE  i.Market_ID != 41 ORDER BY i.Market_Details DESC"
"{'meaningful_joins': 'yes', 'table_exp_type': 'JOIN_JOIN', 'where_type': 'between', 'number_of_value_exp_in_group_by': 0, 'having_type': 'none', 'orderby_type': 'ASC', 'limit_type': 'none', 'value_exp_types': ['single_exp_number', 'single_exp_text'], 'distinct_type': 'none', 'min_max_depth_in_subquery': [1, 1]}","SELECT Tourist_Attractions.Tourist_Attraction_ID, Ref_Attraction_Types.Attraction_Type_Code FROM Tourist_Attractions JOIN Tourist_Attraction_Features JOIN Ref_Attraction_Types ON Tourist_Attractions.Attraction_Type_Code = Ref_Attraction_Types.Attraction_Type_Code AND Tourist_Attractions.Tourist_Attraction_ID = Tourist_Attraction_Features.Tourist_Attraction_ID WHERE Tourist_Attraction_Features.Tourist_Attraction_ID BETWEEN 1 AND 10 ORDER BY Ref_Attraction_Types.Attraction_Type_Code ASC"
"{'meaningful_joins': 'yes', 'table_exp_type': 'JOIN_JOIN', 'where_type': {'basic_comparison': '<='}, 'number_of_value_exp_in_group_by': 0, 'having_type': 'none', 'orderby_type': 'none', 'limit_type': 'without_offset', 'value_exp_types': ['count_distinct_exp'], 'distinct_type': 'none', 'min_max_depth_in_subquery': [1, 1]}",SELECT COUNT(DISTINCT Attraction_Type_Description) FROM Tourist_Attractions JOIN Tourist_Attraction_Features JOIN Ref_Attraction_Types ON Tourist_Attractions.Attraction_Type_Code = Ref_Attraction_Types.Attraction_Type_Code AND Tourist_Attractions.Tourist_Attraction_ID = Tourist_Attraction_Features.Tourist_Attraction_ID WHERE  Tourist_Attraction_Features.Tourist_Attraction_ID <= 44 LIMIT 9
"{'meaningful_joins': 'yes', 'table_exp_type': 'single_table_with_name_changing', 'where_type': {'basic_comparison': '<='}, 'number_of_value_exp_in_group_by': 1, 'having_type': 'none', 'orderby_type': 'none', 'limit_type': 'none', 'value_exp_types': ['agg_exp'], 'distinct_type': 'none', 'min_max_depth_in_subquery': [1, 1]}","SELECT SUM(u.price_range), u.price_range FROM Hotels AS u WHERE  u.price_range <= 93 GROUP BY u.price_range"
"{'meaningful_joins': 'yes', 'table_exp_type': 'JOIN', 'where_type': {'basic_comparison': '<='}, 'number_of_value_exp_in_group_by': 1, 'having_type': {'single': 'SUM'}, 'orderby_type': 'ASC', 'limit_type': 'without_offset', 'value_exp_types': ['single_exp_number', 'single_exp_text'], 'distinct_type': 'none', 'min_max_depth_in_subquery': [1, 1]}","SELECT Location_ID, Description, Name FROM Tourist_Attractions JOIN Shops ON Shops.Shop_ID = Tourist_Attractions.Tourist_Attraction_ID WHERE  Location_ID <= 1 GROUP BY Name HAVING SUM(Tourist_Attraction_ID) >= 68 ORDER BY Location_ID ASC LIMIT 8"
"{'meaningful_joins': 'yes', 'table_exp_type': 'single_table', 'where_type': {'logical_operator': ['OR', 'between', 'comparison_with_subquery']}, 'number_of_value_exp_in_group_by': 0, 'having_type': 'none', 'orderby_type': 'ASC', 'limit_type': 'without_offset', 'value_exp_types': ['single_exp_number', 'single_exp_number'], 'distinct_type': 'none', 'min_max_depth_in_subquery': [1, 1]}","SELECT Photo_ID, Tourist_Attraction_ID FROM Photos WHERE Tourist_Attraction_ID BETWEEN 1 AND 10 OR Tourist_Attraction_ID != (SELECT AVG(Tourist_Attraction_ID) FROM Visits LIMIT 2) ORDER BY Photo_ID ASC LIMIT 10"
"{'meaningful_joins': 'yes', 'table_exp_type': 'single_table', 'where_type': {'basic_comparison': '>='}, 'number_of_value_exp_in_group_by': 1, 'having_type': 'none', 'orderby_type': 'none', 'limit_type': 'without_offset', 'value_exp_types': ['agg_exp', 'agg_exp'], 'distinct_type': 'none', 'min_max_depth_in_subquery': [1, 1]}","SELECT COUNT(Royal_Family_ID), AVG(Royal_Family_ID), Royal_Family_Details FROM Royal_Family WHERE  Royal_Family_ID >= 59 GROUP BY Royal_Family_Details LIMIT 1"
"{'meaningful_joins': 'yes', 'table_exp_type': 'single_table', 'where_type': 'between', 'number_of_value_exp_in_group_by': 1, 'having_type': {'single': 'AVG'}, 'orderby_type': 'DESC', 'limit_type': 'none', 'value_exp_types': ['count_distinct_exp'], 'distinct_type': 'none', 'min_max_depth_in_subquery': [1, 1]}","SELECT COUNT(DISTINCT Museum_ID), Museum_Details FROM Museums WHERE Museum_ID BETWEEN 1 AND 10 GROUP BY Museum_Details HAVING AVG(Museum_ID) >= 91 ORDER BY Museum_Details DESC"
"{'meaningful_joins': 'yes', 'table_exp_type': 'single_table_with_name_changing', 'where_type': 'none', 'number_of_value_exp_in_group_by': 1, 'having_type': 'none', 'orderby_type': 'DESC', 'limit_type': 'without_offset', 'value_exp_types': ['single_exp_number', 'single_exp_number', 'single_exp_text'], 'distinct_type': 'none', 'min_max_depth_in_subquery': [1, 1]}","SELECT b.Shop_ID, b.Shop_ID, b.Shop_Details FROM Shops AS b GROUP BY b.Shop_Details ORDER BY b.Shop_ID DESC LIMIT 2"
"{'meaningful_joins': 'yes', 'table_exp_type': 'single_table_with_name_changing', 'where_type': {'logical_operator': ['OR', 'between', 'not_in_with_subquery']}, 'number_of_value_exp_in_group_by': 0, 'having_type': 'none', 'orderby_type': 'none', 'limit_type': 'none', 'value_exp_types': ['single_exp_number'], 'distinct_type': 'none', 'min_max_depth_in_subquery': [1, 1]}",SELECT e.Royal_Family_ID FROM Royal_Family AS e WHERE e.Royal_Family_ID BETWEEN 1 AND 10 OR Royal_Family_ID NOT IN (SELECT Royal_Family_ID FROM Royal_Family AS t)
"{'meaningful_joins': 'yes', 'table_exp_type': 'JOIN', 'where_type': {'basic_comparison': '<='}, 'number_of_value_exp_in_group_by': 1, 'having_type': {'single': 'MAX'}, 'orderby_type': 'none', 'limit_type': 'without_offset', 'value_exp_types': ['count_distinct_exp', 'single_exp_text'], 'distinct_type': 'none', 'min_max_depth_in_subquery': [1, 1]}","SELECT COUNT(DISTINCT Description), Attraction_Type_Code, Description FROM Tourist_Attractions JOIN Tourist_Attraction_Features ON Tourist_Attractions.Tourist_Attraction_ID = Tourist_Attraction_Features.Tourist_Attraction_ID WHERE  Tourist_Attraction_Features.Tourist_Attraction_ID <= 7 GROUP BY Description HAVING MAX(Location_ID) >= 14 LIMIT 4"
"{'meaningful_joins': 'yes', 'table_exp_type': 'single_table', 'where_type': {'basic_comparison': '>='}, 'number_of_value_exp_in_group_by': 0, 'having_type': 'none', 'orderby_type': 'none', 'limit_type': 'none', 'value_exp_types': ['agg_exp', 'count_distinct_exp'], 'distinct_type': 'none', 'min_max_depth_in_subquery': [1, 1]}","SELECT SUM(Tourist_Attraction_ID), COUNT(DISTINCT Description) FROM Tourist_Attractions WHERE  Tourist_Attraction_ID >= 72"
"{'meaningful_joins': 'yes', 'table_exp_type': 'SELF JOIN', 'where_type': 'none', 'number_of_value_exp_in_group_by': 1, 'having_type': 'none', 'orderby_type': 'none', 'limit_type': 'none', 'value_exp_types': ['agg_exp', 'count_distinct_exp', 'single_exp_number'], 'distinct_type': 'none', 'min_max_depth_in_subquery': [1, 1]}","SELECT AVG(Museums.Museum_ID), COUNT(DISTINCT n.Museum_ID), n.Museum_ID, Museums.Museum_Details FROM Museums AS n JOIN Museums ON Museums.Museum_ID = n.Museum_ID GROUP BY Museums.Museum_Details"
"{'meaningful_joins': 'yes', 'table_exp_type': 'JOIN', 'where_type': 'none', 'number_of_value_exp_in_group_by': 1, 'having_type': {'single': 'MAX'}, 'orderby_type': 'ASC', 'limit_type': 'none', 'value_exp_types': ['single_exp_text'], 'distinct_type': 'none', 'min_max_depth_in_subquery': [1, 1]}","SELECT Tourist_Attractions.Other_Details, Photos.Description FROM Tourist_Attractions JOIN Photos ON Photos.Tourist_Attraction_ID = Tourist_Attractions.Tourist_Attraction_ID GROUP BY Photos.Description HAVING MAX(Photos.Tourist_Attraction_ID) > 4 ORDER BY Photos.Description ASC"
"{'meaningful_joins': 'yes', 'table_exp_type': 'single_table', 'where_type': {'basic_comparison': '<='}, 'number_of_value_exp_in_group_by': 1, 'having_type': {'single': 'AVG'}, 'orderby_type': 'DESC', 'limit_type': 'none', 'value_exp_types': ['single_exp_text'], 'distinct_type': 'none', 'min_max_depth_in_subquery': [1, 1]}","SELECT Address, Location_Name FROM Locations WHERE  Location_ID <= 67 GROUP BY Location_Name HAVING AVG(Location_ID) >= 25 ORDER BY Location_Name DESC"
"{'meaningful_joins': 'yes', 'table_exp_type': 'single_table_with_name_changing', 'where_type': {'basic_comparison': '!='}, 'number_of_value_exp_in_group_by': 1, 'having_type': 'none', 'orderby_type': 'DESC', 'limit_type': 'without_offset', 'value_exp_types': ['single_exp_number'], 'distinct_type': 'none', 'min_max_depth_in_subquery': [1, 1]}","SELECT l.Shop_ID, l.Shop_Details FROM Shops AS l WHERE  l.Shop_ID != 42 GROUP BY l.Shop_Details ORDER BY l.Shop_ID DESC LIMIT 3"
"{'meaningful_joins': 'yes', 'table_exp_type': 'JOIN_JOIN_JOIN', 'where_type': {'logical_operator': ['OR', 'basic_comparison', 'not_in_with_subquery']}, 'number_of_value_exp_in_group_by': 0, 'having_type': 'none', 'orderby_type': 'ASC', 'limit_type': 'none', 'value_exp_types': ['count_distinct_exp', 'single_exp_number'], 'distinct_type': 'none', 'min_max_depth_in_subquery': [1, 1]}","SELECT COUNT(DISTINCT Feature_ID), Shop_ID FROM Tourist_Attractions JOIN Tourist_Attraction_Features JOIN Royal_Family JOIN Shops ON Tourist_Attractions.Tourist_Attraction_ID = Tourist_Attraction_Features.Tourist_Attraction_ID AND Shops.Shop_ID = Tourist_Attractions.Tourist_Attraction_ID AND Royal_Family.Royal_Family_ID = Tourist_Attractions.Tourist_Attraction_ID WHERE  Tourist_Attractions.Tourist_Attraction_ID != 2 OR Royal_Family_Details NOT IN (SELECT Royal_Family_Details FROM Royal_Family) ORDER BY Shop_ID ASC"
"{'meaningful_joins': 'yes', 'table_exp_type': 'SELF JOIN', 'where_type': 'none', 'number_of_value_exp_in_group_by': 0, 'having_type': 'none', 'orderby_type': 'none', 'limit_type': 'none', 'value_exp_types': ['agg_exp', 'single_exp_number'], 'distinct_type': 'none', 'min_max_depth_in_subquery': [1, 1]}","SELECT AVG(Museums.Museum_ID), o.Museum_ID FROM Museums AS o JOIN Museums ON Museums.Museum_ID = o.Museum_ID"
"{'meaningful_joins': 'yes', 'table_exp_type': 'JOIN', 'where_type': {'basic_comparison': '>='}, 'number_of_value_exp_in_group_by': 0, 'having_type': 'none', 'orderby_type': 'DESC', 'limit_type': 'without_offset', 'value_exp_types': ['agg_exp', 'single_exp_number', 'single_exp_number'], 'distinct_type': 'none', 'min_max_depth_in_subquery': [1, 1]}","SELECT SUM(Tourist_Attraction_ID), Features.Feature_ID, Tourist_Attraction_ID FROM Tourist_Attraction_Features JOIN Features ON Tourist_Attraction_Features.Feature_ID = Features.Feature_ID WHERE  Tourist_Attraction_ID >= 73 ORDER BY Tourist_Attraction_ID DESC LIMIT 4"
"{'meaningful_joins': 'yes', 'table_exp_type': 'JOIN', 'where_type': {'basic_comparison': '!='}, 'number_of_value_exp_in_group_by': 0, 'having_type': 'none', 'orderby_type': 'none', 'limit_type': 'without_offset', 'value_exp_types': ['single_exp_number'], 'distinct_type': 'none', 'min_max_depth_in_subquery': [1, 1]}",SELECT Tourist_Attractions.Location_ID FROM Tourist_Attractions JOIN Locations ON Locations.Location_ID = Tourist_Attractions.Location_ID WHERE  Tourist_Attraction_ID != 79 LIMIT 8
"{'meaningful_joins': 'yes', 'table_exp_type': 'single_table', 'where_type': 'none', 'number_of_value_exp_in_group_by': 0, 'having_type': 'none', 'orderby_type': 'none', 'limit_type': 'without_offset', 'value_exp_types': ['single_exp_number'], 'distinct_type': 'none', 'min_max_depth_in_subquery': [1, 1]}",SELECT Photo_ID FROM Photos LIMIT 6
