Specification,query
"{'meaningful_joins': 'yes', 'table_exp_type': 'SELF JOIN', 'where_type': 'none', 'number_of_value_exp_in_group_by': 0, 'having_type': 'none', 'orderby_type': 'DESC', 'limit_type': 'none', 'value_exp_types': ['single_exp_text'], 'distinct_type': 'none', 'min_max_depth_in_subquery': [1, 1]}",SELECT Ref_Locations.Location_Description FROM Ref_Locations JOIN Ref_Locations AS g ON Ref_Locations.Location_Code = g.Location_Code ORDER BY Ref_Locations.Location_Description DESC
"{'meaningful_joins': 'yes', 'table_exp_type': 'JOIN', 'where_type': 'none', 'number_of_value_exp_in_group_by': 1, 'having_type': 'none', 'orderby_type': 'DESC', 'limit_type': 'none', 'value_exp_types': ['single_exp_text'], 'distinct_type': 'none', 'min_max_depth_in_subquery': [1, 1]}","SELECT Other_Details, Document_Type_Description FROM Ref_Document_Types JOIN All_Documents ON All_Documents.Document_Type_Code = Ref_Document_Types.Document_Type_Code GROUP BY Document_Type_Description ORDER BY Document_Type_Description DESC"
"{'meaningful_joins': 'yes', 'table_exp_type': 'single_table', 'where_type': {'basic_comparison': '>'}, 'number_of_value_exp_in_group_by': 0, 'having_type': 'none', 'orderby_type': 'none', 'limit_type': 'without_offset', 'value_exp_types': ['single_exp_number', 'single_exp_text'], 'distinct_type': 'none', 'min_max_depth_in_subquery': [1, 1]}","SELECT Document_ID, Location_Code FROM Document_Locations WHERE  Document_ID > 28 LIMIT 8"
"{'meaningful_joins': 'yes', 'table_exp_type': 'JOIN', 'where_type': 'none', 'number_of_value_exp_in_group_by': 1, 'having_type': 'none', 'orderby_type': 'none', 'limit_type': 'none', 'value_exp_types': ['agg_exp', 'single_exp_number'], 'distinct_type': 'none', 'min_max_depth_in_subquery': [1, 1]}","SELECT MIN(Documents_to_be_Destroyed.Document_ID), All_Documents.Document_ID, Document_Type_Code FROM Documents_to_be_Destroyed JOIN All_Documents ON Documents_to_be_Destroyed.Document_ID = All_Documents.Document_ID GROUP BY Document_Type_Code"
"{'meaningful_joins': 'yes', 'table_exp_type': 'JOIN', 'where_type': {'logical_operator': ['AND', 'between', 'not_in_with_subquery']}, 'number_of_value_exp_in_group_by': 0, 'having_type': 'none', 'orderby_type': 'DESC', 'limit_type': 'without_offset', 'value_exp_types': ['agg_exp', 'count_distinct_exp', 'single_exp_text'], 'distinct_type': 'none', 'min_max_depth_in_subquery': [1, 1]}","SELECT COUNT(Employee_ID), COUNT(DISTINCT Employee_ID), Other_Details FROM Roles JOIN Employees ON Employees.Role_Code = Roles.Role_Code WHERE Employee_ID BETWEEN 1 AND 10 AND Role_Code NOT IN (SELECT Role_Code FROM Roles LIMIT 3) ORDER BY Other_Details DESC LIMIT 3"
"{'meaningful_joins': 'yes', 'table_exp_type': 'JOIN_JOIN_JOIN', 'where_type': {'logical_operator': ['AND', 'between', 'in_with_subquery']}, 'number_of_value_exp_in_group_by': 0, 'having_type': 'none', 'orderby_type': 'none', 'limit_type': 'none', 'value_exp_types': ['single_exp_number', 'single_exp_number'], 'distinct_type': 'none', 'min_max_depth_in_subquery': [1, 1]}","SELECT Document_Locations.Document_ID, Document_Locations.Document_ID FROM Ref_Locations JOIN Ref_Calendar JOIN Document_Locations JOIN All_Documents ON All_Documents.Document_ID = Document_Locations.Document_ID AND Document_Locations.Date_in_Location_From = Ref_Calendar.Calendar_Date AND Ref_Locations.Location_Code = Document_Locations.Location_Code WHERE Day_Number BETWEEN 1 AND 10 AND Document_Description IN (SELECT Document_Description FROM All_Documents AS w LIMIT 9)"
"{'meaningful_joins': 'yes', 'table_exp_type': 'single_table', 'where_type': {'basic_comparison': '<'}, 'number_of_value_exp_in_group_by': 0, 'having_type': 'none', 'orderby_type': 'none', 'limit_type': 'without_offset', 'value_exp_types': ['agg_exp', 'single_exp_text'], 'distinct_type': 'none', 'min_max_depth_in_subquery': [1, 1]}","SELECT AVG(Destruction_Authorised_by_Employee_ID), Other_Details FROM Documents_to_be_Destroyed WHERE  Document_ID < 77 LIMIT 5"
"{'meaningful_joins': 'yes', 'table_exp_type': 'single_table_with_name_changing', 'where_type': {'basic_comparison': '!='}, 'number_of_value_exp_in_group_by': 0, 'having_type': 'none', 'orderby_type': 'none', 'limit_type': 'none', 'value_exp_types': ['agg_exp', 'single_exp_text'], 'distinct_type': 'none', 'min_max_depth_in_subquery': [1, 1]}","SELECT MAX(y.Document_ID), y.Document_Name FROM All_Documents AS y WHERE  y.Document_ID != 37"
"{'meaningful_joins': 'yes', 'table_exp_type': 'single_table_with_name_changing', 'where_type': 'none', 'number_of_value_exp_in_group_by': 0, 'having_type': 'none', 'orderby_type': 'none', 'limit_type': 'without_offset', 'value_exp_types': ['single_exp_number', 'single_exp_number'], 'distinct_type': 'none', 'min_max_depth_in_subquery': [1, 1]}","SELECT w.Destruction_Authorised_by_Employee_ID, w.Destroyed_by_Employee_ID FROM Documents_to_be_Destroyed AS w LIMIT 3"
"{'meaningful_joins': 'yes', 'table_exp_type': 'single_table', 'where_type': 'none', 'number_of_value_exp_in_group_by': 1, 'having_type': {'single': 'AVG'}, 'orderby_type': 'none', 'limit_type': 'none', 'value_exp_types': ['agg_exp', 'single_exp_text'], 'distinct_type': 'none', 'min_max_depth_in_subquery': [1, 1]}","SELECT MAX(Document_ID), Other_Details, Date_Stored FROM All_Documents GROUP BY Date_Stored HAVING AVG(Document_ID) = 23"
"{'meaningful_joins': 'yes', 'table_exp_type': 'single_table', 'where_type': 'none', 'number_of_value_exp_in_group_by': 0, 'having_type': 'none', 'orderby_type': 'none', 'limit_type': 'none', 'value_exp_types': ['single_exp_number'], 'distinct_type': 'none', 'min_max_depth_in_subquery': [1, 1]}",SELECT Document_ID FROM Document_Locations
"{'meaningful_joins': 'yes', 'table_exp_type': 'JOIN', 'where_type': {'basic_comparison': '<='}, 'number_of_value_exp_in_group_by': 0, 'having_type': 'none', 'orderby_type': 'none', 'limit_type': 'without_offset', 'value_exp_types': ['single_exp_text'], 'distinct_type': 'none', 'min_max_depth_in_subquery': [1, 1]}",SELECT Other_Details FROM Ref_Calendar JOIN Documents_to_be_Destroyed ON Ref_Calendar.Calendar_Date = Documents_to_be_Destroyed.Actual_Destruction_Date WHERE  Day_Number <= 35 LIMIT 8
"{'meaningful_joins': 'yes', 'table_exp_type': 'single_table', 'where_type': 'not_in_with_subquery', 'number_of_value_exp_in_group_by': 1, 'having_type': {'single': 'SUM'}, 'orderby_type': 'none', 'limit_type': 'without_offset', 'value_exp_types': ['agg_exp', 'single_exp_text'], 'distinct_type': 'none', 'min_max_depth_in_subquery': [1, 1]}","SELECT MAX(Document_ID), Document_Name, Other_Details FROM All_Documents WHERE Document_Name NOT IN (SELECT Document_Name FROM All_Documents WHERE Document_ID BETWEEN 1 AND 10 LIMIT 4) GROUP BY Other_Details HAVING SUM(Document_ID) > 76 LIMIT 5"
"{'meaningful_joins': 'yes', 'table_exp_type': 'single_table_with_name_changing', 'where_type': 'none', 'number_of_value_exp_in_group_by': 1, 'having_type': 'none', 'orderby_type': 'none', 'limit_type': 'none', 'value_exp_types': ['single_exp_text', 'single_exp_text'], 'distinct_type': 'none', 'min_max_depth_in_subquery': [1, 1]}","SELECT q.Location_Code, q.Location_Code, q.Date_in_Locaton_To FROM Document_Locations AS q GROUP BY q.Date_in_Locaton_To"
"{'meaningful_joins': 'yes', 'table_exp_type': 'JOIN_JOIN_JOIN', 'where_type': 'between', 'number_of_value_exp_in_group_by': 0, 'having_type': 'none', 'orderby_type': 'none', 'limit_type': 'none', 'value_exp_types': ['single_exp_text'], 'distinct_type': 'none', 'min_max_depth_in_subquery': [1, 1]}",SELECT Role_Code FROM Ref_Calendar JOIN Employees JOIN Documents_to_be_Destroyed JOIN All_Documents ON Ref_Calendar.Calendar_Date = Documents_to_be_Destroyed.Actual_Destruction_Date AND Documents_to_be_Destroyed.Document_ID = All_Documents.Document_ID AND Documents_to_be_Destroyed.Destruction_Authorised_by_Employee_ID = Employees.Employee_ID AND Employees.Employee_ID = Documents_to_be_Destroyed.Destroyed_by_Employee_ID WHERE Employee_ID BETWEEN 1 AND 10
"{'meaningful_joins': 'yes', 'table_exp_type': 'JOIN_JOIN', 'where_type': 'none', 'number_of_value_exp_in_group_by': 1, 'having_type': 'none', 'orderby_type': 'none', 'limit_type': 'none', 'value_exp_types': ['count_distinct_exp', 'count_distinct_exp', 'count_distinct_exp'], 'distinct_type': 'none', 'min_max_depth_in_subquery': [1, 1]}","SELECT COUNT(DISTINCT Destruction_Authorised_by_Employee_ID), COUNT(DISTINCT Document_Type_Description), COUNT(DISTINCT Documents_to_be_Destroyed.Document_ID), Document_Name FROM Ref_Document_Types JOIN Documents_to_be_Destroyed JOIN All_Documents ON Documents_to_be_Destroyed.Document_ID = All_Documents.Document_ID AND All_Documents.Document_Type_Code = Ref_Document_Types.Document_Type_Code GROUP BY Document_Name"
"{'meaningful_joins': 'yes', 'table_exp_type': 'JOIN', 'where_type': {'basic_comparison': '>='}, 'number_of_value_exp_in_group_by': 0, 'having_type': 'none', 'orderby_type': 'DESC', 'limit_type': 'none', 'value_exp_types': ['single_exp_text'], 'distinct_type': 'none', 'min_max_depth_in_subquery': [1, 1]}",SELECT Other_Details FROM Ref_Calendar JOIN Documents_to_be_Destroyed ON Ref_Calendar.Calendar_Date = Documents_to_be_Destroyed.Actual_Destruction_Date WHERE  Destroyed_by_Employee_ID >= 65 ORDER BY Other_Details DESC
"{'meaningful_joins': 'yes', 'table_exp_type': 'JOIN_JOIN', 'where_type': {'basic_comparison': '>'}, 'number_of_value_exp_in_group_by': 0, 'having_type': 'none', 'orderby_type': 'DESC', 'limit_type': 'without_offset', 'value_exp_types': ['single_exp_text'], 'distinct_type': 'none', 'min_max_depth_in_subquery': [1, 1]}",SELECT Ref_Locations.Location_Code FROM Ref_Locations JOIN Document_Locations JOIN All_Documents ON All_Documents.Document_ID = Document_Locations.Document_ID AND Ref_Locations.Location_Code = Document_Locations.Location_Code WHERE  Document_Locations.Document_ID > 16 ORDER BY Ref_Locations.Location_Code DESC LIMIT 5
"{'meaningful_joins': 'yes', 'table_exp_type': 'JOIN', 'where_type': {'basic_comparison': '<='}, 'number_of_value_exp_in_group_by': 1, 'having_type': {'single': 'COUNT'}, 'orderby_type': 'ASC', 'limit_type': 'without_offset', 'value_exp_types': ['agg_exp', 'count_distinct_exp'], 'distinct_type': 'none', 'min_max_depth_in_subquery': [1, 1]}","SELECT MIN(Document_ID), COUNT(DISTINCT All_Documents.Document_Type_Code), Date_Stored FROM Ref_Document_Types JOIN All_Documents ON All_Documents.Document_Type_Code = Ref_Document_Types.Document_Type_Code WHERE  Document_ID <= 72 GROUP BY Date_Stored HAVING COUNT(Document_ID) >= 33 ORDER BY Date_Stored ASC LIMIT 3"
"{'meaningful_joins': 'yes', 'table_exp_type': 'JOIN_JOIN', 'where_type': {'basic_comparison': '<'}, 'number_of_value_exp_in_group_by': 1, 'having_type': {'single': 'MIN'}, 'orderby_type': 'DESC', 'limit_type': 'without_offset', 'value_exp_types': ['single_exp_number', 'single_exp_number'], 'distinct_type': 'none', 'min_max_depth_in_subquery': [1, 1]}","SELECT Day_Number, Document_Locations.Document_ID, Location_Code FROM Ref_Calendar JOIN Document_Locations JOIN All_Documents ON All_Documents.Document_ID = Document_Locations.Document_ID AND Document_Locations.Date_in_Location_From = Ref_Calendar.Calendar_Date WHERE  Document_Locations.Document_ID < 29 GROUP BY Location_Code HAVING MIN(Document_Locations.Document_ID) < 51 ORDER BY Location_Code DESC LIMIT 7"
"{'meaningful_joins': 'yes', 'table_exp_type': 'JOIN', 'where_type': 'none', 'number_of_value_exp_in_group_by': 0, 'having_type': 'none', 'orderby_type': 'DESC', 'limit_type': 'none', 'value_exp_types': ['single_exp_number'], 'distinct_type': 'none', 'min_max_depth_in_subquery': [1, 1]}",SELECT Destruction_Authorised_by_Employee_ID FROM Documents_to_be_Destroyed JOIN All_Documents ON Documents_to_be_Destroyed.Document_ID = All_Documents.Document_ID ORDER BY Destruction_Authorised_by_Employee_ID DESC
"{'meaningful_joins': 'yes', 'table_exp_type': 'single_table_with_name_changing', 'where_type': {'basic_comparison': '='}, 'number_of_value_exp_in_group_by': 0, 'having_type': 'none', 'orderby_type': 'none', 'limit_type': 'none', 'value_exp_types': ['single_exp_number', 'single_exp_number'], 'distinct_type': 'none', 'min_max_depth_in_subquery': [1, 1]}","SELECT m.Document_ID, m.Document_ID FROM All_Documents AS m WHERE  m.Document_ID = 89"
"{'meaningful_joins': 'yes', 'table_exp_type': 'SELF JOIN', 'where_type': 'none', 'number_of_value_exp_in_group_by': 1, 'having_type': {'single': 'COUNT'}, 'orderby_type': 'none', 'limit_type': 'without_offset', 'value_exp_types': ['agg_exp', 'single_exp_text', 'single_exp_text'], 'distinct_type': 'none', 'min_max_depth_in_subquery': [1, 1]}","SELECT COUNT(All_Documents.Document_ID), All_Documents.Document_Name, o.Document_Name, o.Date_Stored FROM All_Documents AS o JOIN All_Documents ON All_Documents.Document_ID = o.Document_ID GROUP BY o.Date_Stored HAVING COUNT(o.Document_ID) < 82 LIMIT 6"
