Specification,query
"{'meaningful_joins': 'yes', 'table_exp_type': 'JOIN_JOIN', 'where_type': 'not_in_with_subquery', 'number_of_value_exp_in_group_by': 0, 'having_type': 'none', 'orderby_type': 'none', 'limit_type': 'none', 'value_exp_types': ['agg_exp', 'single_exp_number'], 'distinct_type': 'none', 'min_max_depth_in_subquery': [1, 1]}","SELECT AVG(Documents.Template_ID), Documents.Template_ID FROM Documents JOIN Ref_Template_Types JOIN Templates ON Templates.Template_Type_Code = Ref_Template_Types.Template_Type_Code AND Documents.Template_ID = Templates.Template_ID WHERE Version_Number NOT IN (SELECT Version_Number FROM Templates AS l WHERE  l.Version_Number > 100 LIMIT 4)"
"{'meaningful_joins': 'yes', 'table_exp_type': 'single_table_with_name_changing', 'where_type': {'basic_comparison': '!='}, 'number_of_value_exp_in_group_by': 0, 'having_type': 'none', 'orderby_type': 'none', 'limit_type': 'none', 'value_exp_types': ['agg_exp', 'single_exp_number'], 'distinct_type': 'none', 'min_max_depth_in_subquery': [1, 1]}","SELECT MIN(u.Template_ID), u.Template_ID FROM Templates AS u WHERE  u.Template_ID != 98"
"{'meaningful_joins': 'yes', 'table_exp_type': 'single_table', 'where_type': {'logical_operator': ['AND', 'between', 'not_in_with_subquery']}, 'number_of_value_exp_in_group_by': 0, 'having_type': 'none', 'orderby_type': 'none', 'limit_type': 'none', 'value_exp_types': ['agg_exp', 'single_exp_text'], 'distinct_type': 'none', 'min_max_depth_in_subquery': [1, 1]}","SELECT SUM(Template_ID), Document_Name FROM Documents WHERE Template_ID BETWEEN 1 AND 10 AND Document_Name NOT IN (SELECT Document_Name FROM Documents AS h WHERE  h.Template_ID <= 92 LIMIT 4)"
"{'meaningful_joins': 'yes', 'table_exp_type': 'single_table', 'where_type': {'basic_comparison': '<'}, 'number_of_value_exp_in_group_by': 0, 'having_type': 'none', 'orderby_type': 'none', 'limit_type': 'none', 'value_exp_types': ['single_exp_number'], 'distinct_type': 'none', 'min_max_depth_in_subquery': [1, 1]}",SELECT Version_Number FROM Templates WHERE  Version_Number < 72
"{'meaningful_joins': 'yes', 'table_exp_type': 'JOIN', 'where_type': {'basic_comparison': '<='}, 'number_of_value_exp_in_group_by': 0, 'having_type': 'none', 'orderby_type': 'none', 'limit_type': 'without_offset', 'value_exp_types': ['single_exp_number', 'single_exp_text'], 'distinct_type': 'none', 'min_max_depth_in_subquery': [1, 1]}","SELECT Documents.Template_ID, Other_Details FROM Documents JOIN Templates ON Documents.Template_ID = Templates.Template_ID WHERE  Documents.Template_ID <= 89 LIMIT 3"
"{'meaningful_joins': 'yes', 'table_exp_type': 'JOIN_JOIN_JOIN', 'where_type': {'logical_operator': ['OR', 'between', 'in_with_subquery']}, 'number_of_value_exp_in_group_by': 0, 'having_type': 'none', 'orderby_type': 'none', 'limit_type': 'none', 'value_exp_types': ['agg_exp', 'agg_exp', 'count_distinct_exp'], 'distinct_type': 'none', 'min_max_depth_in_subquery': [1, 1]}","SELECT SUM(Templates.Template_ID), MAX(Paragraph_ID), COUNT(DISTINCT Ref_Template_Types.Template_Type_Code) FROM Documents JOIN Ref_Template_Types JOIN Paragraphs JOIN Templates ON Templates.Template_Type_Code = Ref_Template_Types.Template_Type_Code AND Documents.Template_ID = Templates.Template_ID AND Paragraphs.Document_ID = Documents.Document_ID WHERE Paragraph_ID BETWEEN 1 AND 10 OR Template_Type_Code IN (SELECT Template_Type_Code FROM Templates AS i WHERE  i.Version_Number > 17 LIMIT 4)"
"{'meaningful_joins': 'yes', 'table_exp_type': 'single_table_with_name_changing', 'where_type': {'basic_comparison': '!='}, 'number_of_value_exp_in_group_by': 0, 'having_type': 'none', 'orderby_type': 'ASC', 'limit_type': 'none', 'value_exp_types': ['count_distinct_exp', 'single_exp_text'], 'distinct_type': 'none', 'min_max_depth_in_subquery': [1, 1]}","SELECT COUNT(DISTINCT d.Document_Description), d.Document_Name FROM Documents AS d WHERE  d.Template_ID != 50 ORDER BY d.Document_Name ASC"
"{'meaningful_joins': 'yes', 'table_exp_type': 'single_table_with_name_changing', 'where_type': 'comparison_with_subquery', 'number_of_value_exp_in_group_by': 0, 'having_type': 'none', 'orderby_type': 'none', 'limit_type': 'none', 'value_exp_types': ['count_distinct_exp', 'single_exp_number'], 'distinct_type': 'none', 'min_max_depth_in_subquery': [1, 1]}","SELECT COUNT(DISTINCT t.Paragraph_ID), t.Paragraph_ID FROM Paragraphs AS t WHERE Paragraph_ID >= (SELECT MAX(Paragraph_ID) FROM Paragraphs WHERE  Document_ID != 20)"
"{'meaningful_joins': 'yes', 'table_exp_type': 'single_table', 'where_type': 'none', 'number_of_value_exp_in_group_by': 0, 'having_type': 'none', 'orderby_type': 'none', 'limit_type': 'none', 'value_exp_types': ['single_exp_text', 'single_exp_text'], 'distinct_type': 'none', 'min_max_depth_in_subquery': [1, 1]}","SELECT Template_Type_Code, Template_Type_Code FROM Ref_Template_Types"
"{'meaningful_joins': 'yes', 'table_exp_type': 'single_table', 'where_type': {'basic_comparison': '!='}, 'number_of_value_exp_in_group_by': 0, 'having_type': 'none', 'orderby_type': 'DESC', 'limit_type': 'without_offset', 'value_exp_types': ['agg_exp', 'single_exp_number'], 'distinct_type': 'none', 'min_max_depth_in_subquery': [1, 1]}","SELECT COUNT(Template_ID), Template_ID FROM Templates WHERE  Version_Number != 22 ORDER BY Template_ID DESC LIMIT 1"
"{'meaningful_joins': 'yes', 'table_exp_type': 'JOIN', 'where_type': {'basic_comparison': '!='}, 'number_of_value_exp_in_group_by': 1, 'having_type': {'single': 'COUNT'}, 'orderby_type': 'none', 'limit_type': 'none', 'value_exp_types': ['single_exp_number'], 'distinct_type': 'none', 'min_max_depth_in_subquery': [1, 1]}","SELECT Template_ID, Document_Name FROM Documents JOIN Paragraphs ON Paragraphs.Document_ID = Documents.Document_ID WHERE  Paragraph_ID != 47 GROUP BY Document_Name HAVING COUNT(Template_ID) <= 4"
"{'meaningful_joins': 'yes', 'table_exp_type': 'JOIN_JOIN', 'where_type': {'logical_operator': ['AND', 'basic_comparison', 'not_exists_subquery']}, 'number_of_value_exp_in_group_by': 0, 'having_type': 'none', 'orderby_type': 'none', 'limit_type': 'none', 'value_exp_types': ['single_exp_number', 'single_exp_text', 'single_exp_text'], 'distinct_type': 'none', 'min_max_depth_in_subquery': [1, 1]}","SELECT Document_ID, Document_Description, Template_Details FROM Documents JOIN Ref_Template_Types JOIN Templates ON Templates.Template_Type_Code = Ref_Template_Types.Template_Type_Code AND Documents.Template_ID = Templates.Template_ID WHERE  Document_ID != 52 AND EXISTS (SELECT * FROM Paragraphs WHERE  Paragraph_ID = 69 AND Documents.Document_ID = Document_ID)"
"{'meaningful_joins': 'yes', 'table_exp_type': 'JOIN_JOIN_JOIN', 'where_type': {'logical_operator': ['AND', 'between', 'not_exists_subquery']}, 'number_of_value_exp_in_group_by': 0, 'having_type': 'none', 'orderby_type': 'none', 'limit_type': 'none', 'value_exp_types': ['single_exp_number', 'single_exp_number'], 'distinct_type': 'none', 'min_max_depth_in_subquery': [1, 1]}","SELECT Paragraph_ID, Templates.Template_ID FROM Documents JOIN Ref_Template_Types JOIN Paragraphs JOIN Templates ON Templates.Template_Type_Code = Ref_Template_Types.Template_Type_Code AND Documents.Template_ID = Templates.Template_ID AND Paragraphs.Document_ID = Documents.Document_ID WHERE Documents.Template_ID BETWEEN 1 AND 10 AND EXISTS (SELECT * FROM Paragraphs AS l WHERE  l.Document_ID <= 5 AND Documents.Document_ID = l.Document_ID LIMIT 3)"
"{'meaningful_joins': 'yes', 'table_exp_type': 'SELF JOIN', 'where_type': {'basic_comparison': '<='}, 'number_of_value_exp_in_group_by': 0, 'having_type': 'none', 'orderby_type': 'DESC', 'limit_type': 'none', 'value_exp_types': ['agg_exp', 'single_exp_text'], 'distinct_type': 'none', 'min_max_depth_in_subquery': [1, 1]}","SELECT MAX(Templates.Version_Number), e.Template_Type_Code FROM Templates AS e JOIN Templates ON Templates.Template_ID = e.Template_ID WHERE  e.Template_ID <= 8 ORDER BY e.Template_Type_Code DESC"
"{'meaningful_joins': 'yes', 'table_exp_type': 'single_table', 'where_type': 'none', 'number_of_value_exp_in_group_by': 0, 'having_type': 'none', 'orderby_type': 'none', 'limit_type': 'without_offset', 'value_exp_types': ['single_exp_number'], 'distinct_type': 'none', 'min_max_depth_in_subquery': [1, 1]}",SELECT Paragraph_ID FROM Paragraphs LIMIT 9
"{'meaningful_joins': 'yes', 'table_exp_type': 'JOIN_JOIN', 'where_type': 'none', 'number_of_value_exp_in_group_by': 0, 'having_type': 'none', 'orderby_type': 'none', 'limit_type': 'none', 'value_exp_types': ['agg_exp', 'agg_exp', 'single_exp_number'], 'distinct_type': 'none', 'min_max_depth_in_subquery': [1, 1]}","SELECT SUM(Document_ID), SUM(Document_ID), Version_Number FROM Documents JOIN Ref_Template_Types JOIN Templates ON Templates.Template_Type_Code = Ref_Template_Types.Template_Type_Code AND Documents.Template_ID = Templates.Template_ID"
"{'meaningful_joins': 'yes', 'table_exp_type': 'single_table', 'where_type': 'not_exists_subquery', 'number_of_value_exp_in_group_by': 0, 'having_type': 'none', 'orderby_type': 'none', 'limit_type': 'none', 'value_exp_types': ['single_exp_number', 'single_exp_text'], 'distinct_type': 'none', 'min_max_depth_in_subquery': [1, 1]}","SELECT Template_ID, Template_Type_Code FROM Templates WHERE EXISTS (SELECT * FROM Documents WHERE  Document_ID < 33 AND Templates.Template_ID = Template_ID)"
"{'meaningful_joins': 'yes', 'table_exp_type': 'JOIN', 'where_type': {'basic_comparison': '='}, 'number_of_value_exp_in_group_by': 1, 'having_type': {'single': 'MAX'}, 'orderby_type': 'ASC', 'limit_type': 'none', 'value_exp_types': ['single_exp_number', 'single_exp_number'], 'distinct_type': 'none', 'min_max_depth_in_subquery': [1, 1]}","SELECT Paragraph_ID, Documents.Document_ID, Template_ID FROM Documents JOIN Paragraphs ON Paragraphs.Document_ID = Documents.Document_ID WHERE  Paragraphs.Document_ID = 73 GROUP BY Template_ID HAVING MAX(Paragraph_ID) < 33 ORDER BY Paragraph_ID ASC"
"{'meaningful_joins': 'yes', 'table_exp_type': 'SELF JOIN', 'where_type': {'basic_comparison': '>='}, 'number_of_value_exp_in_group_by': 0, 'having_type': 'none', 'orderby_type': 'DESC', 'limit_type': 'none', 'value_exp_types': ['single_exp_number'], 'distinct_type': 'none', 'min_max_depth_in_subquery': [1, 1]}",SELECT a.Version_Number FROM Templates AS a JOIN Templates ON Templates.Template_ID = a.Template_ID WHERE  a.Template_ID >= 55 ORDER BY a.Version_Number DESC
"{'meaningful_joins': 'yes', 'table_exp_type': 'single_table_with_name_changing', 'where_type': {'logical_operator': ['AND', 'between', 'comparison_with_subquery']}, 'number_of_value_exp_in_group_by': 0, 'having_type': 'none', 'orderby_type': 'none', 'limit_type': 'none', 'value_exp_types': ['single_exp_number'], 'distinct_type': 'none', 'min_max_depth_in_subquery': [1, 1]}",SELECT v.Document_ID FROM Paragraphs AS v WHERE v.Document_ID BETWEEN 1 AND 10 AND Other_Details != (SELECT SUM(Other_Details) FROM Documents WHERE  Document_ID <= 97 LIMIT 10)
"{'meaningful_joins': 'yes', 'table_exp_type': 'single_table', 'where_type': {'logical_operator': ['OR', 'basic_comparison', 'in_with_subquery']}, 'number_of_value_exp_in_group_by': 0, 'having_type': 'none', 'orderby_type': 'DESC', 'limit_type': 'none', 'value_exp_types': ['count_distinct_exp', 'single_exp_text'], 'distinct_type': 'none', 'min_max_depth_in_subquery': [1, 1]}","SELECT COUNT(DISTINCT Paragraph_Text), Other_Details FROM Paragraphs WHERE  Document_ID != 68 OR Document_ID IN (SELECT Document_ID FROM Documents WHERE Template_ID BETWEEN 1 AND 10 LIMIT 4) ORDER BY Other_Details DESC"
"{'meaningful_joins': 'yes', 'table_exp_type': 'single_table_with_name_changing', 'where_type': {'logical_operator': ['OR', 'basic_comparison', 'in_with_subquery']}, 'number_of_value_exp_in_group_by': 0, 'having_type': 'none', 'orderby_type': 'DESC', 'limit_type': 'none', 'value_exp_types': ['agg_exp', 'single_exp_number'], 'distinct_type': 'none', 'min_max_depth_in_subquery': [1, 1]}","SELECT MAX(u.Template_ID), u.Template_ID FROM Templates AS u WHERE  u.Version_Number != 38 OR Template_Details IN (SELECT Template_Details FROM Templates AS n WHERE n.Template_ID BETWEEN 1 AND 10) ORDER BY u.Template_ID DESC"
"{'meaningful_joins': 'yes', 'table_exp_type': 'JOIN', 'where_type': 'none', 'number_of_value_exp_in_group_by': 1, 'having_type': {'single': 'SUM'}, 'orderby_type': 'none', 'limit_type': 'none', 'value_exp_types': ['single_exp_number', 'single_exp_number', 'single_exp_text'], 'distinct_type': 'none', 'min_max_depth_in_subquery': [1, 1]}","SELECT Paragraphs.Document_ID, Paragraphs.Document_ID, Document_Name, Paragraphs.Other_Details FROM Documents JOIN Paragraphs ON Paragraphs.Document_ID = Documents.Document_ID GROUP BY Paragraphs.Other_Details HAVING SUM(Paragraph_ID) < 36"
"{'meaningful_joins': 'yes', 'table_exp_type': 'SELF JOIN', 'where_type': 'none', 'number_of_value_exp_in_group_by': 1, 'having_type': 'none', 'orderby_type': 'none', 'limit_type': 'without_offset', 'value_exp_types': ['agg_exp', 'single_exp_text'], 'distinct_type': 'none', 'min_max_depth_in_subquery': [1, 1]}","SELECT AVG(Templates.Version_Number), Templates.Template_Type_Code, v.Date_Effective_From FROM Templates JOIN Templates AS v ON Templates.Template_ID = v.Template_ID GROUP BY v.Date_Effective_From LIMIT 3"
"{'meaningful_joins': 'yes', 'table_exp_type': 'JOIN', 'where_type': {'basic_comparison': '<='}, 'number_of_value_exp_in_group_by': 0, 'having_type': 'none', 'orderby_type': 'none', 'limit_type': 'without_offset', 'value_exp_types': ['single_exp_text'], 'distinct_type': 'none', 'min_max_depth_in_subquery': [1, 1]}",SELECT Document_Description FROM Documents JOIN Paragraphs ON Paragraphs.Document_ID = Documents.Document_ID WHERE  Paragraphs.Document_ID <= 51 LIMIT 4
"{'meaningful_joins': 'yes', 'table_exp_type': 'JOIN', 'where_type': {'basic_comparison': '!='}, 'number_of_value_exp_in_group_by': 0, 'having_type': 'none', 'orderby_type': 'none', 'limit_type': 'none', 'value_exp_types': ['agg_exp', 'single_exp_number'], 'distinct_type': 'none', 'min_max_depth_in_subquery': [1, 1]}","SELECT AVG(Template_ID), Template_ID FROM Ref_Template_Types JOIN Templates ON Templates.Template_Type_Code = Ref_Template_Types.Template_Type_Code WHERE  Version_Number != 55"
"{'meaningful_joins': 'yes', 'table_exp_type': 'single_table', 'where_type': {'basic_comparison': '!='}, 'number_of_value_exp_in_group_by': 0, 'having_type': 'none', 'orderby_type': 'none', 'limit_type': 'none', 'value_exp_types': ['single_exp_number', 'single_exp_text'], 'distinct_type': 'none', 'min_max_depth_in_subquery': [1, 1]}","SELECT Template_ID, Document_Name FROM Documents WHERE  Template_ID != 30"
