Specification,query
"{'meaningful_joins': 'yes', 'table_exp_type': 'single_table', 'where_type': {'logical_operator': ['AND', 'between', 'basic_comparison']}, 'number_of_value_exp_in_group_by': 0, 'having_type': 'none', 'orderby_type': 'none', 'limit_type': 'none', 'value_exp_types': ['agg_exp'], 'distinct_type': 'none', 'min_max_depth_in_subquery': [1, 1]}",SELECT SUM(Collection_ID) FROM Documents_in_Collections WHERE Collection_ID BETWEEN 1 AND 10 AND  Collection_ID <= 5
"{'meaningful_joins': 'yes', 'table_exp_type': 'SELF JOIN', 'where_type': 'exists_subquery', 'number_of_value_exp_in_group_by': 1, 'having_type': {'single': 'SUM'}, 'orderby_type': 'none', 'limit_type': 'without_offset', 'value_exp_types': ['single_exp_number'], 'distinct_type': 'none', 'min_max_depth_in_subquery': [1, 1]}","SELECT a.Related_Collection_ID, a.Collection_Subset_ID FROM Collection_Subset_Members JOIN Collection_Subset_Members AS a ON Collection_Subset_Members.Collection_ID = a.Collection_ID WHERE EXISTS (SELECT * FROM Collection_Subsets AS z WHERE Collection_Subset_Members.Collection_ID = z.Collection_Subset_ID) GROUP BY a.Collection_Subset_ID HAVING SUM(a.Collection_ID) > 6 LIMIT 2"
"{'meaningful_joins': 'yes', 'table_exp_type': 'single_table', 'where_type': 'none', 'number_of_value_exp_in_group_by': 0, 'having_type': 'none', 'orderby_type': 'none', 'limit_type': 'none', 'value_exp_types': ['single_exp_number', 'single_exp_number'], 'distinct_type': 'none', 'min_max_depth_in_subquery': [1, 1]}","SELECT Document_Object_ID, Parent_Document_Object_ID FROM Document_Objects"
"{'meaningful_joins': 'yes', 'table_exp_type': 'single_table', 'where_type': 'exists_subquery', 'number_of_value_exp_in_group_by': 0, 'having_type': 'none', 'orderby_type': 'none', 'limit_type': 'none', 'value_exp_types': ['single_exp_number', 'single_exp_text'], 'distinct_type': 'none', 'min_max_depth_in_subquery': [1, 1]}","SELECT Collection_ID, Collection_Description FROM Collections WHERE EXISTS (SELECT * FROM Collection_Subset_Members AS x WHERE Collections.Collection_ID = x.Related_Collection_ID)"
"{'meaningful_joins': 'yes', 'table_exp_type': 'JOIN', 'where_type': {'basic_comparison': '!='}, 'number_of_value_exp_in_group_by': 0, 'having_type': 'none', 'orderby_type': 'none', 'limit_type': 'without_offset', 'value_exp_types': ['single_exp_number'], 'distinct_type': 'none', 'min_max_depth_in_subquery': [1, 1]}",SELECT Document_Subset_ID FROM Document_Objects JOIN Document_Subset_Members ON Document_Objects.Document_Object_ID = Document_Subset_Members.Related_Document_Object_ID WHERE  Document_Subset_ID != 4 LIMIT 9
"{'meaningful_joins': 'yes', 'table_exp_type': 'single_table_with_name_changing', 'where_type': {'basic_comparison': '<='}, 'number_of_value_exp_in_group_by': 0, 'having_type': 'none', 'orderby_type': 'none', 'limit_type': 'none', 'value_exp_types': ['count_distinct_exp'], 'distinct_type': 'none', 'min_max_depth_in_subquery': [1, 1]}",SELECT COUNT(DISTINCT t.Collection_Subset_ID) FROM Collection_Subsets AS t WHERE  t.Collection_Subset_ID <= 79
"{'meaningful_joins': 'yes', 'table_exp_type': 'single_table', 'where_type': 'none', 'number_of_value_exp_in_group_by': 0, 'having_type': 'none', 'orderby_type': 'ASC', 'limit_type': 'none', 'value_exp_types': ['agg_exp', 'single_exp_text'], 'distinct_type': 'none', 'min_max_depth_in_subquery': [1, 1]}","SELECT MIN(Collection_ID), Collection_Description FROM Collections ORDER BY Collection_Description ASC"
"{'meaningful_joins': 'yes', 'table_exp_type': 'single_table', 'where_type': 'comparison_with_subquery', 'number_of_value_exp_in_group_by': 1, 'having_type': {'single': 'COUNT'}, 'orderby_type': 'DESC', 'limit_type': 'none', 'value_exp_types': ['single_exp_text'], 'distinct_type': 'none', 'min_max_depth_in_subquery': [1, 1]}",SELECT Collection_Description FROM Collections WHERE Collection_Description <= (SELECT SUM(Collection_Description) FROM Collections) GROUP BY Collection_Description HAVING COUNT(Collection_ID) = 4 ORDER BY Collection_Description DESC
"{'meaningful_joins': 'yes', 'table_exp_type': 'single_table', 'where_type': {'basic_comparison': '<='}, 'number_of_value_exp_in_group_by': 0, 'having_type': 'none', 'orderby_type': 'none', 'limit_type': 'none', 'value_exp_types': ['agg_exp', 'count_distinct_exp'], 'distinct_type': 'none', 'min_max_depth_in_subquery': [1, 1]}","SELECT MAX(Collection_ID), COUNT(DISTINCT Collection_Description) FROM Collections WHERE  Parent_Collection_ID <= 50"
"{'meaningful_joins': 'yes', 'table_exp_type': 'single_table_with_name_changing', 'where_type': 'none', 'number_of_value_exp_in_group_by': 1, 'having_type': 'none', 'orderby_type': 'none', 'limit_type': 'without_offset', 'value_exp_types': ['count_distinct_exp', 'single_exp_text', 'single_exp_text'], 'distinct_type': 'none', 'min_max_depth_in_subquery': [1, 1]}","SELECT COUNT(DISTINCT s.Document_Object_ID), s.Owner, s.Owner, s.Description FROM Document_Objects AS s GROUP BY s.Description LIMIT 6"
"{'meaningful_joins': 'yes', 'table_exp_type': 'single_table_with_name_changing', 'where_type': {'basic_comparison': '>='}, 'number_of_value_exp_in_group_by': 0, 'having_type': 'none', 'orderby_type': 'none', 'limit_type': 'none', 'value_exp_types': ['single_exp_text', 'single_exp_text'], 'distinct_type': 'none', 'min_max_depth_in_subquery': [1, 1]}","SELECT f.Collection_Description, f.Collection_Name FROM Collections AS f WHERE  f.Parent_Collection_ID >= 57"
"{'meaningful_joins': 'yes', 'table_exp_type': 'JOIN_JOIN', 'where_type': 'between', 'number_of_value_exp_in_group_by': 0, 'having_type': 'none', 'orderby_type': 'ASC', 'limit_type': 'without_offset', 'value_exp_types': ['single_exp_number', 'single_exp_number'], 'distinct_type': 'none', 'min_max_depth_in_subquery': [1, 1]}","SELECT Collection_Subsets.Collection_Subset_ID, Collections.Collection_ID FROM Collection_Subset_Members JOIN Collection_Subsets JOIN Collections ON Collections.Collection_ID = Collection_Subset_Members.Related_Collection_ID AND Collection_Subset_Members.Collection_Subset_ID = Collection_Subsets.Collection_Subset_ID WHERE Collections.Collection_ID BETWEEN 1 AND 10 ORDER BY Collections.Collection_ID ASC LIMIT 10"
"{'meaningful_joins': 'yes', 'table_exp_type': 'single_table', 'where_type': 'between', 'number_of_value_exp_in_group_by': 0, 'having_type': 'none', 'orderby_type': 'none', 'limit_type': 'none', 'value_exp_types': ['single_exp_number', 'single_exp_text'], 'distinct_type': 'none', 'min_max_depth_in_subquery': [1, 1]}","SELECT Collection_Subset_ID, Collecrtion_Subset_Details FROM Collection_Subsets WHERE Collection_Subset_ID BETWEEN 1 AND 10"
"{'meaningful_joins': 'yes', 'table_exp_type': 'JOIN', 'where_type': 'none', 'number_of_value_exp_in_group_by': 1, 'having_type': {'single': 'MAX'}, 'orderby_type': 'DESC', 'limit_type': 'none', 'value_exp_types': ['agg_exp', 'count_distinct_exp', 'count_distinct_exp'], 'distinct_type': 'none', 'min_max_depth_in_subquery': [1, 1]}","SELECT SUM(Collections.Collection_ID), COUNT(DISTINCT Collection_Subset_Members.Collection_ID), COUNT(DISTINCT Collection_Name), Related_Collection_ID FROM Collection_Subset_Members JOIN Collections ON Collections.Collection_ID = Collection_Subset_Members.Related_Collection_ID GROUP BY Related_Collection_ID HAVING MAX(Related_Collection_ID) = 18 ORDER BY Related_Collection_ID DESC"
"{'meaningful_joins': 'yes', 'table_exp_type': 'single_table_with_name_changing', 'where_type': 'comparison_with_subquery', 'number_of_value_exp_in_group_by': 1, 'having_type': 'none', 'orderby_type': 'none', 'limit_type': 'without_offset', 'value_exp_types': ['single_exp_number'], 'distinct_type': 'none', 'min_max_depth_in_subquery': [1, 1]}","SELECT p.Document_Object_ID, p.Description FROM Document_Objects AS p WHERE Parent_Document_Object_ID = (SELECT MAX(Parent_Document_Object_ID) FROM Document_Objects AS s WHERE  s.Parent_Document_Object_ID > 49 LIMIT 3) GROUP BY p.Description LIMIT 9"
"{'meaningful_joins': 'yes', 'table_exp_type': 'JOIN', 'where_type': 'not_exists_subquery', 'number_of_value_exp_in_group_by': 1, 'having_type': {'single': 'MIN'}, 'orderby_type': 'ASC', 'limit_type': 'none', 'value_exp_types': ['single_exp_text'], 'distinct_type': 'none', 'min_max_depth_in_subquery': [1, 1]}","SELECT Collecrtion_Subset_Details, Collection_Subset_Members.Collection_Subset_ID FROM Collection_Subset_Members JOIN Collection_Subsets ON Collection_Subset_Members.Collection_Subset_ID = Collection_Subsets.Collection_Subset_ID WHERE EXISTS (SELECT * FROM Collection_Subset_Members WHERE  Collection_ID >= 17 AND Collection_Subsets.Collection_Subset_ID = Collection_Subset_ID) GROUP BY Collection_Subset_Members.Collection_Subset_ID HAVING MIN(Related_Collection_ID) = 77 ORDER BY Collection_Subset_Members.Collection_Subset_ID ASC"
"{'meaningful_joins': 'yes', 'table_exp_type': 'single_table', 'where_type': 'between', 'number_of_value_exp_in_group_by': 0, 'having_type': 'none', 'orderby_type': 'none', 'limit_type': 'none', 'value_exp_types': ['single_exp_text'], 'distinct_type': 'none', 'min_max_depth_in_subquery': [1, 1]}",SELECT Collection_Subset_Name FROM Collection_Subsets WHERE Collection_Subset_ID BETWEEN 1 AND 10
"{'meaningful_joins': 'yes', 'table_exp_type': 'single_table_with_name_changing', 'where_type': {'basic_comparison': '='}, 'number_of_value_exp_in_group_by': 1, 'having_type': {'single': 'MAX'}, 'orderby_type': 'none', 'limit_type': 'none', 'value_exp_types': ['single_exp_text', 'single_exp_text'], 'distinct_type': 'none', 'min_max_depth_in_subquery': [1, 1]}","SELECT l.Collection_Name, l.Collection_Description FROM Collections AS l WHERE  l.Collection_ID = 72 GROUP BY l.Collection_Description HAVING MAX(l.Parent_Collection_ID) = 1"
"{'meaningful_joins': 'yes', 'table_exp_type': 'JOIN', 'where_type': {'logical_operator': ['OR', 'between', 'comparison_with_subquery']}, 'number_of_value_exp_in_group_by': 1, 'having_type': 'none', 'orderby_type': 'DESC', 'limit_type': 'none', 'value_exp_types': ['single_exp_text'], 'distinct_type': 'none', 'min_max_depth_in_subquery': [1, 1]}",SELECT Collection_Description FROM Collection_Subset_Members JOIN Collections ON Collections.Collection_ID = Collection_Subset_Members.Related_Collection_ID WHERE Collection_Subset_ID BETWEEN 1 AND 10 OR Collection_Description = (SELECT MAX(Collection_Description) FROM Collections WHERE Parent_Collection_ID BETWEEN 1 AND 10) GROUP BY Collection_Description ORDER BY Collection_Description DESC
"{'meaningful_joins': 'yes', 'table_exp_type': 'single_table', 'where_type': {'basic_comparison': '<='}, 'number_of_value_exp_in_group_by': 0, 'having_type': 'none', 'orderby_type': 'none', 'limit_type': 'none', 'value_exp_types': ['agg_exp', 'single_exp_number'], 'distinct_type': 'none', 'min_max_depth_in_subquery': [1, 1]}","SELECT COUNT(Collection_Subset_ID), Related_Collection_ID FROM Collection_Subset_Members WHERE  Collection_ID <= 83"
"{'meaningful_joins': 'yes', 'table_exp_type': 'JOIN', 'where_type': {'logical_operator': ['OR', 'between', 'basic_comparison']}, 'number_of_value_exp_in_group_by': 0, 'having_type': 'none', 'orderby_type': 'DESC', 'limit_type': 'none', 'value_exp_types': ['single_exp_number', 'single_exp_number'], 'distinct_type': 'none', 'min_max_depth_in_subquery': [1, 1]}","SELECT Parent_Collection_ID, Collections.Collection_ID FROM Collection_Subset_Members JOIN Collections ON Collections.Collection_ID = Collection_Subset_Members.Related_Collection_ID WHERE Collections.Collection_ID BETWEEN 1 AND 10 OR  Collection_Subset_Members.Collection_ID = 97 ORDER BY Parent_Collection_ID DESC"
"{'meaningful_joins': 'yes', 'table_exp_type': 'JOIN_JOIN', 'where_type': 'not_exists_subquery', 'number_of_value_exp_in_group_by': 0, 'having_type': 'none', 'orderby_type': 'ASC', 'limit_type': 'none', 'value_exp_types': ['single_exp_text'], 'distinct_type': 'none', 'min_max_depth_in_subquery': [1, 1]}",SELECT Collection_Name FROM Collection_Subset_Members JOIN Collection_Subsets JOIN Collections ON Collections.Collection_ID = Collection_Subset_Members.Related_Collection_ID AND Collection_Subset_Members.Collection_Subset_ID = Collection_Subsets.Collection_Subset_ID WHERE EXISTS (SELECT * FROM Collection_Subset_Members WHERE Collection_Subset_ID BETWEEN 1 AND 10 AND Collection_Subsets.Collection_Subset_ID = Collection_Subset_ID) ORDER BY Collection_Name ASC
"{'meaningful_joins': 'yes', 'table_exp_type': 'SELF JOIN', 'where_type': 'not_exists_subquery', 'number_of_value_exp_in_group_by': 1, 'having_type': 'none', 'orderby_type': 'ASC', 'limit_type': 'without_offset', 'value_exp_types': ['count_distinct_exp', 'single_exp_number'], 'distinct_type': 'none', 'min_max_depth_in_subquery': [1, 1]}","SELECT COUNT(DISTINCT f.Parent_Collection_ID), Collections.Parent_Collection_ID, Collections.Collection_Description FROM Collections JOIN Collections AS f ON Collections.Collection_ID = f.Collection_ID WHERE EXISTS (SELECT * FROM Collection_Subset_Members WHERE Collections.Collection_ID = Related_Collection_ID) GROUP BY Collections.Collection_Description ORDER BY Collections.Collection_Description ASC LIMIT 6"
"{'meaningful_joins': 'yes', 'table_exp_type': 'JOIN', 'where_type': 'none', 'number_of_value_exp_in_group_by': 1, 'having_type': 'none', 'orderby_type': 'none', 'limit_type': 'none', 'value_exp_types': ['single_exp_number'], 'distinct_type': 'none', 'min_max_depth_in_subquery': [1, 1]}",SELECT Related_Collection_ID FROM Collection_Subset_Members JOIN Collection_Subsets ON Collection_Subset_Members.Collection_Subset_ID = Collection_Subsets.Collection_Subset_ID GROUP BY Related_Collection_ID
"{'meaningful_joins': 'yes', 'table_exp_type': 'single_table', 'where_type': {'basic_comparison': '>'}, 'number_of_value_exp_in_group_by': 1, 'having_type': {'single': 'SUM'}, 'orderby_type': 'none', 'limit_type': 'without_offset', 'value_exp_types': ['single_exp_number', 'single_exp_number'], 'distinct_type': 'none', 'min_max_depth_in_subquery': [1, 1]}","SELECT Document_Subset_ID, Document_Subset_ID, Document_Subset_Details FROM Document_Subsets WHERE  Document_Subset_ID > 10 GROUP BY Document_Subset_Details HAVING SUM(Document_Subset_ID) <= 96 LIMIT 5"
"{'meaningful_joins': 'yes', 'table_exp_type': 'JOIN_JOIN', 'where_type': 'none', 'number_of_value_exp_in_group_by': 1, 'having_type': {'single': 'SUM'}, 'orderby_type': 'DESC', 'limit_type': 'none', 'value_exp_types': ['agg_exp'], 'distinct_type': 'none', 'min_max_depth_in_subquery': [1, 1]}","SELECT MIN(Parent_Collection_ID), Collection_Subset_Name FROM Collection_Subset_Members JOIN Collection_Subsets JOIN Collections ON Collections.Collection_ID = Collection_Subset_Members.Related_Collection_ID AND Collection_Subset_Members.Collection_Subset_ID = Collection_Subsets.Collection_Subset_ID GROUP BY Collection_Subset_Name HAVING SUM(Collection_Subset_Members.Collection_ID) < 45 ORDER BY Collection_Subset_Name DESC"
"{'meaningful_joins': 'yes', 'table_exp_type': 'single_table_with_name_changing', 'where_type': {'basic_comparison': '>'}, 'number_of_value_exp_in_group_by': 0, 'having_type': 'none', 'orderby_type': 'DESC', 'limit_type': 'without_offset', 'value_exp_types': ['single_exp_number', 'single_exp_text'], 'distinct_type': 'none', 'min_max_depth_in_subquery': [1, 1]}","SELECT g.Document_Subset_ID, g.Document_Subset_Name FROM Document_Subsets AS g WHERE  g.Document_Subset_ID > 74 ORDER BY g.Document_Subset_ID DESC LIMIT 4"
"{'meaningful_joins': 'yes', 'table_exp_type': 'SELF JOIN', 'where_type': 'not_exists_subquery', 'number_of_value_exp_in_group_by': 1, 'having_type': 'none', 'orderby_type': 'none', 'limit_type': 'none', 'value_exp_types': ['agg_exp', 'count_distinct_exp'], 'distinct_type': 'none', 'min_max_depth_in_subquery': [1, 1]}","SELECT SUM(Collections.Parent_Collection_ID), COUNT(DISTINCT y.Collection_ID), y.Parent_Collection_ID FROM Collections JOIN Collections AS y ON Collections.Collection_ID = y.Collection_ID WHERE EXISTS (SELECT * FROM Collection_Subset_Members AS o WHERE  o.Collection_Subset_ID <= 44 AND Collections.Collection_ID = o.Related_Collection_ID) GROUP BY y.Parent_Collection_ID"
