Specification,query
"{'meaningful_joins': 'yes', 'table_exp_type': 'JOIN', 'where_type': 'none', 'number_of_value_exp_in_group_by': 0, 'having_type': 'none', 'orderby_type': 'DESC', 'limit_type': 'without_offset', 'value_exp_types': ['agg_exp', 'single_exp_text'], 'distinct_type': 'none', 'min_max_depth_in_subquery': [1, 1]}","SELECT COUNT(employee_id), Employees.role_code FROM Roles JOIN Employees ON Employees.role_code = Roles.role_code ORDER BY Employees.role_code DESC LIMIT 2"
"{'meaningful_joins': 'yes', 'table_exp_type': 'single_table', 'where_type': 'in_with_subquery', 'number_of_value_exp_in_group_by': 1, 'having_type': 'none', 'orderby_type': 'ASC', 'limit_type': 'none', 'value_exp_types': ['agg_exp', 'agg_exp'], 'distinct_type': 'none', 'min_max_depth_in_subquery': [1, 1]}","SELECT AVG(copy_number), AVG(document_id), draft_number FROM Draft_Copies WHERE draft_number IN (SELECT draft_number FROM Circulation_History WHERE  employee_id = 72 LIMIT 5) GROUP BY draft_number ORDER BY draft_number ASC"
"{'meaningful_joins': 'yes', 'table_exp_type': 'single_table', 'where_type': {'basic_comparison': '>='}, 'number_of_value_exp_in_group_by': 1, 'having_type': 'none', 'orderby_type': 'none', 'limit_type': 'none', 'value_exp_types': ['single_exp_number', 'single_exp_number'], 'distinct_type': 'none', 'min_max_depth_in_subquery': [1, 1]}","SELECT copy_number, draft_number FROM Circulation_History WHERE  document_id >= 71 GROUP BY copy_number"
"{'meaningful_joins': 'yes', 'table_exp_type': 'single_table', 'where_type': {'basic_comparison': '='}, 'number_of_value_exp_in_group_by': 0, 'having_type': 'none', 'orderby_type': 'DESC', 'limit_type': 'without_offset', 'value_exp_types': ['agg_exp', 'single_exp_number', 'single_exp_number'], 'distinct_type': 'none', 'min_max_depth_in_subquery': [1, 1]}","SELECT COUNT(draft_number), draft_number, document_id FROM Document_Drafts WHERE  document_id = 52 ORDER BY draft_number DESC LIMIT 6"
"{'meaningful_joins': 'yes', 'table_exp_type': 'single_table_with_name_changing', 'where_type': {'basic_comparison': '<'}, 'number_of_value_exp_in_group_by': 0, 'having_type': 'none', 'orderby_type': 'DESC', 'limit_type': 'without_offset', 'value_exp_types': ['single_exp_number'], 'distinct_type': 'none', 'min_max_depth_in_subquery': [1, 1]}",SELECT l.mailed_to_address_id FROM Documents_Mailed AS l WHERE  l.document_id < 36 ORDER BY l.mailed_to_address_id DESC LIMIT 10
"{'meaningful_joins': 'yes', 'table_exp_type': 'single_table', 'where_type': {'basic_comparison': '<='}, 'number_of_value_exp_in_group_by': 0, 'having_type': 'none', 'orderby_type': 'DESC', 'limit_type': 'none', 'value_exp_types': ['agg_exp', 'single_exp_number'], 'distinct_type': 'none', 'min_max_depth_in_subquery': [1, 1]}","SELECT COUNT(copy_number), employee_id FROM Circulation_History WHERE  document_id <= 3 ORDER BY employee_id DESC"
"{'meaningful_joins': 'yes', 'table_exp_type': 'single_table_with_name_changing', 'where_type': {'logical_operator': ['AND', 'between', 'not_in_with_subquery']}, 'number_of_value_exp_in_group_by': 0, 'having_type': 'none', 'orderby_type': 'none', 'limit_type': 'without_offset', 'value_exp_types': ['count_distinct_exp', 'count_distinct_exp', 'count_distinct_exp'], 'distinct_type': 'none', 'min_max_depth_in_subquery': [1, 1]}","SELECT COUNT(DISTINCT n.document_type_code), COUNT(DISTINCT n.document_status_code), COUNT(DISTINCT n.other_details) FROM Documents AS n WHERE n.document_id BETWEEN 1 AND 10 AND document_id NOT IN (SELECT document_id FROM Draft_Copies WHERE  copy_number >= 79) LIMIT 4"
"{'meaningful_joins': 'yes', 'table_exp_type': 'single_table_with_name_changing', 'where_type': 'between', 'number_of_value_exp_in_group_by': 0, 'having_type': 'none', 'orderby_type': 'none', 'limit_type': 'none', 'value_exp_types': ['single_exp_text', 'single_exp_text'], 'distinct_type': 'none', 'min_max_depth_in_subquery': [1, 1]}","SELECT k.other_details, k.employee_name FROM Employees AS k WHERE k.employee_id BETWEEN 1 AND 10"
"{'meaningful_joins': 'yes', 'table_exp_type': 'JOIN_JOIN_JOIN', 'where_type': {'basic_comparison': '='}, 'number_of_value_exp_in_group_by': 0, 'having_type': 'none', 'orderby_type': 'ASC', 'limit_type': 'without_offset', 'value_exp_types': ['single_exp_text'], 'distinct_type': 'none', 'min_max_depth_in_subquery': [1, 1]}",SELECT Documents.shipping_agent_code FROM Documents JOIN Ref_Shipping_Agents JOIN Ref_Document_Status JOIN Documents_Mailed ON Documents.shipping_agent_code = Ref_Shipping_Agents.shipping_agent_code AND Documents.document_id = Documents_Mailed.document_id AND Ref_Document_Status.document_status_code = Documents.document_status_code WHERE  mailed_to_address_id = 76 ORDER BY Documents.shipping_agent_code ASC LIMIT 2
"{'meaningful_joins': 'yes', 'table_exp_type': 'single_table_with_name_changing', 'where_type': {'logical_operator': ['AND', 'basic_comparison', 'in_with_subquery']}, 'number_of_value_exp_in_group_by': 0, 'having_type': 'none', 'orderby_type': 'none', 'limit_type': 'none', 'value_exp_types': ['single_exp_number'], 'distinct_type': 'none', 'min_max_depth_in_subquery': [1, 1]}",SELECT h.mailed_to_address_id FROM Documents_Mailed AS h WHERE  h.mailed_to_address_id > 78 AND document_id IN (SELECT document_id FROM Document_Drafts AS g WHERE g.document_id BETWEEN 1 AND 10 OR  g.document_id != 25)
"{'meaningful_joins': 'yes', 'table_exp_type': 'JOIN_JOIN', 'where_type': {'logical_operator': ['AND', 'basic_comparison', 'comparison_with_subquery']}, 'number_of_value_exp_in_group_by': 1, 'having_type': 'none', 'orderby_type': 'none', 'limit_type': 'without_offset', 'value_exp_types': ['agg_exp', 'single_exp_number'], 'distinct_type': 'none', 'min_max_depth_in_subquery': [1, 1]}","SELECT AVG(mailed_to_address_id), address_id, mailed_to_address_id FROM Documents JOIN Addresses JOIN Documents_Mailed ON Documents.document_id = Documents_Mailed.document_id AND Documents_Mailed.mailed_to_address_id = Addresses.address_id WHERE  address_id != 42 AND document_id = (SELECT MAX(document_id) FROM Documents_Mailed WHERE  document_id != 91) GROUP BY mailed_to_address_id LIMIT 7"
"{'meaningful_joins': 'yes', 'table_exp_type': 'JOIN_JOIN_JOIN', 'where_type': 'comparison_with_subquery', 'number_of_value_exp_in_group_by': 1, 'having_type': {'single': 'AVG'}, 'orderby_type': 'DESC', 'limit_type': 'none', 'value_exp_types': ['single_exp_number', 'single_exp_text'], 'distinct_type': 'none', 'min_max_depth_in_subquery': [1, 1]}","SELECT Draft_Copies.draft_number, role_description, Employees.role_code FROM Roles JOIN Draft_Copies JOIN Circulation_History JOIN Employees ON Draft_Copies.document_id = Circulation_History.document_id AND Draft_Copies.copy_number = Circulation_History.copy_number AND Circulation_History.employee_id = Employees.employee_id AND Employees.role_code = Roles.role_code WHERE employee_name <= (SELECT MIN(employee_name) FROM Employees AS z WHERE  z.employee_id > 0) GROUP BY Employees.role_code HAVING AVG(Draft_Copies.document_id) < 16 ORDER BY role_description DESC"
"{'meaningful_joins': 'yes', 'table_exp_type': 'single_table_with_name_changing', 'where_type': {'basic_comparison': '>'}, 'number_of_value_exp_in_group_by': 0, 'having_type': 'none', 'orderby_type': 'none', 'limit_type': 'without_offset', 'value_exp_types': ['count_distinct_exp'], 'distinct_type': 'none', 'min_max_depth_in_subquery': [1, 1]}",SELECT COUNT(DISTINCT l.other_details) FROM Documents AS l WHERE  l.document_id > 53 LIMIT 5
"{'meaningful_joins': 'yes', 'table_exp_type': 'JOIN_JOIN_JOIN', 'where_type': {'basic_comparison': '>'}, 'number_of_value_exp_in_group_by': 0, 'having_type': 'none', 'orderby_type': 'ASC', 'limit_type': 'none', 'value_exp_types': ['single_exp_number'], 'distinct_type': 'none', 'min_max_depth_in_subquery': [1, 1]}",SELECT Documents.document_id FROM Documents JOIN Addresses JOIN Ref_Shipping_Agents JOIN Documents_Mailed ON Documents.shipping_agent_code = Ref_Shipping_Agents.shipping_agent_code AND Documents.document_id = Documents_Mailed.document_id AND Documents_Mailed.mailed_to_address_id = Addresses.address_id WHERE  Documents.document_id > 4 ORDER BY Documents.document_id ASC
"{'meaningful_joins': 'yes', 'table_exp_type': 'JOIN', 'where_type': 'none', 'number_of_value_exp_in_group_by': 0, 'having_type': 'none', 'orderby_type': 'none', 'limit_type': 'none', 'value_exp_types': ['agg_exp', 'agg_exp'], 'distinct_type': 'none', 'min_max_depth_in_subquery': [1, 1]}","SELECT AVG(Employees.employee_id), SUM(draft_number) FROM Circulation_History JOIN Employees ON Circulation_History.employee_id = Employees.employee_id"
"{'meaningful_joins': 'yes', 'table_exp_type': 'JOIN_JOIN_JOIN', 'where_type': {'basic_comparison': '>='}, 'number_of_value_exp_in_group_by': 1, 'having_type': {'single': 'MAX'}, 'orderby_type': 'none', 'limit_type': 'none', 'value_exp_types': ['single_exp_number'], 'distinct_type': 'none', 'min_max_depth_in_subquery': [1, 1]}","SELECT Documents_Mailed.document_id, document_type_code FROM Documents JOIN Addresses JOIN Ref_Document_Status JOIN Documents_Mailed ON Documents.document_id = Documents_Mailed.document_id AND Documents_Mailed.mailed_to_address_id = Addresses.address_id AND Ref_Document_Status.document_status_code = Documents.document_status_code WHERE  mailed_to_address_id >= 46 GROUP BY document_type_code HAVING MAX(address_id) < 34"
"{'meaningful_joins': 'yes', 'table_exp_type': 'JOIN', 'where_type': {'basic_comparison': '!='}, 'number_of_value_exp_in_group_by': 0, 'having_type': 'none', 'orderby_type': 'none', 'limit_type': 'none', 'value_exp_types': ['single_exp_number'], 'distinct_type': 'none', 'min_max_depth_in_subquery': [1, 1]}",SELECT document_id FROM Documents JOIN Ref_Document_Status ON Ref_Document_Status.document_status_code = Documents.document_status_code WHERE  document_id != 29
"{'meaningful_joins': 'yes', 'table_exp_type': 'single_table', 'where_type': {'basic_comparison': '!='}, 'number_of_value_exp_in_group_by': 0, 'having_type': 'none', 'orderby_type': 'ASC', 'limit_type': 'none', 'value_exp_types': ['single_exp_number'], 'distinct_type': 'none', 'min_max_depth_in_subquery': [1, 1]}",SELECT mailed_to_address_id FROM Documents_Mailed WHERE  document_id != 64 ORDER BY mailed_to_address_id ASC
"{'meaningful_joins': 'yes', 'table_exp_type': 'single_table_with_name_changing', 'where_type': {'basic_comparison': '<'}, 'number_of_value_exp_in_group_by': 0, 'having_type': 'none', 'orderby_type': 'none', 'limit_type': 'none', 'value_exp_types': ['single_exp_number', 'single_exp_text'], 'distinct_type': 'none', 'min_max_depth_in_subquery': [1, 1]}","SELECT r.address_id, r.address_details FROM Addresses AS r WHERE  r.address_id < 16"
"{'meaningful_joins': 'yes', 'table_exp_type': 'JOIN', 'where_type': 'none', 'number_of_value_exp_in_group_by': 0, 'having_type': 'none', 'orderby_type': 'none', 'limit_type': 'none', 'value_exp_types': ['count_distinct_exp', 'single_exp_number'], 'distinct_type': 'none', 'min_max_depth_in_subquery': [1, 1]}","SELECT COUNT(DISTINCT document_status_code), document_id FROM Documents JOIN Ref_Document_Types ON Documents.document_type_code = Ref_Document_Types.document_type_code"
"{'meaningful_joins': 'yes', 'table_exp_type': 'JOIN_JOIN', 'where_type': {'basic_comparison': '>='}, 'number_of_value_exp_in_group_by': 1, 'having_type': {'single': 'AVG'}, 'orderby_type': 'none', 'limit_type': 'none', 'value_exp_types': ['agg_exp'], 'distinct_type': 'none', 'min_max_depth_in_subquery': [1, 1]}","SELECT AVG(Documents_Mailed.document_id), mailed_to_address_id FROM Documents JOIN Ref_Shipping_Agents JOIN Documents_Mailed ON Documents.shipping_agent_code = Ref_Shipping_Agents.shipping_agent_code AND Documents.document_id = Documents_Mailed.document_id WHERE  mailed_to_address_id >= 86 GROUP BY mailed_to_address_id HAVING AVG(mailed_to_address_id) <= 87"
