Specification,query
"{'meaningful_joins': 'yes', 'table_exp_type': 'JOIN', 'where_type': {'logical_operator': ['OR', 'between', 'basic_comparison']}, 'number_of_value_exp_in_group_by': 0, 'having_type': 'none', 'orderby_type': 'none', 'limit_type': 'none', 'value_exp_types': ['agg_exp', 'single_exp_text'], 'distinct_type': 'none', 'min_max_depth_in_subquery': [1, 1]}","SELECT COUNT(Project_ID), Document_Details FROM Documents JOIN Documents_with_Expenses ON Documents_with_Expenses.Document_ID = Documents.Document_ID WHERE Documents.Document_ID BETWEEN 1 AND 10 OR  Project_ID != 61"
"{'meaningful_joins': 'yes', 'table_exp_type': 'JOIN_JOIN', 'where_type': {'basic_comparison': '!='}, 'number_of_value_exp_in_group_by': 0, 'having_type': 'none', 'orderby_type': 'none', 'limit_type': 'none', 'value_exp_types': ['agg_exp', 'agg_exp', 'single_exp_number'], 'distinct_type': 'none', 'min_max_depth_in_subquery': [1, 1]}","SELECT MIN(Documents.Project_ID), MAX(Document_ID), Document_ID FROM Documents JOIN Ref_Document_Types JOIN Projects ON Documents.Project_ID = Projects.Project_ID AND Ref_Document_Types.Document_Type_Code = Documents.Document_Type_Code WHERE  Projects.Project_ID != 12"
"{'meaningful_joins': 'yes', 'table_exp_type': 'JOIN', 'where_type': 'not_in_with_subquery', 'number_of_value_exp_in_group_by': 0, 'having_type': 'none', 'orderby_type': 'none', 'limit_type': 'without_offset', 'value_exp_types': ['agg_exp', 'agg_exp'], 'distinct_type': 'none', 'min_max_depth_in_subquery': [1, 1]}","SELECT SUM(Statements.Statement_ID), MIN(Accounts.Statement_ID) FROM Statements JOIN Accounts ON Statements.Statement_ID = Accounts.Statement_ID WHERE Statement_ID NOT IN (SELECT Statement_ID FROM Statements AS r WHERE  r.Statement_ID < 80 LIMIT 7) LIMIT 7"
"{'meaningful_joins': 'yes', 'table_exp_type': 'single_table_with_name_changing', 'where_type': {'logical_operator': ['OR', 'between', 'comparison_with_subquery']}, 'number_of_value_exp_in_group_by': 1, 'having_type': 'none', 'orderby_type': 'none', 'limit_type': 'none', 'value_exp_types': ['agg_exp'], 'distinct_type': 'none', 'min_max_depth_in_subquery': [1, 1]}","SELECT COUNT(x.Project_ID), x.Project_Details FROM Projects AS x WHERE x.Project_ID BETWEEN 1 AND 10 OR Project_Details > (SELECT MIN(Project_Details) FROM Projects AS q WHERE  q.Project_ID >= 19 LIMIT 7) GROUP BY x.Project_Details"
"{'meaningful_joins': 'yes', 'table_exp_type': 'single_table_with_name_changing', 'where_type': 'in_with_subquery', 'number_of_value_exp_in_group_by': 1, 'having_type': 'none', 'orderby_type': 'DESC', 'limit_type': 'none', 'value_exp_types': ['agg_exp', 'single_exp_text'], 'distinct_type': 'none', 'min_max_depth_in_subquery': [1, 1]}","SELECT SUM(k.Document_ID), k.Document_Details FROM Documents_with_Expenses AS k WHERE Document_Details IN (SELECT Document_Details FROM Documents_with_Expenses) GROUP BY k.Document_Details ORDER BY k.Document_Details DESC"
"{'meaningful_joins': 'yes', 'table_exp_type': 'JOIN', 'where_type': {'basic_comparison': '<='}, 'number_of_value_exp_in_group_by': 0, 'having_type': 'none', 'orderby_type': 'DESC', 'limit_type': 'none', 'value_exp_types': ['single_exp_number'], 'distinct_type': 'none', 'min_max_depth_in_subquery': [1, 1]}",SELECT Statements.Statement_ID FROM Statements JOIN Accounts ON Statements.Statement_ID = Accounts.Statement_ID WHERE  Account_ID <= 38 ORDER BY Statements.Statement_ID DESC
"{'meaningful_joins': 'yes', 'table_exp_type': 'JOIN', 'where_type': 'exists_subquery', 'number_of_value_exp_in_group_by': 1, 'having_type': 'none', 'orderby_type': 'none', 'limit_type': 'none', 'value_exp_types': ['single_exp_number', 'single_exp_text'], 'distinct_type': 'none', 'min_max_depth_in_subquery': [1, 1]}","SELECT Document_ID, Other_Details, Project_ID FROM Documents JOIN Statements ON Documents.Document_ID = Statements.Statement_ID WHERE EXISTS (SELECT * FROM Statements AS w WHERE w.Statement_ID BETWEEN 1 AND 10 AND Documents.Document_ID = w.Statement_ID LIMIT 1) GROUP BY Project_ID"
"{'meaningful_joins': 'yes', 'table_exp_type': 'single_table', 'where_type': 'comparison_with_subquery', 'number_of_value_exp_in_group_by': 0, 'having_type': 'none', 'orderby_type': 'ASC', 'limit_type': 'none', 'value_exp_types': ['count_distinct_exp', 'count_distinct_exp', 'single_exp_text'], 'distinct_type': 'none', 'min_max_depth_in_subquery': [1, 1]}","SELECT COUNT(DISTINCT Statement_ID), COUNT(DISTINCT Statement_Details), Statement_Details FROM Statements WHERE Statement_Details != (SELECT AVG(Statement_Details) FROM Statements WHERE  Statement_ID = 52) ORDER BY Statement_Details ASC"
"{'meaningful_joins': 'yes', 'table_exp_type': 'single_table_with_name_changing', 'where_type': 'none', 'number_of_value_exp_in_group_by': 0, 'having_type': 'none', 'orderby_type': 'none', 'limit_type': 'none', 'value_exp_types': ['single_exp_number', 'single_exp_text'], 'distinct_type': 'none', 'min_max_depth_in_subquery': [1, 1]}","SELECT d.Statement_ID, d.Statement_Details FROM Statements AS d"
"{'meaningful_joins': 'yes', 'table_exp_type': 'SELF JOIN', 'where_type': {'basic_comparison': '!='}, 'number_of_value_exp_in_group_by': 0, 'having_type': 'none', 'orderby_type': 'none', 'limit_type': 'without_offset', 'value_exp_types': ['single_exp_number', 'single_exp_number'], 'distinct_type': 'none', 'min_max_depth_in_subquery': [1, 1]}","SELECT Projects.Project_ID, Projects.Project_ID FROM Projects AS t JOIN Projects ON Projects.Project_ID = t.Project_ID WHERE  Projects.Project_ID != 81 LIMIT 8"
"{'meaningful_joins': 'yes', 'table_exp_type': 'JOIN_JOIN', 'where_type': {'basic_comparison': '<='}, 'number_of_value_exp_in_group_by': 1, 'having_type': 'none', 'orderby_type': 'ASC', 'limit_type': 'none', 'value_exp_types': ['count_distinct_exp'], 'distinct_type': 'none', 'min_max_depth_in_subquery': [1, 1]}","SELECT COUNT(DISTINCT Document_Type_Description), Document_Type_Name FROM Documents JOIN Statements JOIN Ref_Document_Types ON Documents.Document_ID = Statements.Statement_ID AND Ref_Document_Types.Document_Type_Code = Documents.Document_Type_Code WHERE  Statement_ID <= 52 GROUP BY Document_Type_Name ORDER BY Document_Type_Name ASC"
"{'meaningful_joins': 'yes', 'table_exp_type': 'single_table', 'where_type': 'none', 'number_of_value_exp_in_group_by': 1, 'having_type': 'none', 'orderby_type': 'ASC', 'limit_type': 'none', 'value_exp_types': ['single_exp_text'], 'distinct_type': 'none', 'min_max_depth_in_subquery': [1, 1]}",SELECT Statement_Details FROM Statements GROUP BY Statement_Details ORDER BY Statement_Details ASC
"{'meaningful_joins': 'yes', 'table_exp_type': 'single_table', 'where_type': {'basic_comparison': '='}, 'number_of_value_exp_in_group_by': 0, 'having_type': 'none', 'orderby_type': 'none', 'limit_type': 'none', 'value_exp_types': ['agg_exp', 'count_distinct_exp', 'single_exp_text'], 'distinct_type': 'none', 'min_max_depth_in_subquery': [1, 1]}","SELECT COUNT(Statement_ID), COUNT(DISTINCT Account_ID), Account_Details FROM Accounts WHERE  Account_ID = 76"
"{'meaningful_joins': 'yes', 'table_exp_type': 'JOIN', 'where_type': {'logical_operator': ['OR', 'basic_comparison', 'not_in_with_subquery']}, 'number_of_value_exp_in_group_by': 0, 'having_type': 'none', 'orderby_type': 'none', 'limit_type': 'none', 'value_exp_types': ['single_exp_text'], 'distinct_type': 'none', 'min_max_depth_in_subquery': [1, 1]}",SELECT Document_Name FROM Documents JOIN Projects ON Documents.Project_ID = Projects.Project_ID WHERE  Document_ID > 49 OR Project_ID NOT IN (SELECT Project_ID FROM Projects WHERE  Project_ID != 11)
"{'meaningful_joins': 'yes', 'table_exp_type': 'JOIN', 'where_type': {'basic_comparison': '>='}, 'number_of_value_exp_in_group_by': 1, 'having_type': 'none', 'orderby_type': 'none', 'limit_type': 'without_offset', 'value_exp_types': ['single_exp_number', 'single_exp_text'], 'distinct_type': 'none', 'min_max_depth_in_subquery': [1, 1]}","SELECT Project_ID, Document_Name, Statement_Details FROM Documents JOIN Statements ON Documents.Document_ID = Statements.Statement_ID WHERE  Document_ID >= 77 GROUP BY Statement_Details LIMIT 4"
"{'meaningful_joins': 'yes', 'table_exp_type': 'JOIN', 'where_type': {'basic_comparison': '>='}, 'number_of_value_exp_in_group_by': 0, 'having_type': 'none', 'orderby_type': 'ASC', 'limit_type': 'none', 'value_exp_types': ['count_distinct_exp', 'count_distinct_exp', 'single_exp_text'], 'distinct_type': 'none', 'min_max_depth_in_subquery': [1, 1]}","SELECT COUNT(DISTINCT Document_Name), COUNT(DISTINCT Documents.Document_ID), Document_Details FROM Documents JOIN Documents_with_Expenses ON Documents_with_Expenses.Document_ID = Documents.Document_ID WHERE  Documents.Document_ID >= 38 ORDER BY Document_Details ASC"
"{'meaningful_joins': 'yes', 'table_exp_type': 'JOIN_JOIN', 'where_type': {'basic_comparison': '<'}, 'number_of_value_exp_in_group_by': 1, 'having_type': 'none', 'orderby_type': 'none', 'limit_type': 'without_offset', 'value_exp_types': ['agg_exp', 'single_exp_number', 'single_exp_number'], 'distinct_type': 'none', 'min_max_depth_in_subquery': [1, 1]}","SELECT MIN(Documents_with_Expenses.Document_ID), Project_ID, Project_ID, Document_Description FROM Documents JOIN Ref_Document_Types JOIN Documents_with_Expenses ON Documents_with_Expenses.Document_ID = Documents.Document_ID AND Ref_Document_Types.Document_Type_Code = Documents.Document_Type_Code WHERE  Project_ID < 22 GROUP BY Document_Description LIMIT 8"
"{'meaningful_joins': 'yes', 'table_exp_type': 'JOIN_JOIN_JOIN', 'where_type': {'basic_comparison': '>='}, 'number_of_value_exp_in_group_by': 1, 'having_type': {'single': 'MIN'}, 'orderby_type': 'DESC', 'limit_type': 'none', 'value_exp_types': ['single_exp_number', 'single_exp_number'], 'distinct_type': 'none', 'min_max_depth_in_subquery': [1, 1]}","SELECT Statements.Statement_ID, Document_ID, Account_Details FROM Documents JOIN Statements JOIN Accounts JOIN Ref_Document_Types ON Documents.Document_ID = Statements.Statement_ID AND Statements.Statement_ID = Accounts.Statement_ID AND Ref_Document_Types.Document_Type_Code = Documents.Document_Type_Code WHERE  Account_ID >= 76 GROUP BY Account_Details HAVING MIN(Account_ID) <= 16 ORDER BY Document_ID DESC"
"{'meaningful_joins': 'yes', 'table_exp_type': 'single_table_with_name_changing', 'where_type': {'logical_operator': ['OR', 'between', 'basic_comparison']}, 'number_of_value_exp_in_group_by': 1, 'having_type': 'none', 'orderby_type': 'none', 'limit_type': 'none', 'value_exp_types': ['agg_exp', 'single_exp_text'], 'distinct_type': 'none', 'min_max_depth_in_subquery': [1, 1]}","SELECT COUNT(l.Statement_ID), l.Statement_Details FROM Statements AS l WHERE l.Statement_ID BETWEEN 1 AND 10 OR  l.Statement_ID > 36 GROUP BY l.Statement_Details"
"{'meaningful_joins': 'yes', 'table_exp_type': 'JOIN', 'where_type': {'logical_operator': ['OR', 'between', 'basic_comparison']}, 'number_of_value_exp_in_group_by': 0, 'having_type': 'none', 'orderby_type': 'none', 'limit_type': 'none', 'value_exp_types': ['agg_exp', 'single_exp_number'], 'distinct_type': 'none', 'min_max_depth_in_subquery': [1, 1]}","SELECT MAX(Project_ID), Document_ID FROM Ref_Document_Types JOIN Documents ON Ref_Document_Types.Document_Type_Code = Documents.Document_Type_Code WHERE Document_ID BETWEEN 1 AND 10 OR  Project_ID <= 82"
"{'meaningful_joins': 'yes', 'table_exp_type': 'JOIN', 'where_type': {'basic_comparison': '>='}, 'number_of_value_exp_in_group_by': 0, 'having_type': 'none', 'orderby_type': 'DESC', 'limit_type': 'without_offset', 'value_exp_types': ['single_exp_number', 'single_exp_text'], 'distinct_type': 'none', 'min_max_depth_in_subquery': [1, 1]}","SELECT Document_ID, Document_Description FROM Ref_Document_Types JOIN Documents ON Ref_Document_Types.Document_Type_Code = Documents.Document_Type_Code WHERE  Document_ID >= 26 ORDER BY Document_ID DESC LIMIT 6"
"{'meaningful_joins': 'yes', 'table_exp_type': 'SELF JOIN', 'where_type': {'basic_comparison': '<'}, 'number_of_value_exp_in_group_by': 0, 'having_type': 'none', 'orderby_type': 'none', 'limit_type': 'without_offset', 'value_exp_types': ['single_exp_number', 'single_exp_text'], 'distinct_type': 'none', 'min_max_depth_in_subquery': [1, 1]}","SELECT a.Document_ID, Documents_with_Expenses.Document_Details FROM Documents_with_Expenses AS a JOIN Documents_with_Expenses ON Documents_with_Expenses.Document_ID = a.Document_ID WHERE  Documents_with_Expenses.Document_ID < 89 LIMIT 7"
"{'meaningful_joins': 'yes', 'table_exp_type': 'JOIN', 'where_type': {'logical_operator': ['OR', 'between', 'basic_comparison']}, 'number_of_value_exp_in_group_by': 0, 'having_type': 'none', 'orderby_type': 'none', 'limit_type': 'none', 'value_exp_types': ['single_exp_number', 'single_exp_number', 'single_exp_number'], 'distinct_type': 'none', 'min_max_depth_in_subquery': [1, 1]}","SELECT Document_ID, Documents.Project_ID, Documents.Project_ID FROM Documents JOIN Projects ON Documents.Project_ID = Projects.Project_ID WHERE Document_ID BETWEEN 1 AND 10 OR  Documents.Project_ID <= 90"
"{'meaningful_joins': 'yes', 'table_exp_type': 'JOIN_JOIN_JOIN', 'where_type': {'logical_operator': ['OR', 'between', 'not_in_with_subquery']}, 'number_of_value_exp_in_group_by': 0, 'having_type': 'none', 'orderby_type': 'none', 'limit_type': 'none', 'value_exp_types': ['single_exp_number'], 'distinct_type': 'none', 'min_max_depth_in_subquery': [1, 1]}",SELECT Statements.Statement_ID FROM Documents JOIN Statements JOIN Accounts JOIN Projects ON Documents.Project_ID = Projects.Project_ID AND Documents.Document_ID = Statements.Statement_ID AND Statements.Statement_ID = Accounts.Statement_ID WHERE Account_ID BETWEEN 1 AND 10 OR Document_Date NOT IN (SELECT Document_Date FROM Documents AS q WHERE q.Project_ID BETWEEN 1 AND 10)
