Specification,query
"{'meaningful_joins': 'yes', 'table_exp_type': 'JOIN_JOIN', 'where_type': {'basic_comparison': '<='}, 'number_of_value_exp_in_group_by': 1, 'having_type': {'single': 'MIN'}, 'orderby_type': 'ASC', 'limit_type': 'none', 'value_exp_types': ['agg_exp', 'single_exp_text'], 'distinct_type': 'none', 'min_max_depth_in_subquery': [1, 1]}","SELECT MIN(Staff_in_Processes.process_id), process_status_code, date_from FROM Business_Processes JOIN Documents_Processes JOIN Staff_in_Processes ON Documents_Processes.process_id = Business_Processes.process_id AND Documents_Processes.document_id = Staff_in_Processes.document_id WHERE  Documents_Processes.document_id <= 1 GROUP BY date_from HAVING MIN(Business_Processes.process_id) = 100 ORDER BY process_status_code ASC"
"{'meaningful_joins': 'yes', 'table_exp_type': 'JOIN', 'where_type': {'basic_comparison': '>'}, 'number_of_value_exp_in_group_by': 0, 'having_type': 'none', 'orderby_type': 'none', 'limit_type': 'none', 'value_exp_types': ['single_exp_text', 'single_exp_text'], 'distinct_type': 'none', 'min_max_depth_in_subquery': [1, 1]}","SELECT staff_role_code, staff_role_code FROM Staff JOIN Staff_in_Processes ON Staff_in_Processes.staff_id = Staff.staff_id WHERE  process_id > 77"
"{'meaningful_joins': 'yes', 'table_exp_type': 'single_table_with_name_changing', 'where_type': {'basic_comparison': '>='}, 'number_of_value_exp_in_group_by': 0, 'having_type': 'none', 'orderby_type': 'none', 'limit_type': 'none', 'value_exp_types': ['count_distinct_exp'], 'distinct_type': 'none', 'min_max_depth_in_subquery': [1, 1]}",SELECT COUNT(DISTINCT o.other_details) FROM Documents AS o WHERE  o.document_id >= 38
"{'meaningful_joins': 'yes', 'table_exp_type': 'JOIN', 'where_type': 'none', 'number_of_value_exp_in_group_by': 0, 'having_type': 'none', 'orderby_type': 'ASC', 'limit_type': 'none', 'value_exp_types': ['count_distinct_exp', 'single_exp_number'], 'distinct_type': 'none', 'min_max_depth_in_subquery': [1, 1]}","SELECT COUNT(DISTINCT date_from), Staff_in_Processes.document_id FROM Documents_Processes JOIN Staff_in_Processes ON Documents_Processes.document_id = Staff_in_Processes.document_id ORDER BY Staff_in_Processes.document_id ASC"
"{'meaningful_joins': 'yes', 'table_exp_type': 'single_table', 'where_type': 'none', 'number_of_value_exp_in_group_by': 0, 'having_type': 'none', 'orderby_type': 'none', 'limit_type': 'none', 'value_exp_types': ['single_exp_text'], 'distinct_type': 'none', 'min_max_depth_in_subquery': [1, 1]}",SELECT process_status_code FROM Process_Status
"{'meaningful_joins': 'yes', 'table_exp_type': 'JOIN_JOIN_JOIN', 'where_type': {'basic_comparison': '!='}, 'number_of_value_exp_in_group_by': 0, 'having_type': 'none', 'orderby_type': 'DESC', 'limit_type': 'none', 'value_exp_types': ['single_exp_text', 'single_exp_text'], 'distinct_type': 'none', 'min_max_depth_in_subquery': [1, 1]}","SELECT document_description, Authors.author_name FROM Documents JOIN Authors JOIN Process_Outcomes JOIN Documents_Processes ON Documents.author_name = Authors.author_name AND Documents.document_id = Documents_Processes.document_id AND Process_Outcomes.process_outcome_code = Documents_Processes.process_outcome_code WHERE  Documents.document_id != 35 ORDER BY document_description DESC"
"{'meaningful_joins': 'yes', 'table_exp_type': 'JOIN', 'where_type': 'none', 'number_of_value_exp_in_group_by': 0, 'having_type': 'none', 'orderby_type': 'ASC', 'limit_type': 'without_offset', 'value_exp_types': ['count_distinct_exp', 'single_exp_text'], 'distinct_type': 'none', 'min_max_depth_in_subquery': [1, 1]}","SELECT COUNT(DISTINCT next_process_id), process_description FROM Business_Processes JOIN Documents_Processes ON Documents_Processes.process_id = Business_Processes.process_id ORDER BY process_description ASC LIMIT 2"
"{'meaningful_joins': 'yes', 'table_exp_type': 'single_table', 'where_type': {'basic_comparison': '='}, 'number_of_value_exp_in_group_by': 0, 'having_type': 'none', 'orderby_type': 'none', 'limit_type': 'without_offset', 'value_exp_types': ['single_exp_text', 'single_exp_text'], 'distinct_type': 'none', 'min_max_depth_in_subquery': [1, 1]}","SELECT document_description, author_name FROM Documents WHERE  document_id = 92 LIMIT 1"
"{'meaningful_joins': 'yes', 'table_exp_type': 'JOIN', 'where_type': 'none', 'number_of_value_exp_in_group_by': 1, 'having_type': {'single': 'MIN'}, 'orderby_type': 'ASC', 'limit_type': 'none', 'value_exp_types': ['single_exp_text', 'single_exp_text'], 'distinct_type': 'none', 'min_max_depth_in_subquery': [1, 1]}","SELECT other_details, other_details, document_name FROM Documents JOIN Documents_Processes ON Documents.document_id = Documents_Processes.document_id GROUP BY document_name HAVING MIN(Documents_Processes.document_id) > 100 ORDER BY document_name ASC"
"{'meaningful_joins': 'yes', 'table_exp_type': 'single_table', 'where_type': {'basic_comparison': '='}, 'number_of_value_exp_in_group_by': 0, 'having_type': 'none', 'orderby_type': 'ASC', 'limit_type': 'none', 'value_exp_types': ['agg_exp', 'agg_exp', 'single_exp_text'], 'distinct_type': 'none', 'min_max_depth_in_subquery': [1, 1]}","SELECT MAX(process_id), COUNT(staff_id), staff_role_code FROM Staff_in_Processes WHERE  document_id = 31 ORDER BY staff_role_code ASC"
"{'meaningful_joins': 'yes', 'table_exp_type': 'JOIN_JOIN', 'where_type': {'basic_comparison': '!='}, 'number_of_value_exp_in_group_by': 0, 'having_type': 'none', 'orderby_type': 'none', 'limit_type': 'none', 'value_exp_types': ['agg_exp', 'single_exp_number'], 'distinct_type': 'none', 'min_max_depth_in_subquery': [1, 1]}","SELECT COUNT(staff_id), Staff_in_Processes.document_id FROM Process_Outcomes JOIN Documents_Processes JOIN Staff_in_Processes ON Documents_Processes.document_id = Staff_in_Processes.document_id AND Process_Outcomes.process_outcome_code = Documents_Processes.process_outcome_code WHERE  Staff_in_Processes.document_id != 90"
"{'meaningful_joins': 'yes', 'table_exp_type': 'single_table_with_name_changing', 'where_type': {'logical_operator': ['OR', 'between', 'basic_comparison']}, 'number_of_value_exp_in_group_by': 1, 'having_type': {'single': 'MAX'}, 'orderby_type': 'none', 'limit_type': 'none', 'value_exp_types': ['single_exp_text', 'single_exp_text'], 'distinct_type': 'none', 'min_max_depth_in_subquery': [1, 1]}","SELECT d.process_name, d.process_name, d.other_details FROM Business_Processes AS d WHERE d.process_id BETWEEN 1 AND 10 OR  d.process_id > 18 GROUP BY d.other_details HAVING MAX(d.process_id) > 68"
"{'meaningful_joins': 'yes', 'table_exp_type': 'single_table', 'where_type': 'between', 'number_of_value_exp_in_group_by': 0, 'having_type': 'none', 'orderby_type': 'none', 'limit_type': 'none', 'value_exp_types': ['single_exp_number'], 'distinct_type': 'none', 'min_max_depth_in_subquery': [1, 1]}",SELECT document_id FROM Documents WHERE document_id BETWEEN 1 AND 10
"{'meaningful_joins': 'yes', 'table_exp_type': 'JOIN', 'where_type': {'basic_comparison': '<'}, 'number_of_value_exp_in_group_by': 0, 'having_type': 'none', 'orderby_type': 'DESC', 'limit_type': 'none', 'value_exp_types': ['single_exp_number'], 'distinct_type': 'none', 'min_max_depth_in_subquery': [1, 1]}",SELECT Business_Processes.process_id FROM Business_Processes JOIN Documents_Processes ON Documents_Processes.process_id = Business_Processes.process_id WHERE  next_process_id < 54 ORDER BY Business_Processes.process_id DESC
"{'meaningful_joins': 'yes', 'table_exp_type': 'JOIN_JOIN', 'where_type': {'basic_comparison': '>='}, 'number_of_value_exp_in_group_by': 0, 'having_type': 'none', 'orderby_type': 'ASC', 'limit_type': 'none', 'value_exp_types': ['single_exp_text', 'single_exp_text'], 'distinct_type': 'none', 'min_max_depth_in_subquery': [1, 1]}","SELECT other_details, process_outcome_code FROM Business_Processes JOIN Process_Status JOIN Documents_Processes ON Documents_Processes.process_status_code = Process_Status.process_status_code AND Documents_Processes.process_id = Business_Processes.process_id WHERE  document_id >= 16 ORDER BY process_outcome_code ASC"
"{'meaningful_joins': 'yes', 'table_exp_type': 'JOIN', 'where_type': {'basic_comparison': '<='}, 'number_of_value_exp_in_group_by': 1, 'having_type': 'none', 'orderby_type': 'none', 'limit_type': 'none', 'value_exp_types': ['single_exp_text'], 'distinct_type': 'none', 'min_max_depth_in_subquery': [1, 1]}","SELECT document_description, process_status_code FROM Documents JOIN Documents_Processes ON Documents.document_id = Documents_Processes.document_id WHERE  Documents.document_id <= 41 GROUP BY process_status_code"
"{'meaningful_joins': 'yes', 'table_exp_type': 'JOIN', 'where_type': {'logical_operator': ['OR', 'between', 'basic_comparison']}, 'number_of_value_exp_in_group_by': 1, 'having_type': {'single': 'AVG'}, 'orderby_type': 'none', 'limit_type': 'none', 'value_exp_types': ['single_exp_text'], 'distinct_type': 'none', 'min_max_depth_in_subquery': [1, 1]}","SELECT other_details, staff_role_code FROM Staff JOIN Staff_in_Processes ON Staff_in_Processes.staff_id = Staff.staff_id WHERE Staff_in_Processes.staff_id BETWEEN 1 AND 10 OR  process_id = 22 GROUP BY staff_role_code HAVING AVG(Staff.staff_id) <= 48"
"{'meaningful_joins': 'yes', 'table_exp_type': 'single_table', 'where_type': {'basic_comparison': '>='}, 'number_of_value_exp_in_group_by': 0, 'having_type': 'none', 'orderby_type': 'none', 'limit_type': 'none', 'value_exp_types': ['agg_exp', 'single_exp_number'], 'distinct_type': 'none', 'min_max_depth_in_subquery': [1, 1]}","SELECT AVG(document_id), staff_id FROM Staff_in_Processes WHERE  document_id >= 31"
"{'meaningful_joins': 'yes', 'table_exp_type': 'single_table_with_name_changing', 'where_type': 'in_with_subquery', 'number_of_value_exp_in_group_by': 1, 'having_type': 'none', 'orderby_type': 'none', 'limit_type': 'none', 'value_exp_types': ['count_distinct_exp', 'single_exp_text'], 'distinct_type': 'none', 'min_max_depth_in_subquery': [1, 1]}","SELECT COUNT(DISTINCT k.staff_id), k.staff_details FROM Staff AS k WHERE staff_id IN (SELECT staff_id FROM Staff_in_Processes WHERE  staff_id >= 86) GROUP BY k.staff_details"
"{'meaningful_joins': 'yes', 'table_exp_type': 'JOIN', 'where_type': {'logical_operator': ['OR', 'between', 'not_exists_subquery']}, 'number_of_value_exp_in_group_by': 0, 'having_type': 'none', 'orderby_type': 'none', 'limit_type': 'none', 'value_exp_types': ['single_exp_number'], 'distinct_type': 'none', 'min_max_depth_in_subquery': [1, 1]}",SELECT Staff_in_Processes.staff_id FROM Staff JOIN Staff_in_Processes ON Staff_in_Processes.staff_id = Staff.staff_id WHERE document_id BETWEEN 1 AND 10 OR EXISTS (SELECT * FROM Staff_in_Processes AS z WHERE Staff.staff_id = z.staff_id LIMIT 3)
