Specification,query
"{'meaningful_joins': 'yes', 'table_exp_type': 'JOIN_JOIN', 'where_type': {'logical_operator': ['OR', 'basic_comparison', 'in_with_subquery']}, 'number_of_value_exp_in_group_by': 0, 'having_type': 'none', 'orderby_type': 'none', 'limit_type': 'none', 'value_exp_types': ['agg_exp', 'agg_exp', 'agg_exp'], 'distinct_type': 'none', 'min_max_depth_in_subquery': [1, 1]}","SELECT COUNT(behaviour_monitoring_id), COUNT(achievement_id), SUM(behaviour_monitoring_id) FROM Achievements JOIN Students JOIN Behaviour_Monitoring ON Students.student_id = Achievements.student_id AND Behaviour_Monitoring.student_id = Students.student_id WHERE  achievement_id >= 98 OR bio_data IN (SELECT bio_data FROM Students AS i WHERE i.student_id BETWEEN 1 AND 10 OR  i.student_id = 60)"
"{'meaningful_joins': 'yes', 'table_exp_type': 'single_table_with_name_changing', 'where_type': {'basic_comparison': '>'}, 'number_of_value_exp_in_group_by': 0, 'having_type': 'none', 'orderby_type': 'none', 'limit_type': 'none', 'value_exp_types': ['single_exp_text'], 'distinct_type': 'none', 'min_max_depth_in_subquery': [1, 1]}",SELECT f.behaviour_monitoring_details FROM Behaviour_Monitoring AS f WHERE  f.behaviour_monitoring_id > 57
"{'meaningful_joins': 'yes', 'table_exp_type': 'single_table_with_name_changing', 'where_type': {'basic_comparison': '='}, 'number_of_value_exp_in_group_by': 1, 'having_type': 'none', 'orderby_type': 'none', 'limit_type': 'without_offset', 'value_exp_types': ['count_distinct_exp', 'single_exp_text'], 'distinct_type': 'none', 'min_max_depth_in_subquery': [1, 1]}","SELECT COUNT(DISTINCT k.student_id), k.behaviour_monitoring_details FROM Behaviour_Monitoring AS k WHERE  k.student_id = 98 GROUP BY k.behaviour_monitoring_details LIMIT 8"
"{'meaningful_joins': 'yes', 'table_exp_type': 'single_table_with_name_changing', 'where_type': 'between', 'number_of_value_exp_in_group_by': 1, 'having_type': 'none', 'orderby_type': 'ASC', 'limit_type': 'none', 'value_exp_types': ['single_exp_text'], 'distinct_type': 'none', 'min_max_depth_in_subquery': [1, 1]}","SELECT a.detention_summary, a.datetime_detention_start FROM Detention AS a WHERE a.detention_id BETWEEN 1 AND 10 GROUP BY a.datetime_detention_start ORDER BY a.datetime_detention_start ASC"
"{'meaningful_joins': 'yes', 'table_exp_type': 'JOIN', 'where_type': {'logical_operator': ['AND', 'between', 'basic_comparison']}, 'number_of_value_exp_in_group_by': 1, 'having_type': 'none', 'orderby_type': 'none', 'limit_type': 'without_offset', 'value_exp_types': ['count_distinct_exp'], 'distinct_type': 'none', 'min_max_depth_in_subquery': [1, 1]}","SELECT COUNT(DISTINCT bio_data), behaviour_monitoring_details FROM Students JOIN Behaviour_Monitoring ON Behaviour_Monitoring.student_id = Students.student_id WHERE Students.student_id BETWEEN 1 AND 10 AND  behaviour_monitoring_id >= 22 GROUP BY behaviour_monitoring_details LIMIT 4"
"{'meaningful_joins': 'yes', 'table_exp_type': 'JOIN', 'where_type': {'basic_comparison': '='}, 'number_of_value_exp_in_group_by': 0, 'having_type': 'none', 'orderby_type': 'none', 'limit_type': 'without_offset', 'value_exp_types': ['count_distinct_exp', 'single_exp_text'], 'distinct_type': 'none', 'min_max_depth_in_subquery': [1, 1]}","SELECT COUNT(DISTINCT address_type_code), address_details FROM Addresses JOIN Students_Addresses ON Addresses.address_id = Students_Addresses.address_id WHERE  student_id = 13 LIMIT 8"
"{'meaningful_joins': 'yes', 'table_exp_type': 'single_table', 'where_type': 'in_with_subquery', 'number_of_value_exp_in_group_by': 0, 'having_type': 'none', 'orderby_type': 'DESC', 'limit_type': 'none', 'value_exp_types': ['count_distinct_exp', 'single_exp_text'], 'distinct_type': 'none', 'min_max_depth_in_subquery': [1, 1]}","SELECT COUNT(DISTINCT class_details), class_details FROM Classes WHERE class_details IN (SELECT class_details FROM Classes AS p LIMIT 3) ORDER BY class_details DESC"
"{'meaningful_joins': 'yes', 'table_exp_type': 'JOIN', 'where_type': {'logical_operator': ['OR', 'between', 'basic_comparison']}, 'number_of_value_exp_in_group_by': 0, 'having_type': 'none', 'orderby_type': 'DESC', 'limit_type': 'none', 'value_exp_types': ['single_exp_text'], 'distinct_type': 'none', 'min_max_depth_in_subquery': [1, 1]}",SELECT class_details FROM Teachers JOIN Classes ON Classes.teacher_id = Teachers.teacher_id WHERE Teachers.teacher_id BETWEEN 1 AND 10 OR  student_id < 73 ORDER BY class_details DESC
"{'meaningful_joins': 'yes', 'table_exp_type': 'JOIN_JOIN', 'where_type': {'basic_comparison': '='}, 'number_of_value_exp_in_group_by': 0, 'having_type': 'none', 'orderby_type': 'none', 'limit_type': 'none', 'value_exp_types': ['agg_exp', 'single_exp_number'], 'distinct_type': 'none', 'min_max_depth_in_subquery': [1, 1]}","SELECT SUM(student_id), Students_Addresses.address_id FROM Ref_Address_Types JOIN Addresses JOIN Students_Addresses ON Students_Addresses.address_type_code = Ref_Address_Types.address_type_code AND Addresses.address_id = Students_Addresses.address_id WHERE  student_id = 68"
"{'meaningful_joins': 'yes', 'table_exp_type': 'single_table_with_name_changing', 'where_type': {'logical_operator': ['OR', 'between', 'comparison_with_subquery']}, 'number_of_value_exp_in_group_by': 1, 'having_type': {'single': 'MIN'}, 'orderby_type': 'none', 'limit_type': 'none', 'value_exp_types': ['single_exp_number'], 'distinct_type': 'none', 'min_max_depth_in_subquery': [1, 1]}","SELECT s.amount_of_loan, s.date_of_loan FROM Student_Loans AS s WHERE s.amount_of_loan BETWEEN 1 AND 10 OR student_id < (SELECT MAX(student_id) FROM Students AS w WHERE w.student_id BETWEEN 1 AND 10 AND  w.student_id >= 40 LIMIT 8) GROUP BY s.date_of_loan HAVING MIN(s.student_id) > 13"
"{'meaningful_joins': 'yes', 'table_exp_type': 'single_table', 'where_type': {'basic_comparison': '<'}, 'number_of_value_exp_in_group_by': 1, 'having_type': 'none', 'orderby_type': 'none', 'limit_type': 'none', 'value_exp_types': ['single_exp_text'], 'distinct_type': 'none', 'min_max_depth_in_subquery': [1, 1]}",SELECT address_details FROM Addresses WHERE  address_id < 95 GROUP BY address_details
"{'meaningful_joins': 'yes', 'table_exp_type': 'JOIN', 'where_type': {'logical_operator': ['AND', 'basic_comparison', 'exists_subquery']}, 'number_of_value_exp_in_group_by': 0, 'having_type': 'none', 'orderby_type': 'ASC', 'limit_type': 'none', 'value_exp_types': ['single_exp_text'], 'distinct_type': 'none', 'min_max_depth_in_subquery': [1, 1]}",SELECT address_type_code FROM Addresses JOIN Students_Addresses ON Addresses.address_id = Students_Addresses.address_id WHERE  student_id = 42 AND EXISTS (SELECT * FROM Students_Addresses AS c WHERE  c.address_id < 34 AND Addresses.address_id = c.student_address_id) ORDER BY address_type_code ASC
"{'meaningful_joins': 'yes', 'table_exp_type': 'JOIN', 'where_type': {'logical_operator': ['AND', 'between', 'not_exists_subquery']}, 'number_of_value_exp_in_group_by': 1, 'having_type': 'none', 'orderby_type': 'none', 'limit_type': 'none', 'value_exp_types': ['single_exp_number'], 'distinct_type': 'none', 'min_max_depth_in_subquery': [1, 1]}","SELECT Students.student_id, Student_Loans.student_id FROM Students JOIN Student_Loans ON Student_Loans.student_id = Students.student_id WHERE Students.student_id BETWEEN 1 AND 10 AND EXISTS (SELECT * FROM Students AS x WHERE  x.student_id = 95 AND Student_Loans.student_loan_id = x.student_id) GROUP BY Student_Loans.student_id"
"{'meaningful_joins': 'yes', 'table_exp_type': 'JOIN', 'where_type': {'basic_comparison': '='}, 'number_of_value_exp_in_group_by': 1, 'having_type': 'none', 'orderby_type': 'ASC', 'limit_type': 'none', 'value_exp_types': ['count_distinct_exp', 'single_exp_number'], 'distinct_type': 'none', 'min_max_depth_in_subquery': [1, 1]}","SELECT COUNT(DISTINCT bio_data), Students.student_id, student_details FROM Students JOIN Behaviour_Monitoring ON Behaviour_Monitoring.student_id = Students.student_id WHERE  behaviour_monitoring_id = 5 GROUP BY student_details ORDER BY Students.student_id ASC"
"{'meaningful_joins': 'yes', 'table_exp_type': 'JOIN', 'where_type': {'logical_operator': ['OR', 'basic_comparison', 'in_with_subquery']}, 'number_of_value_exp_in_group_by': 1, 'having_type': {'single': 'SUM'}, 'orderby_type': 'none', 'limit_type': 'none', 'value_exp_types': ['single_exp_text'], 'distinct_type': 'none', 'min_max_depth_in_subquery': [1, 1]}","SELECT behaviour_monitoring_details, Behaviour_Monitoring.student_id FROM Students JOIN Behaviour_Monitoring ON Behaviour_Monitoring.student_id = Students.student_id WHERE  Students.student_id != 62 OR behaviour_monitoring_details IN (SELECT behaviour_monitoring_details FROM Behaviour_Monitoring AS x WHERE  x.behaviour_monitoring_id = 73) GROUP BY Behaviour_Monitoring.student_id HAVING SUM(behaviour_monitoring_id) <= 22"
"{'meaningful_joins': 'yes', 'table_exp_type': 'JOIN_JOIN', 'where_type': {'basic_comparison': '<'}, 'number_of_value_exp_in_group_by': 0, 'having_type': 'none', 'orderby_type': 'DESC', 'limit_type': 'none', 'value_exp_types': ['count_distinct_exp', 'single_exp_number'], 'distinct_type': 'none', 'min_max_depth_in_subquery': [1, 1]}","SELECT COUNT(DISTINCT student_details), achievement_id FROM Achievements JOIN Students JOIN Student_Loans ON Students.student_id = Achievements.student_id AND Student_Loans.student_id = Students.student_id WHERE  student_loan_id < 12 ORDER BY achievement_id DESC"
"{'meaningful_joins': 'yes', 'table_exp_type': 'JOIN_JOIN_JOIN', 'where_type': {'logical_operator': ['AND', 'basic_comparison', 'comparison_with_subquery']}, 'number_of_value_exp_in_group_by': 0, 'having_type': 'none', 'orderby_type': 'none', 'limit_type': 'none', 'value_exp_types': ['single_exp_number', 'single_exp_text'], 'distinct_type': 'none', 'min_max_depth_in_subquery': [1, 1]}","SELECT Student_Loans.student_id, achievement_type_description FROM Achievements JOIN Students JOIN Ref_Achievement_Type JOIN Student_Loans ON Students.student_id = Achievements.student_id AND Achievements.achievement_type_code = Ref_Achievement_Type.achievement_type_code AND Student_Loans.student_id = Students.student_id WHERE  achievement_id <= 85 AND student_details = (SELECT AVG(student_details) FROM Students AS u WHERE  u.student_id = 15)"
"{'meaningful_joins': 'yes', 'table_exp_type': 'single_table_with_name_changing', 'where_type': {'basic_comparison': '='}, 'number_of_value_exp_in_group_by': 0, 'having_type': 'none', 'orderby_type': 'none', 'limit_type': 'none', 'value_exp_types': ['agg_exp', 'single_exp_number'], 'distinct_type': 'none', 'min_max_depth_in_subquery': [1, 1]}","SELECT SUM(j.student_address_id), j.student_address_id FROM Students_Addresses AS j WHERE  j.student_id = 71"
"{'meaningful_joins': 'yes', 'table_exp_type': 'JOIN_JOIN_JOIN', 'where_type': {'logical_operator': ['OR', 'between', 'not_in_with_subquery']}, 'number_of_value_exp_in_group_by': 0, 'having_type': 'none', 'orderby_type': 'ASC', 'limit_type': 'none', 'value_exp_types': ['single_exp_text', 'single_exp_text'], 'distinct_type': 'none', 'min_max_depth_in_subquery': [1, 1]}","SELECT achievement_details, student_details FROM Achievements JOIN Students JOIN Student_Loans JOIN Behaviour_Monitoring ON Students.student_id = Achievements.student_id AND Behaviour_Monitoring.student_id = Students.student_id AND Student_Loans.student_id = Students.student_id WHERE Students.student_id BETWEEN 1 AND 10 OR student_details NOT IN (SELECT student_details FROM Students AS z WHERE  z.student_id = 13) ORDER BY achievement_details ASC"
"{'meaningful_joins': 'yes', 'table_exp_type': 'single_table', 'where_type': {'basic_comparison': '='}, 'number_of_value_exp_in_group_by': 1, 'having_type': 'none', 'orderby_type': 'none', 'limit_type': 'without_offset', 'value_exp_types': ['agg_exp', 'single_exp_number', 'single_exp_number'], 'distinct_type': 'none', 'min_max_depth_in_subquery': [1, 1]}","SELECT SUM(student_id), student_id, student_id, other_details FROM Detention WHERE  detention_id = 66 GROUP BY other_details LIMIT 6"
"{'meaningful_joins': 'yes', 'table_exp_type': 'single_table', 'where_type': {'logical_operator': ['OR', 'basic_comparison', 'exists_subquery']}, 'number_of_value_exp_in_group_by': 0, 'having_type': 'none', 'orderby_type': 'none', 'limit_type': 'without_offset', 'value_exp_types': ['single_exp_text'], 'distinct_type': 'none', 'min_max_depth_in_subquery': [1, 1]}",SELECT address_details FROM Addresses WHERE  address_id > 7 OR EXISTS (SELECT * FROM Students_Addresses WHERE address_id BETWEEN 1 AND 10 AND  student_id > 84 AND Addresses.address_id = student_address_id LIMIT 6) LIMIT 7
"{'meaningful_joins': 'yes', 'table_exp_type': 'single_table', 'where_type': {'basic_comparison': '<'}, 'number_of_value_exp_in_group_by': 0, 'having_type': 'none', 'orderby_type': 'DESC', 'limit_type': 'none', 'value_exp_types': ['single_exp_text'], 'distinct_type': 'none', 'min_max_depth_in_subquery': [1, 1]}",SELECT event_type_code FROM Student_Events WHERE  event_id < 17 ORDER BY event_type_code DESC
"{'meaningful_joins': 'yes', 'table_exp_type': 'JOIN_JOIN', 'where_type': {'basic_comparison': '='}, 'number_of_value_exp_in_group_by': 0, 'having_type': 'none', 'orderby_type': 'ASC', 'limit_type': 'none', 'value_exp_types': ['single_exp_number'], 'distinct_type': 'none', 'min_max_depth_in_subquery': [1, 1]}",SELECT Students.student_id FROM Achievements JOIN Students JOIN Behaviour_Monitoring ON Students.student_id = Achievements.student_id AND Behaviour_Monitoring.student_id = Students.student_id WHERE  achievement_id = 96 ORDER BY Students.student_id ASC
"{'meaningful_joins': 'yes', 'table_exp_type': 'single_table', 'where_type': 'none', 'number_of_value_exp_in_group_by': 1, 'having_type': 'none', 'orderby_type': 'none', 'limit_type': 'without_offset', 'value_exp_types': ['single_exp_text'], 'distinct_type': 'none', 'min_max_depth_in_subquery': [1, 1]}","SELECT detention_type_code, detention_type_description FROM Ref_Detention_Type GROUP BY detention_type_description LIMIT 4"
"{'meaningful_joins': 'yes', 'table_exp_type': 'single_table_with_name_changing', 'where_type': 'between', 'number_of_value_exp_in_group_by': 0, 'having_type': 'none', 'orderby_type': 'ASC', 'limit_type': 'none', 'value_exp_types': ['agg_exp', 'single_exp_number', 'single_exp_number'], 'distinct_type': 'none', 'min_max_depth_in_subquery': [1, 1]}","SELECT AVG(r.address_id), r.address_id, r.address_id FROM Addresses AS r WHERE r.address_id BETWEEN 1 AND 10 ORDER BY r.address_id ASC"
"{'meaningful_joins': 'yes', 'table_exp_type': 'JOIN_JOIN', 'where_type': {'basic_comparison': '!='}, 'number_of_value_exp_in_group_by': 0, 'having_type': 'none', 'orderby_type': 'ASC', 'limit_type': 'none', 'value_exp_types': ['single_exp_text', 'single_exp_text', 'single_exp_text'], 'distinct_type': 'none', 'min_max_depth_in_subquery': [1, 1]}","SELECT bio_data, behaviour_monitoring_details, behaviour_monitoring_details FROM Students JOIN Student_Loans JOIN Behaviour_Monitoring ON Behaviour_Monitoring.student_id = Students.student_id AND Student_Loans.student_id = Students.student_id WHERE  Students.student_id != 81 ORDER BY bio_data ASC"
"{'meaningful_joins': 'yes', 'table_exp_type': 'JOIN', 'where_type': {'logical_operator': ['AND', 'between', 'basic_comparison']}, 'number_of_value_exp_in_group_by': 0, 'having_type': 'none', 'orderby_type': 'none', 'limit_type': 'none', 'value_exp_types': ['single_exp_text', 'single_exp_text'], 'distinct_type': 'none', 'min_max_depth_in_subquery': [1, 1]}","SELECT event_type_description, other_details FROM Student_Events JOIN Ref_Event_Types ON Student_Events.event_type_code = Ref_Event_Types.event_type_code WHERE student_id BETWEEN 1 AND 10 AND  event_id > 96"
"{'meaningful_joins': 'yes', 'table_exp_type': 'single_table', 'where_type': {'logical_operator': ['AND', 'basic_comparison', 'in_with_subquery']}, 'number_of_value_exp_in_group_by': 0, 'having_type': 'none', 'orderby_type': 'ASC', 'limit_type': 'none', 'value_exp_types': ['single_exp_text', 'single_exp_text'], 'distinct_type': 'none', 'min_max_depth_in_subquery': [1, 1]}","SELECT other_details, other_details FROM Student_Loans WHERE  student_id != 71 AND student_loan_id IN (SELECT student_loan_id FROM Student_Loans WHERE amount_of_loan BETWEEN 1 AND 10) ORDER BY other_details ASC"
"{'meaningful_joins': 'yes', 'table_exp_type': 'JOIN_JOIN', 'where_type': 'exists_subquery', 'number_of_value_exp_in_group_by': 0, 'having_type': 'none', 'orderby_type': 'ASC', 'limit_type': 'none', 'value_exp_types': ['agg_exp', 'single_exp_number', 'single_exp_text'], 'distinct_type': 'none', 'min_max_depth_in_subquery': [1, 1]}","SELECT MIN(student_id), student_id, Students_Addresses.address_type_code FROM Ref_Address_Types JOIN Addresses JOIN Students_Addresses ON Students_Addresses.address_type_code = Ref_Address_Types.address_type_code AND Addresses.address_id = Students_Addresses.address_id WHERE EXISTS (SELECT * FROM Students_Addresses WHERE  student_address_id < 1 AND Ref_Address_Types.address_type_code = address_type_code) ORDER BY student_id ASC"
"{'meaningful_joins': 'yes', 'table_exp_type': 'JOIN_JOIN_JOIN', 'where_type': {'logical_operator': ['AND', 'between', 'comparison_with_subquery']}, 'number_of_value_exp_in_group_by': 0, 'having_type': 'none', 'orderby_type': 'ASC', 'limit_type': 'none', 'value_exp_types': ['single_exp_number', 'single_exp_number', 'single_exp_number'], 'distinct_type': 'none', 'min_max_depth_in_subquery': [1, 1]}","SELECT Behaviour_Monitoring.student_id, Students.student_id, achievement_id FROM Achievements JOIN Students JOIN Ref_Achievement_Type JOIN Behaviour_Monitoring ON Students.student_id = Achievements.student_id AND Achievements.achievement_type_code = Ref_Achievement_Type.achievement_type_code AND Behaviour_Monitoring.student_id = Students.student_id WHERE Students.student_id BETWEEN 1 AND 10 AND other_details = (SELECT MIN(other_details) FROM Detention AS h WHERE  h.detention_id = 73) ORDER BY Students.student_id ASC"
"{'meaningful_joins': 'yes', 'table_exp_type': 'JOIN', 'where_type': {'basic_comparison': '='}, 'number_of_value_exp_in_group_by': 0, 'having_type': 'none', 'orderby_type': 'none', 'limit_type': 'none', 'value_exp_types': ['single_exp_number', 'single_exp_number'], 'distinct_type': 'none', 'min_max_depth_in_subquery': [1, 1]}","SELECT achievement_id, achievement_id FROM Achievements JOIN Students ON Students.student_id = Achievements.student_id WHERE  achievement_id = 28"
"{'meaningful_joins': 'yes', 'table_exp_type': 'JOIN', 'where_type': {'logical_operator': ['AND', 'between', 'comparison_with_subquery']}, 'number_of_value_exp_in_group_by': 0, 'having_type': 'none', 'orderby_type': 'none', 'limit_type': 'none', 'value_exp_types': ['agg_exp', 'single_exp_number', 'single_exp_text'], 'distinct_type': 'none', 'min_max_depth_in_subquery': [1, 1]}","SELECT SUM(event_id), event_id, other_details FROM Student_Events JOIN Ref_Event_Types ON Student_Events.event_type_code = Ref_Event_Types.event_type_code WHERE event_id BETWEEN 1 AND 10 AND event_type_code >= (SELECT MAX(event_type_code) FROM Student_Events WHERE  student_id >= 18)"
"{'meaningful_joins': 'yes', 'table_exp_type': 'JOIN_JOIN_JOIN', 'where_type': {'logical_operator': ['OR', 'between', 'basic_comparison']}, 'number_of_value_exp_in_group_by': 0, 'having_type': 'none', 'orderby_type': 'DESC', 'limit_type': 'none', 'value_exp_types': ['single_exp_text', 'single_exp_text'], 'distinct_type': 'none', 'min_max_depth_in_subquery': [1, 1]}","SELECT Student_Loans.other_details, student_details FROM Achievements JOIN Students JOIN Student_Loans JOIN Behaviour_Monitoring ON Students.student_id = Achievements.student_id AND Behaviour_Monitoring.student_id = Students.student_id AND Student_Loans.student_id = Students.student_id WHERE amount_of_loan BETWEEN 1 AND 10 OR  Students.student_id > 2 ORDER BY Student_Loans.other_details DESC"
