Specification,query
"{'meaningful_joins': 'yes', 'table_exp_type': 'single_table', 'where_type': {'basic_comparison': '='}, 'number_of_value_exp_in_group_by': 1, 'having_type': {'single': 'MIN'}, 'orderby_type': 'DESC', 'limit_type': 'none', 'value_exp_types': ['single_exp_text', 'single_exp_text'], 'distinct_type': 'none', 'min_max_depth_in_subquery': [1, 1]}","SELECT Other_Item_Details, Other_Item_Details FROM Order_Items WHERE  Order_ID = 69 GROUP BY Other_Item_Details HAVING MIN(Order_ID) = 86 ORDER BY Other_Item_Details DESC"
"{'meaningful_joins': 'yes', 'table_exp_type': 'JOIN_JOIN_JOIN', 'where_type': {'logical_operator': ['OR', 'between', 'basic_comparison']}, 'number_of_value_exp_in_group_by': 1, 'having_type': 'none', 'orderby_type': 'none', 'limit_type': 'without_offset', 'value_exp_types': ['agg_exp', 'agg_exp'], 'distinct_type': 'none', 'min_max_depth_in_subquery': [1, 1]}","SELECT MAX(Product_Price), MIN(Drama_Workshop_Groups.Workshop_Group_ID), Store_Phone FROM Addresses JOIN Ref_Service_Types JOIN Services JOIN Drama_Workshop_Groups ON Drama_Workshop_Groups.Address_ID = Addresses.Address_ID AND Drama_Workshop_Groups.Workshop_Group_ID = Services.Workshop_Group_ID AND Services.Service_Type_Code = Ref_Service_Types.Service_Type_Code WHERE Product_Price BETWEEN 1 AND 10 OR  Product_Price = 16 GROUP BY Store_Phone LIMIT 7"
"{'meaningful_joins': 'yes', 'table_exp_type': 'JOIN_JOIN', 'where_type': {'basic_comparison': '>='}, 'number_of_value_exp_in_group_by': 1, 'having_type': 'none', 'orderby_type': 'DESC', 'limit_type': 'without_offset', 'value_exp_types': ['agg_exp', 'single_exp_text'], 'distinct_type': 'none', 'min_max_depth_in_subquery': [1, 1]}","SELECT AVG(Customer_ID), Other_Order_Details, Planned_Delivery_Date FROM Stores JOIN Customer_Orders JOIN Marketing_Regions ON Customer_Orders.Store_ID = Stores.Store_ID AND Stores.Marketing_Region_Code = Marketing_Regions.Marketing_Region_Code WHERE  Customer_ID >= 82 GROUP BY Planned_Delivery_Date ORDER BY Planned_Delivery_Date DESC LIMIT 2"
"{'meaningful_joins': 'yes', 'table_exp_type': 'JOIN', 'where_type': {'basic_comparison': '>='}, 'number_of_value_exp_in_group_by': 1, 'having_type': 'none', 'orderby_type': 'none', 'limit_type': 'none', 'value_exp_types': ['agg_exp'], 'distinct_type': 'none', 'min_max_depth_in_subquery': [1, 1]}","SELECT SUM(Service_ID), Other_Product_Service_Details FROM Ref_Service_Types JOIN Services ON Services.Service_Type_Code = Ref_Service_Types.Service_Type_Code WHERE  Workshop_Group_ID >= 19 GROUP BY Other_Product_Service_Details"
"{'meaningful_joins': 'yes', 'table_exp_type': 'JOIN_JOIN', 'where_type': {'basic_comparison': '!='}, 'number_of_value_exp_in_group_by': 0, 'having_type': 'none', 'orderby_type': 'none', 'limit_type': 'none', 'value_exp_types': ['count_distinct_exp'], 'distinct_type': 'none', 'min_max_depth_in_subquery': [1, 1]}",SELECT COUNT(DISTINCT Bookings_Services.Order_ID) FROM Invoices JOIN Bookings_Services JOIN Invoice_Items ON Invoices.Invoice_ID = Invoice_Items.Invoice_ID AND Bookings_Services.Product_ID = Invoice_Items.Product_ID AND Invoice_Items.Order_ID = Bookings_Services.Order_ID WHERE  Invoice_Item_ID != 51
"{'meaningful_joins': 'yes', 'table_exp_type': 'SELF JOIN', 'where_type': {'basic_comparison': '<='}, 'number_of_value_exp_in_group_by': 0, 'having_type': 'none', 'orderby_type': 'none', 'limit_type': 'none', 'value_exp_types': ['single_exp_text', 'single_exp_text'], 'distinct_type': 'none', 'min_max_depth_in_subquery': [1, 1]}","SELECT v.Currency_Code, v.Store_Phone FROM Drama_Workshop_Groups AS v JOIN Drama_Workshop_Groups ON Drama_Workshop_Groups.Workshop_Group_ID = v.Workshop_Group_ID WHERE  v.Address_ID <= 12"
"{'meaningful_joins': 'yes', 'table_exp_type': 'single_table', 'where_type': 'not_exists_subquery', 'number_of_value_exp_in_group_by': 1, 'having_type': {'single': 'SUM'}, 'orderby_type': 'ASC', 'limit_type': 'without_offset', 'value_exp_types': ['agg_exp', 'single_exp_number'], 'distinct_type': 'none', 'min_max_depth_in_subquery': [1, 1]}","SELECT MAX(Product_ID), Product_ID FROM Bookings_Services WHERE EXISTS (SELECT * FROM Invoice_Items AS u WHERE  u.Invoice_Item_ID = 61 AND Bookings_Services.Order_ID = u.Order_ID) GROUP BY Product_ID HAVING SUM(Order_ID) = 24 ORDER BY Product_ID ASC LIMIT 6"
"{'meaningful_joins': 'yes', 'table_exp_type': 'single_table_with_name_changing', 'where_type': {'basic_comparison': '='}, 'number_of_value_exp_in_group_by': 0, 'having_type': 'none', 'orderby_type': 'none', 'limit_type': 'none', 'value_exp_types': ['agg_exp', 'count_distinct_exp'], 'distinct_type': 'none', 'min_max_depth_in_subquery': [1, 1]}","SELECT AVG(r.Address_ID), COUNT(DISTINCT r.Customer_ID) FROM Customers AS r WHERE  r.Address_ID = 13"
"{'meaningful_joins': 'yes', 'table_exp_type': 'SELF JOIN', 'where_type': {'logical_operator': ['AND', 'basic_comparison', 'not_exists_subquery']}, 'number_of_value_exp_in_group_by': 0, 'having_type': 'none', 'orderby_type': 'none', 'limit_type': 'none', 'value_exp_types': ['single_exp_number', 'single_exp_text'], 'distinct_type': 'none', 'min_max_depth_in_subquery': [1, 1]}","SELECT u.Booking_ID, Bookings.Status_Code FROM Bookings JOIN Bookings AS u ON Bookings.Booking_ID = u.Booking_ID WHERE  u.Store_ID >= 91 AND EXISTS (SELECT * FROM Drama_Workshop_Groups AS j WHERE  j.Address_ID > 25 AND Bookings.Booking_ID = j.Workshop_Group_ID)"
"{'meaningful_joins': 'yes', 'table_exp_type': 'JOIN', 'where_type': {'basic_comparison': '<'}, 'number_of_value_exp_in_group_by': 1, 'having_type': 'none', 'orderby_type': 'DESC', 'limit_type': 'none', 'value_exp_types': ['count_distinct_exp'], 'distinct_type': 'none', 'min_max_depth_in_subquery': [1, 1]}","SELECT COUNT(DISTINCT Invoice_Items.Product_ID), payment_method_code FROM Invoices JOIN Invoice_Items ON Invoices.Invoice_ID = Invoice_Items.Invoice_ID WHERE  Invoices.Invoice_ID < 68 GROUP BY payment_method_code ORDER BY payment_method_code DESC"
"{'meaningful_joins': 'yes', 'table_exp_type': 'single_table_with_name_changing', 'where_type': {'logical_operator': ['AND', 'basic_comparison', 'in_with_subquery']}, 'number_of_value_exp_in_group_by': 1, 'having_type': {'single': 'SUM'}, 'orderby_type': 'DESC', 'limit_type': 'without_offset', 'value_exp_types': ['agg_exp', 'single_exp_number'], 'distinct_type': 'none', 'min_max_depth_in_subquery': [1, 1]}","SELECT SUM(l.Performer_ID), l.Address_ID, l.Other_Details FROM Performers AS l WHERE  l.Address_ID < 17 AND Performer_ID IN (SELECT Performer_ID FROM Performers AS a WHERE  a.Address_ID <= 17) GROUP BY l.Other_Details HAVING SUM(l.Address_ID) <= 93 ORDER BY l.Other_Details DESC LIMIT 8"
"{'meaningful_joins': 'yes', 'table_exp_type': 'JOIN_JOIN_JOIN', 'where_type': {'logical_operator': ['AND', 'basic_comparison', 'exists_subquery']}, 'number_of_value_exp_in_group_by': 1, 'having_type': {'single': 'AVG'}, 'orderby_type': 'ASC', 'limit_type': 'none', 'value_exp_types': ['single_exp_number', 'single_exp_number'], 'distinct_type': 'none', 'min_max_depth_in_subquery': [1, 1]}","SELECT Order_Items.Order_Item_ID, Invoice_ID, Other_Product_Service_Details FROM Invoice_Items JOIN Bookings_Services JOIN Order_Items JOIN Products ON Bookings_Services.Product_ID = Invoice_Items.Product_ID AND Invoice_Items.Order_ID = Bookings_Services.Order_ID AND Order_Items.Product_ID = Products.Product_ID AND Order_Items.Order_Item_ID = Invoice_Items.Order_Item_ID WHERE  Invoice_Items.Order_ID > 50 AND EXISTS (SELECT * FROM Products WHERE Product_Price BETWEEN 1 AND 10 OR  Product_Price != 55 AND Order_Items.Order_Item_ID = Product_ID LIMIT 4) GROUP BY Other_Product_Service_Details HAVING AVG(Bookings_Services.Product_ID) > 50 ORDER BY Other_Product_Service_Details ASC"
"{'meaningful_joins': 'yes', 'table_exp_type': 'single_table', 'where_type': {'basic_comparison': '<'}, 'number_of_value_exp_in_group_by': 0, 'having_type': 'none', 'orderby_type': 'none', 'limit_type': 'none', 'value_exp_types': ['agg_exp'], 'distinct_type': 'none', 'min_max_depth_in_subquery': [1, 1]}",SELECT AVG(Address_ID) FROM Stores WHERE  Address_ID < 31
"{'meaningful_joins': 'yes', 'table_exp_type': 'single_table', 'where_type': {'logical_operator': ['OR', 'basic_comparison', 'exists_subquery']}, 'number_of_value_exp_in_group_by': 0, 'having_type': 'none', 'orderby_type': 'none', 'limit_type': 'none', 'value_exp_types': ['agg_exp'], 'distinct_type': 'none', 'min_max_depth_in_subquery': [1, 1]}",SELECT SUM(Order_ID) FROM Bookings_Services WHERE  Product_ID = 48 OR EXISTS (SELECT * FROM Invoice_Items AS z WHERE z.Invoice_ID BETWEEN 1 AND 10 AND Bookings_Services.Order_ID = z.Order_ID)
"{'meaningful_joins': 'yes', 'table_exp_type': 'JOIN_JOIN', 'where_type': {'basic_comparison': '>='}, 'number_of_value_exp_in_group_by': 0, 'having_type': 'none', 'orderby_type': 'DESC', 'limit_type': 'none', 'value_exp_types': ['single_exp_number'], 'distinct_type': 'none', 'min_max_depth_in_subquery': [1, 1]}",SELECT Invoices.Invoice_ID FROM Invoices JOIN Invoice_Items JOIN Ref_Payment_Methods ON Invoices.payment_method_code = Ref_Payment_Methods.payment_method_code AND Invoices.Invoice_ID = Invoice_Items.Invoice_ID WHERE  Invoice_Items.Product_ID >= 72 ORDER BY Invoices.Invoice_ID DESC
"{'meaningful_joins': 'yes', 'table_exp_type': 'SELF JOIN', 'where_type': 'none', 'number_of_value_exp_in_group_by': 0, 'having_type': 'none', 'orderby_type': 'none', 'limit_type': 'none', 'value_exp_types': ['count_distinct_exp'], 'distinct_type': 'none', 'min_max_depth_in_subquery': [1, 1]}",SELECT COUNT(DISTINCT r.Order_Item_ID) FROM Order_Items JOIN Order_Items AS r ON Order_Items.Order_Item_ID = r.Order_Item_ID
"{'meaningful_joins': 'yes', 'table_exp_type': 'single_table_with_name_changing', 'where_type': 'in_with_subquery', 'number_of_value_exp_in_group_by': 0, 'having_type': 'none', 'orderby_type': 'none', 'limit_type': 'without_offset', 'value_exp_types': ['count_distinct_exp', 'single_exp_number'], 'distinct_type': 'none', 'min_max_depth_in_subquery': [1, 1]}","SELECT COUNT(DISTINCT q.Actual_Delivery_Date), q.Booking_ID FROM Bookings AS q WHERE Booking_ID IN (SELECT Booking_ID FROM Bookings WHERE Store_ID BETWEEN 1 AND 10) LIMIT 2"
"{'meaningful_joins': 'yes', 'table_exp_type': 'single_table', 'where_type': {'basic_comparison': '<='}, 'number_of_value_exp_in_group_by': 1, 'having_type': 'none', 'orderby_type': 'none', 'limit_type': 'none', 'value_exp_types': ['count_distinct_exp', 'count_distinct_exp', 'single_exp_text'], 'distinct_type': 'none', 'min_max_depth_in_subquery': [1, 1]}","SELECT COUNT(DISTINCT Client_ID), COUNT(DISTINCT Customer_Email_Address), Customer_Name, Address_ID FROM Clients WHERE  Address_ID <= 64 GROUP BY Address_ID"
"{'meaningful_joins': 'yes', 'table_exp_type': 'single_table', 'where_type': {'basic_comparison': '<'}, 'number_of_value_exp_in_group_by': 1, 'having_type': {'single': 'SUM'}, 'orderby_type': 'ASC', 'limit_type': 'none', 'value_exp_types': ['single_exp_number'], 'distinct_type': 'none', 'min_max_depth_in_subquery': [1, 1]}","SELECT Address_ID, Customer_Email_Address FROM Customers WHERE  Address_ID < 5 GROUP BY Customer_Email_Address HAVING SUM(Address_ID) = 5 ORDER BY Address_ID ASC"
"{'meaningful_joins': 'yes', 'table_exp_type': 'JOIN', 'where_type': 'comparison_with_subquery', 'number_of_value_exp_in_group_by': 1, 'having_type': 'none', 'orderby_type': 'none', 'limit_type': 'none', 'value_exp_types': ['agg_exp', 'single_exp_number'], 'distinct_type': 'none', 'min_max_depth_in_subquery': [1, 1]}","SELECT MAX(Product_ID), Invoice_ID, Order_Quantity FROM Invoices JOIN Ref_Payment_Methods ON Invoices.payment_method_code = Ref_Payment_Methods.payment_method_code WHERE Order_Item_ID > (SELECT MAX(Order_Item_ID) FROM Invoices AS t WHERE t.Order_Item_ID BETWEEN 1 AND 10 LIMIT 7) GROUP BY Order_Quantity"
"{'meaningful_joins': 'yes', 'table_exp_type': 'single_table', 'where_type': 'between', 'number_of_value_exp_in_group_by': 0, 'having_type': 'none', 'orderby_type': 'none', 'limit_type': 'none', 'value_exp_types': ['agg_exp', 'single_exp_text'], 'distinct_type': 'none', 'min_max_depth_in_subquery': [1, 1]}","SELECT COUNT(Service_ID), Product_Name FROM Services WHERE Service_ID BETWEEN 1 AND 10"
"{'meaningful_joins': 'yes', 'table_exp_type': 'JOIN', 'where_type': {'basic_comparison': '!='}, 'number_of_value_exp_in_group_by': 1, 'having_type': 'none', 'orderby_type': 'none', 'limit_type': 'none', 'value_exp_types': ['single_exp_number'], 'distinct_type': 'none', 'min_max_depth_in_subquery': [1, 1]}","SELECT Order_Items.Order_Item_ID, Invoice_Items.Order_Quantity FROM Order_Items JOIN Invoice_Items ON Order_Items.Order_Item_ID = Invoice_Items.Order_Item_ID WHERE  Invoice_ID != 66 GROUP BY Invoice_Items.Order_Quantity"
"{'meaningful_joins': 'yes', 'table_exp_type': 'single_table', 'where_type': {'logical_operator': ['AND', 'between', 'basic_comparison']}, 'number_of_value_exp_in_group_by': 0, 'having_type': 'none', 'orderby_type': 'ASC', 'limit_type': 'none', 'value_exp_types': ['single_exp_number', 'single_exp_number'], 'distinct_type': 'none', 'min_max_depth_in_subquery': [1, 1]}","SELECT Address_ID, Address_ID FROM Customers WHERE Address_ID BETWEEN 1 AND 10 AND  Address_ID >= 14 ORDER BY Address_ID ASC"
"{'meaningful_joins': 'yes', 'table_exp_type': 'single_table', 'where_type': 'none', 'number_of_value_exp_in_group_by': 1, 'having_type': 'none', 'orderby_type': 'DESC', 'limit_type': 'without_offset', 'value_exp_types': ['single_exp_text'], 'distinct_type': 'none', 'min_max_depth_in_subquery': [1, 1]}",SELECT payment_method_description FROM Ref_Payment_Methods GROUP BY payment_method_description ORDER BY payment_method_description DESC LIMIT 10
