Specification,query
"{'meaningful_joins': 'yes', 'table_exp_type': 'JOIN', 'where_type': {'basic_comparison': '>='}, 'number_of_value_exp_in_group_by': 0, 'having_type': 'none', 'orderby_type': 'DESC', 'limit_type': 'none', 'value_exp_types': ['single_exp_number'], 'distinct_type': 'none', 'min_max_depth_in_subquery': [1, 1]}",SELECT Group_Equity_Shareholding FROM culture_company JOIN book_club ON book_club.book_club_id = culture_company.book_club_id WHERE  Group_Equity_Shareholding >= 0 ORDER BY Group_Equity_Shareholding DESC
"{'meaningful_joins': 'yes', 'table_exp_type': 'JOIN', 'where_type': {'logical_operator': ['AND', 'between', 'basic_comparison']}, 'number_of_value_exp_in_group_by': 0, 'having_type': 'none', 'orderby_type': 'none', 'limit_type': 'none', 'value_exp_types': ['single_exp_text'], 'distinct_type': 'none', 'min_max_depth_in_subquery': [1, 1]}",SELECT Director FROM culture_company JOIN movie ON culture_company.movie_id = movie.movie_id WHERE Budget_million BETWEEN 1 AND 10 AND  Budget_million < 4
"{'meaningful_joins': 'yes', 'table_exp_type': 'single_table_with_name_changing', 'where_type': {'basic_comparison': '>='}, 'number_of_value_exp_in_group_by': 0, 'having_type': 'none', 'orderby_type': 'none', 'limit_type': 'none', 'value_exp_types': ['agg_exp', 'single_exp_text'], 'distinct_type': 'none', 'min_max_depth_in_subquery': [1, 1]}","SELECT AVG(l.book_club_id), l.Author_or_Editor FROM book_club AS l WHERE  l.Year >= 6"
"{'meaningful_joins': 'yes', 'table_exp_type': 'single_table_with_name_changing', 'where_type': {'logical_operator': ['OR', 'between', 'comparison_with_subquery']}, 'number_of_value_exp_in_group_by': 1, 'having_type': {'single': 'AVG'}, 'orderby_type': 'none', 'limit_type': 'none', 'value_exp_types': ['agg_exp', 'agg_exp'], 'distinct_type': 'none', 'min_max_depth_in_subquery': [1, 1]}","SELECT MAX(t.Group_Equity_Shareholding), SUM(t.Group_Equity_Shareholding), t.Group_Equity_Shareholding FROM culture_company AS t WHERE t.Group_Equity_Shareholding BETWEEN 1 AND 10 OR Type > (SELECT AVG(Type) FROM culture_company AS t WHERE  t.Group_Equity_Shareholding != 79) GROUP BY t.Group_Equity_Shareholding HAVING AVG(t.Group_Equity_Shareholding) <= 24"
"{'meaningful_joins': 'yes', 'table_exp_type': 'single_table', 'where_type': {'logical_operator': ['AND', 'between', 'not_in_with_subquery']}, 'number_of_value_exp_in_group_by': 0, 'having_type': 'none', 'orderby_type': 'none', 'limit_type': 'none', 'value_exp_types': ['single_exp_number'], 'distinct_type': 'none', 'min_max_depth_in_subquery': [1, 1]}",SELECT Year FROM book_club WHERE Year BETWEEN 1 AND 10 AND Result NOT IN (SELECT Result FROM book_club AS o WHERE  o.book_club_id < 30 LIMIT 9)
"{'meaningful_joins': 'yes', 'table_exp_type': 'single_table', 'where_type': {'basic_comparison': '='}, 'number_of_value_exp_in_group_by': 1, 'having_type': {'single': 'MIN'}, 'orderby_type': 'none', 'limit_type': 'none', 'value_exp_types': ['single_exp_number', 'single_exp_number'], 'distinct_type': 'none', 'min_max_depth_in_subquery': [1, 1]}","SELECT Gross_worldwide, Budget_million, Director FROM movie WHERE  Budget_million = 38 GROUP BY Director HAVING MIN(movie_id) = 84"
"{'meaningful_joins': 'yes', 'table_exp_type': 'single_table_with_name_changing', 'where_type': {'logical_operator': ['OR', 'basic_comparison', 'in_with_subquery']}, 'number_of_value_exp_in_group_by': 1, 'having_type': 'none', 'orderby_type': 'DESC', 'limit_type': 'without_offset', 'value_exp_types': ['agg_exp', 'count_distinct_exp'], 'distinct_type': 'none', 'min_max_depth_in_subquery': [1, 1]}","SELECT MIN(f.Year), COUNT(DISTINCT f.Year), f.Gross_worldwide FROM movie AS f WHERE  f.Gross_worldwide >= 41 OR Budget_million IN (SELECT Budget_million FROM movie WHERE  Year = 65) GROUP BY f.Gross_worldwide ORDER BY f.Gross_worldwide DESC LIMIT 2"
"{'meaningful_joins': 'yes', 'table_exp_type': 'single_table', 'where_type': {'logical_operator': ['OR', 'basic_comparison', 'comparison_with_subquery']}, 'number_of_value_exp_in_group_by': 0, 'having_type': 'none', 'orderby_type': 'none', 'limit_type': 'without_offset', 'value_exp_types': ['agg_exp', 'agg_exp'], 'distinct_type': 'none', 'min_max_depth_in_subquery': [1, 1]}","SELECT SUM(Year), SUM(book_club_id) FROM book_club WHERE  Year < 76 OR Author_or_Editor <= (SELECT MAX(Author_or_Editor) FROM book_club AS b LIMIT 10) LIMIT 9"
"{'meaningful_joins': 'yes', 'table_exp_type': 'single_table', 'where_type': {'logical_operator': ['AND', 'basic_comparison', 'not_exists_subquery']}, 'number_of_value_exp_in_group_by': 1, 'having_type': 'none', 'orderby_type': 'none', 'limit_type': 'none', 'value_exp_types': ['agg_exp', 'count_distinct_exp', 'count_distinct_exp'], 'distinct_type': 'none', 'min_max_depth_in_subquery': [1, 1]}","SELECT AVG(Year), COUNT(DISTINCT Title), COUNT(DISTINCT Director), Title FROM movie WHERE  Gross_worldwide < 94 AND EXISTS (SELECT * FROM culture_company AS s WHERE  s.Group_Equity_Shareholding > 15 AND movie.movie_id = s.movie_id LIMIT 4) GROUP BY Title"
"{'meaningful_joins': 'yes', 'table_exp_type': 'JOIN_JOIN', 'where_type': {'basic_comparison': '<'}, 'number_of_value_exp_in_group_by': 0, 'having_type': 'none', 'orderby_type': 'ASC', 'limit_type': 'without_offset', 'value_exp_types': ['single_exp_number', 'single_exp_number'], 'distinct_type': 'none', 'min_max_depth_in_subquery': [1, 1]}","SELECT Group_Equity_Shareholding, Budget_million FROM culture_company JOIN movie JOIN book_club ON culture_company.movie_id = movie.movie_id AND book_club.book_club_id = culture_company.book_club_id WHERE  Group_Equity_Shareholding < 39 ORDER BY Group_Equity_Shareholding ASC LIMIT 6"
"{'meaningful_joins': 'yes', 'table_exp_type': 'single_table', 'where_type': {'basic_comparison': '!='}, 'number_of_value_exp_in_group_by': 0, 'having_type': 'none', 'orderby_type': 'none', 'limit_type': 'none', 'value_exp_types': ['agg_exp', 'single_exp_text', 'single_exp_text'], 'distinct_type': 'none', 'min_max_depth_in_subquery': [1, 1]}","SELECT COUNT(Year), Book_Title, Author_or_Editor FROM book_club WHERE  Year != 50"
"{'meaningful_joins': 'yes', 'table_exp_type': 'JOIN_JOIN', 'where_type': {'basic_comparison': '<='}, 'number_of_value_exp_in_group_by': 0, 'having_type': 'none', 'orderby_type': 'ASC', 'limit_type': 'none', 'value_exp_types': ['single_exp_number'], 'distinct_type': 'none', 'min_max_depth_in_subquery': [1, 1]}",SELECT Budget_million FROM culture_company JOIN movie JOIN book_club ON culture_company.movie_id = movie.movie_id AND book_club.book_club_id = culture_company.book_club_id WHERE  book_club.Year <= 59 ORDER BY Budget_million ASC
"{'meaningful_joins': 'yes', 'table_exp_type': 'JOIN_JOIN', 'where_type': 'none', 'number_of_value_exp_in_group_by': 1, 'having_type': 'none', 'orderby_type': 'none', 'limit_type': 'none', 'value_exp_types': ['single_exp_text', 'single_exp_text'], 'distinct_type': 'none', 'min_max_depth_in_subquery': [1, 1]}","SELECT Type, Result, Title FROM culture_company JOIN movie JOIN book_club ON culture_company.movie_id = movie.movie_id AND book_club.book_club_id = culture_company.book_club_id GROUP BY Title"
"{'meaningful_joins': 'yes', 'table_exp_type': 'single_table_with_name_changing', 'where_type': {'basic_comparison': '>'}, 'number_of_value_exp_in_group_by': 0, 'having_type': 'none', 'orderby_type': 'ASC', 'limit_type': 'without_offset', 'value_exp_types': ['count_distinct_exp', 'single_exp_number', 'single_exp_text'], 'distinct_type': 'none', 'min_max_depth_in_subquery': [1, 1]}","SELECT COUNT(DISTINCT f.Incorporated_in), f.Group_Equity_Shareholding, f.Type FROM culture_company AS f WHERE  f.Group_Equity_Shareholding > 36 ORDER BY f.Group_Equity_Shareholding ASC LIMIT 4"
"{'meaningful_joins': 'yes', 'table_exp_type': 'single_table', 'where_type': {'logical_operator': ['AND', 'between', 'basic_comparison']}, 'number_of_value_exp_in_group_by': 0, 'having_type': 'none', 'orderby_type': 'ASC', 'limit_type': 'none', 'value_exp_types': ['count_distinct_exp', 'single_exp_number', 'single_exp_text'], 'distinct_type': 'none', 'min_max_depth_in_subquery': [1, 1]}","SELECT COUNT(DISTINCT movie_id), Gross_worldwide, Director FROM movie WHERE Budget_million BETWEEN 1 AND 10 AND  Year <= 12 ORDER BY Gross_worldwide ASC"
"{'meaningful_joins': 'yes', 'table_exp_type': 'JOIN', 'where_type': {'basic_comparison': '>'}, 'number_of_value_exp_in_group_by': 0, 'having_type': 'none', 'orderby_type': 'ASC', 'limit_type': 'without_offset', 'value_exp_types': ['single_exp_number'], 'distinct_type': 'none', 'min_max_depth_in_subquery': [1, 1]}",SELECT Group_Equity_Shareholding FROM culture_company JOIN book_club ON book_club.book_club_id = culture_company.book_club_id WHERE  Year > 16 ORDER BY Group_Equity_Shareholding ASC LIMIT 8
"{'meaningful_joins': 'yes', 'table_exp_type': 'SELF JOIN', 'where_type': {'basic_comparison': '<'}, 'number_of_value_exp_in_group_by': 1, 'having_type': {'single': 'AVG'}, 'orderby_type': 'DESC', 'limit_type': 'none', 'value_exp_types': ['agg_exp', 'count_distinct_exp'], 'distinct_type': 'none', 'min_max_depth_in_subquery': [1, 1]}","SELECT AVG(k.movie_id), COUNT(DISTINCT k.Year), k.Title FROM movie AS k JOIN movie ON movie.movie_id = k.movie_id WHERE  movie.movie_id < 82 GROUP BY k.Title HAVING AVG(movie.Gross_worldwide) < 81 ORDER BY k.Title DESC"
"{'meaningful_joins': 'yes', 'table_exp_type': 'single_table', 'where_type': 'comparison_with_subquery', 'number_of_value_exp_in_group_by': 0, 'having_type': 'none', 'orderby_type': 'none', 'limit_type': 'none', 'value_exp_types': ['single_exp_number'], 'distinct_type': 'none', 'min_max_depth_in_subquery': [1, 1]}",SELECT Gross_worldwide FROM movie WHERE Title = (SELECT MAX(Title) FROM movie AS q WHERE  q.Budget_million <= 25)
"{'meaningful_joins': 'yes', 'table_exp_type': 'JOIN_JOIN', 'where_type': {'logical_operator': ['OR', 'basic_comparison', 'exists_subquery']}, 'number_of_value_exp_in_group_by': 1, 'having_type': 'none', 'orderby_type': 'DESC', 'limit_type': 'none', 'value_exp_types': ['single_exp_number'], 'distinct_type': 'none', 'min_max_depth_in_subquery': [1, 1]}","SELECT Group_Equity_Shareholding, Publisher FROM culture_company JOIN movie JOIN book_club ON culture_company.movie_id = movie.movie_id AND book_club.book_club_id = culture_company.book_club_id WHERE  Group_Equity_Shareholding = 69 OR EXISTS (SELECT * FROM culture_company WHERE movie.movie_id = movie_id) GROUP BY Publisher ORDER BY Group_Equity_Shareholding DESC"
"{'meaningful_joins': 'yes', 'table_exp_type': 'single_table', 'where_type': 'exists_subquery', 'number_of_value_exp_in_group_by': 1, 'having_type': {'single': 'COUNT'}, 'orderby_type': 'none', 'limit_type': 'none', 'value_exp_types': ['single_exp_number', 'single_exp_text'], 'distinct_type': 'none', 'min_max_depth_in_subquery': [1, 1]}","SELECT Year, Publisher FROM book_club WHERE EXISTS (SELECT * FROM culture_company AS i WHERE i.Group_Equity_Shareholding BETWEEN 1 AND 10 AND book_club.book_club_id = i.book_club_id) GROUP BY Publisher HAVING COUNT(Year) < 11"
"{'meaningful_joins': 'yes', 'table_exp_type': 'single_table', 'where_type': 'none', 'number_of_value_exp_in_group_by': 0, 'having_type': 'none', 'orderby_type': 'none', 'limit_type': 'none', 'value_exp_types': ['single_exp_text'], 'distinct_type': 'none', 'min_max_depth_in_subquery': [1, 1]}",SELECT Incorporated_in FROM culture_company
"{'meaningful_joins': 'yes', 'table_exp_type': 'single_table_with_name_changing', 'where_type': {'basic_comparison': '<='}, 'number_of_value_exp_in_group_by': 0, 'having_type': 'none', 'orderby_type': 'DESC', 'limit_type': 'without_offset', 'value_exp_types': ['agg_exp', 'count_distinct_exp', 'single_exp_text'], 'distinct_type': 'none', 'min_max_depth_in_subquery': [1, 1]}","SELECT AVG(k.book_club_id), COUNT(DISTINCT k.Year), k.Author_or_Editor FROM book_club AS k WHERE  k.Year <= 87 ORDER BY k.Author_or_Editor DESC LIMIT 4"
"{'meaningful_joins': 'yes', 'table_exp_type': 'SELF JOIN', 'where_type': {'basic_comparison': '='}, 'number_of_value_exp_in_group_by': 1, 'having_type': 'none', 'orderby_type': 'none', 'limit_type': 'none', 'value_exp_types': ['single_exp_text', 'single_exp_text'], 'distinct_type': 'none', 'min_max_depth_in_subquery': [1, 1]}","SELECT culture_company.Incorporated_in, culture_company.Incorporated_in, culture_company.Group_Equity_Shareholding FROM culture_company JOIN culture_company AS f ON culture_company.Company_name = f.Company_name WHERE  culture_company.Group_Equity_Shareholding = 16 GROUP BY culture_company.Group_Equity_Shareholding"
"{'meaningful_joins': 'yes', 'table_exp_type': 'single_table', 'where_type': {'basic_comparison': '<'}, 'number_of_value_exp_in_group_by': 1, 'having_type': {'single': 'SUM'}, 'orderby_type': 'none', 'limit_type': 'none', 'value_exp_types': ['agg_exp'], 'distinct_type': 'none', 'min_max_depth_in_subquery': [1, 1]}","SELECT MAX(Budget_million), Director FROM movie WHERE  Gross_worldwide < 58 GROUP BY Director HAVING SUM(Year) <= 84"
"{'meaningful_joins': 'yes', 'table_exp_type': 'single_table', 'where_type': {'basic_comparison': '='}, 'number_of_value_exp_in_group_by': 1, 'having_type': {'single': 'COUNT'}, 'orderby_type': 'none', 'limit_type': 'none', 'value_exp_types': ['single_exp_text', 'single_exp_text', 'single_exp_text'], 'distinct_type': 'none', 'min_max_depth_in_subquery': [1, 1]}","SELECT Category, Author_or_Editor, Publisher FROM book_club WHERE  book_club_id = 34 GROUP BY Publisher HAVING COUNT(Year) <= 1"
"{'meaningful_joins': 'yes', 'table_exp_type': 'single_table', 'where_type': {'basic_comparison': '!='}, 'number_of_value_exp_in_group_by': 1, 'having_type': {'single': 'COUNT'}, 'orderby_type': 'ASC', 'limit_type': 'none', 'value_exp_types': ['agg_exp', 'single_exp_number'], 'distinct_type': 'none', 'min_max_depth_in_subquery': [1, 1]}","SELECT MIN(Year), book_club_id, Category FROM book_club WHERE  book_club_id != 80 GROUP BY Category HAVING COUNT(Year) > 86 ORDER BY book_club_id ASC"
"{'meaningful_joins': 'yes', 'table_exp_type': 'single_table', 'where_type': {'logical_operator': ['OR', 'between', 'not_exists_subquery']}, 'number_of_value_exp_in_group_by': 0, 'having_type': 'none', 'orderby_type': 'ASC', 'limit_type': 'none', 'value_exp_types': ['single_exp_number'], 'distinct_type': 'none', 'min_max_depth_in_subquery': [1, 1]}",SELECT movie_id FROM movie WHERE Budget_million BETWEEN 1 AND 10 OR EXISTS (SELECT * FROM culture_company AS i WHERE  i.Group_Equity_Shareholding >= 41 AND movie.movie_id = i.movie_id) ORDER BY movie_id ASC
"{'meaningful_joins': 'yes', 'table_exp_type': 'single_table', 'where_type': 'exists_subquery', 'number_of_value_exp_in_group_by': 1, 'having_type': 'none', 'orderby_type': 'DESC', 'limit_type': 'none', 'value_exp_types': ['single_exp_number'], 'distinct_type': 'none', 'min_max_depth_in_subquery': [1, 1]}","SELECT movie_id, Year FROM movie WHERE EXISTS (SELECT * FROM culture_company AS a WHERE  a.Group_Equity_Shareholding < 0 AND movie.movie_id = a.movie_id) GROUP BY Year ORDER BY Year DESC"
"{'meaningful_joins': 'yes', 'table_exp_type': 'JOIN', 'where_type': 'comparison_with_subquery', 'number_of_value_exp_in_group_by': 0, 'having_type': 'none', 'orderby_type': 'DESC', 'limit_type': 'without_offset', 'value_exp_types': ['count_distinct_exp', 'count_distinct_exp', 'single_exp_number'], 'distinct_type': 'none', 'min_max_depth_in_subquery': [1, 1]}","SELECT COUNT(DISTINCT Book_Title), COUNT(DISTINCT Year), Group_Equity_Shareholding FROM culture_company JOIN book_club ON book_club.book_club_id = culture_company.book_club_id WHERE Book_Title < (SELECT SUM(Book_Title) FROM book_club AS c WHERE c.Year BETWEEN 1 AND 10 AND  c.book_club_id <= 96) ORDER BY Group_Equity_Shareholding DESC LIMIT 7"
"{'meaningful_joins': 'yes', 'table_exp_type': 'single_table', 'where_type': {'basic_comparison': '>='}, 'number_of_value_exp_in_group_by': 1, 'having_type': 'none', 'orderby_type': 'none', 'limit_type': 'without_offset', 'value_exp_types': ['single_exp_number', 'single_exp_number'], 'distinct_type': 'none', 'min_max_depth_in_subquery': [1, 1]}","SELECT Year, Year, Result FROM book_club WHERE  book_club_id >= 29 GROUP BY Result LIMIT 8"
