Specification,query
"{'meaningful_joins': 'yes', 'table_exp_type': 'single_table', 'where_type': 'between', 'number_of_value_exp_in_group_by': 0, 'having_type': 'none', 'orderby_type': 'none', 'limit_type': 'none', 'value_exp_types': ['count_distinct_exp'], 'distinct_type': 'none', 'min_max_depth_in_subquery': [1, 1]}",SELECT COUNT(DISTINCT distributer_id) FROM Regular_Orders WHERE regular_order_id BETWEEN 1 AND 10
"{'meaningful_joins': 'yes', 'table_exp_type': 'single_table_with_name_changing', 'where_type': 'none', 'number_of_value_exp_in_group_by': 1, 'having_type': 'none', 'orderby_type': 'none', 'limit_type': 'none', 'value_exp_types': ['single_exp_text'], 'distinct_type': 'none', 'min_max_depth_in_subquery': [1, 1]}","SELECT y.route_name, y.other_route_details FROM Delivery_Routes AS y GROUP BY y.other_route_details"
"{'meaningful_joins': 'yes', 'table_exp_type': 'single_table_with_name_changing', 'where_type': {'logical_operator': ['OR', 'between', 'basic_comparison']}, 'number_of_value_exp_in_group_by': 1, 'having_type': 'none', 'orderby_type': 'none', 'limit_type': 'none', 'value_exp_types': ['agg_exp', 'count_distinct_exp'], 'distinct_type': 'none', 'min_max_depth_in_subquery': [1, 1]}","SELECT COUNT(v.product_id), COUNT(DISTINCT v.product_name), v.product_price FROM Products AS v WHERE v.product_id BETWEEN 1 AND 10 OR  v.product_id > 74 GROUP BY v.product_price"
"{'meaningful_joins': 'yes', 'table_exp_type': 'single_table', 'where_type': {'basic_comparison': '<='}, 'number_of_value_exp_in_group_by': 0, 'having_type': 'none', 'orderby_type': 'ASC', 'limit_type': 'none', 'value_exp_types': ['single_exp_number', 'single_exp_text'], 'distinct_type': 'none', 'min_max_depth_in_subquery': [1, 1]}","SELECT truck_id, truck_licence_number FROM Trucks WHERE  truck_id <= 89 ORDER BY truck_id ASC"
"{'meaningful_joins': 'yes', 'table_exp_type': 'JOIN_JOIN', 'where_type': {'basic_comparison': '>'}, 'number_of_value_exp_in_group_by': 0, 'having_type': 'none', 'orderby_type': 'none', 'limit_type': 'none', 'value_exp_types': ['single_exp_number'], 'distinct_type': 'none', 'min_max_depth_in_subquery': [1, 1]}",SELECT location_address_id FROM Delivery_Route_Locations JOIN Order_Deliveries JOIN Employees ON Order_Deliveries.driver_employee_id = Employees.employee_id AND Delivery_Route_Locations.location_code = Order_Deliveries.location_code WHERE  driver_employee_id > 26
"{'meaningful_joins': 'yes', 'table_exp_type': 'single_table', 'where_type': {'basic_comparison': '>='}, 'number_of_value_exp_in_group_by': 0, 'having_type': 'none', 'orderby_type': 'none', 'limit_type': 'without_offset', 'value_exp_types': ['count_distinct_exp', 'single_exp_number'], 'distinct_type': 'none', 'min_max_depth_in_subquery': [1, 1]}","SELECT COUNT(DISTINCT regular_order_id), regular_order_id FROM Regular_Orders WHERE  regular_order_id >= 71 LIMIT 2"
"{'meaningful_joins': 'yes', 'table_exp_type': 'JOIN_JOIN', 'where_type': {'logical_operator': ['AND', 'between', 'basic_comparison']}, 'number_of_value_exp_in_group_by': 0, 'having_type': 'none', 'orderby_type': 'DESC', 'limit_type': 'without_offset', 'value_exp_types': ['single_exp_text', 'single_exp_text'], 'distinct_type': 'none', 'min_max_depth_in_subquery': [1, 1]}","SELECT product_description, product_description FROM Actual_Order_Products JOIN Products JOIN Regular_Order_Products ON Products.product_id = Regular_Order_Products.product_id AND Actual_Order_Products.product_id = Products.product_id WHERE regular_order_id BETWEEN 1 AND 10 AND  Regular_Order_Products.product_id > 90 ORDER BY product_description DESC LIMIT 5"
"{'meaningful_joins': 'yes', 'table_exp_type': 'single_table', 'where_type': {'logical_operator': ['AND', 'between', 'in_with_subquery']}, 'number_of_value_exp_in_group_by': 0, 'having_type': 'none', 'orderby_type': 'none', 'limit_type': 'none', 'value_exp_types': ['count_distinct_exp', 'single_exp_text'], 'distinct_type': 'none', 'min_max_depth_in_subquery': [1, 1]}","SELECT COUNT(DISTINCT employee_phone), employee_phone FROM Employees WHERE employee_address_id BETWEEN 1 AND 10 AND employee_id IN (SELECT employee_id FROM Employees AS u WHERE  u.employee_address_id <= 80)"
"{'meaningful_joins': 'yes', 'table_exp_type': 'JOIN_JOIN_JOIN', 'where_type': {'basic_comparison': '!='}, 'number_of_value_exp_in_group_by': 0, 'having_type': 'none', 'orderby_type': 'DESC', 'limit_type': 'without_offset', 'value_exp_types': ['agg_exp', 'single_exp_text', 'single_exp_text'], 'distinct_type': 'none', 'min_max_depth_in_subquery': [1, 1]}","SELECT AVG(Actual_Orders.regular_order_id), order_status_code, address_type FROM Customers JOIN Regular_Orders JOIN Customer_Addresses JOIN Actual_Orders ON Regular_Orders.distributer_id = Customers.customer_id AND Regular_Orders.regular_order_id = Actual_Orders.regular_order_id AND Customers.customer_id = Customer_Addresses.customer_id WHERE  Actual_Orders.regular_order_id != 81 ORDER BY address_type DESC LIMIT 3"
"{'meaningful_joins': 'yes', 'table_exp_type': 'JOIN_JOIN', 'where_type': 'none', 'number_of_value_exp_in_group_by': 0, 'having_type': 'none', 'orderby_type': 'none', 'limit_type': 'none', 'value_exp_types': ['single_exp_number'], 'distinct_type': 'none', 'min_max_depth_in_subquery': [1, 1]}",SELECT Actual_Orders.regular_order_id FROM Actual_Order_Products JOIN Regular_Orders JOIN Actual_Orders ON Regular_Orders.regular_order_id = Actual_Orders.regular_order_id AND Actual_Orders.actual_order_id = Actual_Order_Products.actual_order_id
"{'meaningful_joins': 'yes', 'table_exp_type': 'JOIN', 'where_type': 'none', 'number_of_value_exp_in_group_by': 0, 'having_type': 'none', 'orderby_type': 'none', 'limit_type': 'none', 'value_exp_types': ['count_distinct_exp', 'single_exp_number'], 'distinct_type': 'none', 'min_max_depth_in_subquery': [1, 1]}","SELECT COUNT(DISTINCT Delivery_Routes.route_id), Delivery_Routes.route_id FROM Delivery_Routes JOIN Delivery_Route_Locations ON Delivery_Route_Locations.route_id = Delivery_Routes.route_id"
"{'meaningful_joins': 'yes', 'table_exp_type': 'single_table', 'where_type': {'basic_comparison': '<='}, 'number_of_value_exp_in_group_by': 0, 'having_type': 'none', 'orderby_type': 'none', 'limit_type': 'none', 'value_exp_types': ['agg_exp', 'single_exp_number'], 'distinct_type': 'none', 'min_max_depth_in_subquery': [1, 1]}","SELECT COUNT(actual_order_id), driver_employee_id FROM Order_Deliveries WHERE  actual_order_id <= 51"
"{'meaningful_joins': 'yes', 'table_exp_type': 'single_table', 'where_type': {'logical_operator': ['OR', 'between', 'not_exists_subquery']}, 'number_of_value_exp_in_group_by': 0, 'having_type': 'none', 'orderby_type': 'DESC', 'limit_type': 'none', 'value_exp_types': ['single_exp_number'], 'distinct_type': 'none', 'min_max_depth_in_subquery': [1, 1]}",SELECT regular_order_id FROM Regular_Orders WHERE distributer_id BETWEEN 1 AND 10 OR EXISTS (SELECT * FROM Customers WHERE  customer_id >= 75 AND Regular_Orders.regular_order_id = customer_id LIMIT 2) ORDER BY regular_order_id DESC
"{'meaningful_joins': 'yes', 'table_exp_type': 'single_table', 'where_type': {'basic_comparison': '<='}, 'number_of_value_exp_in_group_by': 1, 'having_type': 'none', 'orderby_type': 'none', 'limit_type': 'without_offset', 'value_exp_types': ['single_exp_number'], 'distinct_type': 'none', 'min_max_depth_in_subquery': [1, 1]}","SELECT regular_order_id, actual_order_date FROM Actual_Orders WHERE  regular_order_id <= 66 GROUP BY actual_order_date LIMIT 2"
"{'meaningful_joins': 'yes', 'table_exp_type': 'single_table_with_name_changing', 'where_type': {'basic_comparison': '<='}, 'number_of_value_exp_in_group_by': 0, 'having_type': 'none', 'orderby_type': 'none', 'limit_type': 'none', 'value_exp_types': ['single_exp_number'], 'distinct_type': 'none', 'min_max_depth_in_subquery': [1, 1]}",SELECT k.location_address_id FROM Delivery_Route_Locations AS k WHERE  k.location_address_id <= 7
"{'meaningful_joins': 'yes', 'table_exp_type': 'single_table', 'where_type': {'basic_comparison': '='}, 'number_of_value_exp_in_group_by': 0, 'having_type': 'none', 'orderby_type': 'ASC', 'limit_type': 'without_offset', 'value_exp_types': ['agg_exp', 'single_exp_text'], 'distinct_type': 'none', 'min_max_depth_in_subquery': [1, 1]}","SELECT COUNT(customer_id), customer_phone FROM Customers WHERE  customer_id = 20 ORDER BY customer_phone ASC LIMIT 5"
"{'meaningful_joins': 'yes', 'table_exp_type': 'single_table_with_name_changing', 'where_type': 'comparison_with_subquery', 'number_of_value_exp_in_group_by': 0, 'having_type': 'none', 'orderby_type': 'ASC', 'limit_type': 'none', 'value_exp_types': ['single_exp_number', 'single_exp_number'], 'distinct_type': 'none', 'min_max_depth_in_subquery': [1, 1]}","SELECT v.product_price, v.product_price FROM Products AS v WHERE product_price > (SELECT AVG(product_price) FROM Products AS p WHERE  p.product_price <= 90) ORDER BY v.product_price ASC"
"{'meaningful_joins': 'yes', 'table_exp_type': 'JOIN', 'where_type': {'basic_comparison': '>='}, 'number_of_value_exp_in_group_by': 0, 'having_type': 'none', 'orderby_type': 'none', 'limit_type': 'none', 'value_exp_types': ['single_exp_text'], 'distinct_type': 'none', 'min_max_depth_in_subquery': [1, 1]}",SELECT product_name FROM Products JOIN Regular_Order_Products ON Products.product_id = Regular_Order_Products.product_id WHERE  regular_order_id >= 60
"{'meaningful_joins': 'yes', 'table_exp_type': 'single_table', 'where_type': {'basic_comparison': '>'}, 'number_of_value_exp_in_group_by': 0, 'having_type': 'none', 'orderby_type': 'none', 'limit_type': 'none', 'value_exp_types': ['single_exp_number', 'single_exp_text'], 'distinct_type': 'none', 'min_max_depth_in_subquery': [1, 1]}","SELECT regular_order_id, order_status_code FROM Actual_Orders WHERE  actual_order_id > 28"
"{'meaningful_joins': 'yes', 'table_exp_type': 'JOIN', 'where_type': {'basic_comparison': '>'}, 'number_of_value_exp_in_group_by': 0, 'having_type': 'none', 'orderby_type': 'none', 'limit_type': 'none', 'value_exp_types': ['single_exp_text', 'single_exp_text'], 'distinct_type': 'none', 'min_max_depth_in_subquery': [1, 1]}","SELECT route_name, other_route_details FROM Delivery_Routes JOIN Delivery_Route_Locations ON Delivery_Route_Locations.route_id = Delivery_Routes.route_id WHERE  Delivery_Route_Locations.route_id > 97"
"{'meaningful_joins': 'yes', 'table_exp_type': 'single_table', 'where_type': 'not_exists_subquery', 'number_of_value_exp_in_group_by': 0, 'having_type': 'none', 'orderby_type': 'DESC', 'limit_type': 'none', 'value_exp_types': ['agg_exp', 'single_exp_text', 'single_exp_text'], 'distinct_type': 'none', 'min_max_depth_in_subquery': [1, 1]}","SELECT MAX(product_price), product_name, product_name FROM Products WHERE EXISTS (SELECT * FROM Regular_Order_Products WHERE regular_order_id BETWEEN 1 AND 10 AND Products.product_id = product_id) ORDER BY product_name DESC"
"{'meaningful_joins': 'yes', 'table_exp_type': 'JOIN', 'where_type': {'basic_comparison': '!='}, 'number_of_value_exp_in_group_by': 0, 'having_type': 'none', 'orderby_type': 'none', 'limit_type': 'none', 'value_exp_types': ['single_exp_text'], 'distinct_type': 'none', 'min_max_depth_in_subquery': [1, 1]}",SELECT customer_phone FROM Customers JOIN Regular_Orders ON Regular_Orders.distributer_id = Customers.customer_id WHERE  distributer_id != 21
"{'meaningful_joins': 'yes', 'table_exp_type': 'single_table_with_name_changing', 'where_type': {'basic_comparison': '<'}, 'number_of_value_exp_in_group_by': 1, 'having_type': {'single': 'MIN'}, 'orderby_type': 'none', 'limit_type': 'none', 'value_exp_types': ['single_exp_text', 'single_exp_text'], 'distinct_type': 'none', 'min_max_depth_in_subquery': [1, 1]}","SELECT a.country, a.address_details, a.state_province_county FROM Addresses AS a WHERE  a.address_id < 43 GROUP BY a.state_province_county HAVING MIN(a.address_id) > 5"
"{'meaningful_joins': 'yes', 'table_exp_type': 'single_table', 'where_type': {'basic_comparison': '<='}, 'number_of_value_exp_in_group_by': 1, 'having_type': 'none', 'orderby_type': 'DESC', 'limit_type': 'none', 'value_exp_types': ['single_exp_number', 'single_exp_number'], 'distinct_type': 'none', 'min_max_depth_in_subquery': [1, 1]}","SELECT product_price, product_id FROM Products WHERE  product_id <= 41 GROUP BY product_price ORDER BY product_price DESC"
"{'meaningful_joins': 'yes', 'table_exp_type': 'JOIN_JOIN_JOIN', 'where_type': {'logical_operator': ['OR', 'between', 'basic_comparison']}, 'number_of_value_exp_in_group_by': 1, 'having_type': {'single': 'SUM'}, 'orderby_type': 'none', 'limit_type': 'none', 'value_exp_types': ['count_distinct_exp', 'single_exp_number'], 'distinct_type': 'none', 'min_max_depth_in_subquery': [1, 1]}","SELECT COUNT(DISTINCT product_price), Actual_Order_Products.actual_order_id, product_name FROM Actual_Order_Products JOIN Regular_Order_Products JOIN Products JOIN Actual_Orders ON Actual_Orders.actual_order_id = Actual_Order_Products.actual_order_id AND Products.product_id = Regular_Order_Products.product_id AND Actual_Order_Products.product_id = Products.product_id WHERE Actual_Orders.regular_order_id BETWEEN 1 AND 10 OR  Actual_Orders.actual_order_id >= 61 GROUP BY product_name HAVING SUM(Regular_Order_Products.regular_order_id) <= 27"
"{'meaningful_joins': 'yes', 'table_exp_type': 'JOIN_JOIN_JOIN', 'where_type': 'none', 'number_of_value_exp_in_group_by': 0, 'having_type': 'none', 'orderby_type': 'none', 'limit_type': 'without_offset', 'value_exp_types': ['single_exp_number', 'single_exp_text'], 'distinct_type': 'none', 'min_max_depth_in_subquery': [1, 1]}","SELECT distributer_id, product_description FROM Regular_Orders JOIN Products JOIN Regular_Order_Products JOIN Actual_Orders ON Regular_Orders.regular_order_id = Actual_Orders.regular_order_id AND Regular_Order_Products.regular_order_id = Regular_Orders.regular_order_id AND Products.product_id = Regular_Order_Products.product_id LIMIT 2"
"{'meaningful_joins': 'yes', 'table_exp_type': 'SELF JOIN', 'where_type': {'logical_operator': ['AND', 'basic_comparison', 'not_exists_subquery']}, 'number_of_value_exp_in_group_by': 0, 'having_type': 'none', 'orderby_type': 'none', 'limit_type': 'none', 'value_exp_types': ['count_distinct_exp', 'single_exp_number'], 'distinct_type': 'none', 'min_max_depth_in_subquery': [1, 1]}","SELECT COUNT(DISTINCT Regular_Orders.regular_order_id), n.regular_order_id FROM Regular_Orders JOIN Regular_Orders AS n ON Regular_Orders.regular_order_id = n.regular_order_id WHERE  n.regular_order_id != 84 AND EXISTS (SELECT * FROM Actual_Orders AS t WHERE  t.regular_order_id >= 73 AND Regular_Orders.regular_order_id = t.regular_order_id LIMIT 2)"
"{'meaningful_joins': 'yes', 'table_exp_type': 'single_table', 'where_type': {'logical_operator': ['AND', 'between', 'basic_comparison']}, 'number_of_value_exp_in_group_by': 0, 'having_type': 'none', 'orderby_type': 'none', 'limit_type': 'none', 'value_exp_types': ['agg_exp', 'count_distinct_exp'], 'distinct_type': 'none', 'min_max_depth_in_subquery': [1, 1]}","SELECT MIN(truck_id), COUNT(DISTINCT truck_id) FROM Trucks WHERE truck_id BETWEEN 1 AND 10 AND  truck_id != 76"
