Specification,query
"{'meaningful_joins': 'yes', 'table_exp_type': 'JOIN_JOIN', 'where_type': {'basic_comparison': '<='}, 'number_of_value_exp_in_group_by': 0, 'having_type': 'none', 'orderby_type': 'ASC', 'limit_type': 'none', 'value_exp_types': ['agg_exp', 'single_exp_number'], 'distinct_type': 'none', 'min_max_depth_in_subquery': [1, 1]}","SELECT SUM(derived_vat_payable), Order_Items.order_item_id FROM Order_Items JOIN Invoice_Line_Items JOIN Products ON Products.product_id = Order_Items.product_id AND Order_Items.order_item_id = Invoice_Line_Items.order_item_id AND Invoice_Line_Items.product_id = Products.product_id WHERE  Order_Items.order_item_id <= 34 ORDER BY Order_Items.order_item_id ASC"
"{'meaningful_joins': 'yes', 'table_exp_type': 'single_table_with_name_changing', 'where_type': {'logical_operator': ['AND', 'between', 'basic_comparison']}, 'number_of_value_exp_in_group_by': 0, 'having_type': 'none', 'orderby_type': 'none', 'limit_type': 'none', 'value_exp_types': ['single_exp_number'], 'distinct_type': 'none', 'min_max_depth_in_subquery': [1, 1]}",SELECT b.customer_id FROM Customers AS b WHERE b.customer_id BETWEEN 1 AND 10 AND  b.customer_id < 87
"{'meaningful_joins': 'yes', 'table_exp_type': 'single_table', 'where_type': {'basic_comparison': '!='}, 'number_of_value_exp_in_group_by': 0, 'having_type': 'none', 'orderby_type': 'none', 'limit_type': 'without_offset', 'value_exp_types': ['agg_exp', 'count_distinct_exp', 'single_exp_number'], 'distinct_type': 'none', 'min_max_depth_in_subquery': [1, 1]}","SELECT MAX(unit_price), COUNT(DISTINCT product_id), parent_product_id FROM Products WHERE  parent_product_id != 46 LIMIT 4"
"{'meaningful_joins': 'yes', 'table_exp_type': 'SELF JOIN', 'where_type': {'basic_comparison': '='}, 'number_of_value_exp_in_group_by': 0, 'having_type': 'none', 'orderby_type': 'ASC', 'limit_type': 'without_offset', 'value_exp_types': ['single_exp_text', 'single_exp_text'], 'distinct_type': 'none', 'min_max_depth_in_subquery': [1, 1]}","SELECT Customers.country, h.state_county_province FROM Customers AS h JOIN Customers ON Customers.customer_id = h.customer_id WHERE  Customers.customer_id = 34 ORDER BY Customers.country ASC LIMIT 10"
"{'meaningful_joins': 'yes', 'table_exp_type': 'JOIN_JOIN_JOIN', 'where_type': 'none', 'number_of_value_exp_in_group_by': 0, 'having_type': 'none', 'orderby_type': 'none', 'limit_type': 'none', 'value_exp_types': ['agg_exp'], 'distinct_type': 'none', 'min_max_depth_in_subquery': [1, 1]}",SELECT AVG(Invoices.order_id) FROM Order_Items JOIN Orders JOIN Invoice_Line_Items JOIN Invoices ON Orders.order_id = Order_Items.order_id AND Invoices.order_id = Orders.order_id AND Invoices.invoice_number = Invoice_Line_Items.invoice_number AND Order_Items.order_item_id = Invoice_Line_Items.order_item_id
"{'meaningful_joins': 'yes', 'table_exp_type': 'JOIN_JOIN_JOIN', 'where_type': {'basic_comparison': '<='}, 'number_of_value_exp_in_group_by': 0, 'having_type': 'none', 'orderby_type': 'DESC', 'limit_type': 'none', 'value_exp_types': ['single_exp_number'], 'distinct_type': 'none', 'min_max_depth_in_subquery': [1, 1]}",SELECT Products.product_id FROM Invoices JOIN Product_Categories JOIN Invoice_Line_Items JOIN Products ON Invoices.invoice_number = Invoice_Line_Items.invoice_number AND Products.production_type_code = Product_Categories.production_type_code AND Invoice_Line_Items.product_id = Products.product_id WHERE  order_id <= 59 ORDER BY Products.product_id DESC
"{'meaningful_joins': 'yes', 'table_exp_type': 'single_table_with_name_changing', 'where_type': 'in_with_subquery', 'number_of_value_exp_in_group_by': 1, 'having_type': 'none', 'orderby_type': 'none', 'limit_type': 'without_offset', 'value_exp_types': ['agg_exp', 'agg_exp'], 'distinct_type': 'none', 'min_max_depth_in_subquery': [1, 1]}","SELECT MAX(o.customer_id), MIN(o.customer_id), o.phone_number FROM Customers AS o WHERE town_city IN (SELECT town_city FROM Customers WHERE customer_id BETWEEN 1 AND 10 LIMIT 6) GROUP BY o.phone_number LIMIT 8"
"{'meaningful_joins': 'yes', 'table_exp_type': 'JOIN_JOIN', 'where_type': {'logical_operator': ['OR', 'between', 'comparison_with_subquery']}, 'number_of_value_exp_in_group_by': 0, 'having_type': 'none', 'orderby_type': 'DESC', 'limit_type': 'without_offset', 'value_exp_types': ['single_exp_number'], 'distinct_type': 'none', 'min_max_depth_in_subquery': [1, 1]}",SELECT order_item_id FROM Order_Items JOIN Orders JOIN Invoices ON Orders.order_id = Order_Items.order_id AND Invoices.order_id = Orders.order_id WHERE customer_id BETWEEN 1 AND 10 OR order_id <= (SELECT AVG(order_id) FROM Order_Items WHERE  order_item_id <= 30) ORDER BY order_item_id DESC LIMIT 10
"{'meaningful_joins': 'yes', 'table_exp_type': 'JOIN_JOIN_JOIN', 'where_type': {'logical_operator': ['AND', 'between', 'not_in_with_subquery']}, 'number_of_value_exp_in_group_by': 0, 'having_type': 'none', 'orderby_type': 'none', 'limit_type': 'none', 'value_exp_types': ['agg_exp', 'agg_exp'], 'distinct_type': 'none', 'min_max_depth_in_subquery': [1, 1]}","SELECT MIN(Orders.order_id), MIN(Customers.customer_id) FROM Invoices JOIN Customers JOIN Orders JOIN Accounts ON Orders.customer_id = Customers.customer_id AND Invoices.order_id = Orders.order_id AND Customers.customer_id = Accounts.customer_id WHERE account_id BETWEEN 1 AND 10 AND customer_id NOT IN (SELECT customer_id FROM Accounts AS r LIMIT 8)"
"{'meaningful_joins': 'yes', 'table_exp_type': 'JOIN', 'where_type': {'basic_comparison': '<='}, 'number_of_value_exp_in_group_by': 0, 'having_type': 'none', 'orderby_type': 'none', 'limit_type': 'none', 'value_exp_types': ['agg_exp', 'single_exp_text'], 'distinct_type': 'none', 'min_max_depth_in_subquery': [1, 1]}","SELECT MIN(order_item_id), production_type_code FROM Invoice_Line_Items JOIN Products ON Invoice_Line_Items.product_id = Products.product_id WHERE  parent_product_id <= 29"
"{'meaningful_joins': 'yes', 'table_exp_type': 'JOIN', 'where_type': {'basic_comparison': '>'}, 'number_of_value_exp_in_group_by': 0, 'having_type': 'none', 'orderby_type': 'none', 'limit_type': 'none', 'value_exp_types': ['count_distinct_exp', 'count_distinct_exp', 'single_exp_number'], 'distinct_type': 'none', 'min_max_depth_in_subquery': [1, 1]}","SELECT COUNT(DISTINCT Invoice_Line_Items.product_id), COUNT(DISTINCT other_order_item_details), order_id FROM Order_Items JOIN Invoice_Line_Items ON Order_Items.order_item_id = Invoice_Line_Items.order_item_id WHERE  derived_vat_payable > 25"
"{'meaningful_joins': 'yes', 'table_exp_type': 'single_table', 'where_type': {'logical_operator': ['AND', 'between', 'exists_subquery']}, 'number_of_value_exp_in_group_by': 0, 'having_type': 'none', 'orderby_type': 'none', 'limit_type': 'without_offset', 'value_exp_types': ['single_exp_text'], 'distinct_type': 'none', 'min_max_depth_in_subquery': [1, 1]}",SELECT order_details FROM Orders WHERE order_id BETWEEN 1 AND 10 AND EXISTS (SELECT * FROM Order_Items AS j WHERE  j.order_id > 54 AND Orders.order_id = j.order_id) LIMIT 5
"{'meaningful_joins': 'yes', 'table_exp_type': 'single_table', 'where_type': {'basic_comparison': '='}, 'number_of_value_exp_in_group_by': 1, 'having_type': 'none', 'orderby_type': 'none', 'limit_type': 'without_offset', 'value_exp_types': ['single_exp_text'], 'distinct_type': 'none', 'min_max_depth_in_subquery': [1, 1]}","SELECT phone_number, gender FROM Customers WHERE  customer_id = 51 GROUP BY gender LIMIT 6"
"{'meaningful_joins': 'yes', 'table_exp_type': 'single_table_with_name_changing', 'where_type': 'none', 'number_of_value_exp_in_group_by': 0, 'having_type': 'none', 'orderby_type': 'none', 'limit_type': 'without_offset', 'value_exp_types': ['agg_exp', 'count_distinct_exp'], 'distinct_type': 'none', 'min_max_depth_in_subquery': [1, 1]}","SELECT MAX(y.vat_rating), COUNT(DISTINCT y.vat_rating) FROM Product_Categories AS y LIMIT 10"
"{'meaningful_joins': 'yes', 'table_exp_type': 'JOIN', 'where_type': {'logical_operator': ['AND', 'between', 'not_in_with_subquery']}, 'number_of_value_exp_in_group_by': 0, 'having_type': 'none', 'orderby_type': 'DESC', 'limit_type': 'none', 'value_exp_types': ['count_distinct_exp', 'single_exp_text'], 'distinct_type': 'none', 'min_max_depth_in_subquery': [1, 1]}","SELECT COUNT(DISTINCT account_name), transaction_type FROM Financial_Transactions JOIN Accounts ON Accounts.account_id = Financial_Transactions.account_id WHERE transaction_amount BETWEEN 1 AND 10 AND transaction_type NOT IN (SELECT transaction_type FROM Financial_Transactions WHERE  account_id < 43) ORDER BY transaction_type DESC"
"{'meaningful_joins': 'yes', 'table_exp_type': 'single_table', 'where_type': {'logical_operator': ['OR', 'between', 'in_with_subquery']}, 'number_of_value_exp_in_group_by': 0, 'having_type': 'none', 'orderby_type': 'none', 'limit_type': 'none', 'value_exp_types': ['single_exp_number', 'single_exp_text'], 'distinct_type': 'none', 'min_max_depth_in_subquery': [1, 1]}","SELECT vat_rating, production_type_code FROM Product_Categories WHERE vat_rating BETWEEN 1 AND 10 OR product_type_description IN (SELECT product_type_description FROM Product_Categories WHERE vat_rating BETWEEN 1 AND 10)"
"{'meaningful_joins': 'yes', 'table_exp_type': 'JOIN', 'where_type': {'basic_comparison': '>='}, 'number_of_value_exp_in_group_by': 0, 'having_type': 'none', 'orderby_type': 'none', 'limit_type': 'none', 'value_exp_types': ['single_exp_number', 'single_exp_text'], 'distinct_type': 'none', 'min_max_depth_in_subquery': [1, 1]}","SELECT derived_total_cost, product_title FROM Order_Items JOIN Invoice_Line_Items ON Order_Items.order_item_id = Invoice_Line_Items.order_item_id WHERE  derived_vat_payable >= 24"
"{'meaningful_joins': 'yes', 'table_exp_type': 'single_table', 'where_type': 'in_with_subquery', 'number_of_value_exp_in_group_by': 0, 'having_type': 'none', 'orderby_type': 'none', 'limit_type': 'without_offset', 'value_exp_types': ['single_exp_text'], 'distinct_type': 'none', 'min_max_depth_in_subquery': [1, 1]}",SELECT other_order_item_details FROM Order_Items WHERE product_id IN (SELECT product_id FROM Order_Items AS k WHERE  k.product_id != 94 LIMIT 8) LIMIT 7
"{'meaningful_joins': 'yes', 'table_exp_type': 'SELF JOIN', 'where_type': {'basic_comparison': '<='}, 'number_of_value_exp_in_group_by': 0, 'having_type': 'none', 'orderby_type': 'none', 'limit_type': 'none', 'value_exp_types': ['single_exp_number', 'single_exp_number'], 'distinct_type': 'none', 'min_max_depth_in_subquery': [1, 1]}","SELECT m.account_id, m.customer_id FROM Accounts AS m JOIN Accounts ON Accounts.account_id = m.account_id WHERE  Accounts.account_id <= 60"
"{'meaningful_joins': 'yes', 'table_exp_type': 'JOIN_JOIN_JOIN', 'where_type': 'between', 'number_of_value_exp_in_group_by': 0, 'having_type': 'none', 'orderby_type': 'none', 'limit_type': 'none', 'value_exp_types': ['single_exp_number', 'single_exp_number'], 'distinct_type': 'none', 'min_max_depth_in_subquery': [1, 1]}","SELECT product_price, Order_Items.order_item_id FROM Order_Items JOIN Orders JOIN Invoice_Line_Items JOIN Invoices ON Orders.order_id = Order_Items.order_id AND Invoices.order_id = Orders.order_id AND Invoices.invoice_number = Invoice_Line_Items.invoice_number AND Order_Items.order_item_id = Invoice_Line_Items.order_item_id WHERE derived_total_cost BETWEEN 1 AND 10"
"{'meaningful_joins': 'yes', 'table_exp_type': 'single_table', 'where_type': {'logical_operator': ['AND', 'between', 'exists_subquery']}, 'number_of_value_exp_in_group_by': 0, 'having_type': 'none', 'orderby_type': 'none', 'limit_type': 'none', 'value_exp_types': ['single_exp_text'], 'distinct_type': 'none', 'min_max_depth_in_subquery': [1, 1]}",SELECT product_name FROM Products WHERE product_id BETWEEN 1 AND 10 AND EXISTS (SELECT * FROM Order_Items WHERE  product_id <= 2 AND Products.product_id = product_id)
"{'meaningful_joins': 'yes', 'table_exp_type': 'single_table_with_name_changing', 'where_type': {'basic_comparison': '>='}, 'number_of_value_exp_in_group_by': 1, 'having_type': 'none', 'orderby_type': 'none', 'limit_type': 'without_offset', 'value_exp_types': ['single_exp_text', 'single_exp_text'], 'distinct_type': 'none', 'min_max_depth_in_subquery': [1, 1]}","SELECT h.account_name, h.account_name, h.date_account_opened FROM Accounts AS h WHERE  h.customer_id >= 98 GROUP BY h.date_account_opened LIMIT 6"
"{'meaningful_joins': 'yes', 'table_exp_type': 'SELF JOIN', 'where_type': 'none', 'number_of_value_exp_in_group_by': 1, 'having_type': 'none', 'orderby_type': 'none', 'limit_type': 'without_offset', 'value_exp_types': ['agg_exp'], 'distinct_type': 'none', 'min_max_depth_in_subquery': [1, 1]}","SELECT MAX(Customers.customer_id), k.country FROM Customers JOIN Customers AS k ON Customers.customer_id = k.customer_id GROUP BY k.country LIMIT 3"
"{'meaningful_joins': 'yes', 'table_exp_type': 'JOIN_JOIN', 'where_type': 'between', 'number_of_value_exp_in_group_by': 0, 'having_type': 'none', 'orderby_type': 'none', 'limit_type': 'none', 'value_exp_types': ['single_exp_text', 'single_exp_text'], 'distinct_type': 'none', 'min_max_depth_in_subquery': [1, 1]}","SELECT product_size, product_color FROM Product_Categories JOIN Order_Items JOIN Products ON Products.production_type_code = Product_Categories.production_type_code AND Products.product_id = Order_Items.product_id WHERE unit_price BETWEEN 1 AND 10"
"{'meaningful_joins': 'yes', 'table_exp_type': 'JOIN_JOIN_JOIN', 'where_type': {'basic_comparison': '!='}, 'number_of_value_exp_in_group_by': 0, 'having_type': 'none', 'orderby_type': 'DESC', 'limit_type': 'without_offset', 'value_exp_types': ['single_exp_number', 'single_exp_number'], 'distinct_type': 'none', 'min_max_depth_in_subquery': [1, 1]}","SELECT product_price, Order_Items.order_item_id FROM Order_Items JOIN Orders JOIN Invoice_Line_Items JOIN Invoices ON Orders.order_id = Order_Items.order_id AND Invoices.order_id = Orders.order_id AND Invoices.invoice_number = Invoice_Line_Items.invoice_number AND Order_Items.order_item_id = Invoice_Line_Items.order_item_id WHERE  derived_product_cost != 8 ORDER BY Order_Items.order_item_id DESC LIMIT 4"
"{'meaningful_joins': 'yes', 'table_exp_type': 'SELF JOIN', 'where_type': {'basic_comparison': '!='}, 'number_of_value_exp_in_group_by': 0, 'having_type': 'none', 'orderby_type': 'none', 'limit_type': 'without_offset', 'value_exp_types': ['single_exp_text', 'single_exp_text', 'single_exp_text'], 'distinct_type': 'none', 'min_max_depth_in_subquery': [1, 1]}","SELECT j.production_type_code, j.production_type_code, j.product_type_description FROM Product_Categories JOIN Product_Categories AS j ON Product_Categories.production_type_code = j.production_type_code WHERE  j.vat_rating != 19 LIMIT 3"
"{'meaningful_joins': 'yes', 'table_exp_type': 'single_table_with_name_changing', 'where_type': 'none', 'number_of_value_exp_in_group_by': 0, 'having_type': 'none', 'orderby_type': 'none', 'limit_type': 'none', 'value_exp_types': ['agg_exp', 'count_distinct_exp'], 'distinct_type': 'none', 'min_max_depth_in_subquery': [1, 1]}","SELECT AVG(l.customer_id), COUNT(DISTINCT l.customer_id) FROM Accounts AS l"
"{'meaningful_joins': 'yes', 'table_exp_type': 'single_table_with_name_changing', 'where_type': {'logical_operator': ['OR', 'between', 'basic_comparison']}, 'number_of_value_exp_in_group_by': 0, 'having_type': 'none', 'orderby_type': 'none', 'limit_type': 'without_offset', 'value_exp_types': ['single_exp_number'], 'distinct_type': 'none', 'min_max_depth_in_subquery': [1, 1]}",SELECT f.customer_id FROM Accounts AS f WHERE f.account_id BETWEEN 1 AND 10 OR  f.account_id > 85 LIMIT 3
