Specification,query
"{'meaningful_joins': 'yes', 'table_exp_type': 'JOIN_JOIN', 'where_type': 'comparison_with_subquery', 'number_of_value_exp_in_group_by': 0, 'having_type': 'none', 'orderby_type': 'none', 'limit_type': 'without_offset', 'value_exp_types': ['count_distinct_exp', 'single_exp_text'], 'distinct_type': 'none', 'min_max_depth_in_subquery': [1, 1]}","SELECT COUNT(DISTINCT item_status_code), product_category FROM Order_Items JOIN Products JOIN Customer_Orders ON Customer_Orders.order_id = Order_Items.order_id AND Order_Items.product_id = Products.product_id WHERE product_category > (SELECT SUM(product_category) FROM Products AS l WHERE l.product_id BETWEEN 1 AND 10) LIMIT 6"
"{'meaningful_joins': 'yes', 'table_exp_type': 'single_table', 'where_type': {'basic_comparison': '>='}, 'number_of_value_exp_in_group_by': 0, 'having_type': 'none', 'orderby_type': 'none', 'limit_type': 'none', 'value_exp_types': ['single_exp_number', 'single_exp_number', 'single_exp_number'], 'distinct_type': 'none', 'min_max_depth_in_subquery': [1, 1]}","SELECT customer_id, customer_id, customer_id FROM Customers WHERE  customer_id >= 47"
"{'meaningful_joins': 'yes', 'table_exp_type': 'single_table', 'where_type': {'basic_comparison': '>'}, 'number_of_value_exp_in_group_by': 0, 'having_type': 'none', 'orderby_type': 'ASC', 'limit_type': 'without_offset', 'value_exp_types': ['single_exp_number'], 'distinct_type': 'none', 'min_max_depth_in_subquery': [1, 1]}",SELECT premise_id FROM Premises WHERE  premise_id > 24 ORDER BY premise_id ASC LIMIT 6
"{'meaningful_joins': 'yes', 'table_exp_type': 'single_table', 'where_type': {'basic_comparison': '>='}, 'number_of_value_exp_in_group_by': 0, 'having_type': 'none', 'orderby_type': 'none', 'limit_type': 'none', 'value_exp_types': ['single_exp_number', 'single_exp_text'], 'distinct_type': 'none', 'min_max_depth_in_subquery': [1, 1]}","SELECT mailshot_id, mailshot_name FROM Mailshot_Campaigns WHERE  mailshot_id >= 87"
"{'meaningful_joins': 'yes', 'table_exp_type': 'single_table', 'where_type': {'basic_comparison': '!='}, 'number_of_value_exp_in_group_by': 1, 'having_type': {'single': 'SUM'}, 'orderby_type': 'ASC', 'limit_type': 'without_offset', 'value_exp_types': ['count_distinct_exp', 'single_exp_number'], 'distinct_type': 'none', 'min_max_depth_in_subquery': [1, 1]}","SELECT COUNT(DISTINCT mailshot_name), mailshot_id, mailshot_name FROM Mailshot_Campaigns WHERE  mailshot_id != 20 GROUP BY mailshot_name HAVING SUM(mailshot_id) >= 66 ORDER BY mailshot_name ASC LIMIT 8"
"{'meaningful_joins': 'yes', 'table_exp_type': 'single_table', 'where_type': 'comparison_with_subquery', 'number_of_value_exp_in_group_by': 1, 'having_type': {'single': 'AVG'}, 'orderby_type': 'DESC', 'limit_type': 'none', 'value_exp_types': ['single_exp_number', 'single_exp_text'], 'distinct_type': 'none', 'min_max_depth_in_subquery': [1, 1]}","SELECT customer_id, payment_method FROM Customers WHERE customer_login <= (SELECT SUM(customer_login) FROM Customers AS y LIMIT 3) GROUP BY payment_method HAVING AVG(customer_id) = 67 ORDER BY customer_id DESC"
"{'meaningful_joins': 'yes', 'table_exp_type': 'single_table', 'where_type': {'basic_comparison': '!='}, 'number_of_value_exp_in_group_by': 0, 'having_type': 'none', 'orderby_type': 'DESC', 'limit_type': 'none', 'value_exp_types': ['agg_exp', 'agg_exp', 'single_exp_text'], 'distinct_type': 'none', 'min_max_depth_in_subquery': [1, 1]}","SELECT COUNT(customer_id), MIN(premise_id), address_type_code FROM Customer_Addresses WHERE  premise_id != 35 ORDER BY address_type_code DESC"
"{'meaningful_joins': 'yes', 'table_exp_type': 'JOIN_JOIN', 'where_type': {'basic_comparison': '<'}, 'number_of_value_exp_in_group_by': 0, 'having_type': 'none', 'orderby_type': 'none', 'limit_type': 'without_offset', 'value_exp_types': ['count_distinct_exp'], 'distinct_type': 'none', 'min_max_depth_in_subquery': [1, 1]}",SELECT COUNT(DISTINCT mailshot_customer_date) FROM Customers JOIN Mailshot_Campaigns JOIN Mailshot_Customers ON Customers.customer_id = Mailshot_Customers.customer_id AND Mailshot_Customers.mailshot_id = Mailshot_Campaigns.mailshot_id WHERE  Customers.customer_id < 41 LIMIT 1
"{'meaningful_joins': 'yes', 'table_exp_type': 'JOIN', 'where_type': {'basic_comparison': '<='}, 'number_of_value_exp_in_group_by': 0, 'having_type': 'none', 'orderby_type': 'ASC', 'limit_type': 'without_offset', 'value_exp_types': ['single_exp_number', 'single_exp_number', 'single_exp_text'], 'distinct_type': 'none', 'min_max_depth_in_subquery': [1, 1]}","SELECT Mailshot_Campaigns.mailshot_id, customer_id, mailshot_name FROM Mailshot_Campaigns JOIN Mailshot_Customers ON Mailshot_Customers.mailshot_id = Mailshot_Campaigns.mailshot_id WHERE  Mailshot_Campaigns.mailshot_id <= 53 ORDER BY mailshot_name ASC LIMIT 2"
"{'meaningful_joins': 'yes', 'table_exp_type': 'JOIN', 'where_type': {'basic_comparison': '>'}, 'number_of_value_exp_in_group_by': 1, 'having_type': {'single': 'MIN'}, 'orderby_type': 'DESC', 'limit_type': 'none', 'value_exp_types': ['single_exp_text', 'single_exp_text'], 'distinct_type': 'none', 'min_max_depth_in_subquery': [1, 1]}","SELECT premises_type, address_type_code, Customer_Addresses.premise_id FROM Premises JOIN Customer_Addresses ON Customer_Addresses.premise_id = Premises.premise_id WHERE  Customer_Addresses.premise_id > 91 GROUP BY Customer_Addresses.premise_id HAVING MIN(customer_id) <= 58 ORDER BY Customer_Addresses.premise_id DESC"
"{'meaningful_joins': 'yes', 'table_exp_type': 'JOIN', 'where_type': {'basic_comparison': '<'}, 'number_of_value_exp_in_group_by': 1, 'having_type': 'none', 'orderby_type': 'none', 'limit_type': 'none', 'value_exp_types': ['single_exp_text'], 'distinct_type': 'none', 'min_max_depth_in_subquery': [1, 1]}","SELECT premises_type, date_address_to FROM Premises JOIN Customer_Addresses ON Customer_Addresses.premise_id = Premises.premise_id WHERE  customer_id < 6 GROUP BY date_address_to"
"{'meaningful_joins': 'yes', 'table_exp_type': 'SELF JOIN', 'where_type': {'logical_operator': ['AND', 'basic_comparison', 'exists_subquery']}, 'number_of_value_exp_in_group_by': 0, 'having_type': 'none', 'orderby_type': 'DESC', 'limit_type': 'without_offset', 'value_exp_types': ['count_distinct_exp', 'single_exp_text'], 'distinct_type': 'none', 'min_max_depth_in_subquery': [1, 1]}","SELECT COUNT(DISTINCT Products.product_id), z.product_category FROM Products AS z JOIN Products ON Products.product_id = z.product_id WHERE  Products.product_id != 85 AND EXISTS (SELECT * FROM Order_Items AS s WHERE Products.product_id = s.product_id) ORDER BY z.product_category DESC LIMIT 2"
"{'meaningful_joins': 'yes', 'table_exp_type': 'single_table', 'where_type': {'basic_comparison': '!='}, 'number_of_value_exp_in_group_by': 0, 'having_type': 'none', 'orderby_type': 'DESC', 'limit_type': 'without_offset', 'value_exp_types': ['single_exp_text', 'single_exp_text'], 'distinct_type': 'none', 'min_max_depth_in_subquery': [1, 1]}","SELECT address_type_code, address_type_code FROM Customer_Addresses WHERE  premise_id != 93 ORDER BY address_type_code DESC LIMIT 2"
"{'meaningful_joins': 'yes', 'table_exp_type': 'JOIN', 'where_type': 'none', 'number_of_value_exp_in_group_by': 0, 'having_type': 'none', 'orderby_type': 'none', 'limit_type': 'none', 'value_exp_types': ['agg_exp', 'agg_exp'], 'distinct_type': 'none', 'min_max_depth_in_subquery': [1, 1]}","SELECT SUM(Order_Items.product_id), SUM(item_id) FROM Order_Items JOIN Products ON Order_Items.product_id = Products.product_id"
"{'meaningful_joins': 'yes', 'table_exp_type': 'single_table', 'where_type': {'basic_comparison': '<='}, 'number_of_value_exp_in_group_by': 1, 'having_type': {'single': 'MIN'}, 'orderby_type': 'none', 'limit_type': 'none', 'value_exp_types': ['count_distinct_exp'], 'distinct_type': 'none', 'min_max_depth_in_subquery': [1, 1]}","SELECT COUNT(DISTINCT mailshot_name), mailshot_start_date FROM Mailshot_Campaigns WHERE  mailshot_id <= 91 GROUP BY mailshot_start_date HAVING MIN(mailshot_id) > 3"
"{'meaningful_joins': 'yes', 'table_exp_type': 'single_table', 'where_type': {'logical_operator': ['OR', 'basic_comparison', 'comparison_with_subquery']}, 'number_of_value_exp_in_group_by': 0, 'having_type': 'none', 'orderby_type': 'none', 'limit_type': 'none', 'value_exp_types': ['count_distinct_exp', 'single_exp_number'], 'distinct_type': 'none', 'min_max_depth_in_subquery': [1, 1]}","SELECT COUNT(DISTINCT customer_address), customer_id FROM Customers WHERE  customer_id <= 28 OR customer_login <= (SELECT MAX(customer_login) FROM Customers AS t WHERE  t.customer_id != 16)"
"{'meaningful_joins': 'yes', 'table_exp_type': 'single_table_with_name_changing', 'where_type': {'logical_operator': ['OR', 'basic_comparison', 'not_in_with_subquery']}, 'number_of_value_exp_in_group_by': 0, 'having_type': 'none', 'orderby_type': 'none', 'limit_type': 'without_offset', 'value_exp_types': ['single_exp_number', 'single_exp_text'], 'distinct_type': 'none', 'min_max_depth_in_subquery': [1, 1]}","SELECT c.order_id, c.order_item_status_code FROM Order_Items AS c WHERE  c.order_id >= 45 OR item_status_code NOT IN (SELECT item_status_code FROM Order_Items AS w WHERE  w.order_id < 91 LIMIT 9) LIMIT 3"
"{'meaningful_joins': 'yes', 'table_exp_type': 'single_table', 'where_type': 'not_exists_subquery', 'number_of_value_exp_in_group_by': 0, 'having_type': 'none', 'orderby_type': 'DESC', 'limit_type': 'none', 'value_exp_types': ['single_exp_number', 'single_exp_number'], 'distinct_type': 'none', 'min_max_depth_in_subquery': [1, 1]}","SELECT customer_id, customer_id FROM Customers WHERE EXISTS (SELECT * FROM Mailshot_Customers AS i WHERE  i.customer_id <= 47 AND Customers.customer_id = i.customer_id LIMIT 8) ORDER BY customer_id DESC"
"{'meaningful_joins': 'yes', 'table_exp_type': 'single_table', 'where_type': {'basic_comparison': '<'}, 'number_of_value_exp_in_group_by': 1, 'having_type': 'none', 'orderby_type': 'none', 'limit_type': 'without_offset', 'value_exp_types': ['count_distinct_exp'], 'distinct_type': 'none', 'min_max_depth_in_subquery': [1, 1]}","SELECT COUNT(DISTINCT premise_id), premise_id FROM Customer_Addresses WHERE  customer_id < 43 GROUP BY premise_id LIMIT 2"
