Specification,query
"{'meaningful_joins': 'yes', 'table_exp_type': 'single_table', 'where_type': {'logical_operator': ['AND', 'between', 'basic_comparison']}, 'number_of_value_exp_in_group_by': 1, 'having_type': 'none', 'orderby_type': 'ASC', 'limit_type': 'without_offset', 'value_exp_types': ['single_exp_number'], 'distinct_type': 'none', 'min_max_depth_in_subquery': [1, 1]}","SELECT customer_id, phone_number FROM Customers WHERE customer_id BETWEEN 1 AND 10 AND  customer_id >= 51 GROUP BY phone_number ORDER BY customer_id ASC LIMIT 5"
"{'meaningful_joins': 'yes', 'table_exp_type': 'single_table_with_name_changing', 'where_type': 'between', 'number_of_value_exp_in_group_by': 0, 'having_type': 'none', 'orderby_type': 'none', 'limit_type': 'none', 'value_exp_types': ['single_exp_text', 'single_exp_text'], 'distinct_type': 'none', 'min_max_depth_in_subquery': [1, 1]}","SELECT s.complaint_status_code, s.complaint_outcome_code FROM Complaints AS s WHERE s.staff_id BETWEEN 1 AND 10"
"{'meaningful_joins': 'yes', 'table_exp_type': 'JOIN_JOIN_JOIN', 'where_type': {'basic_comparison': '>'}, 'number_of_value_exp_in_group_by': 0, 'having_type': 'none', 'orderby_type': 'DESC', 'limit_type': 'without_offset', 'value_exp_types': ['agg_exp', 'single_exp_text'], 'distinct_type': 'none', 'min_max_depth_in_subquery': [1, 1]}","SELECT AVG(parent_product_id), product_description FROM Customers JOIN Staff JOIN Products JOIN Complaints ON Complaints.customer_id = Customers.customer_id AND Complaints.staff_id = Staff.staff_id AND Products.product_id = Complaints.product_id WHERE  Complaints.product_id > 6 ORDER BY product_description DESC LIMIT 2"
"{'meaningful_joins': 'yes', 'table_exp_type': 'JOIN', 'where_type': {'basic_comparison': '>='}, 'number_of_value_exp_in_group_by': 0, 'having_type': 'none', 'orderby_type': 'DESC', 'limit_type': 'none', 'value_exp_types': ['single_exp_number'], 'distinct_type': 'none', 'min_max_depth_in_subquery': [1, 1]}",SELECT Complaints.staff_id FROM Staff JOIN Complaints ON Complaints.staff_id = Staff.staff_id WHERE  customer_id >= 80 ORDER BY Complaints.staff_id DESC
"{'meaningful_joins': 'yes', 'table_exp_type': 'single_table', 'where_type': {'basic_comparison': '>'}, 'number_of_value_exp_in_group_by': 0, 'having_type': 'none', 'orderby_type': 'none', 'limit_type': 'without_offset', 'value_exp_types': ['single_exp_number', 'single_exp_text', 'single_exp_text'], 'distinct_type': 'none', 'min_max_depth_in_subquery': [1, 1]}","SELECT complaint_id, complaint_type_code, complaint_outcome_code FROM Complaints WHERE  complaint_id > 9 LIMIT 10"
"{'meaningful_joins': 'yes', 'table_exp_type': 'single_table', 'where_type': {'basic_comparison': '='}, 'number_of_value_exp_in_group_by': 0, 'having_type': 'none', 'orderby_type': 'none', 'limit_type': 'none', 'value_exp_types': ['single_exp_text', 'single_exp_text'], 'distinct_type': 'none', 'min_max_depth_in_subquery': [1, 1]}","SELECT complaint_status_code, complaint_status_code FROM Complaints WHERE  product_id = 9"
"{'meaningful_joins': 'yes', 'table_exp_type': 'JOIN_JOIN', 'where_type': 'in_with_subquery', 'number_of_value_exp_in_group_by': 0, 'having_type': 'none', 'orderby_type': 'DESC', 'limit_type': 'none', 'value_exp_types': ['single_exp_number'], 'distinct_type': 'none', 'min_max_depth_in_subquery': [1, 1]}",SELECT Staff.staff_id FROM Staff JOIN Products JOIN Complaints ON Complaints.staff_id = Staff.staff_id AND Products.product_id = Complaints.product_id WHERE staff_id IN (SELECT staff_id FROM Complaints AS b) ORDER BY Staff.staff_id DESC
"{'meaningful_joins': 'yes', 'table_exp_type': 'single_table', 'where_type': 'between', 'number_of_value_exp_in_group_by': 1, 'having_type': {'single': 'AVG'}, 'orderby_type': 'ASC', 'limit_type': 'without_offset', 'value_exp_types': ['single_exp_text'], 'distinct_type': 'none', 'min_max_depth_in_subquery': [1, 1]}","SELECT email_address, first_name FROM Staff WHERE staff_id BETWEEN 1 AND 10 GROUP BY first_name HAVING AVG(staff_id) < 40 ORDER BY first_name ASC LIMIT 8"
"{'meaningful_joins': 'yes', 'table_exp_type': 'single_table', 'where_type': 'between', 'number_of_value_exp_in_group_by': 0, 'having_type': 'none', 'orderby_type': 'none', 'limit_type': 'none', 'value_exp_types': ['agg_exp', 'single_exp_text'], 'distinct_type': 'none', 'min_max_depth_in_subquery': [1, 1]}","SELECT COUNT(staff_id), first_name FROM Staff WHERE staff_id BETWEEN 1 AND 10"
"{'meaningful_joins': 'yes', 'table_exp_type': 'JOIN_JOIN_JOIN', 'where_type': {'logical_operator': ['OR', 'between', 'basic_comparison']}, 'number_of_value_exp_in_group_by': 0, 'having_type': 'none', 'orderby_type': 'none', 'limit_type': 'none', 'value_exp_types': ['agg_exp', 'single_exp_text'], 'distinct_type': 'none', 'min_max_depth_in_subquery': [1, 1]}","SELECT AVG(Complaints.product_id), product_category_code FROM Customers JOIN Staff JOIN Products JOIN Complaints ON Complaints.customer_id = Customers.customer_id AND Complaints.staff_id = Staff.staff_id AND Products.product_id = Complaints.product_id WHERE Complaints.staff_id BETWEEN 1 AND 10 OR  parent_product_id != 87"
"{'meaningful_joins': 'yes', 'table_exp_type': 'single_table', 'where_type': {'basic_comparison': '>'}, 'number_of_value_exp_in_group_by': 1, 'having_type': {'single': 'COUNT'}, 'orderby_type': 'none', 'limit_type': 'none', 'value_exp_types': ['agg_exp', 'agg_exp', 'count_distinct_exp'], 'distinct_type': 'none', 'min_max_depth_in_subquery': [1, 1]}","SELECT AVG(customer_id), COUNT(customer_id), COUNT(DISTINCT town_city), town_city FROM Customers WHERE  customer_id > 40 GROUP BY town_city HAVING COUNT(customer_id) = 36"
"{'meaningful_joins': 'yes', 'table_exp_type': 'JOIN_JOIN', 'where_type': {'logical_operator': ['AND', 'between', 'in_with_subquery']}, 'number_of_value_exp_in_group_by': 0, 'having_type': 'none', 'orderby_type': 'none', 'limit_type': 'none', 'value_exp_types': ['count_distinct_exp'], 'distinct_type': 'none', 'min_max_depth_in_subquery': [1, 1]}",SELECT COUNT(DISTINCT first_name) FROM Customers JOIN Staff JOIN Complaints ON Complaints.customer_id = Customers.customer_id AND Complaints.staff_id = Staff.staff_id WHERE complaint_id BETWEEN 1 AND 10 AND email_address IN (SELECT email_address FROM Staff)
"{'meaningful_joins': 'yes', 'table_exp_type': 'single_table_with_name_changing', 'where_type': 'comparison_with_subquery', 'number_of_value_exp_in_group_by': 1, 'having_type': 'none', 'orderby_type': 'none', 'limit_type': 'none', 'value_exp_types': ['count_distinct_exp', 'single_exp_number', 'single_exp_text'], 'distinct_type': 'none', 'min_max_depth_in_subquery': [1, 1]}","SELECT COUNT(DISTINCT o.gender), o.staff_id, o.gender, o.last_name FROM Staff AS o WHERE email_address = (SELECT SUM(email_address) FROM Staff AS m WHERE m.staff_id BETWEEN 1 AND 10 AND  m.staff_id != 80 LIMIT 7) GROUP BY o.last_name"
"{'meaningful_joins': 'yes', 'table_exp_type': 'JOIN', 'where_type': 'between', 'number_of_value_exp_in_group_by': 0, 'having_type': 'none', 'orderby_type': 'DESC', 'limit_type': 'none', 'value_exp_types': ['single_exp_number', 'single_exp_text'], 'distinct_type': 'none', 'min_max_depth_in_subquery': [1, 1]}","SELECT Complaints.staff_id, complaint_status_code FROM Staff JOIN Complaints ON Complaints.staff_id = Staff.staff_id WHERE Complaints.staff_id BETWEEN 1 AND 10 ORDER BY Complaints.staff_id DESC"
"{'meaningful_joins': 'yes', 'table_exp_type': 'JOIN_JOIN', 'where_type': {'basic_comparison': '>'}, 'number_of_value_exp_in_group_by': 0, 'having_type': 'none', 'orderby_type': 'DESC', 'limit_type': 'without_offset', 'value_exp_types': ['single_exp_number', 'single_exp_number'], 'distinct_type': 'none', 'min_max_depth_in_subquery': [1, 1]}","SELECT complaint_id, complaint_id FROM Staff JOIN Products JOIN Complaints ON Complaints.staff_id = Staff.staff_id AND Products.product_id = Complaints.product_id WHERE  Complaints.product_id > 82 ORDER BY complaint_id DESC LIMIT 1"
"{'meaningful_joins': 'yes', 'table_exp_type': 'single_table', 'where_type': {'logical_operator': ['AND', 'basic_comparison', 'exists_subquery']}, 'number_of_value_exp_in_group_by': 0, 'having_type': 'none', 'orderby_type': 'ASC', 'limit_type': 'none', 'value_exp_types': ['single_exp_number', 'single_exp_text', 'single_exp_text'], 'distinct_type': 'none', 'min_max_depth_in_subquery': [1, 1]}","SELECT parent_product_id, product_category_code, product_description FROM Products WHERE  parent_product_id > 76 AND EXISTS (SELECT * FROM Complaints WHERE  customer_id > 9 AND Products.product_id = product_id LIMIT 1) ORDER BY parent_product_id ASC"
"{'meaningful_joins': 'yes', 'table_exp_type': 'single_table', 'where_type': {'basic_comparison': '='}, 'number_of_value_exp_in_group_by': 1, 'having_type': 'none', 'orderby_type': 'none', 'limit_type': 'none', 'value_exp_types': ['single_exp_number'], 'distinct_type': 'none', 'min_max_depth_in_subquery': [1, 1]}","SELECT staff_id, email_address FROM Staff WHERE  staff_id = 59 GROUP BY email_address"
"{'meaningful_joins': 'yes', 'table_exp_type': 'single_table_with_name_changing', 'where_type': 'none', 'number_of_value_exp_in_group_by': 0, 'having_type': 'none', 'orderby_type': 'none', 'limit_type': 'none', 'value_exp_types': ['count_distinct_exp', 'single_exp_number', 'single_exp_number'], 'distinct_type': 'none', 'min_max_depth_in_subquery': [1, 1]}","SELECT COUNT(DISTINCT l.phone_number), l.customer_id, l.customer_id FROM Customers AS l"
"{'meaningful_joins': 'yes', 'table_exp_type': 'single_table', 'where_type': {'logical_operator': ['OR', 'between', 'basic_comparison']}, 'number_of_value_exp_in_group_by': 0, 'having_type': 'none', 'orderby_type': 'ASC', 'limit_type': 'without_offset', 'value_exp_types': ['single_exp_text', 'single_exp_text'], 'distinct_type': 'none', 'min_max_depth_in_subquery': [1, 1]}","SELECT complaint_status_code, complaint_status_code FROM Complaints WHERE customer_id BETWEEN 1 AND 10 OR  staff_id >= 87 ORDER BY complaint_status_code ASC LIMIT 7"
"{'meaningful_joins': 'yes', 'table_exp_type': 'JOIN_JOIN', 'where_type': {'logical_operator': ['OR', 'basic_comparison', 'not_in_with_subquery']}, 'number_of_value_exp_in_group_by': 0, 'having_type': 'none', 'orderby_type': 'none', 'limit_type': 'none', 'value_exp_types': ['single_exp_text'], 'distinct_type': 'none', 'min_max_depth_in_subquery': [1, 1]}",SELECT complaint_status_code FROM Customers JOIN Products JOIN Complaints ON Complaints.customer_id = Customers.customer_id AND Products.product_id = Complaints.product_id WHERE  Complaints.product_id > 70 OR product_id NOT IN (SELECT product_id FROM Complaints WHERE  complaint_id = 72)
"{'meaningful_joins': 'yes', 'table_exp_type': 'JOIN_JOIN_JOIN', 'where_type': {'basic_comparison': '<='}, 'number_of_value_exp_in_group_by': 0, 'having_type': 'none', 'orderby_type': 'none', 'limit_type': 'none', 'value_exp_types': ['count_distinct_exp'], 'distinct_type': 'none', 'min_max_depth_in_subquery': [1, 1]}",SELECT COUNT(DISTINCT Complaints.product_id) FROM Customers JOIN Staff JOIN Products JOIN Complaints ON Complaints.customer_id = Customers.customer_id AND Complaints.staff_id = Staff.staff_id AND Products.product_id = Complaints.product_id WHERE  Staff.staff_id <= 20
"{'meaningful_joins': 'yes', 'table_exp_type': 'JOIN_JOIN_JOIN', 'where_type': 'exists_subquery', 'number_of_value_exp_in_group_by': 0, 'having_type': 'none', 'orderby_type': 'none', 'limit_type': 'none', 'value_exp_types': ['count_distinct_exp'], 'distinct_type': 'none', 'min_max_depth_in_subquery': [1, 1]}",SELECT COUNT(DISTINCT parent_product_id) FROM Customers JOIN Staff JOIN Products JOIN Complaints ON Complaints.customer_id = Customers.customer_id AND Complaints.staff_id = Staff.staff_id AND Products.product_id = Complaints.product_id WHERE EXISTS (SELECT * FROM Complaints WHERE product_id BETWEEN 1 AND 10 AND Products.product_id = product_id)
"{'meaningful_joins': 'yes', 'table_exp_type': 'single_table', 'where_type': {'logical_operator': ['AND', 'between', 'basic_comparison']}, 'number_of_value_exp_in_group_by': 1, 'having_type': 'none', 'orderby_type': 'none', 'limit_type': 'none', 'value_exp_types': ['agg_exp', 'count_distinct_exp'], 'distinct_type': 'none', 'min_max_depth_in_subquery': [1, 1]}","SELECT COUNT(customer_id), COUNT(DISTINCT town_city), town_city FROM Customers WHERE customer_id BETWEEN 1 AND 10 AND  customer_id >= 73 GROUP BY town_city"
"{'meaningful_joins': 'yes', 'table_exp_type': 'single_table_with_name_changing', 'where_type': {'logical_operator': ['AND', 'between', 'basic_comparison']}, 'number_of_value_exp_in_group_by': 0, 'having_type': 'none', 'orderby_type': 'DESC', 'limit_type': 'none', 'value_exp_types': ['single_exp_text', 'single_exp_text'], 'distinct_type': 'none', 'min_max_depth_in_subquery': [1, 1]}","SELECT y.phone_number, y.last_name FROM Staff AS y WHERE y.staff_id BETWEEN 1 AND 10 AND  y.staff_id = 30 ORDER BY y.phone_number DESC"
"{'meaningful_joins': 'yes', 'table_exp_type': 'single_table', 'where_type': 'none', 'number_of_value_exp_in_group_by': 1, 'having_type': {'single': 'MAX'}, 'orderby_type': 'none', 'limit_type': 'none', 'value_exp_types': ['agg_exp', 'agg_exp'], 'distinct_type': 'none', 'min_max_depth_in_subquery': [1, 1]}","SELECT MAX(product_id), AVG(product_id), product_category_code FROM Products GROUP BY product_category_code HAVING MAX(product_price) <= 97"
"{'meaningful_joins': 'yes', 'table_exp_type': 'single_table', 'where_type': {'basic_comparison': '='}, 'number_of_value_exp_in_group_by': 0, 'having_type': 'none', 'orderby_type': 'none', 'limit_type': 'none', 'value_exp_types': ['single_exp_number'], 'distinct_type': 'none', 'min_max_depth_in_subquery': [1, 1]}",SELECT product_price FROM Products WHERE  product_price = 94
"{'meaningful_joins': 'yes', 'table_exp_type': 'JOIN', 'where_type': 'between', 'number_of_value_exp_in_group_by': 0, 'having_type': 'none', 'orderby_type': 'none', 'limit_type': 'none', 'value_exp_types': ['agg_exp', 'single_exp_text'], 'distinct_type': 'none', 'min_max_depth_in_subquery': [1, 1]}","SELECT AVG(staff_id), complaint_type_code FROM Customers JOIN Complaints ON Complaints.customer_id = Customers.customer_id WHERE complaint_id BETWEEN 1 AND 10"
"{'meaningful_joins': 'yes', 'table_exp_type': 'JOIN_JOIN_JOIN', 'where_type': {'logical_operator': ['AND', 'between', 'in_with_subquery']}, 'number_of_value_exp_in_group_by': 0, 'having_type': 'none', 'orderby_type': 'ASC', 'limit_type': 'none', 'value_exp_types': ['agg_exp', 'single_exp_number', 'single_exp_text'], 'distinct_type': 'none', 'min_max_depth_in_subquery': [1, 1]}","SELECT MAX(Staff.staff_id), Complaints.customer_id, customer_type_code FROM Customers JOIN Staff JOIN Products JOIN Complaints ON Complaints.customer_id = Customers.customer_id AND Complaints.staff_id = Staff.staff_id AND Products.product_id = Complaints.product_id WHERE Staff.staff_id BETWEEN 1 AND 10 AND customer_id IN (SELECT customer_id FROM Customers AS i WHERE  i.customer_id > 56 LIMIT 9) ORDER BY customer_type_code ASC"
"{'meaningful_joins': 'yes', 'table_exp_type': 'JOIN', 'where_type': {'basic_comparison': '='}, 'number_of_value_exp_in_group_by': 0, 'having_type': 'none', 'orderby_type': 'none', 'limit_type': 'without_offset', 'value_exp_types': ['count_distinct_exp', 'single_exp_number'], 'distinct_type': 'none', 'min_max_depth_in_subquery': [1, 1]}","SELECT COUNT(DISTINCT complaint_outcome_code), Products.product_id FROM Products JOIN Complaints ON Products.product_id = Complaints.product_id WHERE  product_price = 6 LIMIT 5"
