Specification,query
"{'meaningful_joins': 'yes', 'table_exp_type': 'JOIN_JOIN', 'where_type': {'basic_comparison': '>='}, 'number_of_value_exp_in_group_by': 0, 'having_type': 'none', 'orderby_type': 'ASC', 'limit_type': 'none', 'value_exp_types': ['agg_exp', 'single_exp_number'], 'distinct_type': 'none', 'min_max_depth_in_subquery': [1, 1]}","SELECT AVG(Customers.customer_id), Customer_Address_History.address_id FROM Addresses JOIN Customers JOIN Customer_Address_History ON Customer_Address_History.address_id = Addresses.address_id AND Customers.customer_id = Customer_Address_History.customer_id WHERE  Addresses.address_id >= 76 ORDER BY Customer_Address_History.address_id ASC"
"{'meaningful_joins': 'yes', 'table_exp_type': 'single_table_with_name_changing', 'where_type': 'between', 'number_of_value_exp_in_group_by': 0, 'having_type': 'none', 'orderby_type': 'none', 'limit_type': 'none', 'value_exp_types': ['agg_exp'], 'distinct_type': 'none', 'min_max_depth_in_subquery': [1, 1]}",SELECT AVG(x.address_id) FROM Addresses AS x WHERE x.address_id BETWEEN 1 AND 10
"{'meaningful_joins': 'yes', 'table_exp_type': 'JOIN', 'where_type': {'logical_operator': ['OR', 'between', 'not_exists_subquery']}, 'number_of_value_exp_in_group_by': 0, 'having_type': 'none', 'orderby_type': 'ASC', 'limit_type': 'none', 'value_exp_types': ['single_exp_number', 'single_exp_text'], 'distinct_type': 'none', 'min_max_depth_in_subquery': [1, 1]}","SELECT Products.product_id, product_type_code FROM Order_Items JOIN Products ON Products.product_id = Order_Items.product_id WHERE product_price BETWEEN 1 AND 10 OR EXISTS (SELECT * FROM Order_Items WHERE  order_item_id = 74 AND Products.product_id = product_id) ORDER BY Products.product_id ASC"
"{'meaningful_joins': 'yes', 'table_exp_type': 'single_table', 'where_type': 'none', 'number_of_value_exp_in_group_by': 0, 'having_type': 'none', 'orderby_type': 'none', 'limit_type': 'none', 'value_exp_types': ['count_distinct_exp'], 'distinct_type': 'none', 'min_max_depth_in_subquery': [1, 1]}",SELECT COUNT(DISTINCT order_id) FROM Customer_Orders
"{'meaningful_joins': 'yes', 'table_exp_type': 'SELF JOIN', 'where_type': 'not_in_with_subquery', 'number_of_value_exp_in_group_by': 0, 'having_type': 'none', 'orderby_type': 'none', 'limit_type': 'without_offset', 'value_exp_types': ['single_exp_number', 'single_exp_number'], 'distinct_type': 'none', 'min_max_depth_in_subquery': [1, 1]}","SELECT Addresses.address_id, f.address_id FROM Addresses JOIN Addresses AS f ON Addresses.address_id = f.address_id WHERE country NOT IN (SELECT country FROM Addresses) LIMIT 7"
"{'meaningful_joins': 'yes', 'table_exp_type': 'single_table_with_name_changing', 'where_type': 'none', 'number_of_value_exp_in_group_by': 1, 'having_type': {'single': 'SUM'}, 'orderby_type': 'DESC', 'limit_type': 'none', 'value_exp_types': ['agg_exp', 'count_distinct_exp', 'single_exp_text'], 'distinct_type': 'none', 'min_max_depth_in_subquery': [1, 1]}","SELECT MIN(f.product_id), COUNT(DISTINCT f.product_price), f.product_name, f.product_price FROM Products AS f GROUP BY f.product_price HAVING SUM(f.product_id) <= 73 ORDER BY f.product_price DESC"
"{'meaningful_joins': 'yes', 'table_exp_type': 'single_table', 'where_type': {'logical_operator': ['OR', 'between', 'not_exists_subquery']}, 'number_of_value_exp_in_group_by': 1, 'having_type': {'single': 'SUM'}, 'orderby_type': 'DESC', 'limit_type': 'without_offset', 'value_exp_types': ['single_exp_number', 'single_exp_number'], 'distinct_type': 'none', 'min_max_depth_in_subquery': [1, 1]}","SELECT customer_id, customer_id, customer_phone FROM Customers WHERE customer_id BETWEEN 1 AND 10 OR EXISTS (SELECT * FROM Customer_Address_History AS u WHERE  u.customer_id < 34 AND Customers.customer_id = u.customer_id) GROUP BY customer_phone HAVING SUM(customer_id) >= 1 ORDER BY customer_id DESC LIMIT 2"
"{'meaningful_joins': 'yes', 'table_exp_type': 'single_table', 'where_type': 'not_in_with_subquery', 'number_of_value_exp_in_group_by': 1, 'having_type': {'single': 'MIN'}, 'orderby_type': 'DESC', 'limit_type': 'none', 'value_exp_types': ['single_exp_text', 'single_exp_text'], 'distinct_type': 'none', 'min_max_depth_in_subquery': [1, 1]}","SELECT gender, last_name, first_name FROM Contacts WHERE customer_id NOT IN (SELECT customer_id FROM Customers AS s WHERE  s.customer_id != 45 LIMIT 6) GROUP BY first_name HAVING MIN(contact_id) < 69 ORDER BY first_name DESC"
"{'meaningful_joins': 'yes', 'table_exp_type': 'single_table', 'where_type': {'basic_comparison': '<'}, 'number_of_value_exp_in_group_by': 1, 'having_type': 'none', 'orderby_type': 'none', 'limit_type': 'without_offset', 'value_exp_types': ['single_exp_number'], 'distinct_type': 'none', 'min_max_depth_in_subquery': [1, 1]}","SELECT customer_id, customer_name FROM Customers WHERE  customer_id < 34 GROUP BY customer_name LIMIT 5"
"{'meaningful_joins': 'yes', 'table_exp_type': 'single_table_with_name_changing', 'where_type': {'basic_comparison': '!='}, 'number_of_value_exp_in_group_by': 0, 'having_type': 'none', 'orderby_type': 'DESC', 'limit_type': 'none', 'value_exp_types': ['single_exp_text', 'single_exp_text', 'single_exp_text'], 'distinct_type': 'none', 'min_max_depth_in_subquery': [1, 1]}","SELECT g.zip_postcode, g.line_1_number_building, g.zip_postcode FROM Addresses AS g WHERE  g.address_id != 8 ORDER BY g.line_1_number_building DESC"
"{'meaningful_joins': 'yes', 'table_exp_type': 'JOIN', 'where_type': {'logical_operator': ['AND', 'basic_comparison', 'in_with_subquery']}, 'number_of_value_exp_in_group_by': 0, 'having_type': 'none', 'orderby_type': 'none', 'limit_type': 'none', 'value_exp_types': ['count_distinct_exp'], 'distinct_type': 'none', 'min_max_depth_in_subquery': [1, 1]}",SELECT COUNT(DISTINCT customer_number) FROM Customers JOIN Customer_Orders ON Customer_Orders.customer_id = Customers.customer_id WHERE  order_id >= 43 AND customer_email IN (SELECT customer_email FROM Customers)
"{'meaningful_joins': 'yes', 'table_exp_type': 'single_table', 'where_type': {'basic_comparison': '!='}, 'number_of_value_exp_in_group_by': 0, 'having_type': 'none', 'orderby_type': 'none', 'limit_type': 'none', 'value_exp_types': ['agg_exp', 'agg_exp'], 'distinct_type': 'none', 'min_max_depth_in_subquery': [1, 1]}","SELECT COUNT(address_id), COUNT(address_id) FROM Addresses WHERE  address_id != 49"
"{'meaningful_joins': 'yes', 'table_exp_type': 'single_table', 'where_type': {'basic_comparison': '<'}, 'number_of_value_exp_in_group_by': 0, 'having_type': 'none', 'orderby_type': 'none', 'limit_type': 'none', 'value_exp_types': ['single_exp_text'], 'distinct_type': 'none', 'min_max_depth_in_subquery': [1, 1]}",SELECT order_quantity FROM Order_Items WHERE  order_id < 95
"{'meaningful_joins': 'yes', 'table_exp_type': 'single_table_with_name_changing', 'where_type': 'between', 'number_of_value_exp_in_group_by': 1, 'having_type': 'none', 'orderby_type': 'none', 'limit_type': 'none', 'value_exp_types': ['count_distinct_exp', 'single_exp_text'], 'distinct_type': 'none', 'min_max_depth_in_subquery': [1, 1]}","SELECT COUNT(DISTINCT f.payment_method_code), f.customer_email, f.customer_address FROM Customers AS f WHERE f.customer_id BETWEEN 1 AND 10 GROUP BY f.customer_address"
"{'meaningful_joins': 'yes', 'table_exp_type': 'JOIN', 'where_type': 'comparison_with_subquery', 'number_of_value_exp_in_group_by': 0, 'having_type': 'none', 'orderby_type': 'ASC', 'limit_type': 'none', 'value_exp_types': ['single_exp_number'], 'distinct_type': 'none', 'min_max_depth_in_subquery': [1, 1]}",SELECT order_id FROM Order_Items JOIN Products ON Products.product_id = Order_Items.product_id WHERE product_type_code != (SELECT MIN(product_type_code) FROM Products WHERE product_price BETWEEN 1 AND 10) ORDER BY order_id ASC
"{'meaningful_joins': 'yes', 'table_exp_type': 'JOIN', 'where_type': {'basic_comparison': '<'}, 'number_of_value_exp_in_group_by': 1, 'having_type': 'none', 'orderby_type': 'none', 'limit_type': 'none', 'value_exp_types': ['single_exp_text', 'single_exp_text'], 'distinct_type': 'none', 'min_max_depth_in_subquery': [1, 1]}","SELECT city, zip_postcode, line_1_number_building FROM Addresses JOIN Customer_Address_History ON Customer_Address_History.address_id = Addresses.address_id WHERE  customer_id < 56 GROUP BY line_1_number_building"
"{'meaningful_joins': 'yes', 'table_exp_type': 'JOIN', 'where_type': {'logical_operator': ['AND', 'basic_comparison', 'not_exists_subquery']}, 'number_of_value_exp_in_group_by': 0, 'having_type': 'none', 'orderby_type': 'none', 'limit_type': 'none', 'value_exp_types': ['single_exp_number', 'single_exp_text'], 'distinct_type': 'none', 'min_max_depth_in_subquery': [1, 1]}","SELECT address_id, customer_name FROM Customers JOIN Customer_Address_History ON Customers.customer_id = Customer_Address_History.customer_id WHERE  Customers.customer_id >= 56 AND EXISTS (SELECT * FROM Customer_Orders AS p WHERE  p.customer_id < 76 AND Customers.customer_id = p.customer_id)"
"{'meaningful_joins': 'yes', 'table_exp_type': 'single_table_with_name_changing', 'where_type': {'basic_comparison': '<'}, 'number_of_value_exp_in_group_by': 0, 'having_type': 'none', 'orderby_type': 'none', 'limit_type': 'without_offset', 'value_exp_types': ['single_exp_number'], 'distinct_type': 'none', 'min_max_depth_in_subquery': [1, 1]}",SELECT y.order_id FROM Order_Items AS y WHERE  y.product_id < 64 LIMIT 4
"{'meaningful_joins': 'yes', 'table_exp_type': 'single_table', 'where_type': {'logical_operator': ['AND', 'between', 'in_with_subquery']}, 'number_of_value_exp_in_group_by': 0, 'having_type': 'none', 'orderby_type': 'none', 'limit_type': 'without_offset', 'value_exp_types': ['agg_exp', 'single_exp_text'], 'distinct_type': 'none', 'min_max_depth_in_subquery': [1, 1]}","SELECT COUNT(product_id), order_quantity FROM Order_Items WHERE order_id BETWEEN 1 AND 10 AND order_item_id IN (SELECT order_item_id FROM Order_Items AS o LIMIT 8) LIMIT 10"
"{'meaningful_joins': 'yes', 'table_exp_type': 'single_table', 'where_type': {'basic_comparison': '!='}, 'number_of_value_exp_in_group_by': 1, 'having_type': {'single': 'AVG'}, 'orderby_type': 'none', 'limit_type': 'without_offset', 'value_exp_types': ['agg_exp', 'single_exp_number', 'single_exp_number'], 'distinct_type': 'none', 'min_max_depth_in_subquery': [1, 1]}","SELECT COUNT(product_price), product_id, product_price FROM Products WHERE  product_id != 51 GROUP BY product_price HAVING AVG(product_id) <= 88 LIMIT 6"
"{'meaningful_joins': 'yes', 'table_exp_type': 'single_table_with_name_changing', 'where_type': {'basic_comparison': '>'}, 'number_of_value_exp_in_group_by': 1, 'having_type': {'single': 'MIN'}, 'orderby_type': 'DESC', 'limit_type': 'without_offset', 'value_exp_types': ['count_distinct_exp', 'count_distinct_exp'], 'distinct_type': 'none', 'min_max_depth_in_subquery': [1, 1]}","SELECT COUNT(DISTINCT v.product_name), COUNT(DISTINCT v.product_price), v.product_price FROM Products AS v WHERE  v.product_id > 62 GROUP BY v.product_price HAVING MIN(v.product_price) <= 51 ORDER BY v.product_price DESC LIMIT 2"
"{'meaningful_joins': 'yes', 'table_exp_type': 'single_table_with_name_changing', 'where_type': {'basic_comparison': '='}, 'number_of_value_exp_in_group_by': 1, 'having_type': {'single': 'COUNT'}, 'orderby_type': 'none', 'limit_type': 'none', 'value_exp_types': ['single_exp_text', 'single_exp_text'], 'distinct_type': 'none', 'min_max_depth_in_subquery': [1, 1]}","SELECT h.product_type_code, h.product_type_code, h.product_name FROM Products AS h WHERE  h.product_price = 54 GROUP BY h.product_name HAVING COUNT(h.product_price) < 19"
"{'meaningful_joins': 'yes', 'table_exp_type': 'SELF JOIN', 'where_type': {'basic_comparison': '!='}, 'number_of_value_exp_in_group_by': 0, 'having_type': 'none', 'orderby_type': 'ASC', 'limit_type': 'none', 'value_exp_types': ['single_exp_text', 'single_exp_text'], 'distinct_type': 'none', 'min_max_depth_in_subquery': [1, 1]}","SELECT Contacts.contact_phone, p.last_name FROM Contacts AS p JOIN Contacts ON Contacts.contact_id = p.contact_id WHERE  p.customer_id != 89 ORDER BY Contacts.contact_phone ASC"
"{'meaningful_joins': 'yes', 'table_exp_type': 'SELF JOIN', 'where_type': 'not_in_with_subquery', 'number_of_value_exp_in_group_by': 1, 'having_type': {'single': 'AVG'}, 'orderby_type': 'ASC', 'limit_type': 'none', 'value_exp_types': ['single_exp_text', 'single_exp_text'], 'distinct_type': 'none', 'min_max_depth_in_subquery': [1, 1]}","SELECT Customers.payment_method_code, Customers.customer_name, Customers.customer_address FROM Customers JOIN Customers AS t ON Customers.customer_id = t.customer_id WHERE customer_phone NOT IN (SELECT customer_phone FROM Customers) GROUP BY Customers.customer_address HAVING AVG(t.customer_id) >= 13 ORDER BY Customers.payment_method_code ASC"
"{'meaningful_joins': 'yes', 'table_exp_type': 'JOIN_JOIN_JOIN', 'where_type': 'none', 'number_of_value_exp_in_group_by': 0, 'having_type': 'none', 'orderby_type': 'none', 'limit_type': 'none', 'value_exp_types': ['single_exp_number', 'single_exp_text'], 'distinct_type': 'none', 'min_max_depth_in_subquery': [1, 1]}","SELECT address_id, order_quantity FROM Order_Items JOIN Customers JOIN Customer_Address_History JOIN Customer_Orders ON Customers.customer_id = Customer_Address_History.customer_id AND Customer_Orders.customer_id = Customers.customer_id AND Order_Items.order_id = Customer_Orders.order_id"
"{'meaningful_joins': 'yes', 'table_exp_type': 'JOIN_JOIN', 'where_type': {'logical_operator': ['AND', 'between', 'basic_comparison']}, 'number_of_value_exp_in_group_by': 0, 'having_type': 'none', 'orderby_type': 'none', 'limit_type': 'none', 'value_exp_types': ['count_distinct_exp', 'single_exp_number'], 'distinct_type': 'none', 'min_max_depth_in_subquery': [1, 1]}","SELECT COUNT(DISTINCT Customers.customer_id), Customers.customer_id FROM Customers JOIN Customer_Address_History JOIN Customer_Orders ON Customers.customer_id = Customer_Address_History.customer_id AND Customer_Orders.customer_id = Customers.customer_id WHERE order_id BETWEEN 1 AND 10 AND  Customers.customer_id != 99"
"{'meaningful_joins': 'yes', 'table_exp_type': 'single_table_with_name_changing', 'where_type': 'comparison_with_subquery', 'number_of_value_exp_in_group_by': 0, 'having_type': 'none', 'orderby_type': 'none', 'limit_type': 'none', 'value_exp_types': ['agg_exp'], 'distinct_type': 'none', 'min_max_depth_in_subquery': [1, 1]}",SELECT SUM(w.customer_id) FROM Customer_Orders AS w WHERE order_date >= (SELECT AVG(order_date) FROM Customer_Orders WHERE customer_id BETWEEN 1 AND 10)
