Specification,query
"{'meaningful_joins': 'yes', 'table_exp_type': 'single_table', 'where_type': {'basic_comparison': '>='}, 'number_of_value_exp_in_group_by': 0, 'having_type': 'none', 'orderby_type': 'DESC', 'limit_type': 'without_offset', 'value_exp_types': ['single_exp_number'], 'distinct_type': 'none', 'min_max_depth_in_subquery': [1, 1]}",SELECT product_id FROM Products WHERE  product_id >= 36 ORDER BY product_id DESC LIMIT 4
"{'meaningful_joins': 'yes', 'table_exp_type': 'single_table_with_name_changing', 'where_type': {'basic_comparison': '<='}, 'number_of_value_exp_in_group_by': 0, 'having_type': 'none', 'orderby_type': 'none', 'limit_type': 'without_offset', 'value_exp_types': ['single_exp_text'], 'distinct_type': 'none', 'min_max_depth_in_subquery': [1, 1]}",SELECT p.staff_name FROM Staff AS p WHERE  p.staff_id <= 28 LIMIT 7
"{'meaningful_joins': 'yes', 'table_exp_type': 'JOIN', 'where_type': 'none', 'number_of_value_exp_in_group_by': 0, 'having_type': 'none', 'orderby_type': 'none', 'limit_type': 'without_offset', 'value_exp_types': ['single_exp_text', 'single_exp_text'], 'distinct_type': 'none', 'min_max_depth_in_subquery': [1, 1]}","SELECT product_type_code, product_name FROM Products JOIN Product_Suppliers ON Products.product_id = Product_Suppliers.product_id LIMIT 9"
"{'meaningful_joins': 'yes', 'table_exp_type': 'JOIN', 'where_type': {'basic_comparison': '>='}, 'number_of_value_exp_in_group_by': 0, 'having_type': 'none', 'orderby_type': 'none', 'limit_type': 'none', 'value_exp_types': ['agg_exp', 'single_exp_number'], 'distinct_type': 'none', 'min_max_depth_in_subquery': [1, 1]}","SELECT MIN(Products.product_id), product_price FROM Products JOIN Product_Suppliers ON Products.product_id = Product_Suppliers.product_id WHERE  Product_Suppliers.product_id >= 71"
"{'meaningful_joins': 'yes', 'table_exp_type': 'JOIN_JOIN_JOIN', 'where_type': 'none', 'number_of_value_exp_in_group_by': 1, 'having_type': 'none', 'orderby_type': 'none', 'limit_type': 'none', 'value_exp_types': ['agg_exp', 'count_distinct_exp'], 'distinct_type': 'none', 'min_max_depth_in_subquery': [1, 1]}","SELECT AVG(Customer_Orders.order_id), COUNT(DISTINCT order_date), total_value_purchased FROM Order_Items JOIN Products JOIN Customer_Orders JOIN Product_Suppliers ON Customer_Orders.order_id = Order_Items.order_id AND Order_Items.product_id = Products.product_id AND Products.product_id = Product_Suppliers.product_id GROUP BY total_value_purchased"
"{'meaningful_joins': 'yes', 'table_exp_type': 'single_table', 'where_type': {'basic_comparison': '!='}, 'number_of_value_exp_in_group_by': 1, 'having_type': {'single': 'SUM'}, 'orderby_type': 'DESC', 'limit_type': 'none', 'value_exp_types': ['single_exp_number', 'single_exp_text'], 'distinct_type': 'none', 'min_max_depth_in_subquery': [1, 1]}","SELECT product_id, total_amount_purchased, date_supplied_to FROM Product_Suppliers WHERE  total_value_purchased != 33 GROUP BY date_supplied_to HAVING SUM(product_id) < 25 ORDER BY total_amount_purchased DESC"
"{'meaningful_joins': 'yes', 'table_exp_type': 'single_table', 'where_type': {'logical_operator': ['AND', 'basic_comparison', 'not_in_with_subquery']}, 'number_of_value_exp_in_group_by': 0, 'having_type': 'none', 'orderby_type': 'ASC', 'limit_type': 'none', 'value_exp_types': ['count_distinct_exp', 'single_exp_text', 'single_exp_text'], 'distinct_type': 'none', 'min_max_depth_in_subquery': [1, 1]}","SELECT COUNT(DISTINCT address_id), address_details, address_details FROM Addresses WHERE  address_id >= 62 AND address_id NOT IN (SELECT address_id FROM Customer_Addresses WHERE  customer_id = 91) ORDER BY address_details ASC"
"{'meaningful_joins': 'yes', 'table_exp_type': 'JOIN', 'where_type': {'logical_operator': ['OR', 'between', 'not_exists_subquery']}, 'number_of_value_exp_in_group_by': 0, 'having_type': 'none', 'orderby_type': 'ASC', 'limit_type': 'none', 'value_exp_types': ['single_exp_text'], 'distinct_type': 'none', 'min_max_depth_in_subquery': [1, 1]}",SELECT total_amount_purchased FROM Suppliers JOIN Product_Suppliers ON Suppliers.supplier_id = Product_Suppliers.supplier_id WHERE total_value_purchased BETWEEN 1 AND 10 OR EXISTS (SELECT * FROM Suppliers AS v WHERE  v.supplier_id > 19 AND Product_Suppliers.product_id = v.supplier_id) ORDER BY total_amount_purchased ASC
"{'meaningful_joins': 'yes', 'table_exp_type': 'JOIN', 'where_type': 'none', 'number_of_value_exp_in_group_by': 1, 'having_type': 'none', 'orderby_type': 'ASC', 'limit_type': 'none', 'value_exp_types': ['agg_exp', 'count_distinct_exp'], 'distinct_type': 'none', 'min_max_depth_in_subquery': [1, 1]}","SELECT COUNT(Addresses.address_id), COUNT(DISTINCT Addresses.address_id), date_to FROM Addresses JOIN Customer_Addresses ON Addresses.address_id = Customer_Addresses.address_id GROUP BY date_to ORDER BY date_to ASC"
"{'meaningful_joins': 'yes', 'table_exp_type': 'SELF JOIN', 'where_type': 'comparison_with_subquery', 'number_of_value_exp_in_group_by': 1, 'having_type': {'single': 'AVG'}, 'orderby_type': 'ASC', 'limit_type': 'none', 'value_exp_types': ['count_distinct_exp'], 'distinct_type': 'none', 'min_max_depth_in_subquery': [1, 1]}","SELECT COUNT(DISTINCT d.staff_id), Staff_Department_Assignments.job_title_code FROM Staff_Department_Assignments JOIN Staff_Department_Assignments AS d ON Staff_Department_Assignments.staff_id = d.staff_id WHERE date_assigned_from < (SELECT AVG(date_assigned_from) FROM Staff_Department_Assignments AS c WHERE  c.staff_id <= 83 LIMIT 1) GROUP BY Staff_Department_Assignments.job_title_code HAVING AVG(Staff_Department_Assignments.department_id) <= 10 ORDER BY Staff_Department_Assignments.job_title_code ASC"
"{'meaningful_joins': 'yes', 'table_exp_type': 'SELF JOIN', 'where_type': {'basic_comparison': '<'}, 'number_of_value_exp_in_group_by': 0, 'having_type': 'none', 'orderby_type': 'none', 'limit_type': 'without_offset', 'value_exp_types': ['agg_exp', 'count_distinct_exp', 'single_exp_number'], 'distinct_type': 'none', 'min_max_depth_in_subquery': [1, 1]}","SELECT AVG(g.supplier_id), COUNT(DISTINCT g.supplier_name), g.supplier_id FROM Suppliers JOIN Suppliers AS g ON Suppliers.supplier_id = g.supplier_id WHERE  g.supplier_id < 91 LIMIT 9"
"{'meaningful_joins': 'yes', 'table_exp_type': 'JOIN_JOIN_JOIN', 'where_type': {'basic_comparison': '!='}, 'number_of_value_exp_in_group_by': 0, 'having_type': 'none', 'orderby_type': 'none', 'limit_type': 'none', 'value_exp_types': ['agg_exp', 'count_distinct_exp', 'single_exp_text'], 'distinct_type': 'none', 'min_max_depth_in_subquery': [1, 1]}","SELECT MAX(Department_Stores.dept_store_id), COUNT(DISTINCT job_title_code), store_address FROM Department_Store_Chain JOIN Staff_Department_Assignments JOIN Departments JOIN Department_Stores ON Department_Stores.dept_store_chain_id = Department_Store_Chain.dept_store_chain_id AND Departments.dept_store_id = Department_Stores.dept_store_id AND Departments.department_id = Staff_Department_Assignments.department_id WHERE  Department_Store_Chain.dept_store_chain_id != 15"
"{'meaningful_joins': 'yes', 'table_exp_type': 'JOIN_JOIN_JOIN', 'where_type': {'logical_operator': ['OR', 'basic_comparison', 'exists_subquery']}, 'number_of_value_exp_in_group_by': 0, 'having_type': 'none', 'orderby_type': 'none', 'limit_type': 'none', 'value_exp_types': ['count_distinct_exp'], 'distinct_type': 'none', 'min_max_depth_in_subquery': [1, 1]}",SELECT COUNT(DISTINCT Order_Items.product_id) FROM Order_Items JOIN Customers JOIN Products JOIN Customer_Orders ON Customers.customer_id = Customer_Orders.customer_id AND Customer_Orders.order_id = Order_Items.order_id AND Order_Items.product_id = Products.product_id WHERE  product_price = 44 OR EXISTS (SELECT * FROM Products AS l WHERE  l.product_id >= 80 AND Order_Items.order_item_id = l.product_id LIMIT 4)
"{'meaningful_joins': 'yes', 'table_exp_type': 'JOIN', 'where_type': {'logical_operator': ['AND', 'between', 'exists_subquery']}, 'number_of_value_exp_in_group_by': 0, 'having_type': 'none', 'orderby_type': 'ASC', 'limit_type': 'none', 'value_exp_types': ['single_exp_number', 'single_exp_number'], 'distinct_type': 'none', 'min_max_depth_in_subquery': [1, 1]}","SELECT Product_Suppliers.product_id, product_price FROM Products JOIN Product_Suppliers ON Products.product_id = Product_Suppliers.product_id WHERE total_value_purchased BETWEEN 1 AND 10 AND EXISTS (SELECT * FROM Product_Suppliers AS b WHERE  b.supplier_id < 21 AND Products.product_id = b.product_id LIMIT 7) ORDER BY Product_Suppliers.product_id ASC"
"{'meaningful_joins': 'yes', 'table_exp_type': 'single_table', 'where_type': {'logical_operator': ['OR', 'between', 'in_with_subquery']}, 'number_of_value_exp_in_group_by': 0, 'having_type': 'none', 'orderby_type': 'none', 'limit_type': 'none', 'value_exp_types': ['agg_exp', 'single_exp_number'], 'distinct_type': 'none', 'min_max_depth_in_subquery': [1, 1]}","SELECT COUNT(staff_id), department_id FROM Staff_Department_Assignments WHERE staff_id BETWEEN 1 AND 10 OR department_id IN (SELECT department_id FROM Departments)"
"{'meaningful_joins': 'yes', 'table_exp_type': 'single_table', 'where_type': {'basic_comparison': '='}, 'number_of_value_exp_in_group_by': 1, 'having_type': {'single': 'AVG'}, 'orderby_type': 'ASC', 'limit_type': 'none', 'value_exp_types': ['single_exp_text'], 'distinct_type': 'none', 'min_max_depth_in_subquery': [1, 1]}","SELECT product_name, product_type_code FROM Products WHERE  product_id = 62 GROUP BY product_type_code HAVING AVG(product_price) >= 97 ORDER BY product_name ASC"
"{'meaningful_joins': 'yes', 'table_exp_type': 'single_table', 'where_type': {'basic_comparison': '>'}, 'number_of_value_exp_in_group_by': 1, 'having_type': 'none', 'orderby_type': 'none', 'limit_type': 'none', 'value_exp_types': ['agg_exp'], 'distinct_type': 'none', 'min_max_depth_in_subquery': [1, 1]}","SELECT MIN(staff_id), staff_name FROM Staff WHERE  staff_id > 41 GROUP BY staff_name"
"{'meaningful_joins': 'yes', 'table_exp_type': 'JOIN', 'where_type': {'logical_operator': ['OR', 'basic_comparison', 'not_in_with_subquery']}, 'number_of_value_exp_in_group_by': 0, 'having_type': 'none', 'orderby_type': 'none', 'limit_type': 'none', 'value_exp_types': ['single_exp_text', 'single_exp_text'], 'distinct_type': 'none', 'min_max_depth_in_subquery': [1, 1]}","SELECT product_type_code, total_amount_purchased FROM Products JOIN Product_Suppliers ON Products.product_id = Product_Suppliers.product_id WHERE  total_value_purchased >= 90 OR product_type_code NOT IN (SELECT product_type_code FROM Products AS i WHERE i.product_price BETWEEN 1 AND 10 LIMIT 9)"
"{'meaningful_joins': 'yes', 'table_exp_type': 'JOIN', 'where_type': {'basic_comparison': '>='}, 'number_of_value_exp_in_group_by': 1, 'having_type': {'single': 'MIN'}, 'orderby_type': 'none', 'limit_type': 'none', 'value_exp_types': ['single_exp_number', 'single_exp_number'], 'distinct_type': 'none', 'min_max_depth_in_subquery': [1, 1]}","SELECT product_id, Suppliers.supplier_id, supplier_name FROM Suppliers JOIN Product_Suppliers ON Suppliers.supplier_id = Product_Suppliers.supplier_id WHERE  product_id >= 86 GROUP BY supplier_name HAVING MIN(product_id) >= 44"
"{'meaningful_joins': 'yes', 'table_exp_type': 'single_table', 'where_type': {'basic_comparison': '<='}, 'number_of_value_exp_in_group_by': 0, 'having_type': 'none', 'orderby_type': 'ASC', 'limit_type': 'without_offset', 'value_exp_types': ['single_exp_number'], 'distinct_type': 'none', 'min_max_depth_in_subquery': [1, 1]}",SELECT staff_id FROM Staff_Department_Assignments WHERE  department_id <= 4 ORDER BY staff_id ASC LIMIT 5
"{'meaningful_joins': 'yes', 'table_exp_type': 'single_table_with_name_changing', 'where_type': {'basic_comparison': '<'}, 'number_of_value_exp_in_group_by': 0, 'having_type': 'none', 'orderby_type': 'ASC', 'limit_type': 'none', 'value_exp_types': ['single_exp_number'], 'distinct_type': 'none', 'min_max_depth_in_subquery': [1, 1]}",SELECT f.dept_store_id FROM Departments AS f WHERE  f.department_id < 79 ORDER BY f.dept_store_id ASC
"{'meaningful_joins': 'yes', 'table_exp_type': 'JOIN', 'where_type': {'basic_comparison': '<='}, 'number_of_value_exp_in_group_by': 1, 'having_type': 'none', 'orderby_type': 'ASC', 'limit_type': 'none', 'value_exp_types': ['single_exp_number', 'single_exp_number'], 'distinct_type': 'none', 'min_max_depth_in_subquery': [1, 1]}","SELECT Customers.customer_id, Customers.customer_id, customer_code FROM Customers JOIN Customer_Orders ON Customers.customer_id = Customer_Orders.customer_id WHERE  Customers.customer_id <= 80 GROUP BY customer_code ORDER BY Customers.customer_id ASC"
"{'meaningful_joins': 'yes', 'table_exp_type': 'JOIN_JOIN', 'where_type': 'not_exists_subquery', 'number_of_value_exp_in_group_by': 0, 'having_type': 'none', 'orderby_type': 'none', 'limit_type': 'none', 'value_exp_types': ['agg_exp'], 'distinct_type': 'none', 'min_max_depth_in_subquery': [1, 1]}",SELECT SUM(total_value_purchased) FROM Order_Items JOIN Products JOIN Product_Suppliers ON Order_Items.product_id = Products.product_id AND Products.product_id = Product_Suppliers.product_id WHERE EXISTS (SELECT * FROM Products WHERE  product_price != 42 AND Order_Items.order_item_id = product_id)
"{'meaningful_joins': 'yes', 'table_exp_type': 'JOIN', 'where_type': {'basic_comparison': '='}, 'number_of_value_exp_in_group_by': 0, 'having_type': 'none', 'orderby_type': 'none', 'limit_type': 'none', 'value_exp_types': ['single_exp_number', 'single_exp_number', 'single_exp_text'], 'distinct_type': 'none', 'min_max_depth_in_subquery': [1, 1]}","SELECT Product_Suppliers.product_id, product_price, product_type_code FROM Products JOIN Product_Suppliers ON Products.product_id = Product_Suppliers.product_id WHERE  product_price = 90"
"{'meaningful_joins': 'yes', 'table_exp_type': 'single_table_with_name_changing', 'where_type': 'in_with_subquery', 'number_of_value_exp_in_group_by': 1, 'having_type': {'single': 'SUM'}, 'orderby_type': 'ASC', 'limit_type': 'none', 'value_exp_types': ['agg_exp', 'single_exp_number'], 'distinct_type': 'none', 'min_max_depth_in_subquery': [1, 1]}","SELECT MIN(v.department_id), v.dept_store_id, v.department_name FROM Departments AS v WHERE department_name IN (SELECT department_name FROM Departments WHERE  dept_store_id >= 56) GROUP BY v.department_name HAVING SUM(v.department_id) >= 38 ORDER BY v.dept_store_id ASC"
"{'meaningful_joins': 'yes', 'table_exp_type': 'JOIN_JOIN_JOIN', 'where_type': 'between', 'number_of_value_exp_in_group_by': 1, 'having_type': 'none', 'orderby_type': 'none', 'limit_type': 'without_offset', 'value_exp_types': ['single_exp_number', 'single_exp_text'], 'distinct_type': 'none', 'min_max_depth_in_subquery': [1, 1]}","SELECT order_item_id, customer_name, Order_Items.order_id FROM Order_Items JOIN Customers JOIN Customer_Addresses JOIN Customer_Orders ON Customer_Addresses.customer_id = Customers.customer_id AND Customers.customer_id = Customer_Orders.customer_id AND Customer_Orders.order_id = Order_Items.order_id WHERE order_item_id BETWEEN 1 AND 10 GROUP BY Order_Items.order_id LIMIT 5"
"{'meaningful_joins': 'yes', 'table_exp_type': 'SELF JOIN', 'where_type': 'exists_subquery', 'number_of_value_exp_in_group_by': 0, 'having_type': 'none', 'orderby_type': 'ASC', 'limit_type': 'none', 'value_exp_types': ['single_exp_number'], 'distinct_type': 'none', 'min_max_depth_in_subquery': [1, 1]}",SELECT Product_Suppliers.total_value_purchased FROM Product_Suppliers JOIN Product_Suppliers AS h ON Product_Suppliers.product_id = h.product_id WHERE EXISTS (SELECT * FROM Suppliers AS l WHERE l.supplier_id BETWEEN 1 AND 10 AND Product_Suppliers.product_id = l.supplier_id LIMIT 10) ORDER BY Product_Suppliers.total_value_purchased ASC
"{'meaningful_joins': 'yes', 'table_exp_type': 'single_table_with_name_changing', 'where_type': 'comparison_with_subquery', 'number_of_value_exp_in_group_by': 1, 'having_type': {'single': 'MIN'}, 'orderby_type': 'ASC', 'limit_type': 'without_offset', 'value_exp_types': ['agg_exp', 'single_exp_number'], 'distinct_type': 'none', 'min_max_depth_in_subquery': [1, 1]}","SELECT COUNT(d.order_item_id), d.product_id FROM Order_Items AS d WHERE order_item_id >= (SELECT AVG(order_item_id) FROM Order_Items) GROUP BY d.product_id HAVING MIN(d.order_id) = 30 ORDER BY d.product_id ASC LIMIT 10"
