Specification,query
"{'meaningful_joins': 'yes', 'table_exp_type': 'JOIN_JOIN_JOIN', 'where_type': {'basic_comparison': '!='}, 'number_of_value_exp_in_group_by': 0, 'having_type': 'none', 'orderby_type': 'none', 'limit_type': 'none', 'value_exp_types': ['single_exp_text'], 'distinct_type': 'none', 'min_max_depth_in_subquery': [1, 1]}",SELECT Document_Structures.document_structure_code FROM Documents JOIN Document_Sections JOIN Document_Sections_Images JOIN Document_Structures ON Documents.document_structure_code = Document_Structures.document_structure_code AND Document_Sections.document_code = Documents.document_code AND Document_Sections.section_id = Document_Sections_Images.section_id WHERE  section_sequence != 4
"{'meaningful_joins': 'yes', 'table_exp_type': 'single_table_with_name_changing', 'where_type': {'basic_comparison': '>'}, 'number_of_value_exp_in_group_by': 0, 'having_type': 'none', 'orderby_type': 'none', 'limit_type': 'none', 'value_exp_types': ['single_exp_text', 'single_exp_text', 'single_exp_text'], 'distinct_type': 'none', 'min_max_depth_in_subquery': [1, 1]}","SELECT j.image_url, j.image_name, j.image_alt_text FROM Images AS j WHERE  j.image_id > 12"
"{'meaningful_joins': 'yes', 'table_exp_type': 'JOIN', 'where_type': {'basic_comparison': '<'}, 'number_of_value_exp_in_group_by': 1, 'having_type': 'none', 'orderby_type': 'none', 'limit_type': 'none', 'value_exp_types': ['single_exp_number'], 'distinct_type': 'none', 'min_max_depth_in_subquery': [1, 1]}","SELECT user_id, role_description FROM Roles JOIN Users ON Users.role_code = Roles.role_code WHERE  user_id < 66 GROUP BY role_description"
"{'meaningful_joins': 'yes', 'table_exp_type': 'JOIN_JOIN', 'where_type': 'none', 'number_of_value_exp_in_group_by': 0, 'having_type': 'none', 'orderby_type': 'none', 'limit_type': 'without_offset', 'value_exp_types': ['count_distinct_exp'], 'distinct_type': 'none', 'min_max_depth_in_subquery': [1, 1]}",SELECT COUNT(DISTINCT image_alt_text) FROM Images JOIN Document_Sections JOIN Document_Sections_Images ON Document_Sections.section_id = Document_Sections_Images.section_id AND Document_Sections_Images.image_id = Images.image_id LIMIT 4
"{'meaningful_joins': 'yes', 'table_exp_type': 'single_table', 'where_type': {'basic_comparison': '<='}, 'number_of_value_exp_in_group_by': 0, 'having_type': 'none', 'orderby_type': 'none', 'limit_type': 'none', 'value_exp_types': ['agg_exp', 'single_exp_text'], 'distinct_type': 'none', 'min_max_depth_in_subquery': [1, 1]}","SELECT SUM(user_id), password FROM Users WHERE  user_id <= 32"
"{'meaningful_joins': 'yes', 'table_exp_type': 'single_table', 'where_type': 'none', 'number_of_value_exp_in_group_by': 0, 'having_type': 'none', 'orderby_type': 'ASC', 'limit_type': 'without_offset', 'value_exp_types': ['single_exp_text', 'single_exp_text'], 'distinct_type': 'none', 'min_max_depth_in_subquery': [1, 1]}","SELECT functional_area_description, parent_functional_area_code FROM Functional_Areas ORDER BY parent_functional_area_code ASC LIMIT 2"
"{'meaningful_joins': 'yes', 'table_exp_type': 'JOIN', 'where_type': {'basic_comparison': '='}, 'number_of_value_exp_in_group_by': 0, 'having_type': 'none', 'orderby_type': 'none', 'limit_type': 'none', 'value_exp_types': ['agg_exp'], 'distinct_type': 'none', 'min_max_depth_in_subquery': [1, 1]}",SELECT AVG(Document_Sections.section_id) FROM Document_Sections JOIN Document_Sections_Images ON Document_Sections.section_id = Document_Sections_Images.section_id WHERE  image_id = 55
"{'meaningful_joins': 'yes', 'table_exp_type': 'JOIN', 'where_type': {'logical_operator': ['OR', 'between', 'exists_subquery']}, 'number_of_value_exp_in_group_by': 0, 'having_type': 'none', 'orderby_type': 'none', 'limit_type': 'none', 'value_exp_types': ['count_distinct_exp'], 'distinct_type': 'none', 'min_max_depth_in_subquery': [1, 1]}",SELECT COUNT(DISTINCT section_sequence) FROM Document_Sections JOIN Document_Sections_Images ON Document_Sections.section_id = Document_Sections_Images.section_id WHERE Document_Sections.section_id BETWEEN 1 AND 10 OR EXISTS (SELECT * FROM Documents WHERE  access_count > 97 AND Document_Sections.section_id = document_code)
"{'meaningful_joins': 'yes', 'table_exp_type': 'JOIN', 'where_type': {'logical_operator': ['OR', 'between', 'in_with_subquery']}, 'number_of_value_exp_in_group_by': 0, 'having_type': 'none', 'orderby_type': 'ASC', 'limit_type': 'without_offset', 'value_exp_types': ['agg_exp', 'single_exp_text'], 'distinct_type': 'none', 'min_max_depth_in_subquery': [1, 1]}","SELECT AVG(access_count), document_structure_code FROM Documents JOIN Document_Functional_Areas ON Documents.document_code = Document_Functional_Areas.document_code WHERE access_count BETWEEN 1 AND 10 OR document_name IN (SELECT document_name FROM Documents AS h WHERE  h.access_count < 94) ORDER BY document_structure_code ASC LIMIT 8"
"{'meaningful_joins': 'yes', 'table_exp_type': 'single_table_with_name_changing', 'where_type': {'basic_comparison': '<='}, 'number_of_value_exp_in_group_by': 1, 'having_type': {'single': 'SUM'}, 'orderby_type': 'ASC', 'limit_type': 'none', 'value_exp_types': ['single_exp_number'], 'distinct_type': 'none', 'min_max_depth_in_subquery': [1, 1]}","SELECT t.user_id, t.user_login FROM Users AS t WHERE  t.user_id <= 65 GROUP BY t.user_login HAVING SUM(t.user_id) <= 71 ORDER BY t.user_id ASC"
"{'meaningful_joins': 'yes', 'table_exp_type': 'single_table', 'where_type': 'between', 'number_of_value_exp_in_group_by': 1, 'having_type': 'none', 'orderby_type': 'DESC', 'limit_type': 'without_offset', 'value_exp_types': ['agg_exp', 'agg_exp', 'single_exp_text'], 'distinct_type': 'none', 'min_max_depth_in_subquery': [1, 1]}","SELECT AVG(access_count), COUNT(access_count), document_code, document_structure_code FROM Documents WHERE access_count BETWEEN 1 AND 10 GROUP BY document_structure_code ORDER BY document_structure_code DESC LIMIT 10"
"{'meaningful_joins': 'yes', 'table_exp_type': 'JOIN', 'where_type': {'basic_comparison': '='}, 'number_of_value_exp_in_group_by': 1, 'having_type': 'none', 'orderby_type': 'DESC', 'limit_type': 'none', 'value_exp_types': ['single_exp_text', 'single_exp_text'], 'distinct_type': 'none', 'min_max_depth_in_subquery': [1, 1]}","SELECT parent_document_structure_code, Documents.document_structure_code, document_type_code FROM Documents JOIN Document_Structures ON Documents.document_structure_code = Document_Structures.document_structure_code WHERE  access_count = 0 GROUP BY document_type_code ORDER BY document_type_code DESC"
"{'meaningful_joins': 'yes', 'table_exp_type': 'JOIN', 'where_type': 'between', 'number_of_value_exp_in_group_by': 0, 'having_type': 'none', 'orderby_type': 'none', 'limit_type': 'none', 'value_exp_types': ['agg_exp', 'count_distinct_exp', 'single_exp_text'], 'distinct_type': 'none', 'min_max_depth_in_subquery': [1, 1]}","SELECT COUNT(access_count), COUNT(DISTINCT document_structure_description), parent_document_structure_code FROM Documents JOIN Document_Structures ON Documents.document_structure_code = Document_Structures.document_structure_code WHERE access_count BETWEEN 1 AND 10"
"{'meaningful_joins': 'yes', 'table_exp_type': 'JOIN_JOIN', 'where_type': {'basic_comparison': '='}, 'number_of_value_exp_in_group_by': 0, 'having_type': 'none', 'orderby_type': 'none', 'limit_type': 'none', 'value_exp_types': ['single_exp_number'], 'distinct_type': 'none', 'min_max_depth_in_subquery': [1, 1]}",SELECT access_count FROM Documents JOIN Document_Functional_Areas JOIN Document_Structures ON Documents.document_structure_code = Document_Structures.document_structure_code AND Documents.document_code = Document_Functional_Areas.document_code WHERE  access_count = 37
"{'meaningful_joins': 'yes', 'table_exp_type': 'JOIN_JOIN_JOIN', 'where_type': 'not_in_with_subquery', 'number_of_value_exp_in_group_by': 0, 'having_type': 'none', 'orderby_type': 'none', 'limit_type': 'none', 'value_exp_types': ['single_exp_number'], 'distinct_type': 'none', 'min_max_depth_in_subquery': [1, 1]}",SELECT Document_Sections_Images.section_id FROM Documents JOIN Document_Functional_Areas JOIN Document_Sections_Images JOIN Document_Sections ON Documents.document_code = Document_Functional_Areas.document_code AND Document_Sections.document_code = Documents.document_code AND Document_Sections.section_id = Document_Sections_Images.section_id WHERE section_code NOT IN (SELECT section_code FROM Document_Sections AS a WHERE  a.section_sequence = 41)
