Specification,query
"{'meaningful_joins': 'yes', 'table_exp_type': 'single_table_with_name_changing', 'where_type': {'basic_comparison': '!='}, 'number_of_value_exp_in_group_by': 1, 'having_type': 'none', 'orderby_type': 'none', 'limit_type': 'without_offset', 'value_exp_types': ['count_distinct_exp', 'single_exp_number', 'single_exp_number'], 'distinct_type': 'none', 'min_max_depth_in_subquery': [1, 1]}","SELECT COUNT(DISTINCT v.charge_amount), v.charge_amount, v.charge_amount FROM Charges AS v WHERE  v.charge_id != 39 GROUP BY v.charge_amount LIMIT 9"
"{'meaningful_joins': 'yes', 'table_exp_type': 'JOIN', 'where_type': {'logical_operator': ['OR', 'between', 'basic_comparison']}, 'number_of_value_exp_in_group_by': 0, 'having_type': 'none', 'orderby_type': 'none', 'limit_type': 'none', 'value_exp_types': ['single_exp_number'], 'distinct_type': 'none', 'min_max_depth_in_subquery': [1, 1]}",SELECT Professionals.professional_id FROM Professionals JOIN Treatments ON Treatments.professional_id = Professionals.professional_id WHERE dog_id BETWEEN 1 AND 10 OR  cost_of_treatment < 48
"{'meaningful_joins': 'yes', 'table_exp_type': 'JOIN', 'where_type': 'not_in_with_subquery', 'number_of_value_exp_in_group_by': 0, 'having_type': 'none', 'orderby_type': 'DESC', 'limit_type': 'without_offset', 'value_exp_types': ['single_exp_number', 'single_exp_text'], 'distinct_type': 'none', 'min_max_depth_in_subquery': [1, 1]}","SELECT Treatments.professional_id, last_name FROM Professionals JOIN Treatments ON Treatments.professional_id = Professionals.professional_id WHERE zip_code NOT IN (SELECT zip_code FROM Owners AS s) ORDER BY Treatments.professional_id DESC LIMIT 7"
"{'meaningful_joins': 'yes', 'table_exp_type': 'single_table_with_name_changing', 'where_type': {'logical_operator': ['OR', 'between', 'in_with_subquery']}, 'number_of_value_exp_in_group_by': 0, 'having_type': 'none', 'orderby_type': 'none', 'limit_type': 'none', 'value_exp_types': ['count_distinct_exp', 'single_exp_number'], 'distinct_type': 'none', 'min_max_depth_in_subquery': [1, 1]}","SELECT COUNT(DISTINCT l.state), l.owner_id FROM Owners AS l WHERE l.owner_id BETWEEN 1 AND 10 OR zip_code IN (SELECT zip_code FROM Professionals AS b)"
"{'meaningful_joins': 'yes', 'table_exp_type': 'single_table_with_name_changing', 'where_type': {'basic_comparison': '='}, 'number_of_value_exp_in_group_by': 0, 'having_type': 'none', 'orderby_type': 'ASC', 'limit_type': 'none', 'value_exp_types': ['single_exp_number'], 'distinct_type': 'none', 'min_max_depth_in_subquery': [1, 1]}",SELECT n.charge_id FROM Charges AS n WHERE  n.charge_amount = 52 ORDER BY n.charge_id ASC
"{'meaningful_joins': 'yes', 'table_exp_type': 'JOIN', 'where_type': {'basic_comparison': '='}, 'number_of_value_exp_in_group_by': 0, 'having_type': 'none', 'orderby_type': 'ASC', 'limit_type': 'none', 'value_exp_types': ['single_exp_text', 'single_exp_text'], 'distinct_type': 'none', 'min_max_depth_in_subquery': [1, 1]}","SELECT breed_code, age FROM Dogs JOIN Sizes ON Dogs.size_code = Sizes.size_code WHERE  owner_id = 74 ORDER BY age ASC"
"{'meaningful_joins': 'yes', 'table_exp_type': 'JOIN_JOIN_JOIN', 'where_type': {'logical_operator': ['OR', 'basic_comparison', 'not_exists_subquery']}, 'number_of_value_exp_in_group_by': 1, 'having_type': {'single': 'COUNT'}, 'orderby_type': 'none', 'limit_type': 'none', 'value_exp_types': ['agg_exp', 'single_exp_text'], 'distinct_type': 'none', 'min_max_depth_in_subquery': [1, 1]}","SELECT AVG(Professionals.professional_id), role_code, date_arrived FROM Professionals JOIN Dogs JOIN Sizes JOIN Treatments ON Dogs.size_code = Sizes.size_code AND Dogs.dog_id = Treatments.dog_id AND Treatments.professional_id = Professionals.professional_id WHERE  Treatments.dog_id <= 88 OR EXISTS (SELECT * FROM Dogs AS f WHERE  f.dog_id <= 54 AND Sizes.size_code = f.size_code LIMIT 2) GROUP BY date_arrived HAVING COUNT(owner_id) = 30"
"{'meaningful_joins': 'yes', 'table_exp_type': 'single_table', 'where_type': {'basic_comparison': '!='}, 'number_of_value_exp_in_group_by': 0, 'having_type': 'none', 'orderby_type': 'none', 'limit_type': 'without_offset', 'value_exp_types': ['single_exp_number', 'single_exp_text'], 'distinct_type': 'none', 'min_max_depth_in_subquery': [1, 1]}","SELECT charge_amount, charge_type FROM Charges WHERE  charge_id != 23 LIMIT 2"
"{'meaningful_joins': 'yes', 'table_exp_type': 'JOIN_JOIN', 'where_type': 'none', 'number_of_value_exp_in_group_by': 1, 'having_type': 'none', 'orderby_type': 'none', 'limit_type': 'without_offset', 'value_exp_types': ['single_exp_text'], 'distinct_type': 'none', 'min_max_depth_in_subquery': [1, 1]}","SELECT name, gender FROM Dogs JOIN Sizes JOIN Treatments ON Dogs.size_code = Sizes.size_code AND Dogs.dog_id = Treatments.dog_id GROUP BY gender LIMIT 8"
"{'meaningful_joins': 'yes', 'table_exp_type': 'JOIN_JOIN', 'where_type': {'basic_comparison': '='}, 'number_of_value_exp_in_group_by': 1, 'having_type': 'none', 'orderby_type': 'none', 'limit_type': 'none', 'value_exp_types': ['single_exp_number', 'single_exp_number', 'single_exp_number'], 'distinct_type': 'none', 'min_max_depth_in_subquery': [1, 1]}","SELECT Treatments.dog_id, Treatments.dog_id, Dogs.dog_id, date_departed FROM Breeds JOIN Dogs JOIN Treatments ON Dogs.dog_id = Treatments.dog_id AND Breeds.breed_code = Dogs.breed_code WHERE  owner_id = 6 GROUP BY date_departed"
"{'meaningful_joins': 'yes', 'table_exp_type': 'JOIN_JOIN', 'where_type': 'between', 'number_of_value_exp_in_group_by': 0, 'having_type': 'none', 'orderby_type': 'none', 'limit_type': 'none', 'value_exp_types': ['single_exp_text'], 'distinct_type': 'none', 'min_max_depth_in_subquery': [1, 1]}",SELECT Treatment_Types.treatment_type_code FROM Treatment_Types JOIN Dogs JOIN Treatments ON Dogs.dog_id = Treatments.dog_id AND Treatment_Types.treatment_type_code = Treatments.treatment_type_code WHERE treatment_id BETWEEN 1 AND 10
"{'meaningful_joins': 'yes', 'table_exp_type': 'single_table_with_name_changing', 'where_type': {'basic_comparison': '='}, 'number_of_value_exp_in_group_by': 0, 'having_type': 'none', 'orderby_type': 'DESC', 'limit_type': 'none', 'value_exp_types': ['single_exp_text', 'single_exp_text'], 'distinct_type': 'none', 'min_max_depth_in_subquery': [1, 1]}","SELECT y.charge_type, y.charge_type FROM Charges AS y WHERE  y.charge_id = 73 ORDER BY y.charge_type DESC"
"{'meaningful_joins': 'yes', 'table_exp_type': 'JOIN_JOIN_JOIN', 'where_type': {'logical_operator': ['OR', 'between', 'not_in_with_subquery']}, 'number_of_value_exp_in_group_by': 0, 'having_type': 'none', 'orderby_type': 'none', 'limit_type': 'none', 'value_exp_types': ['single_exp_number'], 'distinct_type': 'none', 'min_max_depth_in_subquery': [1, 1]}",SELECT Dogs.dog_id FROM Treatment_Types JOIN Professionals JOIN Dogs JOIN Treatments ON Dogs.dog_id = Treatments.dog_id AND Treatments.professional_id = Professionals.professional_id AND Treatment_Types.treatment_type_code = Treatments.treatment_type_code WHERE Professionals.professional_id BETWEEN 1 AND 10 OR cell_number NOT IN (SELECT cell_number FROM Owners AS u WHERE  u.owner_id <= 26 LIMIT 10)
"{'meaningful_joins': 'yes', 'table_exp_type': 'JOIN', 'where_type': 'none', 'number_of_value_exp_in_group_by': 1, 'having_type': 'none', 'orderby_type': 'none', 'limit_type': 'none', 'value_exp_types': ['single_exp_text', 'single_exp_text'], 'distinct_type': 'none', 'min_max_depth_in_subquery': [1, 1]}","SELECT Treatments.treatment_type_code, treatment_type_description FROM Treatments JOIN Treatment_Types ON Treatment_Types.treatment_type_code = Treatments.treatment_type_code GROUP BY Treatments.treatment_type_code"
"{'meaningful_joins': 'yes', 'table_exp_type': 'JOIN_JOIN', 'where_type': {'basic_comparison': '='}, 'number_of_value_exp_in_group_by': 1, 'having_type': {'single': 'AVG'}, 'orderby_type': 'none', 'limit_type': 'none', 'value_exp_types': ['count_distinct_exp', 'single_exp_number'], 'distinct_type': 'none', 'min_max_depth_in_subquery': [1, 1]}","SELECT COUNT(DISTINCT date_of_birth), treatment_id, breed_code FROM Dogs JOIN Sizes JOIN Treatments ON Dogs.size_code = Sizes.size_code AND Dogs.dog_id = Treatments.dog_id WHERE  cost_of_treatment = 71 GROUP BY breed_code HAVING AVG(Dogs.dog_id) < 99"
"{'meaningful_joins': 'yes', 'table_exp_type': 'single_table_with_name_changing', 'where_type': {'basic_comparison': '<='}, 'number_of_value_exp_in_group_by': 0, 'having_type': 'none', 'orderby_type': 'none', 'limit_type': 'none', 'value_exp_types': ['count_distinct_exp', 'single_exp_number', 'single_exp_text'], 'distinct_type': 'none', 'min_max_depth_in_subquery': [1, 1]}","SELECT COUNT(DISTINCT m.charge_amount), m.charge_amount, m.charge_type FROM Charges AS m WHERE  m.charge_id <= 85"
"{'meaningful_joins': 'yes', 'table_exp_type': 'JOIN', 'where_type': {'basic_comparison': '<='}, 'number_of_value_exp_in_group_by': 0, 'having_type': 'none', 'orderby_type': 'ASC', 'limit_type': 'none', 'value_exp_types': ['single_exp_number', 'single_exp_number'], 'distinct_type': 'none', 'min_max_depth_in_subquery': [1, 1]}","SELECT cost_of_treatment, dog_id FROM Treatments JOIN Treatment_Types ON Treatment_Types.treatment_type_code = Treatments.treatment_type_code WHERE  cost_of_treatment <= 29 ORDER BY cost_of_treatment ASC"
"{'meaningful_joins': 'yes', 'table_exp_type': 'single_table', 'where_type': {'logical_operator': ['OR', 'basic_comparison', 'in_with_subquery']}, 'number_of_value_exp_in_group_by': 1, 'having_type': {'single': 'AVG'}, 'orderby_type': 'ASC', 'limit_type': 'without_offset', 'value_exp_types': ['count_distinct_exp'], 'distinct_type': 'none', 'min_max_depth_in_subquery': [1, 1]}","SELECT COUNT(DISTINCT abandoned_yn), abandoned_yn FROM Dogs WHERE  owner_id < 64 OR owner_id IN (SELECT owner_id FROM Owners WHERE  owner_id = 46) GROUP BY abandoned_yn HAVING AVG(dog_id) <= 37 ORDER BY abandoned_yn ASC LIMIT 8"
"{'meaningful_joins': 'yes', 'table_exp_type': 'JOIN', 'where_type': 'not_exists_subquery', 'number_of_value_exp_in_group_by': 0, 'having_type': 'none', 'orderby_type': 'none', 'limit_type': 'none', 'value_exp_types': ['agg_exp'], 'distinct_type': 'none', 'min_max_depth_in_subquery': [1, 1]}",SELECT MIN(Dogs.owner_id) FROM Owners JOIN Dogs ON Dogs.owner_id = Owners.owner_id AND Owners.owner_id = Dogs.owner_id WHERE EXISTS (SELECT * FROM Dogs AS s WHERE  s.owner_id = 42 AND Owners.owner_id = s.owner_id)
"{'meaningful_joins': 'yes', 'table_exp_type': 'JOIN', 'where_type': {'basic_comparison': '='}, 'number_of_value_exp_in_group_by': 0, 'having_type': 'none', 'orderby_type': 'DESC', 'limit_type': 'none', 'value_exp_types': ['agg_exp', 'single_exp_text'], 'distinct_type': 'none', 'min_max_depth_in_subquery': [1, 1]}","SELECT MIN(owner_id), weight FROM Breeds JOIN Dogs ON Breeds.breed_code = Dogs.breed_code WHERE  dog_id = 61 ORDER BY weight DESC"
"{'meaningful_joins': 'yes', 'table_exp_type': 'JOIN_JOIN_JOIN', 'where_type': {'basic_comparison': '<'}, 'number_of_value_exp_in_group_by': 0, 'having_type': 'none', 'orderby_type': 'DESC', 'limit_type': 'without_offset', 'value_exp_types': ['agg_exp', 'single_exp_text'], 'distinct_type': 'none', 'min_max_depth_in_subquery': [1, 1]}","SELECT SUM(Dogs.dog_id), gender FROM Treatment_Types JOIN Owners JOIN Dogs JOIN Treatments ON Dogs.owner_id = Owners.owner_id AND Dogs.dog_id = Treatments.dog_id AND Owners.owner_id = Dogs.owner_id AND Treatment_Types.treatment_type_code = Treatments.treatment_type_code WHERE  Dogs.owner_id < 65 ORDER BY gender DESC LIMIT 8"
"{'meaningful_joins': 'yes', 'table_exp_type': 'single_table_with_name_changing', 'where_type': {'basic_comparison': '!='}, 'number_of_value_exp_in_group_by': 0, 'having_type': 'none', 'orderby_type': 'none', 'limit_type': 'none', 'value_exp_types': ['agg_exp', 'agg_exp'], 'distinct_type': 'none', 'min_max_depth_in_subquery': [1, 1]}","SELECT MIN(z.owner_id), COUNT(z.owner_id) FROM Owners AS z WHERE  z.owner_id != 87"
"{'meaningful_joins': 'yes', 'table_exp_type': 'JOIN', 'where_type': {'logical_operator': ['OR', 'basic_comparison', 'exists_subquery']}, 'number_of_value_exp_in_group_by': 0, 'having_type': 'none', 'orderby_type': 'none', 'limit_type': 'none', 'value_exp_types': ['single_exp_number', 'single_exp_number'], 'distinct_type': 'none', 'min_max_depth_in_subquery': [1, 1]}","SELECT Owners.owner_id, dog_id FROM Owners JOIN Dogs ON Dogs.owner_id = Owners.owner_id AND Owners.owner_id = Dogs.owner_id WHERE  Dogs.owner_id >= 50 OR EXISTS (SELECT * FROM Dogs AS e WHERE Owners.owner_id = e.owner_id)"
