Specification,query
"{'meaningful_joins': 'yes', 'table_exp_type': 'single_table_with_name_changing', 'where_type': 'none', 'number_of_value_exp_in_group_by': 0, 'having_type': 'none', 'orderby_type': 'none', 'limit_type': 'none', 'value_exp_types': ['single_exp_text', 'single_exp_text'], 'distinct_type': 'none', 'min_max_depth_in_subquery': [1, 1]}","SELECT r.payment_method_code, r.payment_method_code FROM Customer_Payments AS r"
"{'meaningful_joins': 'yes', 'table_exp_type': 'SELF JOIN', 'where_type': {'basic_comparison': '>'}, 'number_of_value_exp_in_group_by': 1, 'having_type': {'single': 'MAX'}, 'orderby_type': 'none', 'limit_type': 'without_offset', 'value_exp_types': ['agg_exp', 'single_exp_text'], 'distinct_type': 'none', 'min_max_depth_in_subquery': [1, 1]}","SELECT MAX(r.amount_payment), Customer_Payments.payment_method_code, r.datetime_payment FROM Customer_Payments JOIN Customer_Payments AS r ON Customer_Payments.customer_id = r.customer_id WHERE  r.customer_id > 77 GROUP BY r.datetime_payment HAVING MAX(r.amount_payment) < 13 LIMIT 4"
"{'meaningful_joins': 'yes', 'table_exp_type': 'single_table', 'where_type': {'basic_comparison': '<='}, 'number_of_value_exp_in_group_by': 0, 'having_type': 'none', 'orderby_type': 'none', 'limit_type': 'none', 'value_exp_types': ['count_distinct_exp'], 'distinct_type': 'none', 'min_max_depth_in_subquery': [1, 1]}",SELECT COUNT(DISTINCT city) FROM Addresses WHERE  address_id <= 96
"{'meaningful_joins': 'yes', 'table_exp_type': 'JOIN_JOIN_JOIN', 'where_type': {'basic_comparison': '!='}, 'number_of_value_exp_in_group_by': 0, 'having_type': 'none', 'orderby_type': 'none', 'limit_type': 'without_offset', 'value_exp_types': ['agg_exp'], 'distinct_type': 'none', 'min_max_depth_in_subquery': [1, 1]}",SELECT SUM(staff_address_id) FROM Addresses JOIN Lessons JOIN Staff JOIN Vehicles ON Lessons.staff_id = Staff.staff_id AND Staff.staff_address_id = Addresses.address_id AND Vehicles.vehicle_id = Lessons.vehicle_id WHERE  Staff.staff_id != 91 LIMIT 6
"{'meaningful_joins': 'yes', 'table_exp_type': 'JOIN', 'where_type': {'basic_comparison': '='}, 'number_of_value_exp_in_group_by': 0, 'having_type': 'none', 'orderby_type': 'none', 'limit_type': 'without_offset', 'value_exp_types': ['single_exp_number'], 'distinct_type': 'none', 'min_max_depth_in_subquery': [1, 1]}",SELECT staff_id FROM Lessons JOIN Vehicles ON Vehicles.vehicle_id = Lessons.vehicle_id WHERE  customer_id = 54 LIMIT 9
"{'meaningful_joins': 'yes', 'table_exp_type': 'single_table_with_name_changing', 'where_type': 'between', 'number_of_value_exp_in_group_by': 1, 'having_type': 'none', 'orderby_type': 'DESC', 'limit_type': 'none', 'value_exp_types': ['agg_exp'], 'distinct_type': 'none', 'min_max_depth_in_subquery': [1, 1]}","SELECT SUM(f.staff_address_id), f.first_name FROM Staff AS f WHERE f.staff_id BETWEEN 1 AND 10 GROUP BY f.first_name ORDER BY f.first_name DESC"
"{'meaningful_joins': 'yes', 'table_exp_type': 'JOIN', 'where_type': {'basic_comparison': '>='}, 'number_of_value_exp_in_group_by': 0, 'having_type': 'none', 'orderby_type': 'none', 'limit_type': 'none', 'value_exp_types': ['count_distinct_exp', 'single_exp_number'], 'distinct_type': 'none', 'min_max_depth_in_subquery': [1, 1]}","SELECT COUNT(DISTINCT staff_address_id), staff_address_id FROM Addresses JOIN Staff ON Staff.staff_address_id = Addresses.address_id WHERE  staff_id >= 76"
"{'meaningful_joins': 'yes', 'table_exp_type': 'single_table', 'where_type': {'logical_operator': ['OR', 'between', 'basic_comparison']}, 'number_of_value_exp_in_group_by': 0, 'having_type': 'none', 'orderby_type': 'none', 'limit_type': 'none', 'value_exp_types': ['single_exp_text'], 'distinct_type': 'none', 'min_max_depth_in_subquery': [1, 1]}",SELECT vehicle_details FROM Vehicles WHERE vehicle_id BETWEEN 1 AND 10 OR  vehicle_id >= 93
"{'meaningful_joins': 'yes', 'table_exp_type': 'single_table', 'where_type': {'logical_operator': ['OR', 'between', 'not_exists_subquery']}, 'number_of_value_exp_in_group_by': 0, 'having_type': 'none', 'orderby_type': 'none', 'limit_type': 'none', 'value_exp_types': ['agg_exp', 'single_exp_text', 'single_exp_text'], 'distinct_type': 'none', 'min_max_depth_in_subquery': [1, 1]}","SELECT AVG(customer_id), payment_method_code, payment_method_code FROM Customer_Payments WHERE amount_payment BETWEEN 1 AND 10 OR EXISTS (SELECT * FROM Customers WHERE customer_id BETWEEN 1 AND 10 AND Customer_Payments.customer_id = customer_id)"
"{'meaningful_joins': 'yes', 'table_exp_type': 'single_table_with_name_changing', 'where_type': {'logical_operator': ['AND', 'between', 'in_with_subquery']}, 'number_of_value_exp_in_group_by': 0, 'having_type': 'none', 'orderby_type': 'none', 'limit_type': 'none', 'value_exp_types': ['count_distinct_exp', 'count_distinct_exp', 'single_exp_number'], 'distinct_type': 'none', 'min_max_depth_in_subquery': [1, 1]}","SELECT COUNT(DISTINCT x.cell_mobile_phone_number), COUNT(DISTINCT x.customer_status_code), x.customer_address_id FROM Customers AS x WHERE x.amount_outstanding BETWEEN 1 AND 10 AND date_of_birth IN (SELECT date_of_birth FROM Customers AS u WHERE u.customer_address_id BETWEEN 1 AND 10)"
"{'meaningful_joins': 'yes', 'table_exp_type': 'JOIN', 'where_type': 'none', 'number_of_value_exp_in_group_by': 0, 'having_type': 'none', 'orderby_type': 'DESC', 'limit_type': 'without_offset', 'value_exp_types': ['single_exp_number'], 'distinct_type': 'none', 'min_max_depth_in_subquery': [1, 1]}",SELECT amount_payment FROM Customer_Payments JOIN Customers ON Customer_Payments.customer_id = Customers.customer_id ORDER BY amount_payment DESC LIMIT 9
"{'meaningful_joins': 'yes', 'table_exp_type': 'single_table_with_name_changing', 'where_type': 'between', 'number_of_value_exp_in_group_by': 1, 'having_type': 'none', 'orderby_type': 'ASC', 'limit_type': 'none', 'value_exp_types': ['count_distinct_exp'], 'distinct_type': 'none', 'min_max_depth_in_subquery': [1, 1]}","SELECT COUNT(DISTINCT a.email_address), a.customer_status_code FROM Customers AS a WHERE a.customer_address_id BETWEEN 1 AND 10 GROUP BY a.customer_status_code ORDER BY a.customer_status_code ASC"
"{'meaningful_joins': 'yes', 'table_exp_type': 'JOIN_JOIN', 'where_type': {'logical_operator': ['AND', 'basic_comparison', 'comparison_with_subquery']}, 'number_of_value_exp_in_group_by': 0, 'having_type': 'none', 'orderby_type': 'ASC', 'limit_type': 'none', 'value_exp_types': ['single_exp_number', 'single_exp_text'], 'distinct_type': 'none', 'min_max_depth_in_subquery': [1, 1]}","SELECT vehicle_id, last_name FROM Addresses JOIN Lessons JOIN Staff ON Lessons.staff_id = Staff.staff_id AND Staff.staff_address_id = Addresses.address_id WHERE  Lessons.staff_id <= 12 AND line_1_number_building < (SELECT AVG(line_1_number_building) FROM Addresses WHERE address_id BETWEEN 1 AND 10) ORDER BY last_name ASC"
"{'meaningful_joins': 'yes', 'table_exp_type': 'single_table', 'where_type': {'basic_comparison': '<'}, 'number_of_value_exp_in_group_by': 0, 'having_type': 'none', 'orderby_type': 'none', 'limit_type': 'none', 'value_exp_types': ['single_exp_number', 'single_exp_text'], 'distinct_type': 'none', 'min_max_depth_in_subquery': [1, 1]}","SELECT address_id, city FROM Addresses WHERE  address_id < 59"
"{'meaningful_joins': 'yes', 'table_exp_type': 'single_table', 'where_type': {'basic_comparison': '>'}, 'number_of_value_exp_in_group_by': 0, 'having_type': 'none', 'orderby_type': 'none', 'limit_type': 'none', 'value_exp_types': ['agg_exp', 'agg_exp', 'single_exp_number'], 'distinct_type': 'none', 'min_max_depth_in_subquery': [1, 1]}","SELECT MAX(customer_id), SUM(amount_outstanding), customer_address_id FROM Customers WHERE  customer_address_id > 1"
"{'meaningful_joins': 'yes', 'table_exp_type': 'SELF JOIN', 'where_type': {'logical_operator': ['AND', 'between', 'basic_comparison']}, 'number_of_value_exp_in_group_by': 0, 'having_type': 'none', 'orderby_type': 'DESC', 'limit_type': 'none', 'value_exp_types': ['single_exp_text'], 'distinct_type': 'none', 'min_max_depth_in_subquery': [1, 1]}",SELECT Addresses.city FROM Addresses JOIN Addresses AS x ON Addresses.address_id = x.address_id WHERE Addresses.address_id BETWEEN 1 AND 10 AND  Addresses.address_id <= 42 ORDER BY Addresses.city DESC
"{'meaningful_joins': 'yes', 'table_exp_type': 'single_table', 'where_type': 'between', 'number_of_value_exp_in_group_by': 1, 'having_type': 'none', 'orderby_type': 'none', 'limit_type': 'none', 'value_exp_types': ['agg_exp', 'count_distinct_exp'], 'distinct_type': 'none', 'min_max_depth_in_subquery': [1, 1]}","SELECT SUM(price), COUNT(DISTINCT lesson_time), lesson_time FROM Lessons WHERE customer_id BETWEEN 1 AND 10 GROUP BY lesson_time"
"{'meaningful_joins': 'yes', 'table_exp_type': 'JOIN', 'where_type': 'between', 'number_of_value_exp_in_group_by': 1, 'having_type': {'single': 'MAX'}, 'orderby_type': 'DESC', 'limit_type': 'without_offset', 'value_exp_types': ['agg_exp'], 'distinct_type': 'none', 'min_max_depth_in_subquery': [1, 1]}","SELECT MAX(staff_id), price FROM Lessons JOIN Vehicles ON Vehicles.vehicle_id = Lessons.vehicle_id WHERE staff_id BETWEEN 1 AND 10 GROUP BY price HAVING MAX(Vehicles.vehicle_id) > 73 ORDER BY price DESC LIMIT 6"
"{'meaningful_joins': 'yes', 'table_exp_type': 'JOIN_JOIN_JOIN', 'where_type': {'basic_comparison': '>='}, 'number_of_value_exp_in_group_by': 0, 'having_type': 'none', 'orderby_type': 'none', 'limit_type': 'none', 'value_exp_types': ['agg_exp', 'single_exp_text'], 'distinct_type': 'none', 'min_max_depth_in_subquery': [1, 1]}","SELECT SUM(customer_address_id), nickname FROM Addresses JOIN Customers JOIN Staff JOIN Customer_Payments ON Customers.customer_address_id = Addresses.address_id AND Staff.staff_address_id = Addresses.address_id AND Customer_Payments.customer_id = Customers.customer_id WHERE  amount_outstanding >= 96"
"{'meaningful_joins': 'yes', 'table_exp_type': 'JOIN', 'where_type': 'none', 'number_of_value_exp_in_group_by': 0, 'having_type': 'none', 'orderby_type': 'DESC', 'limit_type': 'none', 'value_exp_types': ['single_exp_text', 'single_exp_text'], 'distinct_type': 'none', 'min_max_depth_in_subquery': [1, 1]}","SELECT first_name, first_name FROM Lessons JOIN Staff ON Lessons.staff_id = Staff.staff_id ORDER BY first_name DESC"
"{'meaningful_joins': 'yes', 'table_exp_type': 'single_table', 'where_type': {'basic_comparison': '>='}, 'number_of_value_exp_in_group_by': 1, 'having_type': {'single': 'MAX'}, 'orderby_type': 'DESC', 'limit_type': 'without_offset', 'value_exp_types': ['count_distinct_exp'], 'distinct_type': 'none', 'min_max_depth_in_subquery': [1, 1]}","SELECT COUNT(DISTINCT date_of_birth), date_of_birth FROM Customers WHERE  amount_outstanding >= 55 GROUP BY date_of_birth HAVING MAX(customer_id) >= 50 ORDER BY date_of_birth DESC LIMIT 6"
"{'meaningful_joins': 'yes', 'table_exp_type': 'single_table', 'where_type': {'basic_comparison': '>'}, 'number_of_value_exp_in_group_by': 1, 'having_type': {'single': 'MIN'}, 'orderby_type': 'none', 'limit_type': 'none', 'value_exp_types': ['agg_exp', 'single_exp_number', 'single_exp_text'], 'distinct_type': 'none', 'min_max_depth_in_subquery': [1, 1]}","SELECT SUM(address_id), address_id, country, line_1_number_building FROM Addresses WHERE  address_id > 91 GROUP BY line_1_number_building HAVING MIN(address_id) < 17"
"{'meaningful_joins': 'yes', 'table_exp_type': 'JOIN_JOIN', 'where_type': 'none', 'number_of_value_exp_in_group_by': 0, 'having_type': 'none', 'orderby_type': 'ASC', 'limit_type': 'without_offset', 'value_exp_types': ['single_exp_number', 'single_exp_text'], 'distinct_type': 'none', 'min_max_depth_in_subquery': [1, 1]}","SELECT lesson_id, email_address FROM Addresses JOIN Customers JOIN Lessons ON Customers.customer_address_id = Addresses.address_id AND Customers.customer_id = Lessons.customer_id ORDER BY lesson_id ASC LIMIT 1"
"{'meaningful_joins': 'yes', 'table_exp_type': 'single_table_with_name_changing', 'where_type': {'logical_operator': ['AND', 'basic_comparison', 'in_with_subquery']}, 'number_of_value_exp_in_group_by': 0, 'having_type': 'none', 'orderby_type': 'ASC', 'limit_type': 'none', 'value_exp_types': ['single_exp_number', 'single_exp_text'], 'distinct_type': 'none', 'min_max_depth_in_subquery': [1, 1]}","SELECT y.price, y.lesson_status_code FROM Lessons AS y WHERE  y.lesson_id > 11 AND lesson_status_code IN (SELECT lesson_status_code FROM Lessons AS s WHERE  s.vehicle_id < 72) ORDER BY y.price ASC"
"{'meaningful_joins': 'yes', 'table_exp_type': 'single_table_with_name_changing', 'where_type': 'none', 'number_of_value_exp_in_group_by': 1, 'having_type': 'none', 'orderby_type': 'none', 'limit_type': 'without_offset', 'value_exp_types': ['single_exp_text'], 'distinct_type': 'none', 'min_max_depth_in_subquery': [1, 1]}","SELECT t.payment_method_code, t.datetime_payment FROM Customer_Payments AS t GROUP BY t.datetime_payment LIMIT 1"
"{'meaningful_joins': 'yes', 'table_exp_type': 'single_table', 'where_type': 'between', 'number_of_value_exp_in_group_by': 0, 'having_type': 'none', 'orderby_type': 'none', 'limit_type': 'without_offset', 'value_exp_types': ['single_exp_number', 'single_exp_number'], 'distinct_type': 'none', 'min_max_depth_in_subquery': [1, 1]}","SELECT staff_id, staff_id FROM Staff WHERE staff_id BETWEEN 1 AND 10 LIMIT 9"
"{'meaningful_joins': 'yes', 'table_exp_type': 'JOIN', 'where_type': 'exists_subquery', 'number_of_value_exp_in_group_by': 0, 'having_type': 'none', 'orderby_type': 'none', 'limit_type': 'without_offset', 'value_exp_types': ['agg_exp', 'single_exp_number'], 'distinct_type': 'none', 'min_max_depth_in_subquery': [1, 1]}","SELECT MIN(customer_address_id), customer_address_id FROM Addresses JOIN Customers ON Customers.customer_address_id = Addresses.address_id WHERE EXISTS (SELECT * FROM Addresses AS n WHERE Customers.customer_id = n.address_id LIMIT 9) LIMIT 1"
"{'meaningful_joins': 'yes', 'table_exp_type': 'JOIN', 'where_type': {'basic_comparison': '>='}, 'number_of_value_exp_in_group_by': 0, 'having_type': 'none', 'orderby_type': 'none', 'limit_type': 'none', 'value_exp_types': ['single_exp_text'], 'distinct_type': 'none', 'min_max_depth_in_subquery': [1, 1]}",SELECT line_1_number_building FROM Addresses JOIN Customers ON Customers.customer_address_id = Addresses.address_id WHERE  address_id >= 60
"{'meaningful_joins': 'yes', 'table_exp_type': 'JOIN_JOIN_JOIN', 'where_type': {'logical_operator': ['AND', 'basic_comparison', 'not_in_with_subquery']}, 'number_of_value_exp_in_group_by': 0, 'having_type': 'none', 'orderby_type': 'none', 'limit_type': 'none', 'value_exp_types': ['agg_exp', 'single_exp_number'], 'distinct_type': 'none', 'min_max_depth_in_subquery': [1, 1]}","SELECT SUM(price), Customers.customer_id FROM Addresses JOIN Customers JOIN Customer_Payments JOIN Lessons ON Customers.customer_address_id = Addresses.address_id AND Customers.customer_id = Lessons.customer_id AND Customer_Payments.customer_id = Customers.customer_id WHERE  address_id > 45 AND customer_id NOT IN (SELECT customer_id FROM Lessons WHERE lesson_id BETWEEN 1 AND 10 OR  customer_id <= 75)"
"{'meaningful_joins': 'yes', 'table_exp_type': 'single_table_with_name_changing', 'where_type': {'logical_operator': ['OR', 'between', 'basic_comparison']}, 'number_of_value_exp_in_group_by': 1, 'having_type': {'single': 'COUNT'}, 'orderby_type': 'ASC', 'limit_type': 'none', 'value_exp_types': ['single_exp_text'], 'distinct_type': 'none', 'min_max_depth_in_subquery': [1, 1]}","SELECT r.lesson_time, r.staff_id FROM Lessons AS r WHERE r.vehicle_id BETWEEN 1 AND 10 OR  r.price != 65 GROUP BY r.staff_id HAVING COUNT(r.price) < 28 ORDER BY r.lesson_time ASC"
"{'meaningful_joins': 'yes', 'table_exp_type': 'JOIN', 'where_type': 'none', 'number_of_value_exp_in_group_by': 0, 'having_type': 'none', 'orderby_type': 'none', 'limit_type': 'none', 'value_exp_types': ['count_distinct_exp'], 'distinct_type': 'none', 'min_max_depth_in_subquery': [1, 1]}",SELECT COUNT(DISTINCT amount_outstanding) FROM Customer_Payments JOIN Customers ON Customer_Payments.customer_id = Customers.customer_id
"{'meaningful_joins': 'yes', 'table_exp_type': 'single_table_with_name_changing', 'where_type': {'logical_operator': ['AND', 'between', 'basic_comparison']}, 'number_of_value_exp_in_group_by': 1, 'having_type': {'single': 'SUM'}, 'orderby_type': 'none', 'limit_type': 'none', 'value_exp_types': ['agg_exp', 'single_exp_number'], 'distinct_type': 'none', 'min_max_depth_in_subquery': [1, 1]}","SELECT AVG(q.customer_address_id), q.customer_id, q.amount_outstanding FROM Customers AS q WHERE q.customer_address_id BETWEEN 1 AND 10 AND  q.customer_address_id <= 29 GROUP BY q.amount_outstanding HAVING SUM(q.customer_id) <= 16"
"{'meaningful_joins': 'yes', 'table_exp_type': 'single_table_with_name_changing', 'where_type': {'basic_comparison': '<='}, 'number_of_value_exp_in_group_by': 0, 'having_type': 'none', 'orderby_type': 'none', 'limit_type': 'none', 'value_exp_types': ['single_exp_number'], 'distinct_type': 'none', 'min_max_depth_in_subquery': [1, 1]}",SELECT s.amount_outstanding FROM Customers AS s WHERE  s.customer_address_id <= 2
"{'meaningful_joins': 'yes', 'table_exp_type': 'JOIN', 'where_type': {'basic_comparison': '<='}, 'number_of_value_exp_in_group_by': 1, 'having_type': {'single': 'SUM'}, 'orderby_type': 'ASC', 'limit_type': 'none', 'value_exp_types': ['count_distinct_exp', 'single_exp_text'], 'distinct_type': 'none', 'min_max_depth_in_subquery': [1, 1]}","SELECT COUNT(DISTINCT amount_payment), phone_number, last_name FROM Customer_Payments JOIN Customers ON Customer_Payments.customer_id = Customers.customer_id WHERE  amount_payment <= 38 GROUP BY last_name HAVING SUM(amount_outstanding) >= 43 ORDER BY last_name ASC"
"{'meaningful_joins': 'yes', 'table_exp_type': 'JOIN_JOIN', 'where_type': {'logical_operator': ['OR', 'between', 'not_in_with_subquery']}, 'number_of_value_exp_in_group_by': 0, 'having_type': 'none', 'orderby_type': 'none', 'limit_type': 'without_offset', 'value_exp_types': ['count_distinct_exp', 'count_distinct_exp', 'single_exp_number'], 'distinct_type': 'none', 'min_max_depth_in_subquery': [1, 1]}","SELECT COUNT(DISTINCT lesson_date), COUNT(DISTINCT lesson_id), lesson_id FROM Addresses JOIN Lessons JOIN Staff ON Lessons.staff_id = Staff.staff_id AND Staff.staff_address_id = Addresses.address_id WHERE staff_address_id BETWEEN 1 AND 10 OR first_name NOT IN (SELECT first_name FROM Staff AS d WHERE d.staff_id BETWEEN 1 AND 10 AND  d.staff_address_id = 48) LIMIT 9"
