Specification,query
"{'meaningful_joins': 'yes', 'table_exp_type': 'single_table', 'where_type': {'logical_operator': ['AND', 'between', 'not_in_with_subquery']}, 'number_of_value_exp_in_group_by': 1, 'having_type': {'single': 'MIN'}, 'orderby_type': 'DESC', 'limit_type': 'none', 'value_exp_types': ['single_exp_number', 'single_exp_text'], 'distinct_type': 'none', 'min_max_depth_in_subquery': [1, 1]}","SELECT student_id, password, family_name FROM Students WHERE student_id BETWEEN 1 AND 10 AND personal_name NOT IN (SELECT personal_name FROM Students AS x WHERE x.student_id BETWEEN 1 AND 10) GROUP BY family_name HAVING MIN(student_id) <= 75 ORDER BY family_name DESC"
"{'meaningful_joins': 'yes', 'table_exp_type': 'JOIN_JOIN_JOIN', 'where_type': 'exists_subquery', 'number_of_value_exp_in_group_by': 1, 'having_type': {'single': 'MAX'}, 'orderby_type': 'none', 'limit_type': 'none', 'value_exp_types': ['agg_exp', 'single_exp_number'], 'distinct_type': 'none', 'min_max_depth_in_subquery': [1, 1]}","SELECT AVG(registration_id), registration_id, Courses.author_id FROM Course_Authors_and_Tutors JOIN Courses JOIN Subjects JOIN Student_Course_Enrolment ON Courses.subject_id = Subjects.subject_id AND Courses.course_id = Student_Course_Enrolment.course_id AND Course_Authors_and_Tutors.author_id = Courses.author_id WHERE EXISTS (SELECT * FROM Courses AS a WHERE  a.author_id = 97 AND Subjects.subject_id = a.subject_id LIMIT 2) GROUP BY Courses.author_id HAVING MAX(student_id) <= 48"
"{'meaningful_joins': 'yes', 'table_exp_type': 'SELF JOIN', 'where_type': {'basic_comparison': '='}, 'number_of_value_exp_in_group_by': 0, 'having_type': 'none', 'orderby_type': 'none', 'limit_type': 'without_offset', 'value_exp_types': ['agg_exp', 'count_distinct_exp', 'single_exp_text'], 'distinct_type': 'none', 'min_max_depth_in_subquery': [1, 1]}","SELECT MAX(z.subject_id), COUNT(DISTINCT z.course_description), Courses.course_description FROM Courses AS z JOIN Courses ON Courses.course_id = z.course_id WHERE  Courses.author_id = 40 LIMIT 8"
"{'meaningful_joins': 'yes', 'table_exp_type': 'single_table', 'where_type': {'logical_operator': ['OR', 'basic_comparison', 'exists_subquery']}, 'number_of_value_exp_in_group_by': 0, 'having_type': 'none', 'orderby_type': 'none', 'limit_type': 'none', 'value_exp_types': ['single_exp_number'], 'distinct_type': 'none', 'min_max_depth_in_subquery': [1, 1]}",SELECT author_id FROM Course_Authors_and_Tutors WHERE  author_id != 71 OR EXISTS (SELECT * FROM Courses AS j WHERE j.course_id BETWEEN 1 AND 10 AND Course_Authors_and_Tutors.author_id = j.author_id LIMIT 4)
"{'meaningful_joins': 'yes', 'table_exp_type': 'single_table', 'where_type': 'between', 'number_of_value_exp_in_group_by': 0, 'having_type': 'none', 'orderby_type': 'ASC', 'limit_type': 'without_offset', 'value_exp_types': ['agg_exp', 'single_exp_text'], 'distinct_type': 'none', 'min_max_depth_in_subquery': [1, 1]}","SELECT AVG(registration_id), test_result FROM Student_Tests_Taken WHERE registration_id BETWEEN 1 AND 10 ORDER BY test_result ASC LIMIT 4"
"{'meaningful_joins': 'yes', 'table_exp_type': 'single_table', 'where_type': 'not_exists_subquery', 'number_of_value_exp_in_group_by': 0, 'having_type': 'none', 'orderby_type': 'none', 'limit_type': 'none', 'value_exp_types': ['single_exp_number', 'single_exp_number', 'single_exp_number'], 'distinct_type': 'none', 'min_max_depth_in_subquery': [1, 1]}","SELECT author_id, author_id, author_id FROM Course_Authors_and_Tutors WHERE EXISTS (SELECT * FROM Courses WHERE  author_id = 4 AND Course_Authors_and_Tutors.author_id = author_id)"
"{'meaningful_joins': 'yes', 'table_exp_type': 'single_table_with_name_changing', 'where_type': {'basic_comparison': '!='}, 'number_of_value_exp_in_group_by': 1, 'having_type': {'single': 'MIN'}, 'orderby_type': 'DESC', 'limit_type': 'none', 'value_exp_types': ['agg_exp', 'single_exp_number'], 'distinct_type': 'none', 'min_max_depth_in_subquery': [1, 1]}","SELECT SUM(f.author_id), f.author_id, f.family_name FROM Course_Authors_and_Tutors AS f WHERE  f.author_id != 58 GROUP BY f.family_name HAVING MIN(f.author_id) > 27 ORDER BY f.author_id DESC"
"{'meaningful_joins': 'yes', 'table_exp_type': 'JOIN_JOIN', 'where_type': 'not_in_with_subquery', 'number_of_value_exp_in_group_by': 0, 'having_type': 'none', 'orderby_type': 'none', 'limit_type': 'none', 'value_exp_types': ['count_distinct_exp'], 'distinct_type': 'none', 'min_max_depth_in_subquery': [1, 1]}",SELECT COUNT(DISTINCT Student_Course_Enrolment.course_id) FROM Courses JOIN Student_Tests_Taken JOIN Student_Course_Enrolment ON Courses.course_id = Student_Course_Enrolment.course_id AND Student_Tests_Taken.registration_id = Student_Course_Enrolment.registration_id WHERE course_id NOT IN (SELECT course_id FROM Student_Course_Enrolment AS e)
"{'meaningful_joins': 'yes', 'table_exp_type': 'single_table', 'where_type': {'logical_operator': ['OR', 'between', 'basic_comparison']}, 'number_of_value_exp_in_group_by': 1, 'having_type': 'none', 'orderby_type': 'ASC', 'limit_type': 'none', 'value_exp_types': ['agg_exp', 'count_distinct_exp'], 'distinct_type': 'none', 'min_max_depth_in_subquery': [1, 1]}","SELECT AVG(author_id), COUNT(DISTINCT author_tutor_ATB), login_name FROM Course_Authors_and_Tutors WHERE author_id BETWEEN 1 AND 10 OR  author_id != 95 GROUP BY login_name ORDER BY login_name ASC"
"{'meaningful_joins': 'yes', 'table_exp_type': 'single_table_with_name_changing', 'where_type': {'basic_comparison': '>='}, 'number_of_value_exp_in_group_by': 1, 'having_type': {'single': 'AVG'}, 'orderby_type': 'none', 'limit_type': 'none', 'value_exp_types': ['agg_exp', 'agg_exp', 'agg_exp'], 'distinct_type': 'none', 'min_max_depth_in_subquery': [1, 1]}","SELECT AVG(x.student_id), MAX(x.student_id), COUNT(x.student_id), x.family_name FROM Students AS x WHERE  x.student_id >= 86 GROUP BY x.family_name HAVING AVG(x.student_id) > 51"
"{'meaningful_joins': 'yes', 'table_exp_type': 'JOIN_JOIN_JOIN', 'where_type': {'logical_operator': ['OR', 'between', 'exists_subquery']}, 'number_of_value_exp_in_group_by': 0, 'having_type': 'none', 'orderby_type': 'none', 'limit_type': 'without_offset', 'value_exp_types': ['count_distinct_exp'], 'distinct_type': 'none', 'min_max_depth_in_subquery': [1, 1]}",SELECT COUNT(DISTINCT Courses.course_id) FROM Courses JOIN Subjects JOIN Student_Tests_Taken JOIN Student_Course_Enrolment ON Courses.subject_id = Subjects.subject_id AND Courses.course_id = Student_Course_Enrolment.course_id AND Student_Tests_Taken.registration_id = Student_Course_Enrolment.registration_id WHERE Student_Course_Enrolment.registration_id BETWEEN 1 AND 10 OR EXISTS (SELECT * FROM Course_Authors_and_Tutors WHERE Courses.course_id = author_id) LIMIT 2
"{'meaningful_joins': 'yes', 'table_exp_type': 'single_table_with_name_changing', 'where_type': 'none', 'number_of_value_exp_in_group_by': 0, 'having_type': 'none', 'orderby_type': 'DESC', 'limit_type': 'none', 'value_exp_types': ['single_exp_text'], 'distinct_type': 'none', 'min_max_depth_in_subquery': [1, 1]}",SELECT q.personal_name FROM Students AS q ORDER BY q.personal_name DESC
"{'meaningful_joins': 'yes', 'table_exp_type': 'JOIN', 'where_type': {'basic_comparison': '>='}, 'number_of_value_exp_in_group_by': 1, 'having_type': {'single': 'MAX'}, 'orderby_type': 'none', 'limit_type': 'none', 'value_exp_types': ['agg_exp', 'single_exp_text', 'single_exp_text'], 'distinct_type': 'none', 'min_max_depth_in_subquery': [1, 1]}","SELECT COUNT(course_id), course_description, family_name, subject_id FROM Course_Authors_and_Tutors JOIN Courses ON Course_Authors_and_Tutors.author_id = Courses.author_id WHERE  subject_id >= 41 GROUP BY subject_id HAVING MAX(Course_Authors_and_Tutors.author_id) > 22"
"{'meaningful_joins': 'yes', 'table_exp_type': 'single_table', 'where_type': 'not_exists_subquery', 'number_of_value_exp_in_group_by': 1, 'having_type': {'single': 'MIN'}, 'orderby_type': 'none', 'limit_type': 'none', 'value_exp_types': ['agg_exp'], 'distinct_type': 'none', 'min_max_depth_in_subquery': [1, 1]}","SELECT MIN(subject_id), subject_name FROM Subjects WHERE EXISTS (SELECT * FROM Courses WHERE  author_id > 63 AND Subjects.subject_id = subject_id) GROUP BY subject_name HAVING MIN(subject_id) = 96"
"{'meaningful_joins': 'yes', 'table_exp_type': 'single_table', 'where_type': {'basic_comparison': '!='}, 'number_of_value_exp_in_group_by': 0, 'having_type': 'none', 'orderby_type': 'none', 'limit_type': 'none', 'value_exp_types': ['agg_exp', 'count_distinct_exp', 'count_distinct_exp'], 'distinct_type': 'none', 'min_max_depth_in_subquery': [1, 1]}","SELECT COUNT(registration_id), COUNT(DISTINCT test_result), COUNT(DISTINCT date_test_taken) FROM Student_Tests_Taken WHERE  registration_id != 18"
"{'meaningful_joins': 'yes', 'table_exp_type': 'JOIN', 'where_type': {'logical_operator': ['AND', 'basic_comparison', 'comparison_with_subquery']}, 'number_of_value_exp_in_group_by': 0, 'having_type': 'none', 'orderby_type': 'none', 'limit_type': 'none', 'value_exp_types': ['agg_exp'], 'distinct_type': 'none', 'min_max_depth_in_subquery': [1, 1]}",SELECT AVG(course_id) FROM Course_Authors_and_Tutors JOIN Courses ON Course_Authors_and_Tutors.author_id = Courses.author_id WHERE  Courses.author_id >= 73 AND author_tutor_ATB <= (SELECT AVG(author_tutor_ATB) FROM Course_Authors_and_Tutors WHERE author_id BETWEEN 1 AND 10)
"{'meaningful_joins': 'yes', 'table_exp_type': 'JOIN_JOIN', 'where_type': 'between', 'number_of_value_exp_in_group_by': 1, 'having_type': {'single': 'MIN'}, 'orderby_type': 'DESC', 'limit_type': 'none', 'value_exp_types': ['count_distinct_exp', 'single_exp_number'], 'distinct_type': 'none', 'min_max_depth_in_subquery': [1, 1]}","SELECT COUNT(DISTINCT middle_name), subject_id, address_line_1 FROM Course_Authors_and_Tutors JOIN Courses JOIN Student_Course_Enrolment ON Courses.course_id = Student_Course_Enrolment.course_id AND Course_Authors_and_Tutors.author_id = Courses.author_id WHERE Student_Course_Enrolment.course_id BETWEEN 1 AND 10 GROUP BY address_line_1 HAVING MIN(Courses.author_id) < 79 ORDER BY address_line_1 DESC"
"{'meaningful_joins': 'yes', 'table_exp_type': 'single_table', 'where_type': {'logical_operator': ['OR', 'basic_comparison', 'not_in_with_subquery']}, 'number_of_value_exp_in_group_by': 0, 'having_type': 'none', 'orderby_type': 'none', 'limit_type': 'none', 'value_exp_types': ['count_distinct_exp'], 'distinct_type': 'none', 'min_max_depth_in_subquery': [1, 1]}",SELECT COUNT(DISTINCT subject_name) FROM Subjects WHERE  subject_id < 85 OR subject_id NOT IN (SELECT subject_id FROM Subjects WHERE subject_id BETWEEN 1 AND 10)
"{'meaningful_joins': 'yes', 'table_exp_type': 'JOIN', 'where_type': {'basic_comparison': '!='}, 'number_of_value_exp_in_group_by': 0, 'having_type': 'none', 'orderby_type': 'none', 'limit_type': 'none', 'value_exp_types': ['single_exp_number', 'single_exp_text'], 'distinct_type': 'none', 'min_max_depth_in_subquery': [1, 1]}","SELECT subject_id, personal_name FROM Course_Authors_and_Tutors JOIN Courses ON Course_Authors_and_Tutors.author_id = Courses.author_id WHERE  course_id != 58"
"{'meaningful_joins': 'yes', 'table_exp_type': 'single_table_with_name_changing', 'where_type': {'basic_comparison': '<'}, 'number_of_value_exp_in_group_by': 0, 'having_type': 'none', 'orderby_type': 'none', 'limit_type': 'none', 'value_exp_types': ['single_exp_text'], 'distinct_type': 'none', 'min_max_depth_in_subquery': [1, 1]}",SELECT a.password FROM Students AS a WHERE  a.student_id < 50
"{'meaningful_joins': 'yes', 'table_exp_type': 'JOIN_JOIN', 'where_type': {'basic_comparison': '>'}, 'number_of_value_exp_in_group_by': 0, 'having_type': 'none', 'orderby_type': 'none', 'limit_type': 'none', 'value_exp_types': ['count_distinct_exp', 'single_exp_text'], 'distinct_type': 'none', 'min_max_depth_in_subquery': [1, 1]}","SELECT COUNT(DISTINCT family_name), personal_name FROM Student_Tests_Taken JOIN Students JOIN Student_Course_Enrolment ON Student_Course_Enrolment.student_id = Students.student_id AND Student_Tests_Taken.registration_id = Student_Course_Enrolment.registration_id WHERE  Student_Course_Enrolment.registration_id > 54"
"{'meaningful_joins': 'yes', 'table_exp_type': 'single_table', 'where_type': {'basic_comparison': '='}, 'number_of_value_exp_in_group_by': 0, 'having_type': 'none', 'orderby_type': 'ASC', 'limit_type': 'none', 'value_exp_types': ['single_exp_number'], 'distinct_type': 'none', 'min_max_depth_in_subquery': [1, 1]}",SELECT course_id FROM Student_Course_Enrolment WHERE  student_id = 40 ORDER BY course_id ASC
"{'meaningful_joins': 'yes', 'table_exp_type': 'single_table_with_name_changing', 'where_type': {'basic_comparison': '<'}, 'number_of_value_exp_in_group_by': 0, 'having_type': 'none', 'orderby_type': 'ASC', 'limit_type': 'none', 'value_exp_types': ['single_exp_number', 'single_exp_text'], 'distinct_type': 'none', 'min_max_depth_in_subquery': [1, 1]}","SELECT q.registration_id, q.test_result FROM Student_Tests_Taken AS q WHERE  q.registration_id < 25 ORDER BY q.registration_id ASC"
"{'meaningful_joins': 'yes', 'table_exp_type': 'single_table_with_name_changing', 'where_type': {'logical_operator': ['OR', 'between', 'basic_comparison']}, 'number_of_value_exp_in_group_by': 1, 'having_type': {'single': 'SUM'}, 'orderby_type': 'ASC', 'limit_type': 'without_offset', 'value_exp_types': ['count_distinct_exp'], 'distinct_type': 'none', 'min_max_depth_in_subquery': [1, 1]}","SELECT COUNT(DISTINCT t.course_id), t.author_id FROM Courses AS t WHERE t.author_id BETWEEN 1 AND 10 OR  t.author_id < 32 GROUP BY t.author_id HAVING SUM(t.author_id) > 87 ORDER BY t.author_id ASC LIMIT 2"
"{'meaningful_joins': 'yes', 'table_exp_type': 'JOIN_JOIN_JOIN', 'where_type': {'basic_comparison': '<'}, 'number_of_value_exp_in_group_by': 0, 'having_type': 'none', 'orderby_type': 'none', 'limit_type': 'none', 'value_exp_types': ['agg_exp', 'single_exp_number'], 'distinct_type': 'none', 'min_max_depth_in_subquery': [1, 1]}","SELECT MAX(Subjects.subject_id), Subjects.subject_id FROM Courses JOIN Subjects JOIN Students JOIN Student_Course_Enrolment ON Courses.subject_id = Subjects.subject_id AND Courses.course_id = Student_Course_Enrolment.course_id AND Student_Course_Enrolment.student_id = Students.student_id WHERE  author_id < 70"
"{'meaningful_joins': 'yes', 'table_exp_type': 'single_table', 'where_type': {'basic_comparison': '>='}, 'number_of_value_exp_in_group_by': 1, 'having_type': {'single': 'COUNT'}, 'orderby_type': 'none', 'limit_type': 'without_offset', 'value_exp_types': ['agg_exp', 'single_exp_number'], 'distinct_type': 'none', 'min_max_depth_in_subquery': [1, 1]}","SELECT MAX(student_id), student_id FROM Student_Course_Enrolment WHERE  registration_id >= 34 GROUP BY student_id HAVING COUNT(registration_id) > 78 LIMIT 2"
"{'meaningful_joins': 'yes', 'table_exp_type': 'single_table_with_name_changing', 'where_type': {'basic_comparison': '<='}, 'number_of_value_exp_in_group_by': 1, 'having_type': {'single': 'MAX'}, 'orderby_type': 'none', 'limit_type': 'none', 'value_exp_types': ['agg_exp', 'count_distinct_exp'], 'distinct_type': 'none', 'min_max_depth_in_subquery': [1, 1]}","SELECT AVG(d.author_id), COUNT(DISTINCT d.middle_name), d.login_name FROM Course_Authors_and_Tutors AS d WHERE  d.author_id <= 45 GROUP BY d.login_name HAVING MAX(d.author_id) > 72"
"{'meaningful_joins': 'yes', 'table_exp_type': 'single_table', 'where_type': {'basic_comparison': '!='}, 'number_of_value_exp_in_group_by': 1, 'having_type': 'none', 'orderby_type': 'ASC', 'limit_type': 'none', 'value_exp_types': ['single_exp_number'], 'distinct_type': 'none', 'min_max_depth_in_subquery': [1, 1]}","SELECT registration_id, date_of_enrolment FROM Student_Course_Enrolment WHERE  course_id != 53 GROUP BY date_of_enrolment ORDER BY date_of_enrolment ASC"
"{'meaningful_joins': 'yes', 'table_exp_type': 'single_table', 'where_type': {'logical_operator': ['AND', 'between', 'basic_comparison']}, 'number_of_value_exp_in_group_by': 1, 'having_type': {'single': 'MIN'}, 'orderby_type': 'none', 'limit_type': 'without_offset', 'value_exp_types': ['agg_exp', 'single_exp_text'], 'distinct_type': 'none', 'min_max_depth_in_subquery': [1, 1]}","SELECT AVG(subject_id), subject_name FROM Subjects WHERE subject_id BETWEEN 1 AND 10 AND  subject_id <= 61 GROUP BY subject_name HAVING MIN(subject_id) = 30 LIMIT 5"
"{'meaningful_joins': 'yes', 'table_exp_type': 'single_table', 'where_type': 'not_in_with_subquery', 'number_of_value_exp_in_group_by': 1, 'having_type': {'single': 'AVG'}, 'orderby_type': 'none', 'limit_type': 'none', 'value_exp_types': ['single_exp_number'], 'distinct_type': 'none', 'min_max_depth_in_subquery': [1, 1]}","SELECT author_id, middle_name FROM Course_Authors_and_Tutors WHERE password NOT IN (SELECT password FROM Students AS i WHERE i.student_id BETWEEN 1 AND 10) GROUP BY middle_name HAVING AVG(author_id) <= 79"
