Specification,query
"{'meaningful_joins': 'yes', 'table_exp_type': 'single_table_with_name_changing', 'where_type': {'basic_comparison': '<='}, 'number_of_value_exp_in_group_by': 0, 'having_type': 'none', 'orderby_type': 'none', 'limit_type': 'none', 'value_exp_types': ['single_exp_text', 'single_exp_text', 'single_exp_text'], 'distinct_type': 'none', 'min_max_depth_in_subquery': [1, 1]}","SELECT n.Status, n.Official_Name, n.Official_Name FROM city AS n WHERE  n.Population <= 86"
"{'meaningful_joins': 'yes', 'table_exp_type': 'JOIN_JOIN', 'where_type': 'not_in_with_subquery', 'number_of_value_exp_in_group_by': 0, 'having_type': 'none', 'orderby_type': 'none', 'limit_type': 'without_offset', 'value_exp_types': ['count_distinct_exp'], 'distinct_type': 'none', 'min_max_depth_in_subquery': [1, 1]}",SELECT COUNT(DISTINCT farm.Year) FROM farm_competition JOIN competition_record JOIN farm ON farm_competition.Competition_ID = competition_record.Competition_ID AND competition_record.Farm_ID = farm.Farm_ID WHERE Year NOT IN (SELECT Year FROM farm_competition WHERE Year BETWEEN 1 AND 10 OR  Competition_ID >= 96) LIMIT 5
"{'meaningful_joins': 'yes', 'table_exp_type': 'JOIN_JOIN_JOIN', 'where_type': {'basic_comparison': '='}, 'number_of_value_exp_in_group_by': 1, 'having_type': {'single': 'COUNT'}, 'orderby_type': 'DESC', 'limit_type': 'none', 'value_exp_types': ['single_exp_number', 'single_exp_text'], 'distinct_type': 'none', 'min_max_depth_in_subquery': [1, 1]}","SELECT competition_record.Competition_ID, Census_Ranking, Rank FROM farm_competition JOIN city JOIN competition_record JOIN farm ON farm_competition.Host_city_ID = city.City_ID AND farm_competition.Competition_ID = competition_record.Competition_ID AND competition_record.Farm_ID = farm.Farm_ID WHERE  Oxen = 71 GROUP BY Rank HAVING COUNT(Cows) <= 97 ORDER BY Rank DESC"
"{'meaningful_joins': 'yes', 'table_exp_type': 'JOIN', 'where_type': {'logical_operator': ['OR', 'between', 'in_with_subquery']}, 'number_of_value_exp_in_group_by': 0, 'having_type': 'none', 'orderby_type': 'none', 'limit_type': 'none', 'value_exp_types': ['agg_exp', 'single_exp_number', 'single_exp_number'], 'distinct_type': 'none', 'min_max_depth_in_subquery': [1, 1]}","SELECT COUNT(City_ID), Host_city_ID, Area_km_2 FROM farm_competition JOIN city ON farm_competition.Host_city_ID = city.City_ID WHERE Population BETWEEN 1 AND 10 OR Official_Name IN (SELECT Official_Name FROM city WHERE City_ID BETWEEN 1 AND 10 AND  Population != 47)"
"{'meaningful_joins': 'yes', 'table_exp_type': 'single_table', 'where_type': {'logical_operator': ['OR', 'between', 'basic_comparison']}, 'number_of_value_exp_in_group_by': 0, 'having_type': 'none', 'orderby_type': 'ASC', 'limit_type': 'none', 'value_exp_types': ['count_distinct_exp', 'single_exp_number'], 'distinct_type': 'none', 'min_max_depth_in_subquery': [1, 1]}","SELECT COUNT(DISTINCT Hosts), Year FROM farm_competition WHERE Host_city_ID BETWEEN 1 AND 10 OR  Year >= 9 ORDER BY Year ASC"
"{'meaningful_joins': 'yes', 'table_exp_type': 'single_table', 'where_type': {'basic_comparison': '='}, 'number_of_value_exp_in_group_by': 0, 'having_type': 'none', 'orderby_type': 'none', 'limit_type': 'none', 'value_exp_types': ['agg_exp', 'single_exp_number', 'single_exp_number'], 'distinct_type': 'none', 'min_max_depth_in_subquery': [1, 1]}","SELECT AVG(Area_km_2), City_ID, Area_km_2 FROM city WHERE  City_ID = 99"
"{'meaningful_joins': 'yes', 'table_exp_type': 'single_table', 'where_type': {'basic_comparison': '<'}, 'number_of_value_exp_in_group_by': 1, 'having_type': 'none', 'orderby_type': 'none', 'limit_type': 'none', 'value_exp_types': ['agg_exp'], 'distinct_type': 'none', 'min_max_depth_in_subquery': [1, 1]}","SELECT COUNT(City_ID), Official_Name FROM city WHERE  City_ID < 74 GROUP BY Official_Name"
"{'meaningful_joins': 'yes', 'table_exp_type': 'single_table_with_name_changing', 'where_type': 'none', 'number_of_value_exp_in_group_by': 1, 'having_type': 'none', 'orderby_type': 'ASC', 'limit_type': 'without_offset', 'value_exp_types': ['single_exp_number'], 'distinct_type': 'none', 'min_max_depth_in_subquery': [1, 1]}","SELECT t.Farm_ID, t.Rank FROM competition_record AS t GROUP BY t.Rank ORDER BY t.Rank ASC LIMIT 2"
"{'meaningful_joins': 'yes', 'table_exp_type': 'JOIN', 'where_type': {'basic_comparison': '='}, 'number_of_value_exp_in_group_by': 1, 'having_type': {'single': 'MIN'}, 'orderby_type': 'none', 'limit_type': 'none', 'value_exp_types': ['single_exp_number'], 'distinct_type': 'none', 'min_max_depth_in_subquery': [1, 1]}","SELECT Total_Cattle, Bulls FROM competition_record JOIN farm ON competition_record.Farm_ID = farm.Farm_ID WHERE  Oxen = 21 GROUP BY Bulls HAVING MIN(Total_Horses) >= 68"
"{'meaningful_joins': 'yes', 'table_exp_type': 'single_table_with_name_changing', 'where_type': {'basic_comparison': '>='}, 'number_of_value_exp_in_group_by': 0, 'having_type': 'none', 'orderby_type': 'none', 'limit_type': 'without_offset', 'value_exp_types': ['agg_exp', 'single_exp_number'], 'distinct_type': 'none', 'min_max_depth_in_subquery': [1, 1]}","SELECT AVG(p.Competition_ID), p.Host_city_ID FROM farm_competition AS p WHERE  p.Host_city_ID >= 91 LIMIT 10"
"{'meaningful_joins': 'yes', 'table_exp_type': 'SELF JOIN', 'where_type': {'logical_operator': ['AND', 'between', 'basic_comparison']}, 'number_of_value_exp_in_group_by': 0, 'having_type': 'none', 'orderby_type': 'ASC', 'limit_type': 'none', 'value_exp_types': ['agg_exp', 'single_exp_number'], 'distinct_type': 'none', 'min_max_depth_in_subquery': [1, 1]}","SELECT SUM(s.City_ID), s.City_ID FROM city AS s JOIN city ON city.City_ID = s.City_ID WHERE city.Area_km_2 BETWEEN 1 AND 10 AND  s.Area_km_2 >= 10 ORDER BY s.City_ID ASC"
"{'meaningful_joins': 'yes', 'table_exp_type': 'JOIN_JOIN_JOIN', 'where_type': 'none', 'number_of_value_exp_in_group_by': 1, 'having_type': 'none', 'orderby_type': 'none', 'limit_type': 'none', 'value_exp_types': ['count_distinct_exp'], 'distinct_type': 'none', 'min_max_depth_in_subquery': [1, 1]}","SELECT COUNT(DISTINCT Working_Horses), Status FROM farm_competition JOIN city JOIN competition_record JOIN farm ON farm_competition.Host_city_ID = city.City_ID AND farm_competition.Competition_ID = competition_record.Competition_ID AND competition_record.Farm_ID = farm.Farm_ID GROUP BY Status"
"{'meaningful_joins': 'yes', 'table_exp_type': 'SELF JOIN', 'where_type': 'exists_subquery', 'number_of_value_exp_in_group_by': 1, 'having_type': {'single': 'AVG'}, 'orderby_type': 'none', 'limit_type': 'without_offset', 'value_exp_types': ['single_exp_number', 'single_exp_text'], 'distinct_type': 'none', 'min_max_depth_in_subquery': [1, 1]}","SELECT j.Population, j.Official_Name, city.Official_Name FROM city JOIN city AS j ON city.City_ID = j.City_ID WHERE EXISTS (SELECT * FROM farm_competition WHERE city.City_ID = Host_city_ID LIMIT 7) GROUP BY city.Official_Name HAVING AVG(j.Area_km_2) > 85 LIMIT 10"
"{'meaningful_joins': 'yes', 'table_exp_type': 'JOIN_JOIN_JOIN', 'where_type': {'basic_comparison': '>='}, 'number_of_value_exp_in_group_by': 1, 'having_type': {'single': 'MIN'}, 'orderby_type': 'none', 'limit_type': 'without_offset', 'value_exp_types': ['agg_exp', 'single_exp_text'], 'distinct_type': 'none', 'min_max_depth_in_subquery': [1, 1]}","SELECT AVG(Total_Horses), Theme, Total_Horses FROM farm_competition JOIN city JOIN competition_record JOIN farm ON farm_competition.Host_city_ID = city.City_ID AND farm_competition.Competition_ID = competition_record.Competition_ID AND competition_record.Farm_ID = farm.Farm_ID WHERE  Pigs >= 41 GROUP BY Total_Horses HAVING MIN(City_ID) <= 17 LIMIT 1"
"{'meaningful_joins': 'yes', 'table_exp_type': 'single_table_with_name_changing', 'where_type': {'logical_operator': ['AND', 'basic_comparison', 'not_in_with_subquery']}, 'number_of_value_exp_in_group_by': 0, 'having_type': 'none', 'orderby_type': 'none', 'limit_type': 'none', 'value_exp_types': ['agg_exp', 'count_distinct_exp', 'single_exp_number'], 'distinct_type': 'none', 'min_max_depth_in_subquery': [1, 1]}","SELECT MAX(v.Competition_ID), COUNT(DISTINCT v.Rank), v.Competition_ID FROM competition_record AS v WHERE  v.Rank >= 52 AND Farm_ID NOT IN (SELECT Farm_ID FROM competition_record AS x WHERE  x.Competition_ID = 40)"
"{'meaningful_joins': 'yes', 'table_exp_type': 'JOIN_JOIN', 'where_type': {'logical_operator': ['AND', 'basic_comparison', 'exists_subquery']}, 'number_of_value_exp_in_group_by': 0, 'having_type': 'none', 'orderby_type': 'DESC', 'limit_type': 'none', 'value_exp_types': ['single_exp_text'], 'distinct_type': 'none', 'min_max_depth_in_subquery': [1, 1]}",SELECT Theme FROM farm_competition JOIN city JOIN competition_record ON farm_competition.Host_city_ID = city.City_ID AND farm_competition.Competition_ID = competition_record.Competition_ID WHERE  competition_record.Competition_ID < 21 AND EXISTS (SELECT * FROM city AS z WHERE  z.Population <= 68 AND farm_competition.Competition_ID = z.City_ID) ORDER BY Theme DESC
"{'meaningful_joins': 'yes', 'table_exp_type': 'JOIN', 'where_type': {'logical_operator': ['OR', 'basic_comparison', 'exists_subquery']}, 'number_of_value_exp_in_group_by': 0, 'having_type': 'none', 'orderby_type': 'none', 'limit_type': 'none', 'value_exp_types': ['single_exp_number', 'single_exp_number', 'single_exp_number'], 'distinct_type': 'none', 'min_max_depth_in_subquery': [1, 1]}","SELECT Rank, Bulls, competition_record.Farm_ID FROM competition_record JOIN farm ON competition_record.Farm_ID = farm.Farm_ID WHERE  farm.Farm_ID != 9 OR EXISTS (SELECT * FROM competition_record WHERE  Rank = 84 AND farm.Farm_ID = Farm_ID)"
"{'meaningful_joins': 'yes', 'table_exp_type': 'JOIN_JOIN', 'where_type': {'basic_comparison': '!='}, 'number_of_value_exp_in_group_by': 1, 'having_type': 'none', 'orderby_type': 'ASC', 'limit_type': 'without_offset', 'value_exp_types': ['single_exp_number'], 'distinct_type': 'none', 'min_max_depth_in_subquery': [1, 1]}","SELECT Oxen, competition_record.Farm_ID FROM farm_competition JOIN competition_record JOIN farm ON farm_competition.Competition_ID = competition_record.Competition_ID AND competition_record.Farm_ID = farm.Farm_ID WHERE  Host_city_ID != 46 GROUP BY competition_record.Farm_ID ORDER BY Oxen ASC LIMIT 7"
"{'meaningful_joins': 'yes', 'table_exp_type': 'single_table_with_name_changing', 'where_type': {'basic_comparison': '>'}, 'number_of_value_exp_in_group_by': 0, 'having_type': 'none', 'orderby_type': 'none', 'limit_type': 'without_offset', 'value_exp_types': ['agg_exp', 'agg_exp'], 'distinct_type': 'none', 'min_max_depth_in_subquery': [1, 1]}","SELECT MAX(v.Area_km_2), SUM(v.Population) FROM city AS v WHERE  v.Population > 15 LIMIT 6"
"{'meaningful_joins': 'yes', 'table_exp_type': 'JOIN', 'where_type': {'basic_comparison': '<='}, 'number_of_value_exp_in_group_by': 0, 'having_type': 'none', 'orderby_type': 'none', 'limit_type': 'none', 'value_exp_types': ['count_distinct_exp'], 'distinct_type': 'none', 'min_max_depth_in_subquery': [1, 1]}",SELECT COUNT(DISTINCT Hosts) FROM farm_competition JOIN city ON farm_competition.Host_city_ID = city.City_ID WHERE  City_ID <= 94
"{'meaningful_joins': 'yes', 'table_exp_type': 'JOIN', 'where_type': 'none', 'number_of_value_exp_in_group_by': 0, 'having_type': 'none', 'orderby_type': 'DESC', 'limit_type': 'none', 'value_exp_types': ['single_exp_number', 'single_exp_number'], 'distinct_type': 'none', 'min_max_depth_in_subquery': [1, 1]}","SELECT Sheep_and_Goats, Year FROM competition_record JOIN farm ON competition_record.Farm_ID = farm.Farm_ID ORDER BY Sheep_and_Goats DESC"
"{'meaningful_joins': 'yes', 'table_exp_type': 'single_table_with_name_changing', 'where_type': {'logical_operator': ['OR', 'between', 'basic_comparison']}, 'number_of_value_exp_in_group_by': 0, 'having_type': 'none', 'orderby_type': 'none', 'limit_type': 'none', 'value_exp_types': ['single_exp_text'], 'distinct_type': 'none', 'min_max_depth_in_subquery': [1, 1]}",SELECT y.Theme FROM farm_competition AS y WHERE y.Competition_ID BETWEEN 1 AND 10 OR  y.Year = 29
"{'meaningful_joins': 'yes', 'table_exp_type': 'JOIN_JOIN', 'where_type': {'logical_operator': ['OR', 'basic_comparison', 'comparison_with_subquery']}, 'number_of_value_exp_in_group_by': 0, 'having_type': 'none', 'orderby_type': 'none', 'limit_type': 'none', 'value_exp_types': ['agg_exp'], 'distinct_type': 'none', 'min_max_depth_in_subquery': [1, 1]}",SELECT MAX(competition_record.Competition_ID) FROM farm_competition JOIN city JOIN competition_record ON farm_competition.Host_city_ID = city.City_ID AND farm_competition.Competition_ID = competition_record.Competition_ID WHERE  City_ID > 62 OR Status < (SELECT MAX(Status) FROM city WHERE  Population != 67 LIMIT 4)
"{'meaningful_joins': 'yes', 'table_exp_type': 'JOIN_JOIN', 'where_type': 'none', 'number_of_value_exp_in_group_by': 0, 'having_type': 'none', 'orderby_type': 'ASC', 'limit_type': 'without_offset', 'value_exp_types': ['single_exp_number', 'single_exp_number'], 'distinct_type': 'none', 'min_max_depth_in_subquery': [1, 1]}","SELECT Rank, City_ID FROM farm_competition JOIN city JOIN competition_record ON farm_competition.Host_city_ID = city.City_ID AND farm_competition.Competition_ID = competition_record.Competition_ID ORDER BY City_ID ASC LIMIT 3"
"{'meaningful_joins': 'yes', 'table_exp_type': 'JOIN_JOIN_JOIN', 'where_type': 'not_exists_subquery', 'number_of_value_exp_in_group_by': 0, 'having_type': 'none', 'orderby_type': 'none', 'limit_type': 'none', 'value_exp_types': ['count_distinct_exp', 'single_exp_number'], 'distinct_type': 'none', 'min_max_depth_in_subquery': [1, 1]}","SELECT COUNT(DISTINCT farm_competition.Year), Sheep_and_Goats FROM farm_competition JOIN city JOIN competition_record JOIN farm ON farm_competition.Host_city_ID = city.City_ID AND farm_competition.Competition_ID = competition_record.Competition_ID AND competition_record.Farm_ID = farm.Farm_ID WHERE EXISTS (SELECT * FROM farm_competition AS y WHERE  y.Competition_ID >= 40 AND city.City_ID = y.Host_city_ID LIMIT 5)"
"{'meaningful_joins': 'yes', 'table_exp_type': 'JOIN', 'where_type': {'basic_comparison': '>'}, 'number_of_value_exp_in_group_by': 0, 'having_type': 'none', 'orderby_type': 'DESC', 'limit_type': 'none', 'value_exp_types': ['single_exp_number'], 'distinct_type': 'none', 'min_max_depth_in_subquery': [1, 1]}",SELECT Pigs FROM competition_record JOIN farm ON competition_record.Farm_ID = farm.Farm_ID WHERE  Sheep_and_Goats > 17 ORDER BY Pigs DESC
"{'meaningful_joins': 'yes', 'table_exp_type': 'single_table_with_name_changing', 'where_type': {'basic_comparison': '!='}, 'number_of_value_exp_in_group_by': 0, 'having_type': 'none', 'orderby_type': 'none', 'limit_type': 'none', 'value_exp_types': ['single_exp_number', 'single_exp_number'], 'distinct_type': 'none', 'min_max_depth_in_subquery': [1, 1]}","SELECT t.Total_Horses, t.Total_Horses FROM farm AS t WHERE  t.Farm_ID != 95"
"{'meaningful_joins': 'yes', 'table_exp_type': 'JOIN_JOIN', 'where_type': 'exists_subquery', 'number_of_value_exp_in_group_by': 1, 'having_type': 'none', 'orderby_type': 'none', 'limit_type': 'none', 'value_exp_types': ['single_exp_text', 'single_exp_text'], 'distinct_type': 'none', 'min_max_depth_in_subquery': [1, 1]}","SELECT Status, Theme, Census_Ranking FROM farm_competition JOIN city JOIN competition_record ON farm_competition.Host_city_ID = city.City_ID AND farm_competition.Competition_ID = competition_record.Competition_ID WHERE EXISTS (SELECT * FROM farm_competition AS p WHERE city.City_ID = p.Host_city_ID LIMIT 6) GROUP BY Census_Ranking"
