Specification,query
"{'meaningful_joins': 'yes', 'table_exp_type': 'JOIN', 'where_type': {'basic_comparison': '>='}, 'number_of_value_exp_in_group_by': 0, 'having_type': 'none', 'orderby_type': 'none', 'limit_type': 'without_offset', 'value_exp_types': ['single_exp_text'], 'distinct_type': 'none', 'min_max_depth_in_subquery': [1, 1]}",SELECT Type FROM market JOIN film_market_estimation ON film_market_estimation.Market_ID = market.Market_ID WHERE  Year >= 94 LIMIT 9
"{'meaningful_joins': 'yes', 'table_exp_type': 'SELF JOIN', 'where_type': 'in_with_subquery', 'number_of_value_exp_in_group_by': 0, 'having_type': 'none', 'orderby_type': 'none', 'limit_type': 'none', 'value_exp_types': ['single_exp_text'], 'distinct_type': 'none', 'min_max_depth_in_subquery': [1, 1]}",SELECT market.Country FROM market JOIN market AS p ON market.Market_ID = p.Market_ID WHERE Market_ID IN (SELECT Market_ID FROM film_market_estimation AS z)
"{'meaningful_joins': 'yes', 'table_exp_type': 'single_table', 'where_type': 'none', 'number_of_value_exp_in_group_by': 0, 'having_type': 'none', 'orderby_type': 'ASC', 'limit_type': 'without_offset', 'value_exp_types': ['single_exp_number', 'single_exp_number'], 'distinct_type': 'none', 'min_max_depth_in_subquery': [1, 1]}","SELECT Market_ID, Year FROM film_market_estimation ORDER BY Year ASC LIMIT 6"
"{'meaningful_joins': 'yes', 'table_exp_type': 'JOIN_JOIN', 'where_type': {'basic_comparison': '!='}, 'number_of_value_exp_in_group_by': 0, 'having_type': 'none', 'orderby_type': 'none', 'limit_type': 'without_offset', 'value_exp_types': ['count_distinct_exp'], 'distinct_type': 'none', 'min_max_depth_in_subquery': [1, 1]}",SELECT COUNT(DISTINCT High_Estimate) FROM market JOIN film_market_estimation JOIN film ON film_market_estimation.Market_ID = market.Market_ID AND film.Film_ID = film_market_estimation.Film_ID WHERE  Year != 80 LIMIT 8
"{'meaningful_joins': 'yes', 'table_exp_type': 'single_table', 'where_type': {'logical_operator': ['OR', 'between', 'basic_comparison']}, 'number_of_value_exp_in_group_by': 0, 'having_type': 'none', 'orderby_type': 'none', 'limit_type': 'none', 'value_exp_types': ['single_exp_number', 'single_exp_text'], 'distinct_type': 'none', 'min_max_depth_in_subquery': [1, 1]}","SELECT Number_cities, Country FROM market WHERE Market_ID BETWEEN 1 AND 10 OR  Number_cities > 33"
"{'meaningful_joins': 'yes', 'table_exp_type': 'single_table', 'where_type': {'basic_comparison': '='}, 'number_of_value_exp_in_group_by': 0, 'having_type': 'none', 'orderby_type': 'none', 'limit_type': 'none', 'value_exp_types': ['count_distinct_exp'], 'distinct_type': 'none', 'min_max_depth_in_subquery': [1, 1]}",SELECT COUNT(DISTINCT High_Estimate) FROM film_market_estimation WHERE  Year = 60
"{'meaningful_joins': 'yes', 'table_exp_type': 'JOIN', 'where_type': {'basic_comparison': '>='}, 'number_of_value_exp_in_group_by': 0, 'having_type': 'none', 'orderby_type': 'DESC', 'limit_type': 'none', 'value_exp_types': ['single_exp_number'], 'distinct_type': 'none', 'min_max_depth_in_subquery': [1, 1]}",SELECT Film_ID FROM market JOIN film_market_estimation ON film_market_estimation.Market_ID = market.Market_ID WHERE  film_market_estimation.Market_ID >= 85 ORDER BY Film_ID DESC
"{'meaningful_joins': 'yes', 'table_exp_type': 'single_table', 'where_type': {'basic_comparison': '!='}, 'number_of_value_exp_in_group_by': 1, 'having_type': {'single': 'AVG'}, 'orderby_type': 'none', 'limit_type': 'none', 'value_exp_types': ['agg_exp', 'single_exp_text'], 'distinct_type': 'none', 'min_max_depth_in_subquery': [1, 1]}","SELECT AVG(Market_ID), Type, High_Estimate FROM film_market_estimation WHERE  Market_ID != 83 GROUP BY High_Estimate HAVING AVG(High_Estimate) <= 95"
"{'meaningful_joins': 'yes', 'table_exp_type': 'SELF JOIN', 'where_type': 'in_with_subquery', 'number_of_value_exp_in_group_by': 1, 'having_type': {'single': 'AVG'}, 'orderby_type': 'none', 'limit_type': 'none', 'value_exp_types': ['count_distinct_exp', 'single_exp_text'], 'distinct_type': 'none', 'min_max_depth_in_subquery': [1, 1]}","SELECT COUNT(DISTINCT film.Director), f.Studio, film.Director FROM film AS f JOIN film ON film.Film_ID = f.Film_ID WHERE Title IN (SELECT Title FROM film AS b WHERE  b.Film_ID != 96) GROUP BY film.Director HAVING AVG(film.Gross_in_dollar) = 27"
"{'meaningful_joins': 'yes', 'table_exp_type': 'SELF JOIN', 'where_type': {'logical_operator': ['AND', 'basic_comparison', 'not_in_with_subquery']}, 'number_of_value_exp_in_group_by': 0, 'having_type': 'none', 'orderby_type': 'DESC', 'limit_type': 'none', 'value_exp_types': ['single_exp_number', 'single_exp_number'], 'distinct_type': 'none', 'min_max_depth_in_subquery': [1, 1]}","SELECT a.Number_cities, market.Market_ID FROM market JOIN market AS a ON market.Market_ID = a.Market_ID WHERE  market.Number_cities > 53 AND Number_cities NOT IN (SELECT Number_cities FROM market AS g WHERE  g.Number_cities < 33) ORDER BY a.Number_cities DESC"
"{'meaningful_joins': 'yes', 'table_exp_type': 'single_table_with_name_changing', 'where_type': {'logical_operator': ['OR', 'between', 'in_with_subquery']}, 'number_of_value_exp_in_group_by': 0, 'having_type': 'none', 'orderby_type': 'none', 'limit_type': 'none', 'value_exp_types': ['count_distinct_exp'], 'distinct_type': 'none', 'min_max_depth_in_subquery': [1, 1]}",SELECT COUNT(DISTINCT s.Director) FROM film AS s WHERE s.Film_ID BETWEEN 1 AND 10 OR Film_ID IN (SELECT Film_ID FROM film_market_estimation AS g)
"{'meaningful_joins': 'yes', 'table_exp_type': 'single_table', 'where_type': {'logical_operator': ['OR', 'between', 'not_exists_subquery']}, 'number_of_value_exp_in_group_by': 0, 'having_type': 'none', 'orderby_type': 'ASC', 'limit_type': 'without_offset', 'value_exp_types': ['agg_exp', 'single_exp_text', 'single_exp_text'], 'distinct_type': 'none', 'min_max_depth_in_subquery': [1, 1]}","SELECT MIN(Market_ID), Country, Country FROM market WHERE Market_ID BETWEEN 1 AND 10 OR EXISTS (SELECT * FROM film_market_estimation WHERE  Low_Estimate >= 83 AND market.Market_ID = Market_ID) ORDER BY Country ASC LIMIT 1"
"{'meaningful_joins': 'yes', 'table_exp_type': 'JOIN', 'where_type': {'logical_operator': ['AND', 'basic_comparison', 'not_in_with_subquery']}, 'number_of_value_exp_in_group_by': 1, 'having_type': 'none', 'orderby_type': 'ASC', 'limit_type': 'without_offset', 'value_exp_types': ['single_exp_number', 'single_exp_number', 'single_exp_text'], 'distinct_type': 'none', 'min_max_depth_in_subquery': [1, 1]}","SELECT film.Film_ID, Market_ID, Studio, film_market_estimation.Film_ID FROM film_market_estimation JOIN film ON film.Film_ID = film_market_estimation.Film_ID WHERE  Gross_in_dollar > 55 AND Film_ID NOT IN (SELECT Film_ID FROM film AS o) GROUP BY film_market_estimation.Film_ID ORDER BY Market_ID ASC LIMIT 1"
"{'meaningful_joins': 'yes', 'table_exp_type': 'JOIN', 'where_type': {'logical_operator': ['OR', 'basic_comparison', 'exists_subquery']}, 'number_of_value_exp_in_group_by': 0, 'having_type': 'none', 'orderby_type': 'none', 'limit_type': 'none', 'value_exp_types': ['single_exp_text', 'single_exp_text'], 'distinct_type': 'none', 'min_max_depth_in_subquery': [1, 1]}","SELECT Studio, Type FROM film_market_estimation JOIN film ON film.Film_ID = film_market_estimation.Film_ID WHERE  film_market_estimation.Film_ID != 84 OR EXISTS (SELECT * FROM market AS p WHERE  p.Market_ID = 48 AND film_market_estimation.Estimation_ID = p.Market_ID LIMIT 1)"
"{'meaningful_joins': 'yes', 'table_exp_type': 'JOIN', 'where_type': {'logical_operator': ['AND', 'between', 'basic_comparison']}, 'number_of_value_exp_in_group_by': 0, 'having_type': 'none', 'orderby_type': 'none', 'limit_type': 'without_offset', 'value_exp_types': ['single_exp_text'], 'distinct_type': 'none', 'min_max_depth_in_subquery': [1, 1]}",SELECT Type FROM film_market_estimation JOIN film ON film.Film_ID = film_market_estimation.Film_ID WHERE Year BETWEEN 1 AND 10 AND  High_Estimate <= 90 LIMIT 5
"{'meaningful_joins': 'yes', 'table_exp_type': 'JOIN', 'where_type': {'logical_operator': ['AND', 'between', 'basic_comparison']}, 'number_of_value_exp_in_group_by': 0, 'having_type': 'none', 'orderby_type': 'none', 'limit_type': 'without_offset', 'value_exp_types': ['single_exp_number'], 'distinct_type': 'none', 'min_max_depth_in_subquery': [1, 1]}",SELECT Low_Estimate FROM film_market_estimation JOIN film ON film.Film_ID = film_market_estimation.Film_ID WHERE Year BETWEEN 1 AND 10 AND  Market_ID <= 40 LIMIT 1
"{'meaningful_joins': 'yes', 'table_exp_type': 'single_table_with_name_changing', 'where_type': {'logical_operator': ['OR', 'between', 'basic_comparison']}, 'number_of_value_exp_in_group_by': 1, 'having_type': {'single': 'SUM'}, 'orderby_type': 'DESC', 'limit_type': 'none', 'value_exp_types': ['agg_exp'], 'distinct_type': 'none', 'min_max_depth_in_subquery': [1, 1]}","SELECT MAX(q.Market_ID), q.Year FROM film_market_estimation AS q WHERE q.Film_ID BETWEEN 1 AND 10 OR  q.Year = 41 GROUP BY q.Year HAVING SUM(q.Year) <= 11 ORDER BY q.Year DESC"
"{'meaningful_joins': 'yes', 'table_exp_type': 'single_table', 'where_type': {'basic_comparison': '<='}, 'number_of_value_exp_in_group_by': 0, 'having_type': 'none', 'orderby_type': 'none', 'limit_type': 'without_offset', 'value_exp_types': ['agg_exp', 'single_exp_text'], 'distinct_type': 'none', 'min_max_depth_in_subquery': [1, 1]}","SELECT COUNT(Number_cities), Country FROM market WHERE  Market_ID <= 30 LIMIT 5"
"{'meaningful_joins': 'yes', 'table_exp_type': 'JOIN', 'where_type': 'none', 'number_of_value_exp_in_group_by': 0, 'having_type': 'none', 'orderby_type': 'ASC', 'limit_type': 'none', 'value_exp_types': ['single_exp_number'], 'distinct_type': 'none', 'min_max_depth_in_subquery': [1, 1]}",SELECT Estimation_ID FROM market JOIN film_market_estimation ON film_market_estimation.Market_ID = market.Market_ID ORDER BY Estimation_ID ASC
"{'meaningful_joins': 'yes', 'table_exp_type': 'JOIN_JOIN', 'where_type': 'in_with_subquery', 'number_of_value_exp_in_group_by': 0, 'having_type': 'none', 'orderby_type': 'none', 'limit_type': 'none', 'value_exp_types': ['count_distinct_exp', 'single_exp_number', 'single_exp_text'], 'distinct_type': 'none', 'min_max_depth_in_subquery': [1, 1]}","SELECT COUNT(DISTINCT film_market_estimation.Film_ID), Gross_in_dollar, Title FROM market JOIN film_market_estimation JOIN film ON film_market_estimation.Market_ID = market.Market_ID AND film.Film_ID = film_market_estimation.Film_ID WHERE Type IN (SELECT Type FROM film_market_estimation WHERE  High_Estimate = 52)"
"{'meaningful_joins': 'yes', 'table_exp_type': 'JOIN', 'where_type': {'basic_comparison': '<='}, 'number_of_value_exp_in_group_by': 1, 'having_type': {'single': 'AVG'}, 'orderby_type': 'ASC', 'limit_type': 'none', 'value_exp_types': ['single_exp_text'], 'distinct_type': 'none', 'min_max_depth_in_subquery': [1, 1]}",SELECT Title FROM film_market_estimation JOIN film ON film.Film_ID = film_market_estimation.Film_ID WHERE  Gross_in_dollar <= 60 GROUP BY Title HAVING AVG(Gross_in_dollar) < 16 ORDER BY Title ASC
"{'meaningful_joins': 'yes', 'table_exp_type': 'JOIN_JOIN', 'where_type': {'logical_operator': ['AND', 'between', 'comparison_with_subquery']}, 'number_of_value_exp_in_group_by': 0, 'having_type': 'none', 'orderby_type': 'none', 'limit_type': 'none', 'value_exp_types': ['agg_exp'], 'distinct_type': 'none', 'min_max_depth_in_subquery': [1, 1]}",SELECT SUM(market.Market_ID) FROM market JOIN film_market_estimation JOIN film ON film_market_estimation.Market_ID = market.Market_ID AND film.Film_ID = film_market_estimation.Film_ID WHERE High_Estimate BETWEEN 1 AND 10 AND Director < (SELECT MIN(Director) FROM film AS c WHERE  c.Gross_in_dollar <= 63 LIMIT 9)
"{'meaningful_joins': 'yes', 'table_exp_type': 'JOIN_JOIN', 'where_type': {'basic_comparison': '='}, 'number_of_value_exp_in_group_by': 0, 'having_type': 'none', 'orderby_type': 'DESC', 'limit_type': 'without_offset', 'value_exp_types': ['single_exp_number'], 'distinct_type': 'none', 'min_max_depth_in_subquery': [1, 1]}",SELECT film_market_estimation.Film_ID FROM market JOIN film_market_estimation JOIN film ON film_market_estimation.Market_ID = market.Market_ID AND film.Film_ID = film_market_estimation.Film_ID WHERE  Gross_in_dollar = 48 ORDER BY film_market_estimation.Film_ID DESC LIMIT 4
"{'meaningful_joins': 'yes', 'table_exp_type': 'JOIN_JOIN', 'where_type': {'basic_comparison': '='}, 'number_of_value_exp_in_group_by': 0, 'having_type': 'none', 'orderby_type': 'none', 'limit_type': 'none', 'value_exp_types': ['single_exp_text'], 'distinct_type': 'none', 'min_max_depth_in_subquery': [1, 1]}",SELECT Type FROM market JOIN film_market_estimation JOIN film ON film_market_estimation.Market_ID = market.Market_ID AND film.Film_ID = film_market_estimation.Film_ID WHERE  Year = 15
"{'meaningful_joins': 'yes', 'table_exp_type': 'JOIN', 'where_type': 'none', 'number_of_value_exp_in_group_by': 0, 'having_type': 'none', 'orderby_type': 'DESC', 'limit_type': 'none', 'value_exp_types': ['single_exp_text', 'single_exp_text', 'single_exp_text'], 'distinct_type': 'none', 'min_max_depth_in_subquery': [1, 1]}","SELECT Type, Country, Country FROM market JOIN film_market_estimation ON film_market_estimation.Market_ID = market.Market_ID ORDER BY Country DESC"
"{'meaningful_joins': 'yes', 'table_exp_type': 'single_table_with_name_changing', 'where_type': {'basic_comparison': '<='}, 'number_of_value_exp_in_group_by': 0, 'having_type': 'none', 'orderby_type': 'ASC', 'limit_type': 'without_offset', 'value_exp_types': ['agg_exp', 'single_exp_text'], 'distinct_type': 'none', 'min_max_depth_in_subquery': [1, 1]}","SELECT AVG(p.Low_Estimate), p.Type FROM film_market_estimation AS p WHERE  p.Market_ID <= 3 ORDER BY p.Type ASC LIMIT 1"
"{'meaningful_joins': 'yes', 'table_exp_type': 'single_table_with_name_changing', 'where_type': {'basic_comparison': '<='}, 'number_of_value_exp_in_group_by': 1, 'having_type': {'single': 'SUM'}, 'orderby_type': 'none', 'limit_type': 'none', 'value_exp_types': ['single_exp_text', 'single_exp_text'], 'distinct_type': 'none', 'min_max_depth_in_subquery': [1, 1]}","SELECT s.Director, s.Studio, s.Title FROM film AS s WHERE  s.Gross_in_dollar <= 0 GROUP BY s.Title HAVING SUM(s.Film_ID) > 1"
"{'meaningful_joins': 'yes', 'table_exp_type': 'JOIN', 'where_type': 'comparison_with_subquery', 'number_of_value_exp_in_group_by': 0, 'having_type': 'none', 'orderby_type': 'none', 'limit_type': 'none', 'value_exp_types': ['agg_exp', 'single_exp_text'], 'distinct_type': 'none', 'min_max_depth_in_subquery': [1, 1]}","SELECT COUNT(Year), Country FROM market JOIN film_market_estimation ON film_market_estimation.Market_ID = market.Market_ID WHERE Year != (SELECT AVG(Year) FROM film_market_estimation AS h)"
"{'meaningful_joins': 'yes', 'table_exp_type': 'SELF JOIN', 'where_type': {'basic_comparison': '<'}, 'number_of_value_exp_in_group_by': 0, 'having_type': 'none', 'orderby_type': 'ASC', 'limit_type': 'none', 'value_exp_types': ['single_exp_text'], 'distinct_type': 'none', 'min_max_depth_in_subquery': [1, 1]}",SELECT film_market_estimation.Type FROM film_market_estimation AS h JOIN film_market_estimation ON film_market_estimation.Estimation_ID = h.Estimation_ID WHERE  film_market_estimation.High_Estimate < 59 ORDER BY film_market_estimation.Type ASC
"{'meaningful_joins': 'yes', 'table_exp_type': 'JOIN_JOIN', 'where_type': {'basic_comparison': '='}, 'number_of_value_exp_in_group_by': 0, 'having_type': 'none', 'orderby_type': 'none', 'limit_type': 'none', 'value_exp_types': ['single_exp_number'], 'distinct_type': 'none', 'min_max_depth_in_subquery': [1, 1]}",SELECT film_market_estimation.Market_ID FROM market JOIN film_market_estimation JOIN film ON film_market_estimation.Market_ID = market.Market_ID AND film.Film_ID = film_market_estimation.Film_ID WHERE  Gross_in_dollar = 44
"{'meaningful_joins': 'yes', 'table_exp_type': 'single_table_with_name_changing', 'where_type': {'logical_operator': ['OR', 'basic_comparison', 'not_in_with_subquery']}, 'number_of_value_exp_in_group_by': 1, 'having_type': {'single': 'MIN'}, 'orderby_type': 'none', 'limit_type': 'without_offset', 'value_exp_types': ['agg_exp', 'single_exp_text'], 'distinct_type': 'none', 'min_max_depth_in_subquery': [1, 1]}","SELECT MIN(l.Film_ID), l.Director, l.Title FROM film AS l WHERE  l.Film_ID < 20 OR Director NOT IN (SELECT Director FROM film WHERE  Gross_in_dollar = 13) GROUP BY l.Title HAVING MIN(l.Film_ID) >= 14 LIMIT 1"
"{'meaningful_joins': 'yes', 'table_exp_type': 'single_table', 'where_type': {'basic_comparison': '<'}, 'number_of_value_exp_in_group_by': 0, 'having_type': 'none', 'orderby_type': 'ASC', 'limit_type': 'none', 'value_exp_types': ['single_exp_number', 'single_exp_number'], 'distinct_type': 'none', 'min_max_depth_in_subquery': [1, 1]}","SELECT Film_ID, Gross_in_dollar FROM film WHERE  Gross_in_dollar < 96 ORDER BY Gross_in_dollar ASC"
"{'meaningful_joins': 'yes', 'table_exp_type': 'single_table_with_name_changing', 'where_type': {'logical_operator': ['AND', 'between', 'comparison_with_subquery']}, 'number_of_value_exp_in_group_by': 0, 'having_type': 'none', 'orderby_type': 'DESC', 'limit_type': 'none', 'value_exp_types': ['single_exp_text'], 'distinct_type': 'none', 'min_max_depth_in_subquery': [1, 1]}",SELECT h.Type FROM film_market_estimation AS h WHERE h.Year BETWEEN 1 AND 10 AND Low_Estimate <= (SELECT AVG(Low_Estimate) FROM film_market_estimation WHERE  Film_ID = 28) ORDER BY h.Type DESC
"{'meaningful_joins': 'yes', 'table_exp_type': 'single_table', 'where_type': {'basic_comparison': '>'}, 'number_of_value_exp_in_group_by': 0, 'having_type': 'none', 'orderby_type': 'DESC', 'limit_type': 'none', 'value_exp_types': ['single_exp_number', 'single_exp_text'], 'distinct_type': 'none', 'min_max_depth_in_subquery': [1, 1]}","SELECT Market_ID, Type FROM film_market_estimation WHERE  Year > 33 ORDER BY Market_ID DESC"
"{'meaningful_joins': 'yes', 'table_exp_type': 'JOIN_JOIN', 'where_type': 'between', 'number_of_value_exp_in_group_by': 0, 'having_type': 'none', 'orderby_type': 'DESC', 'limit_type': 'without_offset', 'value_exp_types': ['single_exp_text'], 'distinct_type': 'none', 'min_max_depth_in_subquery': [1, 1]}",SELECT Title FROM market JOIN film_market_estimation JOIN film ON film_market_estimation.Market_ID = market.Market_ID AND film.Film_ID = film_market_estimation.Film_ID WHERE Gross_in_dollar BETWEEN 1 AND 10 ORDER BY Title DESC LIMIT 7
"{'meaningful_joins': 'yes', 'table_exp_type': 'single_table_with_name_changing', 'where_type': {'basic_comparison': '>='}, 'number_of_value_exp_in_group_by': 0, 'having_type': 'none', 'orderby_type': 'ASC', 'limit_type': 'none', 'value_exp_types': ['single_exp_number'], 'distinct_type': 'none', 'min_max_depth_in_subquery': [1, 1]}",SELECT g.Number_cities FROM market AS g WHERE  g.Market_ID >= 1 ORDER BY g.Number_cities ASC
"{'meaningful_joins': 'yes', 'table_exp_type': 'JOIN', 'where_type': {'basic_comparison': '>'}, 'number_of_value_exp_in_group_by': 0, 'having_type': 'none', 'orderby_type': 'none', 'limit_type': 'none', 'value_exp_types': ['agg_exp', 'count_distinct_exp'], 'distinct_type': 'none', 'min_max_depth_in_subquery': [1, 1]}","SELECT MIN(Film_ID), COUNT(DISTINCT Estimation_ID) FROM market JOIN film_market_estimation ON film_market_estimation.Market_ID = market.Market_ID WHERE  Year > 58"
