Specification,query
"{'meaningful_joins': 'yes', 'table_exp_type': 'JOIN_JOIN', 'where_type': {'basic_comparison': '='}, 'number_of_value_exp_in_group_by': 1, 'having_type': 'none', 'orderby_type': 'none', 'limit_type': 'none', 'value_exp_types': ['single_exp_number'], 'distinct_type': 'none', 'min_max_depth_in_subquery': [1, 1]}","SELECT Profits_billion, Vice_Manager_Name FROM company JOIN station_company JOIN gas_station ON station_company.Company_ID = company.Company_ID AND gas_station.Station_ID = station_company.Station_ID WHERE  Open_Year = 99 GROUP BY Vice_Manager_Name"
"{'meaningful_joins': 'yes', 'table_exp_type': 'JOIN_JOIN', 'where_type': {'basic_comparison': '<='}, 'number_of_value_exp_in_group_by': 1, 'having_type': 'none', 'orderby_type': 'DESC', 'limit_type': 'without_offset', 'value_exp_types': ['count_distinct_exp', 'single_exp_text'], 'distinct_type': 'none', 'min_max_depth_in_subquery': [1, 1]}","SELECT COUNT(DISTINCT Rank_of_the_Year), Manager_Name, Main_Industry FROM company JOIN station_company JOIN gas_station ON station_company.Company_ID = company.Company_ID AND gas_station.Station_ID = station_company.Station_ID WHERE  Rank <= 47 GROUP BY Main_Industry ORDER BY Manager_Name DESC LIMIT 8"
"{'meaningful_joins': 'yes', 'table_exp_type': 'JOIN', 'where_type': 'comparison_with_subquery', 'number_of_value_exp_in_group_by': 1, 'having_type': {'single': 'AVG'}, 'orderby_type': 'none', 'limit_type': 'none', 'value_exp_types': ['agg_exp'], 'distinct_type': 'none', 'min_max_depth_in_subquery': [1, 1]}","SELECT AVG(Company_ID), Representative_Name FROM gas_station JOIN station_company ON gas_station.Station_ID = station_company.Station_ID WHERE Rank_of_the_Year != (SELECT AVG(Rank_of_the_Year) FROM station_company AS d WHERE d.Station_ID BETWEEN 1 AND 10 LIMIT 10) GROUP BY Representative_Name HAVING AVG(gas_station.Station_ID) > 25"
"{'meaningful_joins': 'yes', 'table_exp_type': 'JOIN', 'where_type': {'basic_comparison': '<'}, 'number_of_value_exp_in_group_by': 0, 'having_type': 'none', 'orderby_type': 'ASC', 'limit_type': 'none', 'value_exp_types': ['single_exp_number', 'single_exp_text'], 'distinct_type': 'none', 'min_max_depth_in_subquery': [1, 1]}","SELECT Open_Year, Representative_Name FROM gas_station JOIN station_company ON gas_station.Station_ID = station_company.Station_ID WHERE  gas_station.Station_ID < 97 ORDER BY Representative_Name ASC"
"{'meaningful_joins': 'yes', 'table_exp_type': 'single_table', 'where_type': {'basic_comparison': '>'}, 'number_of_value_exp_in_group_by': 0, 'having_type': 'none', 'orderby_type': 'none', 'limit_type': 'none', 'value_exp_types': ['agg_exp', 'agg_exp', 'agg_exp'], 'distinct_type': 'none', 'min_max_depth_in_subquery': [1, 1]}","SELECT COUNT(Rank), MIN(Company_ID), SUM(Profits_billion) FROM company WHERE  Assets_billion > 89"
"{'meaningful_joins': 'yes', 'table_exp_type': 'single_table', 'where_type': {'logical_operator': ['OR', 'between', 'not_in_with_subquery']}, 'number_of_value_exp_in_group_by': 0, 'having_type': 'none', 'orderby_type': 'none', 'limit_type': 'none', 'value_exp_types': ['single_exp_text', 'single_exp_text'], 'distinct_type': 'none', 'min_max_depth_in_subquery': [1, 1]}","SELECT Company, Main_Industry FROM company WHERE Company_ID BETWEEN 1 AND 10 OR Company_ID NOT IN (SELECT Company_ID FROM company WHERE Market_Value BETWEEN 1 AND 10)"
"{'meaningful_joins': 'yes', 'table_exp_type': 'SELF JOIN', 'where_type': {'logical_operator': ['AND', 'basic_comparison', 'in_with_subquery']}, 'number_of_value_exp_in_group_by': 0, 'having_type': 'none', 'orderby_type': 'none', 'limit_type': 'without_offset', 'value_exp_types': ['agg_exp', 'single_exp_text'], 'distinct_type': 'none', 'min_max_depth_in_subquery': [1, 1]}","SELECT MIN(gas_station.Station_ID), t.Representative_Name FROM gas_station JOIN gas_station AS t ON gas_station.Station_ID = t.Station_ID WHERE  t.Station_ID != 100 AND Representative_Name IN (SELECT Representative_Name FROM gas_station AS l WHERE l.Station_ID BETWEEN 1 AND 10) LIMIT 9"
"{'meaningful_joins': 'yes', 'table_exp_type': 'JOIN_JOIN', 'where_type': {'logical_operator': ['OR', 'between', 'not_in_with_subquery']}, 'number_of_value_exp_in_group_by': 0, 'having_type': 'none', 'orderby_type': 'ASC', 'limit_type': 'without_offset', 'value_exp_types': ['agg_exp', 'single_exp_number'], 'distinct_type': 'none', 'min_max_depth_in_subquery': [1, 1]}","SELECT AVG(Assets_billion), station_company.Company_ID FROM company JOIN station_company JOIN gas_station ON station_company.Company_ID = company.Company_ID AND gas_station.Station_ID = station_company.Station_ID WHERE Open_Year BETWEEN 1 AND 10 OR Market_Value NOT IN (SELECT Market_Value FROM company WHERE  Rank < 51) ORDER BY station_company.Company_ID ASC LIMIT 9"
"{'meaningful_joins': 'yes', 'table_exp_type': 'JOIN', 'where_type': {'logical_operator': ['AND', 'between', 'not_exists_subquery']}, 'number_of_value_exp_in_group_by': 1, 'having_type': {'single': 'MIN'}, 'orderby_type': 'none', 'limit_type': 'none', 'value_exp_types': ['agg_exp'], 'distinct_type': 'none', 'min_max_depth_in_subquery': [1, 1]}","SELECT SUM(station_company.Station_ID), Vice_Manager_Name FROM gas_station JOIN station_company ON gas_station.Station_ID = station_company.Station_ID WHERE Open_Year BETWEEN 1 AND 10 AND EXISTS (SELECT * FROM gas_station AS x WHERE x.Station_ID BETWEEN 1 AND 10 AND station_company.Station_ID = x.Station_ID) GROUP BY Vice_Manager_Name HAVING MIN(gas_station.Station_ID) >= 27"
"{'meaningful_joins': 'yes', 'table_exp_type': 'single_table_with_name_changing', 'where_type': {'logical_operator': ['OR', 'between', 'basic_comparison']}, 'number_of_value_exp_in_group_by': 1, 'having_type': {'single': 'COUNT'}, 'orderby_type': 'none', 'limit_type': 'none', 'value_exp_types': ['single_exp_number'], 'distinct_type': 'none', 'min_max_depth_in_subquery': [1, 1]}","SELECT d.Station_ID, d.Company_ID FROM station_company AS d WHERE d.Rank_of_the_Year BETWEEN 1 AND 10 OR  d.Rank_of_the_Year <= 65 GROUP BY d.Company_ID HAVING COUNT(d.Rank_of_the_Year) < 53"
"{'meaningful_joins': 'yes', 'table_exp_type': 'single_table', 'where_type': {'basic_comparison': '>'}, 'number_of_value_exp_in_group_by': 1, 'having_type': 'none', 'orderby_type': 'ASC', 'limit_type': 'none', 'value_exp_types': ['count_distinct_exp'], 'distinct_type': 'none', 'min_max_depth_in_subquery': [1, 1]}","SELECT COUNT(DISTINCT Rank_of_the_Year), Company_ID FROM station_company WHERE  Company_ID > 61 GROUP BY Company_ID ORDER BY Company_ID ASC"
"{'meaningful_joins': 'yes', 'table_exp_type': 'single_table', 'where_type': {'basic_comparison': '<'}, 'number_of_value_exp_in_group_by': 0, 'having_type': 'none', 'orderby_type': 'ASC', 'limit_type': 'none', 'value_exp_types': ['single_exp_number', 'single_exp_number', 'single_exp_number'], 'distinct_type': 'none', 'min_max_depth_in_subquery': [1, 1]}","SELECT Rank_of_the_Year, Company_ID, Station_ID FROM station_company WHERE  Station_ID < 6 ORDER BY Station_ID ASC"
"{'meaningful_joins': 'yes', 'table_exp_type': 'single_table', 'where_type': {'basic_comparison': '>='}, 'number_of_value_exp_in_group_by': 1, 'having_type': {'single': 'MAX'}, 'orderby_type': 'ASC', 'limit_type': 'none', 'value_exp_types': ['agg_exp', 'single_exp_number', 'single_exp_number'], 'distinct_type': 'none', 'min_max_depth_in_subquery': [1, 1]}","SELECT SUM(Station_ID), Station_ID, Company_ID, Rank_of_the_Year FROM station_company WHERE  Station_ID >= 68 GROUP BY Rank_of_the_Year HAVING MAX(Company_ID) > 14 ORDER BY Station_ID ASC"
"{'meaningful_joins': 'yes', 'table_exp_type': 'SELF JOIN', 'where_type': {'logical_operator': ['OR', 'between', 'not_in_with_subquery']}, 'number_of_value_exp_in_group_by': 0, 'having_type': 'none', 'orderby_type': 'none', 'limit_type': 'none', 'value_exp_types': ['single_exp_number', 'single_exp_number'], 'distinct_type': 'none', 'min_max_depth_in_subquery': [1, 1]}","SELECT station_company.Station_ID, n.Station_ID FROM station_company AS n JOIN station_company ON station_company.Station_ID = n.Station_ID WHERE station_company.Rank_of_the_Year BETWEEN 1 AND 10 OR Station_ID NOT IN (SELECT Station_ID FROM gas_station)"
"{'meaningful_joins': 'yes', 'table_exp_type': 'JOIN', 'where_type': {'basic_comparison': '>='}, 'number_of_value_exp_in_group_by': 0, 'having_type': 'none', 'orderby_type': 'none', 'limit_type': 'none', 'value_exp_types': ['single_exp_text'], 'distinct_type': 'none', 'min_max_depth_in_subquery': [1, 1]}",SELECT Manager_Name FROM gas_station JOIN station_company ON gas_station.Station_ID = station_company.Station_ID WHERE  Open_Year >= 79
"{'meaningful_joins': 'yes', 'table_exp_type': 'single_table_with_name_changing', 'where_type': {'basic_comparison': '<='}, 'number_of_value_exp_in_group_by': 1, 'having_type': 'none', 'orderby_type': 'DESC', 'limit_type': 'none', 'value_exp_types': ['agg_exp', 'single_exp_number'], 'distinct_type': 'none', 'min_max_depth_in_subquery': [1, 1]}","SELECT SUM(e.Open_Year), e.Station_ID, e.Manager_Name FROM gas_station AS e WHERE  e.Station_ID <= 22 GROUP BY e.Manager_Name ORDER BY e.Station_ID DESC"
"{'meaningful_joins': 'yes', 'table_exp_type': 'single_table_with_name_changing', 'where_type': {'basic_comparison': '<'}, 'number_of_value_exp_in_group_by': 0, 'having_type': 'none', 'orderby_type': 'none', 'limit_type': 'none', 'value_exp_types': ['count_distinct_exp', 'count_distinct_exp', 'count_distinct_exp'], 'distinct_type': 'none', 'min_max_depth_in_subquery': [1, 1]}","SELECT COUNT(DISTINCT s.Location), COUNT(DISTINCT s.Open_Year), COUNT(DISTINCT s.Representative_Name) FROM gas_station AS s WHERE  s.Station_ID < 0"
"{'meaningful_joins': 'yes', 'table_exp_type': 'single_table', 'where_type': {'logical_operator': ['OR', 'basic_comparison', 'in_with_subquery']}, 'number_of_value_exp_in_group_by': 0, 'having_type': 'none', 'orderby_type': 'DESC', 'limit_type': 'without_offset', 'value_exp_types': ['single_exp_number'], 'distinct_type': 'none', 'min_max_depth_in_subquery': [1, 1]}",SELECT Company_ID FROM company WHERE  Profits_billion >= 82 OR Company_ID IN (SELECT Company_ID FROM company AS g WHERE  g.Assets_billion < 67) ORDER BY Company_ID DESC LIMIT 9
"{'meaningful_joins': 'yes', 'table_exp_type': 'SELF JOIN', 'where_type': 'none', 'number_of_value_exp_in_group_by': 1, 'having_type': 'none', 'orderby_type': 'none', 'limit_type': 'without_offset', 'value_exp_types': ['agg_exp', 'single_exp_text'], 'distinct_type': 'none', 'min_max_depth_in_subquery': [1, 1]}","SELECT COUNT(u.Market_Value), company.Company, company.Headquarters FROM company AS u JOIN company ON company.Company_ID = u.Company_ID GROUP BY company.Headquarters LIMIT 8"
"{'meaningful_joins': 'yes', 'table_exp_type': 'single_table', 'where_type': {'logical_operator': ['OR', 'between', 'basic_comparison']}, 'number_of_value_exp_in_group_by': 0, 'having_type': 'none', 'orderby_type': 'none', 'limit_type': 'none', 'value_exp_types': ['single_exp_number', 'single_exp_number'], 'distinct_type': 'none', 'min_max_depth_in_subquery': [1, 1]}","SELECT Market_Value, Assets_billion FROM company WHERE Sales_billion BETWEEN 1 AND 10 OR  Sales_billion <= 47"
"{'meaningful_joins': 'yes', 'table_exp_type': 'JOIN', 'where_type': {'basic_comparison': '>'}, 'number_of_value_exp_in_group_by': 0, 'having_type': 'none', 'orderby_type': 'none', 'limit_type': 'without_offset', 'value_exp_types': ['count_distinct_exp'], 'distinct_type': 'none', 'min_max_depth_in_subquery': [1, 1]}",SELECT COUNT(DISTINCT station_company.Station_ID) FROM gas_station JOIN station_company ON gas_station.Station_ID = station_company.Station_ID WHERE  Company_ID > 59 LIMIT 9
"{'meaningful_joins': 'yes', 'table_exp_type': 'single_table_with_name_changing', 'where_type': {'basic_comparison': '<'}, 'number_of_value_exp_in_group_by': 0, 'having_type': 'none', 'orderby_type': 'none', 'limit_type': 'none', 'value_exp_types': ['single_exp_number', 'single_exp_text'], 'distinct_type': 'none', 'min_max_depth_in_subquery': [1, 1]}","SELECT t.Rank, t.Headquarters FROM company AS t WHERE  t.Sales_billion < 76"
"{'meaningful_joins': 'yes', 'table_exp_type': 'single_table', 'where_type': {'logical_operator': ['OR', 'between', 'basic_comparison']}, 'number_of_value_exp_in_group_by': 1, 'having_type': 'none', 'orderby_type': 'DESC', 'limit_type': 'none', 'value_exp_types': ['count_distinct_exp'], 'distinct_type': 'none', 'min_max_depth_in_subquery': [1, 1]}","SELECT COUNT(DISTINCT Manager_Name), Open_Year FROM gas_station WHERE Station_ID BETWEEN 1 AND 10 OR  Station_ID != 90 GROUP BY Open_Year ORDER BY Open_Year DESC"
"{'meaningful_joins': 'yes', 'table_exp_type': 'single_table', 'where_type': {'basic_comparison': '!='}, 'number_of_value_exp_in_group_by': 0, 'having_type': 'none', 'orderby_type': 'none', 'limit_type': 'without_offset', 'value_exp_types': ['count_distinct_exp'], 'distinct_type': 'none', 'min_max_depth_in_subquery': [1, 1]}",SELECT COUNT(DISTINCT Station_ID) FROM station_company WHERE  Company_ID != 34 LIMIT 3
