Specification,query
"{'meaningful_joins': 'yes', 'table_exp_type': 'single_table_with_name_changing', 'where_type': {'basic_comparison': '!='}, 'number_of_value_exp_in_group_by': 0, 'having_type': 'none', 'orderby_type': 'none', 'limit_type': 'none', 'value_exp_types': ['count_distinct_exp', 'count_distinct_exp', 'count_distinct_exp'], 'distinct_type': 'none', 'min_max_depth_in_subquery': [1, 1]}","SELECT COUNT(DISTINCT m.Service_ID), COUNT(DISTINCT m.Service_Details), COUNT(DISTINCT m.Service_Details) FROM Services AS m WHERE  m.Service_ID != 68"
"{'meaningful_joins': 'yes', 'table_exp_type': 'single_table', 'where_type': {'logical_operator': ['OR', 'basic_comparison', 'comparison_with_subquery']}, 'number_of_value_exp_in_group_by': 0, 'having_type': 'none', 'orderby_type': 'none', 'limit_type': 'none', 'value_exp_types': ['single_exp_text'], 'distinct_type': 'none', 'min_max_depth_in_subquery': [1, 1]}",SELECT Service_Details FROM Services WHERE  Service_ID >= 100 OR Service_ID >= (SELECT MIN(Service_ID) FROM Customers_and_Services WHERE  Customer_ID <= 40 LIMIT 3)
"{'meaningful_joins': 'yes', 'table_exp_type': 'SELF JOIN', 'where_type': 'none', 'number_of_value_exp_in_group_by': 1, 'having_type': 'none', 'orderby_type': 'none', 'limit_type': 'without_offset', 'value_exp_types': ['agg_exp', 'agg_exp', 'agg_exp'], 'distinct_type': 'none', 'min_max_depth_in_subquery': [1, 1]}","SELECT SUM(c.Channel_ID), COUNT(c.Channel_ID), MIN(c.Channel_ID), Channels.Channel_Details FROM Channels JOIN Channels AS c ON Channels.Channel_ID = c.Channel_ID GROUP BY Channels.Channel_Details LIMIT 7"
"{'meaningful_joins': 'yes', 'table_exp_type': 'JOIN_JOIN', 'where_type': {'logical_operator': ['OR', 'basic_comparison', 'comparison_with_subquery']}, 'number_of_value_exp_in_group_by': 0, 'having_type': 'none', 'orderby_type': 'DESC', 'limit_type': 'none', 'value_exp_types': ['single_exp_number', 'single_exp_number', 'single_exp_text'], 'distinct_type': 'none', 'min_max_depth_in_subquery': [1, 1]}","SELECT Services.Service_ID, Integration_Platform_ID, Service_Details FROM Customer_Interactions JOIN Integration_Platform JOIN Services ON Customer_Interactions.Service_ID = Services.Service_ID AND Integration_Platform.Customer_Interaction_ID = Customer_Interactions.Customer_Interaction_ID WHERE  Customer_Interactions.Customer_Interaction_ID <= 22 OR Service_ID = (SELECT AVG(Service_ID) FROM Services AS f WHERE f.Service_ID BETWEEN 1 AND 10 LIMIT 3) ORDER BY Services.Service_ID DESC"
"{'meaningful_joins': 'yes', 'table_exp_type': 'single_table_with_name_changing', 'where_type': 'none', 'number_of_value_exp_in_group_by': 0, 'having_type': 'none', 'orderby_type': 'none', 'limit_type': 'without_offset', 'value_exp_types': ['single_exp_number'], 'distinct_type': 'none', 'min_max_depth_in_subquery': [1, 1]}",SELECT w.Customer_ID FROM Customers AS w LIMIT 3
"{'meaningful_joins': 'yes', 'table_exp_type': 'single_table_with_name_changing', 'where_type': {'logical_operator': ['AND', 'basic_comparison', 'not_in_with_subquery']}, 'number_of_value_exp_in_group_by': 1, 'having_type': {'single': 'AVG'}, 'orderby_type': 'DESC', 'limit_type': 'none', 'value_exp_types': ['agg_exp', 'single_exp_text'], 'distinct_type': 'none', 'min_max_depth_in_subquery': [1, 1]}","SELECT AVG(u.Channel_ID), u.Channel_Details FROM Channels AS u WHERE  u.Channel_ID = 22 AND Channel_ID NOT IN (SELECT Channel_ID FROM Customer_Interactions WHERE  Service_ID = 17) GROUP BY u.Channel_Details HAVING AVG(u.Channel_ID) <= 90 ORDER BY u.Channel_Details DESC"
"{'meaningful_joins': 'yes', 'table_exp_type': 'single_table_with_name_changing', 'where_type': {'basic_comparison': '<'}, 'number_of_value_exp_in_group_by': 0, 'having_type': 'none', 'orderby_type': 'DESC', 'limit_type': 'none', 'value_exp_types': ['single_exp_number'], 'distinct_type': 'none', 'min_max_depth_in_subquery': [1, 1]}",SELECT w.Service_ID FROM Services AS w WHERE  w.Service_ID < 89 ORDER BY w.Service_ID DESC
"{'meaningful_joins': 'yes', 'table_exp_type': 'single_table_with_name_changing', 'where_type': {'basic_comparison': '>'}, 'number_of_value_exp_in_group_by': 1, 'having_type': {'single': 'AVG'}, 'orderby_type': 'none', 'limit_type': 'without_offset', 'value_exp_types': ['single_exp_number', 'single_exp_text'], 'distinct_type': 'none', 'min_max_depth_in_subquery': [1, 1]}","SELECT c.Analytical_ID, c.Analytical_Layer_Type_Code FROM Analytical_Layer AS c WHERE  c.Analytical_ID > 17 GROUP BY c.Analytical_Layer_Type_Code HAVING AVG(c.Analytical_ID) = 51 LIMIT 3"
"{'meaningful_joins': 'yes', 'table_exp_type': 'single_table', 'where_type': 'not_exists_subquery', 'number_of_value_exp_in_group_by': 0, 'having_type': 'none', 'orderby_type': 'none', 'limit_type': 'without_offset', 'value_exp_types': ['agg_exp', 'single_exp_number'], 'distinct_type': 'none', 'min_max_depth_in_subquery': [1, 1]}","SELECT COUNT(Service_ID), Service_ID FROM Services WHERE EXISTS (SELECT * FROM Customer_Interactions AS z WHERE z.Customer_ID BETWEEN 1 AND 10 AND Services.Service_ID = z.Service_ID LIMIT 4) LIMIT 2"
"{'meaningful_joins': 'yes', 'table_exp_type': 'JOIN', 'where_type': 'in_with_subquery', 'number_of_value_exp_in_group_by': 0, 'having_type': 'none', 'orderby_type': 'none', 'limit_type': 'without_offset', 'value_exp_types': ['single_exp_number', 'single_exp_number', 'single_exp_number'], 'distinct_type': 'none', 'min_max_depth_in_subquery': [1, 1]}","SELECT Customer_ID, Service_ID, Customer_ID FROM Customer_Interactions JOIN Integration_Platform ON Integration_Platform.Customer_Interaction_ID = Customer_Interactions.Customer_Interaction_ID WHERE Status_Code IN (SELECT Status_Code FROM Customer_Interactions AS w LIMIT 1) LIMIT 5"
"{'meaningful_joins': 'yes', 'table_exp_type': 'single_table_with_name_changing', 'where_type': {'logical_operator': ['AND', 'between', 'basic_comparison']}, 'number_of_value_exp_in_group_by': 0, 'having_type': 'none', 'orderby_type': 'ASC', 'limit_type': 'none', 'value_exp_types': ['single_exp_text'], 'distinct_type': 'none', 'min_max_depth_in_subquery': [1, 1]}",SELECT x.Customers_and_Services_ID FROM Analytical_Layer AS x WHERE x.Analytical_ID BETWEEN 1 AND 10 AND  x.Analytical_ID = 44 ORDER BY x.Customers_and_Services_ID ASC
"{'meaningful_joins': 'yes', 'table_exp_type': 'single_table_with_name_changing', 'where_type': {'basic_comparison': '<='}, 'number_of_value_exp_in_group_by': 1, 'having_type': {'single': 'MIN'}, 'orderby_type': 'none', 'limit_type': 'without_offset', 'value_exp_types': ['agg_exp'], 'distinct_type': 'none', 'min_max_depth_in_subquery': [1, 1]}","SELECT AVG(h.Service_ID), h.Service_Details FROM Services AS h WHERE  h.Service_ID <= 19 GROUP BY h.Service_Details HAVING MIN(h.Service_ID) = 31 LIMIT 8"
"{'meaningful_joins': 'yes', 'table_exp_type': 'single_table_with_name_changing', 'where_type': {'logical_operator': ['OR', 'between', 'basic_comparison']}, 'number_of_value_exp_in_group_by': 1, 'having_type': {'single': 'MIN'}, 'orderby_type': 'none', 'limit_type': 'none', 'value_exp_types': ['count_distinct_exp'], 'distinct_type': 'none', 'min_max_depth_in_subquery': [1, 1]}","SELECT COUNT(DISTINCT a.Customer_Details), a.Customer_Details FROM Customers AS a WHERE a.Customer_ID BETWEEN 1 AND 10 OR  a.Customer_ID != 62 GROUP BY a.Customer_Details HAVING MIN(a.Customer_ID) > 58"
"{'meaningful_joins': 'yes', 'table_exp_type': 'single_table', 'where_type': 'none', 'number_of_value_exp_in_group_by': 0, 'having_type': 'none', 'orderby_type': 'none', 'limit_type': 'without_offset', 'value_exp_types': ['agg_exp', 'single_exp_number'], 'distinct_type': 'none', 'min_max_depth_in_subquery': [1, 1]}","SELECT MAX(Customer_Interaction_ID), Customer_Interaction_ID FROM Customer_Interactions LIMIT 8"
"{'meaningful_joins': 'yes', 'table_exp_type': 'JOIN', 'where_type': 'between', 'number_of_value_exp_in_group_by': 0, 'having_type': 'none', 'orderby_type': 'none', 'limit_type': 'without_offset', 'value_exp_types': ['agg_exp', 'single_exp_text'], 'distinct_type': 'none', 'min_max_depth_in_subquery': [1, 1]}","SELECT AVG(Service_ID), Customers_and_Services_Details FROM Customers JOIN Customers_and_Services ON Customers_and_Services.Customer_ID = Customers.Customer_ID WHERE Customers.Customer_ID BETWEEN 1 AND 10 LIMIT 8"
"{'meaningful_joins': 'yes', 'table_exp_type': 'single_table_with_name_changing', 'where_type': {'logical_operator': ['OR', 'basic_comparison', 'not_in_with_subquery']}, 'number_of_value_exp_in_group_by': 0, 'having_type': 'none', 'orderby_type': 'none', 'limit_type': 'none', 'value_exp_types': ['agg_exp', 'single_exp_text'], 'distinct_type': 'none', 'min_max_depth_in_subquery': [1, 1]}","SELECT MIN(o.Service_ID), o.Status_Code FROM Customer_Interactions AS o WHERE  o.Customer_ID != 73 OR Channel_ID NOT IN (SELECT Channel_ID FROM Customer_Interactions AS q LIMIT 9)"
"{'meaningful_joins': 'yes', 'table_exp_type': 'JOIN', 'where_type': {'basic_comparison': '>='}, 'number_of_value_exp_in_group_by': 0, 'having_type': 'none', 'orderby_type': 'none', 'limit_type': 'without_offset', 'value_exp_types': ['agg_exp', 'count_distinct_exp'], 'distinct_type': 'none', 'min_max_depth_in_subquery': [1, 1]}","SELECT AVG(Services.Service_ID), COUNT(DISTINCT Status_Code) FROM Customer_Interactions JOIN Services ON Customer_Interactions.Service_ID = Services.Service_ID WHERE  Customer_Interaction_ID >= 69 LIMIT 6"
"{'meaningful_joins': 'yes', 'table_exp_type': 'single_table_with_name_changing', 'where_type': {'basic_comparison': '<'}, 'number_of_value_exp_in_group_by': 0, 'having_type': 'none', 'orderby_type': 'none', 'limit_type': 'none', 'value_exp_types': ['count_distinct_exp', 'single_exp_text'], 'distinct_type': 'none', 'min_max_depth_in_subquery': [1, 1]}","SELECT COUNT(DISTINCT u.Customer_Interaction_ID), u.Integration_Platform_Details FROM Integration_Platform AS u WHERE  u.Customer_Interaction_ID < 69"
"{'meaningful_joins': 'yes', 'table_exp_type': 'single_table', 'where_type': 'none', 'number_of_value_exp_in_group_by': 0, 'having_type': 'none', 'orderby_type': 'none', 'limit_type': 'without_offset', 'value_exp_types': ['single_exp_number'], 'distinct_type': 'none', 'min_max_depth_in_subquery': [1, 1]}",SELECT Customer_ID FROM Customers LIMIT 6
"{'meaningful_joins': 'yes', 'table_exp_type': 'single_table', 'where_type': {'basic_comparison': '<'}, 'number_of_value_exp_in_group_by': 0, 'having_type': 'none', 'orderby_type': 'DESC', 'limit_type': 'none', 'value_exp_types': ['single_exp_number'], 'distinct_type': 'none', 'min_max_depth_in_subquery': [1, 1]}",SELECT Customers_and_Services_ID FROM Customers_and_Services WHERE  Service_ID < 63 ORDER BY Customers_and_Services_ID DESC
"{'meaningful_joins': 'yes', 'table_exp_type': 'JOIN_JOIN_JOIN', 'where_type': 'not_in_with_subquery', 'number_of_value_exp_in_group_by': 0, 'having_type': 'none', 'orderby_type': 'ASC', 'limit_type': 'without_offset', 'value_exp_types': ['count_distinct_exp', 'single_exp_text'], 'distinct_type': 'none', 'min_max_depth_in_subquery': [1, 1]}","SELECT COUNT(DISTINCT Service_Details), Services_and_Channels_Details FROM Customer_Interactions JOIN Channels JOIN Services JOIN Customers_and_Services ON Customer_Interactions.Service_ID = Services.Service_ID AND Services.Service_ID = Customers_and_Services.Service_ID AND Channels.Channel_ID = Customer_Interactions.Channel_ID WHERE Service_ID NOT IN (SELECT Service_ID FROM Customer_Interactions AS o WHERE  o.Channel_ID = 41) ORDER BY Services_and_Channels_Details ASC LIMIT 4"
"{'meaningful_joins': 'yes', 'table_exp_type': 'single_table', 'where_type': {'basic_comparison': '!='}, 'number_of_value_exp_in_group_by': 1, 'having_type': 'none', 'orderby_type': 'none', 'limit_type': 'without_offset', 'value_exp_types': ['agg_exp', 'agg_exp'], 'distinct_type': 'none', 'min_max_depth_in_subquery': [1, 1]}","SELECT SUM(Customer_ID), COUNT(Service_ID), Channel_ID FROM Customer_Interactions WHERE  Service_ID != 7 GROUP BY Channel_ID LIMIT 7"
"{'meaningful_joins': 'yes', 'table_exp_type': 'single_table', 'where_type': {'basic_comparison': '<'}, 'number_of_value_exp_in_group_by': 0, 'having_type': 'none', 'orderby_type': 'ASC', 'limit_type': 'none', 'value_exp_types': ['count_distinct_exp', 'single_exp_text'], 'distinct_type': 'none', 'min_max_depth_in_subquery': [1, 1]}","SELECT COUNT(DISTINCT Customer_ID), Customer_Details FROM Customers WHERE  Customer_ID < 76 ORDER BY Customer_Details ASC"
"{'meaningful_joins': 'yes', 'table_exp_type': 'single_table', 'where_type': {'basic_comparison': '!='}, 'number_of_value_exp_in_group_by': 1, 'having_type': 'none', 'orderby_type': 'DESC', 'limit_type': 'none', 'value_exp_types': ['agg_exp', 'single_exp_text', 'single_exp_text'], 'distinct_type': 'none', 'min_max_depth_in_subquery': [1, 1]}","SELECT AVG(Customer_ID), Customer_Details, Customer_Details FROM Customers WHERE  Customer_ID != 45 GROUP BY Customer_Details ORDER BY Customer_Details DESC"
"{'meaningful_joins': 'yes', 'table_exp_type': 'JOIN_JOIN_JOIN', 'where_type': 'none', 'number_of_value_exp_in_group_by': 0, 'having_type': 'none', 'orderby_type': 'none', 'limit_type': 'none', 'value_exp_types': ['single_exp_number', 'single_exp_text'], 'distinct_type': 'none', 'min_max_depth_in_subquery': [1, 1]}","SELECT Customers.Customer_ID, Service_Details FROM Customer_Interactions JOIN Customers JOIN Services JOIN Channels ON Customer_Interactions.Customer_ID = Customers.Customer_ID AND Customer_Interactions.Service_ID = Services.Service_ID AND Channels.Channel_ID = Customer_Interactions.Channel_ID"
"{'meaningful_joins': 'yes', 'table_exp_type': 'single_table', 'where_type': {'basic_comparison': '='}, 'number_of_value_exp_in_group_by': 1, 'having_type': 'none', 'orderby_type': 'ASC', 'limit_type': 'none', 'value_exp_types': ['single_exp_text', 'single_exp_text'], 'distinct_type': 'none', 'min_max_depth_in_subquery': [1, 1]}","SELECT Customers_and_Services_Details, Customers_and_Services_Details, Customer_ID FROM Customers_and_Services WHERE  Service_ID = 25 GROUP BY Customer_ID ORDER BY Customers_and_Services_Details ASC"
"{'meaningful_joins': 'yes', 'table_exp_type': 'single_table_with_name_changing', 'where_type': 'none', 'number_of_value_exp_in_group_by': 0, 'having_type': 'none', 'orderby_type': 'DESC', 'limit_type': 'none', 'value_exp_types': ['single_exp_number'], 'distinct_type': 'none', 'min_max_depth_in_subquery': [1, 1]}",SELECT k.Service_ID FROM Services AS k ORDER BY k.Service_ID DESC
"{'meaningful_joins': 'yes', 'table_exp_type': 'JOIN_JOIN_JOIN', 'where_type': {'logical_operator': ['AND', 'between', 'not_in_with_subquery']}, 'number_of_value_exp_in_group_by': 0, 'having_type': 'none', 'orderby_type': 'none', 'limit_type': 'without_offset', 'value_exp_types': ['agg_exp', 'single_exp_number'], 'distinct_type': 'none', 'min_max_depth_in_subquery': [1, 1]}","SELECT MIN(Service_ID), Integration_Platform.Customer_Interaction_ID FROM Customer_Interactions JOIN Customers JOIN Channels JOIN Integration_Platform ON Customer_Interactions.Customer_ID = Customers.Customer_ID AND Channels.Channel_ID = Customer_Interactions.Channel_ID AND Integration_Platform.Customer_Interaction_ID = Customer_Interactions.Customer_Interaction_ID WHERE Customer_Interactions.Customer_ID BETWEEN 1 AND 10 AND Channel_Details NOT IN (SELECT Channel_Details FROM Channels AS l WHERE l.Channel_ID BETWEEN 1 AND 10 AND  l.Channel_ID < 6) LIMIT 8"
"{'meaningful_joins': 'yes', 'table_exp_type': 'single_table', 'where_type': {'basic_comparison': '<'}, 'number_of_value_exp_in_group_by': 0, 'having_type': 'none', 'orderby_type': 'none', 'limit_type': 'without_offset', 'value_exp_types': ['single_exp_number'], 'distinct_type': 'none', 'min_max_depth_in_subquery': [1, 1]}",SELECT Analytical_ID FROM Analytical_Layer WHERE  Analytical_ID < 49 LIMIT 8
"{'meaningful_joins': 'yes', 'table_exp_type': 'single_table', 'where_type': {'logical_operator': ['AND', 'between', 'basic_comparison']}, 'number_of_value_exp_in_group_by': 0, 'having_type': 'none', 'orderby_type': 'none', 'limit_type': 'without_offset', 'value_exp_types': ['count_distinct_exp'], 'distinct_type': 'none', 'min_max_depth_in_subquery': [1, 1]}",SELECT COUNT(DISTINCT Customers_and_Services_ID) FROM Analytical_Layer WHERE Analytical_ID BETWEEN 1 AND 10 AND  Analytical_ID != 27 LIMIT 9
"{'meaningful_joins': 'yes', 'table_exp_type': 'single_table_with_name_changing', 'where_type': {'basic_comparison': '<='}, 'number_of_value_exp_in_group_by': 0, 'having_type': 'none', 'orderby_type': 'none', 'limit_type': 'without_offset', 'value_exp_types': ['single_exp_text'], 'distinct_type': 'none', 'min_max_depth_in_subquery': [1, 1]}",SELECT w.Customers_and_Services_Details FROM Customers_and_Services AS w WHERE  w.Customers_and_Services_ID <= 51 LIMIT 9
"{'meaningful_joins': 'yes', 'table_exp_type': 'single_table', 'where_type': {'basic_comparison': '!='}, 'number_of_value_exp_in_group_by': 1, 'having_type': 'none', 'orderby_type': 'ASC', 'limit_type': 'none', 'value_exp_types': ['agg_exp'], 'distinct_type': 'none', 'min_max_depth_in_subquery': [1, 1]}","SELECT AVG(Integration_Platform_ID), Customer_Interaction_ID FROM Integration_Platform WHERE  Integration_Platform_ID != 27 GROUP BY Customer_Interaction_ID ORDER BY Customer_Interaction_ID ASC"
"{'meaningful_joins': 'yes', 'table_exp_type': 'single_table', 'where_type': {'basic_comparison': '>='}, 'number_of_value_exp_in_group_by': 1, 'having_type': 'none', 'orderby_type': 'none', 'limit_type': 'none', 'value_exp_types': ['single_exp_number', 'single_exp_number'], 'distinct_type': 'none', 'min_max_depth_in_subquery': [1, 1]}","SELECT Customer_ID, Customer_ID, Customer_Details FROM Customers WHERE  Customer_ID >= 50 GROUP BY Customer_Details"
"{'meaningful_joins': 'yes', 'table_exp_type': 'single_table', 'where_type': 'comparison_with_subquery', 'number_of_value_exp_in_group_by': 0, 'having_type': 'none', 'orderby_type': 'ASC', 'limit_type': 'none', 'value_exp_types': ['agg_exp', 'single_exp_number'], 'distinct_type': 'none', 'min_max_depth_in_subquery': [1, 1]}","SELECT AVG(Customer_ID), Customers_and_Services_ID FROM Customers_and_Services WHERE Customer_ID >= (SELECT AVG(Customer_ID) FROM Customers_and_Services WHERE  Customers_and_Services_ID <= 30 LIMIT 6) ORDER BY Customers_and_Services_ID ASC"
"{'meaningful_joins': 'yes', 'table_exp_type': 'JOIN_JOIN_JOIN', 'where_type': {'logical_operator': ['OR', 'between', 'exists_subquery']}, 'number_of_value_exp_in_group_by': 1, 'having_type': 'none', 'orderby_type': 'DESC', 'limit_type': 'none', 'value_exp_types': ['single_exp_number', 'single_exp_text'], 'distinct_type': 'none', 'min_max_depth_in_subquery': [1, 1]}","SELECT Customer_Interactions.Customer_Interaction_ID, Integration_Platform_Details, Service_Details FROM Customer_Interactions JOIN Channels JOIN Services JOIN Integration_Platform ON Customer_Interactions.Service_ID = Services.Service_ID AND Channels.Channel_ID = Customer_Interactions.Channel_ID AND Integration_Platform.Customer_Interaction_ID = Customer_Interactions.Customer_Interaction_ID WHERE Integration_Platform_ID BETWEEN 1 AND 10 OR EXISTS (SELECT * FROM Customers_and_Services WHERE  Customers_and_Services_ID <= 51 AND Services.Service_ID = Service_ID LIMIT 10) GROUP BY Service_Details ORDER BY Service_Details DESC"
"{'meaningful_joins': 'yes', 'table_exp_type': 'single_table', 'where_type': {'basic_comparison': '='}, 'number_of_value_exp_in_group_by': 0, 'having_type': 'none', 'orderby_type': 'none', 'limit_type': 'none', 'value_exp_types': ['single_exp_text'], 'distinct_type': 'none', 'min_max_depth_in_subquery': [1, 1]}",SELECT Customers_and_Services_Details FROM Customers_and_Services WHERE  Service_ID = 27
"{'meaningful_joins': 'yes', 'table_exp_type': 'JOIN', 'where_type': {'basic_comparison': '<='}, 'number_of_value_exp_in_group_by': 0, 'having_type': 'none', 'orderby_type': 'none', 'limit_type': 'none', 'value_exp_types': ['agg_exp', 'agg_exp'], 'distinct_type': 'none', 'min_max_depth_in_subquery': [1, 1]}","SELECT AVG(Service_ID), AVG(Customer_ID) FROM Analytical_Layer JOIN Customers_and_Services ON Customers_and_Services.Customers_and_Services_ID = Analytical_Layer.Customers_and_Services_ID WHERE  Analytical_ID <= 8"
