Specification,query
"{'meaningful_joins': 'yes', 'table_exp_type': 'JOIN', 'where_type': {'basic_comparison': '='}, 'number_of_value_exp_in_group_by': 0, 'having_type': 'none', 'orderby_type': 'DESC', 'limit_type': 'without_offset', 'value_exp_types': ['count_distinct_exp', 'single_exp_text'], 'distinct_type': 'none', 'min_max_depth_in_subquery': [1, 1]}","SELECT COUNT(DISTINCT stock.Headphone_ID), Class FROM headphone JOIN stock ON stock.Headphone_ID = headphone.Headphone_ID WHERE  Quantity = 45 ORDER BY Class DESC LIMIT 1"
"{'meaningful_joins': 'yes', 'table_exp_type': 'JOIN', 'where_type': {'logical_operator': ['OR', 'basic_comparison', 'exists_subquery']}, 'number_of_value_exp_in_group_by': 0, 'having_type': 'none', 'orderby_type': 'DESC', 'limit_type': 'none', 'value_exp_types': ['single_exp_text'], 'distinct_type': 'none', 'min_max_depth_in_subquery': [1, 1]}",SELECT Construction FROM headphone JOIN stock ON stock.Headphone_ID = headphone.Headphone_ID WHERE  Price > 80 OR EXISTS (SELECT * FROM stock AS m WHERE m.Store_ID BETWEEN 1 AND 10 AND  m.Store_ID >= 61 AND headphone.Headphone_ID = m.Headphone_ID) ORDER BY Construction DESC
"{'meaningful_joins': 'yes', 'table_exp_type': 'single_table', 'where_type': {'logical_operator': ['OR', 'basic_comparison', 'not_exists_subquery']}, 'number_of_value_exp_in_group_by': 0, 'having_type': 'none', 'orderby_type': 'none', 'limit_type': 'none', 'value_exp_types': ['single_exp_number', 'single_exp_text'], 'distinct_type': 'none', 'min_max_depth_in_subquery': [1, 1]}","SELECT Driver-matched_dB, Class FROM headphone WHERE  Driver-matched_dB != 4 OR EXISTS (SELECT * FROM stock WHERE  Store_ID >= 39 AND headphone.Headphone_ID = Headphone_ID LIMIT 7)"
"{'meaningful_joins': 'yes', 'table_exp_type': 'single_table', 'where_type': {'basic_comparison': '>='}, 'number_of_value_exp_in_group_by': 0, 'having_type': 'none', 'orderby_type': 'DESC', 'limit_type': 'none', 'value_exp_types': ['single_exp_number', 'single_exp_text'], 'distinct_type': 'none', 'min_max_depth_in_subquery': [1, 1]}","SELECT Price, Model FROM headphone WHERE  Price >= 99 ORDER BY Model DESC"
"{'meaningful_joins': 'yes', 'table_exp_type': 'JOIN', 'where_type': {'basic_comparison': '>='}, 'number_of_value_exp_in_group_by': 1, 'having_type': 'none', 'orderby_type': 'DESC', 'limit_type': 'without_offset', 'value_exp_types': ['single_exp_number'], 'distinct_type': 'none', 'min_max_depth_in_subquery': [1, 1]}","SELECT Price, Class FROM headphone JOIN stock ON stock.Headphone_ID = headphone.Headphone_ID WHERE  Driver-matched_dB >= 61 GROUP BY Class ORDER BY Class DESC LIMIT 7"
"{'meaningful_joins': 'yes', 'table_exp_type': 'JOIN', 'where_type': {'logical_operator': ['OR', 'basic_comparison', 'not_exists_subquery']}, 'number_of_value_exp_in_group_by': 0, 'having_type': 'none', 'orderby_type': 'none', 'limit_type': 'without_offset', 'value_exp_types': ['agg_exp'], 'distinct_type': 'none', 'min_max_depth_in_subquery': [1, 1]}",SELECT AVG(store.Store_ID) FROM stock JOIN store ON store.Store_ID = stock.Store_ID WHERE  Headphone_ID >= 72 OR EXISTS (SELECT * FROM store WHERE Store_ID BETWEEN 1 AND 10 AND stock.Store_ID = Store_ID) LIMIT 10
"{'meaningful_joins': 'yes', 'table_exp_type': 'single_table', 'where_type': {'logical_operator': ['OR', 'between', 'exists_subquery']}, 'number_of_value_exp_in_group_by': 0, 'having_type': 'none', 'orderby_type': 'DESC', 'limit_type': 'none', 'value_exp_types': ['count_distinct_exp', 'single_exp_number'], 'distinct_type': 'none', 'min_max_depth_in_subquery': [1, 1]}","SELECT COUNT(DISTINCT Headphone_ID), Quantity FROM stock WHERE Store_ID BETWEEN 1 AND 10 OR EXISTS (SELECT * FROM store WHERE  Store_ID < 56 AND stock.Store_ID = Store_ID) ORDER BY Quantity DESC"
"{'meaningful_joins': 'yes', 'table_exp_type': 'single_table', 'where_type': 'exists_subquery', 'number_of_value_exp_in_group_by': 1, 'having_type': 'none', 'orderby_type': 'none', 'limit_type': 'none', 'value_exp_types': ['agg_exp'], 'distinct_type': 'none', 'min_max_depth_in_subquery': [1, 1]}","SELECT AVG(Store_ID), Neighborhood FROM store WHERE EXISTS (SELECT * FROM stock WHERE store.Store_ID = Store_ID) GROUP BY Neighborhood"
"{'meaningful_joins': 'yes', 'table_exp_type': 'JOIN', 'where_type': {'logical_operator': ['AND', 'between', 'basic_comparison']}, 'number_of_value_exp_in_group_by': 1, 'having_type': {'single': 'AVG'}, 'orderby_type': 'ASC', 'limit_type': 'without_offset', 'value_exp_types': ['single_exp_text'], 'distinct_type': 'none', 'min_max_depth_in_subquery': [1, 1]}","SELECT Construction, Model FROM headphone JOIN stock ON stock.Headphone_ID = headphone.Headphone_ID WHERE Price BETWEEN 1 AND 10 AND  Price >= 84 GROUP BY Model HAVING AVG(headphone.Headphone_ID) > 77 ORDER BY Construction ASC LIMIT 7"
"{'meaningful_joins': 'yes', 'table_exp_type': 'JOIN', 'where_type': {'basic_comparison': '!='}, 'number_of_value_exp_in_group_by': 1, 'having_type': {'single': 'MIN'}, 'orderby_type': 'none', 'limit_type': 'without_offset', 'value_exp_types': ['single_exp_number', 'single_exp_text'], 'distinct_type': 'none', 'min_max_depth_in_subquery': [1, 1]}","SELECT headphone.Headphone_ID, Earpads, Construction FROM headphone JOIN stock ON stock.Headphone_ID = headphone.Headphone_ID WHERE  Driver-matched_dB != 77 GROUP BY Construction HAVING MIN(Driver-matched_dB) < 93 LIMIT 3"
"{'meaningful_joins': 'yes', 'table_exp_type': 'JOIN', 'where_type': 'none', 'number_of_value_exp_in_group_by': 0, 'having_type': 'none', 'orderby_type': 'none', 'limit_type': 'none', 'value_exp_types': ['single_exp_number'], 'distinct_type': 'none', 'min_max_depth_in_subquery': [1, 1]}",SELECT Driver-matched_dB FROM headphone JOIN stock ON stock.Headphone_ID = headphone.Headphone_ID
"{'meaningful_joins': 'yes', 'table_exp_type': 'single_table_with_name_changing', 'where_type': {'basic_comparison': '>'}, 'number_of_value_exp_in_group_by': 0, 'having_type': 'none', 'orderby_type': 'DESC', 'limit_type': 'none', 'value_exp_types': ['count_distinct_exp', 'single_exp_number', 'single_exp_number'], 'distinct_type': 'none', 'min_max_depth_in_subquery': [1, 1]}","SELECT COUNT(DISTINCT k.Quantity), k.Store_ID, k.Quantity FROM stock AS k WHERE  k.Headphone_ID > 33 ORDER BY k.Quantity DESC"
"{'meaningful_joins': 'yes', 'table_exp_type': 'single_table_with_name_changing', 'where_type': {'logical_operator': ['AND', 'basic_comparison', 'in_with_subquery']}, 'number_of_value_exp_in_group_by': 0, 'having_type': 'none', 'orderby_type': 'none', 'limit_type': 'without_offset', 'value_exp_types': ['count_distinct_exp', 'count_distinct_exp'], 'distinct_type': 'none', 'min_max_depth_in_subquery': [1, 1]}","SELECT COUNT(DISTINCT b.Headphone_ID), COUNT(DISTINCT b.Class) FROM headphone AS b WHERE  b.Driver-matched_dB <= 70 AND Headphone_ID IN (SELECT Headphone_ID FROM stock AS w WHERE w.Quantity BETWEEN 1 AND 10) LIMIT 10"
"{'meaningful_joins': 'yes', 'table_exp_type': 'single_table', 'where_type': {'basic_comparison': '>'}, 'number_of_value_exp_in_group_by': 0, 'having_type': 'none', 'orderby_type': 'none', 'limit_type': 'without_offset', 'value_exp_types': ['agg_exp'], 'distinct_type': 'none', 'min_max_depth_in_subquery': [1, 1]}",SELECT MAX(Headphone_ID) FROM headphone WHERE  Price > 37 LIMIT 2
"{'meaningful_joins': 'yes', 'table_exp_type': 'single_table', 'where_type': 'none', 'number_of_value_exp_in_group_by': 1, 'having_type': 'none', 'orderby_type': 'DESC', 'limit_type': 'none', 'value_exp_types': ['count_distinct_exp', 'count_distinct_exp', 'single_exp_number'], 'distinct_type': 'none', 'min_max_depth_in_subquery': [1, 1]}","SELECT COUNT(DISTINCT Parking), COUNT(DISTINCT Date_Opened), Store_ID, Name FROM store GROUP BY Name ORDER BY Name DESC"
"{'meaningful_joins': 'yes', 'table_exp_type': 'single_table', 'where_type': 'comparison_with_subquery', 'number_of_value_exp_in_group_by': 0, 'having_type': 'none', 'orderby_type': 'none', 'limit_type': 'none', 'value_exp_types': ['agg_exp', 'agg_exp'], 'distinct_type': 'none', 'min_max_depth_in_subquery': [1, 1]}","SELECT COUNT(Driver-matched_dB), MIN(Headphone_ID) FROM headphone WHERE Model = (SELECT AVG(Model) FROM headphone WHERE  Headphone_ID >= 69)"
"{'meaningful_joins': 'yes', 'table_exp_type': 'JOIN', 'where_type': 'comparison_with_subquery', 'number_of_value_exp_in_group_by': 0, 'having_type': 'none', 'orderby_type': 'none', 'limit_type': 'none', 'value_exp_types': ['single_exp_text', 'single_exp_text'], 'distinct_type': 'none', 'min_max_depth_in_subquery': [1, 1]}","SELECT Date_Opened, Parking FROM stock JOIN store ON store.Store_ID = stock.Store_ID WHERE Headphone_ID < (SELECT SUM(Headphone_ID) FROM stock WHERE Quantity BETWEEN 1 AND 10)"
"{'meaningful_joins': 'yes', 'table_exp_type': 'single_table', 'where_type': {'logical_operator': ['AND', 'between', 'basic_comparison']}, 'number_of_value_exp_in_group_by': 1, 'having_type': {'single': 'AVG'}, 'orderby_type': 'none', 'limit_type': 'none', 'value_exp_types': ['agg_exp', 'single_exp_text'], 'distinct_type': 'none', 'min_max_depth_in_subquery': [1, 1]}","SELECT AVG(Store_ID), Date_Opened, Name FROM store WHERE Store_ID BETWEEN 1 AND 10 AND  Store_ID < 74 GROUP BY Name HAVING AVG(Store_ID) < 85"
"{'meaningful_joins': 'yes', 'table_exp_type': 'JOIN', 'where_type': {'basic_comparison': '!='}, 'number_of_value_exp_in_group_by': 1, 'having_type': {'single': 'AVG'}, 'orderby_type': 'none', 'limit_type': 'none', 'value_exp_types': ['agg_exp', 'single_exp_text'], 'distinct_type': 'none', 'min_max_depth_in_subquery': [1, 1]}","SELECT MAX(store.Store_ID), Name, Headphone_ID FROM stock JOIN store ON store.Store_ID = stock.Store_ID WHERE  Headphone_ID != 58 GROUP BY Headphone_ID HAVING AVG(Quantity) <= 37"
"{'meaningful_joins': 'yes', 'table_exp_type': 'JOIN', 'where_type': {'logical_operator': ['AND', 'between', 'basic_comparison']}, 'number_of_value_exp_in_group_by': 1, 'having_type': 'none', 'orderby_type': 'none', 'limit_type': 'none', 'value_exp_types': ['single_exp_text', 'single_exp_text'], 'distinct_type': 'none', 'min_max_depth_in_subquery': [1, 1]}","SELECT Earpads, Construction, stock.Headphone_ID FROM headphone JOIN stock ON stock.Headphone_ID = headphone.Headphone_ID WHERE stock.Headphone_ID BETWEEN 1 AND 10 AND  Store_ID <= 87 GROUP BY stock.Headphone_ID"
"{'meaningful_joins': 'yes', 'table_exp_type': 'JOIN_JOIN', 'where_type': {'logical_operator': ['OR', 'basic_comparison', 'exists_subquery']}, 'number_of_value_exp_in_group_by': 1, 'having_type': {'single': 'AVG'}, 'orderby_type': 'none', 'limit_type': 'none', 'value_exp_types': ['single_exp_number', 'single_exp_text'], 'distinct_type': 'none', 'min_max_depth_in_subquery': [1, 1]}","SELECT Price, Neighborhood FROM headphone JOIN stock JOIN store ON stock.Headphone_ID = headphone.Headphone_ID AND store.Store_ID = stock.Store_ID WHERE  store.Store_ID > 90 OR EXISTS (SELECT * FROM stock WHERE Quantity BETWEEN 1 AND 10 AND headphone.Headphone_ID = Headphone_ID) GROUP BY Neighborhood HAVING AVG(Quantity) >= 25"
"{'meaningful_joins': 'yes', 'table_exp_type': 'single_table_with_name_changing', 'where_type': {'basic_comparison': '>'}, 'number_of_value_exp_in_group_by': 0, 'having_type': 'none', 'orderby_type': 'none', 'limit_type': 'none', 'value_exp_types': ['agg_exp'], 'distinct_type': 'none', 'min_max_depth_in_subquery': [1, 1]}",SELECT MAX(w.Headphone_ID) FROM headphone AS w WHERE  w.Headphone_ID > 27
"{'meaningful_joins': 'yes', 'table_exp_type': 'JOIN_JOIN', 'where_type': {'basic_comparison': '>='}, 'number_of_value_exp_in_group_by': 1, 'having_type': {'single': 'MAX'}, 'orderby_type': 'DESC', 'limit_type': 'none', 'value_exp_types': ['single_exp_number'], 'distinct_type': 'none', 'min_max_depth_in_subquery': [1, 1]}","SELECT stock.Store_ID, Parking FROM headphone JOIN stock JOIN store ON stock.Headphone_ID = headphone.Headphone_ID AND store.Store_ID = stock.Store_ID WHERE  Driver-matched_dB >= 59 GROUP BY Parking HAVING MAX(Driver-matched_dB) < 36 ORDER BY stock.Store_ID DESC"
"{'meaningful_joins': 'yes', 'table_exp_type': 'single_table', 'where_type': 'not_exists_subquery', 'number_of_value_exp_in_group_by': 0, 'having_type': 'none', 'orderby_type': 'none', 'limit_type': 'none', 'value_exp_types': ['single_exp_text'], 'distinct_type': 'none', 'min_max_depth_in_subquery': [1, 1]}",SELECT Model FROM headphone WHERE EXISTS (SELECT * FROM stock WHERE Store_ID BETWEEN 1 AND 10 AND headphone.Headphone_ID = Headphone_ID)
"{'meaningful_joins': 'yes', 'table_exp_type': 'JOIN_JOIN', 'where_type': {'basic_comparison': '<='}, 'number_of_value_exp_in_group_by': 0, 'having_type': 'none', 'orderby_type': 'ASC', 'limit_type': 'without_offset', 'value_exp_types': ['single_exp_text', 'single_exp_text'], 'distinct_type': 'none', 'min_max_depth_in_subquery': [1, 1]}","SELECT Parking, Construction FROM headphone JOIN stock JOIN store ON stock.Headphone_ID = headphone.Headphone_ID AND store.Store_ID = stock.Store_ID WHERE  store.Store_ID <= 69 ORDER BY Parking ASC LIMIT 4"
