Specification,query
"{'meaningful_joins': 'yes', 'table_exp_type': 'single_table', 'where_type': {'basic_comparison': '!='}, 'number_of_value_exp_in_group_by': 0, 'having_type': 'none', 'orderby_type': 'ASC', 'limit_type': 'none', 'value_exp_types': ['single_exp_number', 'single_exp_number', 'single_exp_text'], 'distinct_type': 'none', 'min_max_depth_in_subquery': [1, 1]}","SELECT MAX_SALARY, MIN_SALARY, JOB_TITLE FROM jobs WHERE  MIN_SALARY != 89 ORDER BY MIN_SALARY ASC"
"{'meaningful_joins': 'yes', 'table_exp_type': 'single_table', 'where_type': {'basic_comparison': '!='}, 'number_of_value_exp_in_group_by': 1, 'having_type': {'single': 'SUM'}, 'orderby_type': 'none', 'limit_type': 'without_offset', 'value_exp_types': ['single_exp_text'], 'distinct_type': 'none', 'min_max_depth_in_subquery': [1, 1]}","SELECT COUNTRY_ID, REGION_ID FROM countries WHERE  REGION_ID != 38 GROUP BY REGION_ID HAVING SUM(REGION_ID) > 82 LIMIT 3"
"{'meaningful_joins': 'yes', 'table_exp_type': 'JOIN', 'where_type': {'logical_operator': ['AND', 'basic_comparison', 'comparison_with_subquery']}, 'number_of_value_exp_in_group_by': 0, 'having_type': 'none', 'orderby_type': 'none', 'limit_type': 'none', 'value_exp_types': ['agg_exp', 'single_exp_text', 'single_exp_text'], 'distinct_type': 'none', 'min_max_depth_in_subquery': [1, 1]}","SELECT SUM(EMPLOYEE_ID), job_history.JOB_ID, jobs.JOB_ID FROM job_history JOIN jobs ON job_history.JOB_ID = jobs.JOB_ID WHERE  EMPLOYEE_ID = 51 AND END_DATE = (SELECT AVG(END_DATE) FROM job_history AS f WHERE f.DEPARTMENT_ID BETWEEN 1 AND 10 AND  f.EMPLOYEE_ID >= 18)"
"{'meaningful_joins': 'yes', 'table_exp_type': 'single_table', 'where_type': {'logical_operator': ['AND', 'between', 'exists_subquery']}, 'number_of_value_exp_in_group_by': 1, 'having_type': {'single': 'COUNT'}, 'orderby_type': 'ASC', 'limit_type': 'none', 'value_exp_types': ['single_exp_text'], 'distinct_type': 'none', 'min_max_depth_in_subquery': [1, 1]}","SELECT DEPARTMENT_NAME, MANAGER_ID FROM departments WHERE MANAGER_ID BETWEEN 1 AND 10 AND EXISTS (SELECT * FROM employees WHERE  DEPARTMENT_ID < 67 AND departments.DEPARTMENT_ID = DEPARTMENT_ID) GROUP BY MANAGER_ID HAVING COUNT(MANAGER_ID) = 36 ORDER BY DEPARTMENT_NAME ASC"
"{'meaningful_joins': 'yes', 'table_exp_type': 'JOIN', 'where_type': {'basic_comparison': '<='}, 'number_of_value_exp_in_group_by': 0, 'having_type': 'none', 'orderby_type': 'DESC', 'limit_type': 'none', 'value_exp_types': ['agg_exp', 'single_exp_text'], 'distinct_type': 'none', 'min_max_depth_in_subquery': [1, 1]}","SELECT MAX(countries.REGION_ID), REGION_NAME FROM countries JOIN regions ON countries.REGION_ID = regions.REGION_ID WHERE  regions.REGION_ID <= 53 ORDER BY REGION_NAME DESC"
"{'meaningful_joins': 'yes', 'table_exp_type': 'SELF JOIN', 'where_type': {'basic_comparison': '>'}, 'number_of_value_exp_in_group_by': 0, 'having_type': 'none', 'orderby_type': 'none', 'limit_type': 'none', 'value_exp_types': ['agg_exp'], 'distinct_type': 'none', 'min_max_depth_in_subquery': [1, 1]}",SELECT MIN(s.SALARY) FROM employees JOIN employees AS s ON employees.EMPLOYEE_ID = s.EMPLOYEE_ID WHERE  s.COMMISSION_PCT > 61
"{'meaningful_joins': 'yes', 'table_exp_type': 'JOIN_JOIN_JOIN', 'where_type': {'logical_operator': ['OR', 'between', 'basic_comparison']}, 'number_of_value_exp_in_group_by': 0, 'having_type': 'none', 'orderby_type': 'ASC', 'limit_type': 'none', 'value_exp_types': ['agg_exp', 'single_exp_text'], 'distinct_type': 'none', 'min_max_depth_in_subquery': [1, 1]}","SELECT COUNT(LOCATION_ID), job_history.JOB_ID FROM job_history JOIN employees JOIN jobs JOIN departments ON employees.JOB_ID = jobs.JOB_ID AND employees.EMPLOYEE_ID = job_history.EMPLOYEE_ID AND job_history.JOB_ID = jobs.JOB_ID AND departments.DEPARTMENT_ID = employees.DEPARTMENT_ID WHERE job_history.DEPARTMENT_ID BETWEEN 1 AND 10 OR  departments.DEPARTMENT_ID < 14 ORDER BY job_history.JOB_ID ASC"
"{'meaningful_joins': 'yes', 'table_exp_type': 'single_table_with_name_changing', 'where_type': {'logical_operator': ['OR', 'between', 'basic_comparison']}, 'number_of_value_exp_in_group_by': 1, 'having_type': 'none', 'orderby_type': 'none', 'limit_type': 'none', 'value_exp_types': ['single_exp_number', 'single_exp_text'], 'distinct_type': 'none', 'min_max_depth_in_subquery': [1, 1]}","SELECT d.MIN_SALARY, d.JOB_TITLE FROM jobs AS d WHERE d.MIN_SALARY BETWEEN 1 AND 10 OR  d.MAX_SALARY = 41 GROUP BY d.JOB_TITLE"
"{'meaningful_joins': 'yes', 'table_exp_type': 'JOIN', 'where_type': 'not_in_with_subquery', 'number_of_value_exp_in_group_by': 1, 'having_type': 'none', 'orderby_type': 'ASC', 'limit_type': 'none', 'value_exp_types': ['count_distinct_exp', 'single_exp_number'], 'distinct_type': 'none', 'min_max_depth_in_subquery': [1, 1]}","SELECT COUNT(DISTINCT COUNTRY_NAME), regions.REGION_ID, countries.REGION_ID FROM countries JOIN regions ON countries.REGION_ID = regions.REGION_ID WHERE REGION_ID NOT IN (SELECT REGION_ID FROM regions AS k) GROUP BY countries.REGION_ID ORDER BY regions.REGION_ID ASC"
"{'meaningful_joins': 'yes', 'table_exp_type': 'single_table', 'where_type': {'basic_comparison': '='}, 'number_of_value_exp_in_group_by': 0, 'having_type': 'none', 'orderby_type': 'none', 'limit_type': 'without_offset', 'value_exp_types': ['single_exp_text'], 'distinct_type': 'none', 'min_max_depth_in_subquery': [1, 1]}",SELECT REGION_NAME FROM regions WHERE  REGION_ID = 72 LIMIT 1
"{'meaningful_joins': 'yes', 'table_exp_type': 'JOIN', 'where_type': {'basic_comparison': '>='}, 'number_of_value_exp_in_group_by': 1, 'having_type': 'none', 'orderby_type': 'none', 'limit_type': 'without_offset', 'value_exp_types': ['agg_exp', 'single_exp_text'], 'distinct_type': 'none', 'min_max_depth_in_subquery': [1, 1]}","SELECT SUM(SALARY), employees.JOB_ID FROM job_history JOIN employees ON employees.EMPLOYEE_ID = job_history.EMPLOYEE_ID WHERE  MANAGER_ID >= 3 GROUP BY employees.JOB_ID LIMIT 1"
"{'meaningful_joins': 'yes', 'table_exp_type': 'JOIN', 'where_type': {'basic_comparison': '='}, 'number_of_value_exp_in_group_by': 0, 'having_type': 'none', 'orderby_type': 'none', 'limit_type': 'without_offset', 'value_exp_types': ['single_exp_number'], 'distinct_type': 'none', 'min_max_depth_in_subquery': [1, 1]}",SELECT LOCATION_ID FROM countries JOIN locations ON countries.COUNTRY_ID = locations.COUNTRY_ID WHERE  REGION_ID = 16 LIMIT 9
"{'meaningful_joins': 'yes', 'table_exp_type': 'JOIN', 'where_type': {'basic_comparison': '>='}, 'number_of_value_exp_in_group_by': 0, 'having_type': 'none', 'orderby_type': 'none', 'limit_type': 'none', 'value_exp_types': ['single_exp_text', 'single_exp_text'], 'distinct_type': 'none', 'min_max_depth_in_subquery': [1, 1]}","SELECT JOB_ID, DEPARTMENT_NAME FROM employees JOIN departments ON departments.DEPARTMENT_ID = employees.DEPARTMENT_ID WHERE  LOCATION_ID >= 26"
"{'meaningful_joins': 'yes', 'table_exp_type': 'JOIN', 'where_type': 'none', 'number_of_value_exp_in_group_by': 0, 'having_type': 'none', 'orderby_type': 'none', 'limit_type': 'none', 'value_exp_types': ['agg_exp', 'agg_exp'], 'distinct_type': 'none', 'min_max_depth_in_subquery': [1, 1]}","SELECT SUM(SALARY), MIN(job_history.DEPARTMENT_ID) FROM job_history JOIN employees ON employees.EMPLOYEE_ID = job_history.EMPLOYEE_ID"
"{'meaningful_joins': 'yes', 'table_exp_type': 'JOIN', 'where_type': {'logical_operator': ['OR', 'basic_comparison', 'not_exists_subquery']}, 'number_of_value_exp_in_group_by': 0, 'having_type': 'none', 'orderby_type': 'none', 'limit_type': 'none', 'value_exp_types': ['single_exp_text'], 'distinct_type': 'none', 'min_max_depth_in_subquery': [1, 1]}",SELECT EMAIL FROM employees JOIN jobs ON employees.JOB_ID = jobs.JOB_ID WHERE  COMMISSION_PCT > 86 OR EXISTS (SELECT * FROM departments WHERE  MANAGER_ID < 5 AND employees.EMPLOYEE_ID = DEPARTMENT_ID LIMIT 5)
"{'meaningful_joins': 'yes', 'table_exp_type': 'single_table', 'where_type': {'logical_operator': ['AND', 'between', 'basic_comparison']}, 'number_of_value_exp_in_group_by': 0, 'having_type': 'none', 'orderby_type': 'none', 'limit_type': 'none', 'value_exp_types': ['agg_exp'], 'distinct_type': 'none', 'min_max_depth_in_subquery': [1, 1]}",SELECT SUM(REGION_ID) FROM countries WHERE REGION_ID BETWEEN 1 AND 10 AND  REGION_ID != 77
"{'meaningful_joins': 'yes', 'table_exp_type': 'JOIN_JOIN', 'where_type': {'logical_operator': ['AND', 'between', 'not_in_with_subquery']}, 'number_of_value_exp_in_group_by': 0, 'having_type': 'none', 'orderby_type': 'none', 'limit_type': 'none', 'value_exp_types': ['single_exp_text'], 'distinct_type': 'none', 'min_max_depth_in_subquery': [1, 1]}",SELECT COUNTRY_NAME FROM countries JOIN locations JOIN regions ON countries.REGION_ID = regions.REGION_ID AND countries.COUNTRY_ID = locations.COUNTRY_ID WHERE regions.REGION_ID BETWEEN 1 AND 10 AND POSTAL_CODE NOT IN (SELECT POSTAL_CODE FROM locations AS c WHERE c.LOCATION_ID BETWEEN 1 AND 10 OR  c.LOCATION_ID = 6)
"{'meaningful_joins': 'yes', 'table_exp_type': 'single_table', 'where_type': {'basic_comparison': '='}, 'number_of_value_exp_in_group_by': 0, 'having_type': 'none', 'orderby_type': 'none', 'limit_type': 'none', 'value_exp_types': ['single_exp_number'], 'distinct_type': 'none', 'min_max_depth_in_subquery': [1, 1]}",SELECT DEPARTMENT_ID FROM departments WHERE  MANAGER_ID = 84
"{'meaningful_joins': 'yes', 'table_exp_type': 'JOIN', 'where_type': {'basic_comparison': '<='}, 'number_of_value_exp_in_group_by': 0, 'having_type': 'none', 'orderby_type': 'DESC', 'limit_type': 'none', 'value_exp_types': ['single_exp_text'], 'distinct_type': 'none', 'min_max_depth_in_subquery': [1, 1]}",SELECT EMAIL FROM employees JOIN jobs ON employees.JOB_ID = jobs.JOB_ID WHERE  MAX_SALARY <= 95 ORDER BY EMAIL DESC
"{'meaningful_joins': 'yes', 'table_exp_type': 'single_table_with_name_changing', 'where_type': {'logical_operator': ['AND', 'between', 'in_with_subquery']}, 'number_of_value_exp_in_group_by': 0, 'having_type': 'none', 'orderby_type': 'none', 'limit_type': 'without_offset', 'value_exp_types': ['count_distinct_exp', 'count_distinct_exp', 'single_exp_number'], 'distinct_type': 'none', 'min_max_depth_in_subquery': [1, 1]}","SELECT COUNT(DISTINCT e.LOCATION_ID), COUNT(DISTINCT e.CITY), e.LOCATION_ID FROM locations AS e WHERE e.LOCATION_ID BETWEEN 1 AND 10 AND POSTAL_CODE IN (SELECT POSTAL_CODE FROM locations WHERE  LOCATION_ID != 9 LIMIT 9) LIMIT 7"
"{'meaningful_joins': 'yes', 'table_exp_type': 'single_table_with_name_changing', 'where_type': 'none', 'number_of_value_exp_in_group_by': 0, 'having_type': 'none', 'orderby_type': 'none', 'limit_type': 'none', 'value_exp_types': ['count_distinct_exp'], 'distinct_type': 'none', 'min_max_depth_in_subquery': [1, 1]}",SELECT COUNT(DISTINCT u.MANAGER_ID) FROM departments AS u
"{'meaningful_joins': 'yes', 'table_exp_type': 'JOIN', 'where_type': {'logical_operator': ['AND', 'between', 'basic_comparison']}, 'number_of_value_exp_in_group_by': 0, 'having_type': 'none', 'orderby_type': 'DESC', 'limit_type': 'none', 'value_exp_types': ['single_exp_text'], 'distinct_type': 'none', 'min_max_depth_in_subquery': [1, 1]}",SELECT JOB_TITLE FROM job_history JOIN jobs ON job_history.JOB_ID = jobs.JOB_ID WHERE EMPLOYEE_ID BETWEEN 1 AND 10 AND  MAX_SALARY != 47 ORDER BY JOB_TITLE DESC
"{'meaningful_joins': 'yes', 'table_exp_type': 'single_table', 'where_type': {'basic_comparison': '<'}, 'number_of_value_exp_in_group_by': 1, 'having_type': 'none', 'orderby_type': 'none', 'limit_type': 'without_offset', 'value_exp_types': ['single_exp_text', 'single_exp_text'], 'distinct_type': 'none', 'min_max_depth_in_subquery': [1, 1]}","SELECT DEPARTMENT_NAME, DEPARTMENT_NAME, LOCATION_ID FROM departments WHERE  LOCATION_ID < 17 GROUP BY LOCATION_ID LIMIT 2"
"{'meaningful_joins': 'yes', 'table_exp_type': 'single_table', 'where_type': 'between', 'number_of_value_exp_in_group_by': 1, 'having_type': 'none', 'orderby_type': 'DESC', 'limit_type': 'none', 'value_exp_types': ['single_exp_number'], 'distinct_type': 'none', 'min_max_depth_in_subquery': [1, 1]}","SELECT REGION_ID, COUNTRY_NAME FROM countries WHERE REGION_ID BETWEEN 1 AND 10 GROUP BY COUNTRY_NAME ORDER BY COUNTRY_NAME DESC"
"{'meaningful_joins': 'yes', 'table_exp_type': 'single_table', 'where_type': {'basic_comparison': '<'}, 'number_of_value_exp_in_group_by': 1, 'having_type': 'none', 'orderby_type': 'none', 'limit_type': 'without_offset', 'value_exp_types': ['count_distinct_exp', 'count_distinct_exp', 'single_exp_text'], 'distinct_type': 'none', 'min_max_depth_in_subquery': [1, 1]}","SELECT COUNT(DISTINCT JOB_ID), COUNT(DISTINCT JOB_ID), PHONE_NUMBER, LAST_NAME FROM employees WHERE  EMPLOYEE_ID < 70 GROUP BY LAST_NAME LIMIT 2"
"{'meaningful_joins': 'yes', 'table_exp_type': 'single_table_with_name_changing', 'where_type': {'logical_operator': ['OR', 'between', 'comparison_with_subquery']}, 'number_of_value_exp_in_group_by': 0, 'having_type': 'none', 'orderby_type': 'none', 'limit_type': 'none', 'value_exp_types': ['count_distinct_exp'], 'distinct_type': 'none', 'min_max_depth_in_subquery': [1, 1]}",SELECT COUNT(DISTINCT i.PHONE_NUMBER) FROM employees AS i WHERE i.EMPLOYEE_ID BETWEEN 1 AND 10 OR LAST_NAME < (SELECT MIN(LAST_NAME) FROM employees)
"{'meaningful_joins': 'yes', 'table_exp_type': 'JOIN_JOIN', 'where_type': {'basic_comparison': '>='}, 'number_of_value_exp_in_group_by': 0, 'having_type': 'none', 'orderby_type': 'none', 'limit_type': 'none', 'value_exp_types': ['count_distinct_exp', 'single_exp_text'], 'distinct_type': 'none', 'min_max_depth_in_subquery': [1, 1]}","SELECT COUNT(DISTINCT countries.COUNTRY_ID), REGION_NAME FROM countries JOIN locations JOIN regions ON countries.REGION_ID = regions.REGION_ID AND countries.COUNTRY_ID = locations.COUNTRY_ID WHERE  countries.REGION_ID >= 63"
"{'meaningful_joins': 'yes', 'table_exp_type': 'JOIN_JOIN', 'where_type': 'none', 'number_of_value_exp_in_group_by': 0, 'having_type': 'none', 'orderby_type': 'DESC', 'limit_type': 'without_offset', 'value_exp_types': ['single_exp_text'], 'distinct_type': 'none', 'min_max_depth_in_subquery': [1, 1]}",SELECT PHONE_NUMBER FROM job_history JOIN employees JOIN departments ON employees.EMPLOYEE_ID = job_history.EMPLOYEE_ID AND departments.DEPARTMENT_ID = employees.DEPARTMENT_ID ORDER BY PHONE_NUMBER DESC LIMIT 1
"{'meaningful_joins': 'yes', 'table_exp_type': 'single_table_with_name_changing', 'where_type': {'logical_operator': ['AND', 'between', 'not_in_with_subquery']}, 'number_of_value_exp_in_group_by': 0, 'having_type': 'none', 'orderby_type': 'DESC', 'limit_type': 'none', 'value_exp_types': ['single_exp_text'], 'distinct_type': 'none', 'min_max_depth_in_subquery': [1, 1]}",SELECT g.EMAIL FROM employees AS g WHERE g.MANAGER_ID BETWEEN 1 AND 10 AND EMAIL NOT IN (SELECT EMAIL FROM employees WHERE  MANAGER_ID < 53) ORDER BY g.EMAIL DESC
"{'meaningful_joins': 'yes', 'table_exp_type': 'single_table_with_name_changing', 'where_type': {'basic_comparison': '<'}, 'number_of_value_exp_in_group_by': 0, 'having_type': 'none', 'orderby_type': 'none', 'limit_type': 'none', 'value_exp_types': ['count_distinct_exp'], 'distinct_type': 'none', 'min_max_depth_in_subquery': [1, 1]}",SELECT COUNT(DISTINCT r.DEPARTMENT_NAME) FROM departments AS r WHERE  r.MANAGER_ID < 70
"{'meaningful_joins': 'yes', 'table_exp_type': 'single_table', 'where_type': {'basic_comparison': '>='}, 'number_of_value_exp_in_group_by': 1, 'having_type': 'none', 'orderby_type': 'DESC', 'limit_type': 'none', 'value_exp_types': ['agg_exp', 'agg_exp', 'agg_exp'], 'distinct_type': 'none', 'min_max_depth_in_subquery': [1, 1]}","SELECT AVG(REGION_ID), COUNT(REGION_ID), SUM(REGION_ID), COUNTRY_NAME FROM countries WHERE  REGION_ID >= 97 GROUP BY COUNTRY_NAME ORDER BY COUNTRY_NAME DESC"
"{'meaningful_joins': 'yes', 'table_exp_type': 'single_table_with_name_changing', 'where_type': 'none', 'number_of_value_exp_in_group_by': 1, 'having_type': 'none', 'orderby_type': 'ASC', 'limit_type': 'none', 'value_exp_types': ['agg_exp'], 'distinct_type': 'none', 'min_max_depth_in_subquery': [1, 1]}","SELECT MIN(a.LOCATION_ID), a.STREET_ADDRESS FROM locations AS a GROUP BY a.STREET_ADDRESS ORDER BY a.STREET_ADDRESS ASC"
"{'meaningful_joins': 'yes', 'table_exp_type': 'JOIN_JOIN_JOIN', 'where_type': {'logical_operator': ['OR', 'between', 'not_in_with_subquery']}, 'number_of_value_exp_in_group_by': 1, 'having_type': {'single': 'AVG'}, 'orderby_type': 'none', 'limit_type': 'none', 'value_exp_types': ['single_exp_number', 'single_exp_number'], 'distinct_type': 'none', 'min_max_depth_in_subquery': [1, 1]}","SELECT employees.EMPLOYEE_ID, MAX_SALARY, employees.JOB_ID FROM job_history JOIN employees JOIN jobs JOIN departments ON employees.JOB_ID = jobs.JOB_ID AND employees.EMPLOYEE_ID = job_history.EMPLOYEE_ID AND job_history.JOB_ID = jobs.JOB_ID AND departments.DEPARTMENT_ID = employees.DEPARTMENT_ID WHERE employees.MANAGER_ID BETWEEN 1 AND 10 OR DEPARTMENT_ID NOT IN (SELECT DEPARTMENT_ID FROM departments AS l WHERE  l.MANAGER_ID >= 7 LIMIT 3) GROUP BY employees.JOB_ID HAVING AVG(MAX_SALARY) >= 47"
"{'meaningful_joins': 'yes', 'table_exp_type': 'single_table', 'where_type': 'in_with_subquery', 'number_of_value_exp_in_group_by': 0, 'having_type': 'none', 'orderby_type': 'none', 'limit_type': 'none', 'value_exp_types': ['single_exp_number'], 'distinct_type': 'none', 'min_max_depth_in_subquery': [1, 1]}",SELECT DEPARTMENT_ID FROM departments WHERE DEPARTMENT_NAME IN (SELECT DEPARTMENT_NAME FROM departments WHERE  LOCATION_ID = 33)
"{'meaningful_joins': 'yes', 'table_exp_type': 'single_table_with_name_changing', 'where_type': {'logical_operator': ['AND', 'between', 'basic_comparison']}, 'number_of_value_exp_in_group_by': 1, 'having_type': {'single': 'MIN'}, 'orderby_type': 'none', 'limit_type': 'none', 'value_exp_types': ['single_exp_text'], 'distinct_type': 'none', 'min_max_depth_in_subquery': [1, 1]}","SELECT f.STREET_ADDRESS, f.COUNTRY_ID FROM locations AS f WHERE f.LOCATION_ID BETWEEN 1 AND 10 AND  f.LOCATION_ID < 39 GROUP BY f.COUNTRY_ID HAVING MIN(f.LOCATION_ID) > 25"
"{'meaningful_joins': 'yes', 'table_exp_type': 'JOIN_JOIN', 'where_type': 'not_in_with_subquery', 'number_of_value_exp_in_group_by': 0, 'having_type': 'none', 'orderby_type': 'none', 'limit_type': 'without_offset', 'value_exp_types': ['single_exp_number'], 'distinct_type': 'none', 'min_max_depth_in_subquery': [1, 1]}",SELECT job_history.DEPARTMENT_ID FROM job_history JOIN employees JOIN jobs ON employees.JOB_ID = jobs.JOB_ID AND employees.EMPLOYEE_ID = job_history.EMPLOYEE_ID AND job_history.JOB_ID = jobs.JOB_ID WHERE DEPARTMENT_ID NOT IN (SELECT DEPARTMENT_ID FROM departments WHERE  DEPARTMENT_ID = 64 LIMIT 5) LIMIT 10
"{'meaningful_joins': 'yes', 'table_exp_type': 'single_table', 'where_type': {'logical_operator': ['AND', 'between', 'not_in_with_subquery']}, 'number_of_value_exp_in_group_by': 0, 'having_type': 'none', 'orderby_type': 'DESC', 'limit_type': 'none', 'value_exp_types': ['agg_exp', 'single_exp_text'], 'distinct_type': 'none', 'min_max_depth_in_subquery': [1, 1]}","SELECT MIN(EMPLOYEE_ID), PHONE_NUMBER FROM employees WHERE MANAGER_ID BETWEEN 1 AND 10 AND HIRE_DATE NOT IN (SELECT HIRE_DATE FROM employees AS f WHERE f.EMPLOYEE_ID BETWEEN 1 AND 10) ORDER BY PHONE_NUMBER DESC"
