Specification,query
"{'meaningful_joins': 'yes', 'table_exp_type': 'JOIN_JOIN', 'where_type': {'basic_comparison': '='}, 'number_of_value_exp_in_group_by': 0, 'having_type': 'none', 'orderby_type': 'none', 'limit_type': 'none', 'value_exp_types': ['count_distinct_exp', 'single_exp_text'], 'distinct_type': 'none', 'min_max_depth_in_subquery': [1, 1]}","SELECT COUNT(DISTINCT Authors.authID), name FROM Authors JOIN Authorship JOIN Inst ON Authorship.authID = Authors.authID AND Inst.instID = Authorship.instID WHERE  Authors.authID = 33"
"{'meaningful_joins': 'yes', 'table_exp_type': 'JOIN', 'where_type': {'basic_comparison': '<='}, 'number_of_value_exp_in_group_by': 0, 'having_type': 'none', 'orderby_type': 'none', 'limit_type': 'none', 'value_exp_types': ['single_exp_number'], 'distinct_type': 'none', 'min_max_depth_in_subquery': [1, 1]}",SELECT authID FROM Authorship JOIN Papers ON Authorship.paperID = Papers.paperID WHERE  instID <= 37
"{'meaningful_joins': 'yes', 'table_exp_type': 'single_table_with_name_changing', 'where_type': {'basic_comparison': '<='}, 'number_of_value_exp_in_group_by': 0, 'having_type': 'none', 'orderby_type': 'none', 'limit_type': 'without_offset', 'value_exp_types': ['agg_exp', 'count_distinct_exp'], 'distinct_type': 'none', 'min_max_depth_in_subquery': [1, 1]}","SELECT MIN(p.instID), COUNT(DISTINCT p.name) FROM Inst AS p WHERE  p.instID <= 84 LIMIT 10"
"{'meaningful_joins': 'yes', 'table_exp_type': 'JOIN', 'where_type': {'logical_operator': ['OR', 'between', 'basic_comparison']}, 'number_of_value_exp_in_group_by': 1, 'having_type': {'single': 'SUM'}, 'orderby_type': 'ASC', 'limit_type': 'none', 'value_exp_types': ['agg_exp', 'agg_exp'], 'distinct_type': 'none', 'min_max_depth_in_subquery': [1, 1]}","SELECT MAX(paperID), AVG(Inst.instID), Authorship.instID FROM Authorship JOIN Inst ON Inst.instID = Authorship.instID WHERE authID BETWEEN 1 AND 10 OR  Authorship.instID != 64 GROUP BY Authorship.instID HAVING SUM(authID) > 87 ORDER BY Authorship.instID ASC"
"{'meaningful_joins': 'yes', 'table_exp_type': 'JOIN', 'where_type': 'between', 'number_of_value_exp_in_group_by': 0, 'having_type': 'none', 'orderby_type': 'ASC', 'limit_type': 'none', 'value_exp_types': ['single_exp_text'], 'distinct_type': 'none', 'min_max_depth_in_subquery': [1, 1]}",SELECT lname FROM Authors JOIN Authorship ON Authorship.authID = Authors.authID WHERE paperID BETWEEN 1 AND 10 ORDER BY lname ASC
"{'meaningful_joins': 'yes', 'table_exp_type': 'single_table_with_name_changing', 'where_type': {'basic_comparison': '>'}, 'number_of_value_exp_in_group_by': 1, 'having_type': 'none', 'orderby_type': 'none', 'limit_type': 'without_offset', 'value_exp_types': ['single_exp_number'], 'distinct_type': 'none', 'min_max_depth_in_subquery': [1, 1]}","SELECT a.authID, a.lname FROM Authors AS a WHERE  a.authID > 81 GROUP BY a.lname LIMIT 6"
"{'meaningful_joins': 'yes', 'table_exp_type': 'single_table', 'where_type': 'between', 'number_of_value_exp_in_group_by': 1, 'having_type': {'single': 'MIN'}, 'orderby_type': 'ASC', 'limit_type': 'none', 'value_exp_types': ['single_exp_number', 'single_exp_number'], 'distinct_type': 'none', 'min_max_depth_in_subquery': [1, 1]}","SELECT authID, authID, fname FROM Authors WHERE authID BETWEEN 1 AND 10 GROUP BY fname HAVING MIN(authID) >= 11 ORDER BY authID ASC"
"{'meaningful_joins': 'yes', 'table_exp_type': 'JOIN_JOIN_JOIN', 'where_type': {'basic_comparison': '='}, 'number_of_value_exp_in_group_by': 1, 'having_type': {'single': 'AVG'}, 'orderby_type': 'none', 'limit_type': 'none', 'value_exp_types': ['agg_exp', 'single_exp_number', 'single_exp_number'], 'distinct_type': 'none', 'min_max_depth_in_subquery': [1, 1]}","SELECT MAX(Authorship.paperID), Papers.paperID, Inst.instID, name FROM Authors JOIN Authorship JOIN Inst JOIN Papers ON Authorship.paperID = Papers.paperID AND Authorship.authID = Authors.authID AND Inst.instID = Authorship.instID WHERE  Papers.paperID = 53 GROUP BY name HAVING AVG(Inst.instID) = 50"
"{'meaningful_joins': 'yes', 'table_exp_type': 'JOIN_JOIN', 'where_type': {'basic_comparison': '<='}, 'number_of_value_exp_in_group_by': 0, 'having_type': 'none', 'orderby_type': 'DESC', 'limit_type': 'none', 'value_exp_types': ['single_exp_number', 'single_exp_number'], 'distinct_type': 'none', 'min_max_depth_in_subquery': [1, 1]}","SELECT authID, authOrder FROM Authorship JOIN Inst JOIN Papers ON Authorship.paperID = Papers.paperID AND Inst.instID = Authorship.instID WHERE  Inst.instID <= 74 ORDER BY authID DESC"
"{'meaningful_joins': 'yes', 'table_exp_type': 'JOIN_JOIN', 'where_type': {'logical_operator': ['AND', 'between', 'basic_comparison']}, 'number_of_value_exp_in_group_by': 0, 'having_type': 'none', 'orderby_type': 'none', 'limit_type': 'without_offset', 'value_exp_types': ['count_distinct_exp'], 'distinct_type': 'none', 'min_max_depth_in_subquery': [1, 1]}",SELECT COUNT(DISTINCT lname) FROM Authors JOIN Authorship JOIN Papers ON Authorship.paperID = Papers.paperID AND Authorship.authID = Authors.authID WHERE Papers.paperID BETWEEN 1 AND 10 AND  authOrder < 46 LIMIT 1
"{'meaningful_joins': 'yes', 'table_exp_type': 'single_table_with_name_changing', 'where_type': {'logical_operator': ['OR', 'between', 'in_with_subquery']}, 'number_of_value_exp_in_group_by': 1, 'having_type': {'single': 'COUNT'}, 'orderby_type': 'none', 'limit_type': 'none', 'value_exp_types': ['single_exp_text', 'single_exp_text'], 'distinct_type': 'none', 'min_max_depth_in_subquery': [1, 1]}","SELECT k.title, k.title FROM Papers AS k WHERE k.paperID BETWEEN 1 AND 10 OR paperID IN (SELECT paperID FROM Papers AS l WHERE  l.paperID != 38) GROUP BY k.title HAVING COUNT(k.paperID) <= 47"
"{'meaningful_joins': 'yes', 'table_exp_type': 'single_table_with_name_changing', 'where_type': {'logical_operator': ['OR', 'between', 'in_with_subquery']}, 'number_of_value_exp_in_group_by': 1, 'having_type': {'single': 'COUNT'}, 'orderby_type': 'DESC', 'limit_type': 'none', 'value_exp_types': ['count_distinct_exp', 'single_exp_number'], 'distinct_type': 'none', 'min_max_depth_in_subquery': [1, 1]}","SELECT COUNT(DISTINCT x.fname), x.authID, x.fname FROM Authors AS x WHERE x.authID BETWEEN 1 AND 10 OR authID IN (SELECT authID FROM Authors AS z WHERE z.authID BETWEEN 1 AND 10 OR  z.authID > 6) GROUP BY x.fname HAVING COUNT(x.authID) <= 34 ORDER BY x.fname DESC"
"{'meaningful_joins': 'yes', 'table_exp_type': 'JOIN_JOIN_JOIN', 'where_type': 'none', 'number_of_value_exp_in_group_by': 0, 'having_type': 'none', 'orderby_type': 'ASC', 'limit_type': 'without_offset', 'value_exp_types': ['agg_exp', 'agg_exp', 'single_exp_number'], 'distinct_type': 'none', 'min_max_depth_in_subquery': [1, 1]}","SELECT AVG(Papers.paperID), SUM(authOrder), Authorship.instID FROM Authors JOIN Authorship JOIN Inst JOIN Papers ON Authorship.paperID = Papers.paperID AND Authorship.authID = Authors.authID AND Inst.instID = Authorship.instID ORDER BY Authorship.instID ASC LIMIT 6"
"{'meaningful_joins': 'yes', 'table_exp_type': 'JOIN_JOIN_JOIN', 'where_type': 'comparison_with_subquery', 'number_of_value_exp_in_group_by': 0, 'having_type': 'none', 'orderby_type': 'DESC', 'limit_type': 'without_offset', 'value_exp_types': ['single_exp_number', 'single_exp_number', 'single_exp_text'], 'distinct_type': 'none', 'min_max_depth_in_subquery': [1, 1]}","SELECT Authorship.instID, Authors.authID, country FROM Authors JOIN Authorship JOIN Inst JOIN Papers ON Authorship.paperID = Papers.paperID AND Authorship.authID = Authors.authID AND Inst.instID = Authorship.instID WHERE instID >= (SELECT MIN(instID) FROM Inst AS w LIMIT 4) ORDER BY Authors.authID DESC LIMIT 2"
"{'meaningful_joins': 'yes', 'table_exp_type': 'single_table', 'where_type': {'basic_comparison': '!='}, 'number_of_value_exp_in_group_by': 1, 'having_type': 'none', 'orderby_type': 'ASC', 'limit_type': 'none', 'value_exp_types': ['agg_exp', 'single_exp_number'], 'distinct_type': 'none', 'min_max_depth_in_subquery': [1, 1]}","SELECT COUNT(authID), authID, fname FROM Authors WHERE  authID != 100 GROUP BY fname ORDER BY authID ASC"
"{'meaningful_joins': 'yes', 'table_exp_type': 'single_table', 'where_type': {'basic_comparison': '>'}, 'number_of_value_exp_in_group_by': 0, 'having_type': 'none', 'orderby_type': 'DESC', 'limit_type': 'without_offset', 'value_exp_types': ['single_exp_number', 'single_exp_number'], 'distinct_type': 'none', 'min_max_depth_in_subquery': [1, 1]}","SELECT instID, instID FROM Inst WHERE  instID > 40 ORDER BY instID DESC LIMIT 5"
"{'meaningful_joins': 'yes', 'table_exp_type': 'single_table', 'where_type': {'basic_comparison': '>'}, 'number_of_value_exp_in_group_by': 1, 'having_type': {'single': 'AVG'}, 'orderby_type': 'DESC', 'limit_type': 'without_offset', 'value_exp_types': ['single_exp_text', 'single_exp_text'], 'distinct_type': 'none', 'min_max_depth_in_subquery': [1, 1]}","SELECT lname, fname FROM Authors WHERE  authID > 55 GROUP BY lname HAVING AVG(authID) = 60 ORDER BY fname DESC LIMIT 6"
"{'meaningful_joins': 'yes', 'table_exp_type': 'SELF JOIN', 'where_type': {'basic_comparison': '!='}, 'number_of_value_exp_in_group_by': 0, 'having_type': 'none', 'orderby_type': 'none', 'limit_type': 'none', 'value_exp_types': ['agg_exp', 'single_exp_number'], 'distinct_type': 'none', 'min_max_depth_in_subquery': [1, 1]}","SELECT MAX(Authors.authID), s.authID FROM Authors JOIN Authors AS s ON Authors.authID = s.authID WHERE  Authors.authID != 91"
"{'meaningful_joins': 'yes', 'table_exp_type': 'single_table', 'where_type': {'logical_operator': ['AND', 'basic_comparison', 'not_exists_subquery']}, 'number_of_value_exp_in_group_by': 0, 'having_type': 'none', 'orderby_type': 'DESC', 'limit_type': 'none', 'value_exp_types': ['single_exp_text'], 'distinct_type': 'none', 'min_max_depth_in_subquery': [1, 1]}",SELECT title FROM Papers WHERE  paperID <= 1 AND EXISTS (SELECT * FROM Authorship AS m WHERE m.authID BETWEEN 1 AND 10 AND Papers.paperID = m.paperID) ORDER BY title DESC
"{'meaningful_joins': 'yes', 'table_exp_type': 'single_table', 'where_type': {'logical_operator': ['AND', 'between', 'in_with_subquery']}, 'number_of_value_exp_in_group_by': 1, 'having_type': 'none', 'orderby_type': 'DESC', 'limit_type': 'none', 'value_exp_types': ['single_exp_text', 'single_exp_text', 'single_exp_text'], 'distinct_type': 'none', 'min_max_depth_in_subquery': [1, 1]}","SELECT title, title, title FROM Papers WHERE paperID BETWEEN 1 AND 10 AND title IN (SELECT title FROM Papers WHERE  paperID > 20 LIMIT 2) GROUP BY title ORDER BY title DESC"
"{'meaningful_joins': 'yes', 'table_exp_type': 'single_table', 'where_type': 'exists_subquery', 'number_of_value_exp_in_group_by': 0, 'having_type': 'none', 'orderby_type': 'none', 'limit_type': 'without_offset', 'value_exp_types': ['count_distinct_exp', 'single_exp_text'], 'distinct_type': 'none', 'min_max_depth_in_subquery': [1, 1]}","SELECT COUNT(DISTINCT authID), lname FROM Authors WHERE EXISTS (SELECT * FROM Authorship WHERE authID BETWEEN 1 AND 10 AND  authID != 29 AND Authors.authID = authID) LIMIT 10"
"{'meaningful_joins': 'yes', 'table_exp_type': 'single_table', 'where_type': {'basic_comparison': '!='}, 'number_of_value_exp_in_group_by': 0, 'having_type': 'none', 'orderby_type': 'ASC', 'limit_type': 'without_offset', 'value_exp_types': ['agg_exp', 'single_exp_number', 'single_exp_number'], 'distinct_type': 'none', 'min_max_depth_in_subquery': [1, 1]}","SELECT MIN(instID), instID, instID FROM Inst WHERE  instID != 82 ORDER BY instID ASC LIMIT 10"
"{'meaningful_joins': 'yes', 'table_exp_type': 'JOIN_JOIN', 'where_type': {'logical_operator': ['AND', 'between', 'basic_comparison']}, 'number_of_value_exp_in_group_by': 0, 'having_type': 'none', 'orderby_type': 'none', 'limit_type': 'none', 'value_exp_types': ['single_exp_text'], 'distinct_type': 'none', 'min_max_depth_in_subquery': [1, 1]}",SELECT country FROM Authors JOIN Authorship JOIN Inst ON Authorship.authID = Authors.authID AND Inst.instID = Authorship.instID WHERE paperID BETWEEN 1 AND 10 AND  Authorship.instID = 36
"{'meaningful_joins': 'yes', 'table_exp_type': 'JOIN', 'where_type': {'basic_comparison': '<'}, 'number_of_value_exp_in_group_by': 1, 'having_type': {'single': 'COUNT'}, 'orderby_type': 'none', 'limit_type': 'none', 'value_exp_types': ['count_distinct_exp', 'count_distinct_exp', 'count_distinct_exp'], 'distinct_type': 'none', 'min_max_depth_in_subquery': [1, 1]}","SELECT COUNT(DISTINCT authID), COUNT(DISTINCT title), COUNT(DISTINCT instID), instID FROM Authorship JOIN Papers ON Authorship.paperID = Papers.paperID WHERE  Authorship.paperID < 43 GROUP BY instID HAVING COUNT(Papers.paperID) <= 52"
"{'meaningful_joins': 'yes', 'table_exp_type': 'single_table_with_name_changing', 'where_type': {'basic_comparison': '!='}, 'number_of_value_exp_in_group_by': 0, 'having_type': 'none', 'orderby_type': 'DESC', 'limit_type': 'none', 'value_exp_types': ['single_exp_text'], 'distinct_type': 'none', 'min_max_depth_in_subquery': [1, 1]}",SELECT n.title FROM Papers AS n WHERE  n.paperID != 78 ORDER BY n.title DESC
"{'meaningful_joins': 'yes', 'table_exp_type': 'single_table', 'where_type': {'logical_operator': ['OR', 'between', 'in_with_subquery']}, 'number_of_value_exp_in_group_by': 1, 'having_type': {'single': 'MAX'}, 'orderby_type': 'ASC', 'limit_type': 'without_offset', 'value_exp_types': ['count_distinct_exp', 'single_exp_number'], 'distinct_type': 'none', 'min_max_depth_in_subquery': [1, 1]}","SELECT COUNT(DISTINCT name), instID, country FROM Inst WHERE instID BETWEEN 1 AND 10 OR name IN (SELECT name FROM Inst AS z WHERE z.instID BETWEEN 1 AND 10 OR  z.instID < 24 LIMIT 1) GROUP BY country HAVING MAX(instID) >= 39 ORDER BY country ASC LIMIT 1"
"{'meaningful_joins': 'yes', 'table_exp_type': 'JOIN', 'where_type': {'basic_comparison': '!='}, 'number_of_value_exp_in_group_by': 1, 'having_type': 'none', 'orderby_type': 'none', 'limit_type': 'none', 'value_exp_types': ['count_distinct_exp', 'count_distinct_exp', 'count_distinct_exp'], 'distinct_type': 'none', 'min_max_depth_in_subquery': [1, 1]}","SELECT COUNT(DISTINCT paperID), COUNT(DISTINCT instID), COUNT(DISTINCT Authorship.authID), lname FROM Authors JOIN Authorship ON Authorship.authID = Authors.authID WHERE  Authors.authID != 63 GROUP BY lname"
"{'meaningful_joins': 'yes', 'table_exp_type': 'single_table', 'where_type': {'logical_operator': ['OR', 'between', 'basic_comparison']}, 'number_of_value_exp_in_group_by': 0, 'having_type': 'none', 'orderby_type': 'DESC', 'limit_type': 'none', 'value_exp_types': ['single_exp_number', 'single_exp_text'], 'distinct_type': 'none', 'min_max_depth_in_subquery': [1, 1]}","SELECT instID, name FROM Inst WHERE instID BETWEEN 1 AND 10 OR  instID < 99 ORDER BY name DESC"
"{'meaningful_joins': 'yes', 'table_exp_type': 'JOIN_JOIN', 'where_type': 'between', 'number_of_value_exp_in_group_by': 0, 'having_type': 'none', 'orderby_type': 'none', 'limit_type': 'none', 'value_exp_types': ['single_exp_number', 'single_exp_text'], 'distinct_type': 'none', 'min_max_depth_in_subquery': [1, 1]}","SELECT Authorship.instID, country FROM Authors JOIN Authorship JOIN Inst ON Authorship.authID = Authors.authID AND Inst.instID = Authorship.instID WHERE Authors.authID BETWEEN 1 AND 10"
"{'meaningful_joins': 'yes', 'table_exp_type': 'single_table_with_name_changing', 'where_type': {'basic_comparison': '>'}, 'number_of_value_exp_in_group_by': 0, 'having_type': 'none', 'orderby_type': 'ASC', 'limit_type': 'without_offset', 'value_exp_types': ['count_distinct_exp', 'single_exp_number'], 'distinct_type': 'none', 'min_max_depth_in_subquery': [1, 1]}","SELECT COUNT(DISTINCT v.title), v.paperID FROM Papers AS v WHERE  v.paperID > 24 ORDER BY v.paperID ASC LIMIT 8"
