Specification,query
"{'meaningful_joins': 'yes', 'table_exp_type': 'single_table', 'where_type': 'in_with_subquery', 'number_of_value_exp_in_group_by': 0, 'having_type': 'none', 'orderby_type': 'DESC', 'limit_type': 'none', 'value_exp_types': ['agg_exp', 'single_exp_text'], 'distinct_type': 'none', 'min_max_depth_in_subquery': [1, 1]}","SELECT MAX(Number_of_Championships), Nickname FROM Championship WHERE Institution_ID IN (SELECT Institution_ID FROM Championship AS d WHERE  d.Number_of_Championships > 12 LIMIT 8) ORDER BY Nickname DESC"
"{'meaningful_joins': 'yes', 'table_exp_type': 'single_table', 'where_type': {'basic_comparison': '<'}, 'number_of_value_exp_in_group_by': 0, 'having_type': 'none', 'orderby_type': 'DESC', 'limit_type': 'without_offset', 'value_exp_types': ['count_distinct_exp', 'single_exp_number'], 'distinct_type': 'none', 'min_max_depth_in_subquery': [1, 1]}","SELECT COUNT(DISTINCT Number_of_Championships), Number_of_Championships FROM Championship WHERE  Number_of_Championships < 45 ORDER BY Number_of_Championships DESC LIMIT 7"
"{'meaningful_joins': 'yes', 'table_exp_type': 'JOIN', 'where_type': {'basic_comparison': '='}, 'number_of_value_exp_in_group_by': 0, 'having_type': 'none', 'orderby_type': 'ASC', 'limit_type': 'without_offset', 'value_exp_types': ['single_exp_number', 'single_exp_number'], 'distinct_type': 'none', 'min_max_depth_in_subquery': [1, 1]}","SELECT Enrollment, Number_of_Championships FROM institution JOIN Championship ON Championship.Institution_ID = institution.Institution_ID WHERE  Number_of_Championships = 67 ORDER BY Enrollment ASC LIMIT 7"
"{'meaningful_joins': 'yes', 'table_exp_type': 'single_table', 'where_type': 'in_with_subquery', 'number_of_value_exp_in_group_by': 0, 'having_type': 'none', 'orderby_type': 'none', 'limit_type': 'none', 'value_exp_types': ['single_exp_number', 'single_exp_number'], 'distinct_type': 'none', 'min_max_depth_in_subquery': [1, 1]}","SELECT Capacity, Institution_ID FROM institution WHERE Affiliation IN (SELECT Affiliation FROM institution)"
"{'meaningful_joins': 'yes', 'table_exp_type': 'SELF JOIN', 'where_type': 'comparison_with_subquery', 'number_of_value_exp_in_group_by': 0, 'having_type': 'none', 'orderby_type': 'none', 'limit_type': 'without_offset', 'value_exp_types': ['single_exp_number'], 'distinct_type': 'none', 'min_max_depth_in_subquery': [1, 1]}",SELECT Championship.Number_of_Championships FROM Championship JOIN Championship AS v ON Championship.Institution_ID = v.Institution_ID WHERE Number_of_Championships >= (SELECT SUM(Number_of_Championships) FROM Championship WHERE Institution_ID BETWEEN 1 AND 10) LIMIT 9
"{'meaningful_joins': 'yes', 'table_exp_type': 'SELF JOIN', 'where_type': {'basic_comparison': '!='}, 'number_of_value_exp_in_group_by': 0, 'having_type': 'none', 'orderby_type': 'DESC', 'limit_type': 'none', 'value_exp_types': ['count_distinct_exp', 'single_exp_text'], 'distinct_type': 'none', 'min_max_depth_in_subquery': [1, 1]}","SELECT COUNT(DISTINCT w.Affiliation), institution.Name FROM institution JOIN institution AS w ON institution.Institution_ID = w.Institution_ID WHERE  w.Enrollment != 48 ORDER BY institution.Name DESC"
"{'meaningful_joins': 'yes', 'table_exp_type': 'JOIN', 'where_type': {'logical_operator': ['AND', 'between', 'in_with_subquery']}, 'number_of_value_exp_in_group_by': 0, 'having_type': 'none', 'orderby_type': 'none', 'limit_type': 'none', 'value_exp_types': ['agg_exp'], 'distinct_type': 'none', 'min_max_depth_in_subquery': [1, 1]}",SELECT SUM(Championship.Institution_ID) FROM institution JOIN Championship ON Championship.Institution_ID = institution.Institution_ID WHERE Championship.Institution_ID BETWEEN 1 AND 10 AND Endowment IN (SELECT Endowment FROM institution AS j WHERE  j.Enrollment > 42)
"{'meaningful_joins': 'yes', 'table_exp_type': 'JOIN', 'where_type': {'logical_operator': ['AND', 'between', 'basic_comparison']}, 'number_of_value_exp_in_group_by': 1, 'having_type': 'none', 'orderby_type': 'none', 'limit_type': 'none', 'value_exp_types': ['single_exp_text'], 'distinct_type': 'none', 'min_max_depth_in_subquery': [1, 1]}","SELECT Nickname, Affiliation FROM institution JOIN Championship ON Championship.Institution_ID = institution.Institution_ID WHERE Number_of_Championships BETWEEN 1 AND 10 AND  Enrollment = 88 GROUP BY Affiliation"
"{'meaningful_joins': 'yes', 'table_exp_type': 'single_table', 'where_type': 'none', 'number_of_value_exp_in_group_by': 1, 'having_type': {'single': 'MAX'}, 'orderby_type': 'ASC', 'limit_type': 'none', 'value_exp_types': ['single_exp_number', 'single_exp_number'], 'distinct_type': 'none', 'min_max_depth_in_subquery': [1, 1]}","SELECT Institution_ID, Founded, Province FROM institution GROUP BY Province HAVING MAX(Founded) >= 62 ORDER BY Founded ASC"
"{'meaningful_joins': 'yes', 'table_exp_type': 'single_table_with_name_changing', 'where_type': {'logical_operator': ['OR', 'between', 'basic_comparison']}, 'number_of_value_exp_in_group_by': 0, 'having_type': 'none', 'orderby_type': 'none', 'limit_type': 'none', 'value_exp_types': ['agg_exp', 'agg_exp'], 'distinct_type': 'none', 'min_max_depth_in_subquery': [1, 1]}","SELECT AVG(j.Capacity), AVG(j.Enrollment) FROM institution AS j WHERE j.Institution_ID BETWEEN 1 AND 10 OR  j.Capacity < 12"
"{'meaningful_joins': 'yes', 'table_exp_type': 'SELF JOIN', 'where_type': {'basic_comparison': '>'}, 'number_of_value_exp_in_group_by': 0, 'having_type': 'none', 'orderby_type': 'none', 'limit_type': 'without_offset', 'value_exp_types': ['count_distinct_exp', 'single_exp_text', 'single_exp_text'], 'distinct_type': 'none', 'min_max_depth_in_subquery': [1, 1]}","SELECT COUNT(DISTINCT institution.Stadium), institution.Endowment, institution.Endowment FROM institution JOIN institution AS c ON institution.Institution_ID = c.Institution_ID WHERE  c.Institution_ID > 66 LIMIT 2"
"{'meaningful_joins': 'yes', 'table_exp_type': 'single_table', 'where_type': {'basic_comparison': '>='}, 'number_of_value_exp_in_group_by': 0, 'having_type': 'none', 'orderby_type': 'none', 'limit_type': 'none', 'value_exp_types': ['count_distinct_exp', 'single_exp_text'], 'distinct_type': 'none', 'min_max_depth_in_subquery': [1, 1]}","SELECT COUNT(DISTINCT Number_of_Championships), Nickname FROM Championship WHERE  Joined >= 89"
"{'meaningful_joins': 'yes', 'table_exp_type': 'SELF JOIN', 'where_type': {'basic_comparison': '>'}, 'number_of_value_exp_in_group_by': 0, 'having_type': 'none', 'orderby_type': 'none', 'limit_type': 'none', 'value_exp_types': ['count_distinct_exp', 'single_exp_text', 'single_exp_text'], 'distinct_type': 'none', 'min_max_depth_in_subquery': [1, 1]}","SELECT COUNT(DISTINCT r.Number_of_Championships), r.Nickname, r.Nickname FROM Championship JOIN Championship AS r ON Championship.Institution_ID = r.Institution_ID WHERE  r.Joined > 88"
"{'meaningful_joins': 'yes', 'table_exp_type': 'single_table', 'where_type': 'none', 'number_of_value_exp_in_group_by': 1, 'having_type': {'single': 'MAX'}, 'orderby_type': 'none', 'limit_type': 'without_offset', 'value_exp_types': ['single_exp_text'], 'distinct_type': 'none', 'min_max_depth_in_subquery': [1, 1]}","SELECT Affiliation, Stadium FROM institution GROUP BY Stadium HAVING MAX(Enrollment) < 24 LIMIT 1"
"{'meaningful_joins': 'yes', 'table_exp_type': 'JOIN', 'where_type': {'basic_comparison': '!='}, 'number_of_value_exp_in_group_by': 1, 'having_type': {'single': 'SUM'}, 'orderby_type': 'DESC', 'limit_type': 'none', 'value_exp_types': ['single_exp_number', 'single_exp_number'], 'distinct_type': 'none', 'min_max_depth_in_subquery': [1, 1]}","SELECT Founded, Capacity, Province FROM institution JOIN Championship ON Championship.Institution_ID = institution.Institution_ID WHERE  Number_of_Championships != 71 GROUP BY Province HAVING SUM(Joined) > 96 ORDER BY Capacity DESC"
"{'meaningful_joins': 'yes', 'table_exp_type': 'single_table_with_name_changing', 'where_type': 'between', 'number_of_value_exp_in_group_by': 1, 'having_type': {'single': 'AVG'}, 'orderby_type': 'none', 'limit_type': 'none', 'value_exp_types': ['single_exp_text'], 'distinct_type': 'none', 'min_max_depth_in_subquery': [1, 1]}",SELECT u.Nickname FROM Championship AS u WHERE u.Joined BETWEEN 1 AND 10 GROUP BY u.Nickname HAVING AVG(u.Institution_ID) > 71
"{'meaningful_joins': 'yes', 'table_exp_type': 'JOIN', 'where_type': 'in_with_subquery', 'number_of_value_exp_in_group_by': 1, 'having_type': {'single': 'COUNT'}, 'orderby_type': 'none', 'limit_type': 'without_offset', 'value_exp_types': ['single_exp_number', 'single_exp_text'], 'distinct_type': 'none', 'min_max_depth_in_subquery': [1, 1]}","SELECT Enrollment, City, Endowment FROM institution JOIN Championship ON Championship.Institution_ID = institution.Institution_ID WHERE Affiliation IN (SELECT Affiliation FROM institution AS i WHERE i.Capacity BETWEEN 1 AND 10 OR  i.Enrollment >= 14) GROUP BY Endowment HAVING COUNT(Enrollment) = 100 LIMIT 8"
"{'meaningful_joins': 'yes', 'table_exp_type': 'SELF JOIN', 'where_type': {'basic_comparison': '<='}, 'number_of_value_exp_in_group_by': 0, 'having_type': 'none', 'orderby_type': 'DESC', 'limit_type': 'without_offset', 'value_exp_types': ['single_exp_number'], 'distinct_type': 'none', 'min_max_depth_in_subquery': [1, 1]}",SELECT b.Founded FROM institution JOIN institution AS b ON institution.Institution_ID = b.Institution_ID WHERE  b.Enrollment <= 72 ORDER BY b.Founded DESC LIMIT 1
"{'meaningful_joins': 'yes', 'table_exp_type': 'SELF JOIN', 'where_type': {'logical_operator': ['OR', 'between', 'comparison_with_subquery']}, 'number_of_value_exp_in_group_by': 1, 'having_type': {'single': 'MAX'}, 'orderby_type': 'none', 'limit_type': 'none', 'value_exp_types': ['agg_exp', 'single_exp_text'], 'distinct_type': 'none', 'min_max_depth_in_subquery': [1, 1]}","SELECT MIN(t.Institution_ID), t.Nickname, t.Joined FROM Championship JOIN Championship AS t ON Championship.Institution_ID = t.Institution_ID WHERE t.Institution_ID BETWEEN 1 AND 10 OR Nickname <= (SELECT MIN(Nickname) FROM Championship WHERE  Joined < 33 LIMIT 8) GROUP BY t.Joined HAVING MAX(t.Joined) < 33"
"{'meaningful_joins': 'yes', 'table_exp_type': 'JOIN', 'where_type': {'basic_comparison': '<='}, 'number_of_value_exp_in_group_by': 1, 'having_type': {'single': 'MAX'}, 'orderby_type': 'none', 'limit_type': 'none', 'value_exp_types': ['single_exp_number'], 'distinct_type': 'none', 'min_max_depth_in_subquery': [1, 1]}","SELECT Founded, City FROM institution JOIN Championship ON Championship.Institution_ID = institution.Institution_ID WHERE  institution.Institution_ID <= 4 GROUP BY City HAVING MAX(Joined) <= 96"
"{'meaningful_joins': 'yes', 'table_exp_type': 'SELF JOIN', 'where_type': 'between', 'number_of_value_exp_in_group_by': 0, 'having_type': 'none', 'orderby_type': 'none', 'limit_type': 'none', 'value_exp_types': ['count_distinct_exp', 'single_exp_number'], 'distinct_type': 'none', 'min_max_depth_in_subquery': [1, 1]}","SELECT COUNT(DISTINCT institution.City), institution.Founded FROM institution JOIN institution AS p ON institution.Institution_ID = p.Institution_ID WHERE institution.Institution_ID BETWEEN 1 AND 10"
"{'meaningful_joins': 'yes', 'table_exp_type': 'single_table', 'where_type': {'basic_comparison': '>'}, 'number_of_value_exp_in_group_by': 0, 'having_type': 'none', 'orderby_type': 'DESC', 'limit_type': 'without_offset', 'value_exp_types': ['single_exp_number', 'single_exp_number'], 'distinct_type': 'none', 'min_max_depth_in_subquery': [1, 1]}","SELECT Capacity, Capacity FROM institution WHERE  Capacity > 97 ORDER BY Capacity DESC LIMIT 1"
"{'meaningful_joins': 'yes', 'table_exp_type': 'single_table', 'where_type': {'basic_comparison': '<'}, 'number_of_value_exp_in_group_by': 0, 'having_type': 'none', 'orderby_type': 'ASC', 'limit_type': 'none', 'value_exp_types': ['single_exp_text'], 'distinct_type': 'none', 'min_max_depth_in_subquery': [1, 1]}",SELECT Nickname FROM Championship WHERE  Joined < 37 ORDER BY Nickname ASC
"{'meaningful_joins': 'yes', 'table_exp_type': 'single_table', 'where_type': {'basic_comparison': '>='}, 'number_of_value_exp_in_group_by': 0, 'having_type': 'none', 'orderby_type': 'none', 'limit_type': 'without_offset', 'value_exp_types': ['agg_exp'], 'distinct_type': 'none', 'min_max_depth_in_subquery': [1, 1]}",SELECT MIN(Enrollment) FROM institution WHERE  Institution_ID >= 62 LIMIT 2
"{'meaningful_joins': 'yes', 'table_exp_type': 'single_table', 'where_type': {'basic_comparison': '!='}, 'number_of_value_exp_in_group_by': 0, 'having_type': 'none', 'orderby_type': 'none', 'limit_type': 'without_offset', 'value_exp_types': ['agg_exp'], 'distinct_type': 'none', 'min_max_depth_in_subquery': [1, 1]}",SELECT MAX(Institution_ID) FROM institution WHERE  Institution_ID != 20 LIMIT 10
"{'meaningful_joins': 'yes', 'table_exp_type': 'single_table_with_name_changing', 'where_type': {'basic_comparison': '>='}, 'number_of_value_exp_in_group_by': 0, 'having_type': 'none', 'orderby_type': 'none', 'limit_type': 'none', 'value_exp_types': ['single_exp_text', 'single_exp_text'], 'distinct_type': 'none', 'min_max_depth_in_subquery': [1, 1]}","SELECT p.City, p.Province FROM institution AS p WHERE  p.Capacity >= 91"
"{'meaningful_joins': 'yes', 'table_exp_type': 'single_table', 'where_type': {'logical_operator': ['AND', 'between', 'in_with_subquery']}, 'number_of_value_exp_in_group_by': 0, 'having_type': 'none', 'orderby_type': 'none', 'limit_type': 'none', 'value_exp_types': ['agg_exp'], 'distinct_type': 'none', 'min_max_depth_in_subquery': [1, 1]}",SELECT AVG(Capacity) FROM institution WHERE Capacity BETWEEN 1 AND 10 AND Founded IN (SELECT Founded FROM institution AS w)
"{'meaningful_joins': 'yes', 'table_exp_type': 'SELF JOIN', 'where_type': 'comparison_with_subquery', 'number_of_value_exp_in_group_by': 0, 'having_type': 'none', 'orderby_type': 'DESC', 'limit_type': 'none', 'value_exp_types': ['single_exp_text'], 'distinct_type': 'none', 'min_max_depth_in_subquery': [1, 1]}",SELECT Championship.Nickname FROM Championship JOIN Championship AS v ON Championship.Institution_ID = v.Institution_ID WHERE Number_of_Championships > (SELECT AVG(Number_of_Championships) FROM Championship WHERE  Joined >= 47) ORDER BY Championship.Nickname DESC
"{'meaningful_joins': 'yes', 'table_exp_type': 'single_table', 'where_type': 'between', 'number_of_value_exp_in_group_by': 1, 'having_type': 'none', 'orderby_type': 'none', 'limit_type': 'none', 'value_exp_types': ['single_exp_text', 'single_exp_text'], 'distinct_type': 'none', 'min_max_depth_in_subquery': [1, 1]}","SELECT Endowment, Endowment, Enrollment FROM institution WHERE Enrollment BETWEEN 1 AND 10 GROUP BY Enrollment"
