Specification,query
"{'meaningful_joins': 'yes', 'table_exp_type': 'single_table', 'where_type': {'logical_operator': ['OR', 'between', 'basic_comparison']}, 'number_of_value_exp_in_group_by': 0, 'having_type': 'none', 'orderby_type': 'none', 'limit_type': 'none', 'value_exp_types': ['agg_exp', 'single_exp_number'], 'distinct_type': 'none', 'min_max_depth_in_subquery': [1, 1]}","SELECT COUNT(Customer_ID), Customer_ID FROM Customers WHERE Customer_ID BETWEEN 1 AND 10 OR  Customer_ID >= 40"
"{'meaningful_joins': 'yes', 'table_exp_type': 'JOIN_JOIN_JOIN', 'where_type': {'basic_comparison': '>'}, 'number_of_value_exp_in_group_by': 1, 'having_type': {'single': 'AVG'}, 'orderby_type': 'none', 'limit_type': 'without_offset', 'value_exp_types': ['count_distinct_exp'], 'distinct_type': 'none', 'min_max_depth_in_subquery': [1, 1]}","SELECT COUNT(DISTINCT Claim_Status_Code), Claim_Headers.Policy_ID FROM Claim_Headers JOIN Customers JOIN Claims_Processing JOIN Policies ON Claim_Headers.Policy_ID = Policies.Policy_ID AND Claim_Headers.Claim_Header_ID = Claims_Processing.Claim_ID AND Policies.Customer_ID = Customers.Customer_ID WHERE  Customers.Customer_ID > 45 GROUP BY Claim_Headers.Policy_ID HAVING AVG(Policies.Policy_ID) < 60 LIMIT 9"
"{'meaningful_joins': 'yes', 'table_exp_type': 'single_table', 'where_type': {'basic_comparison': '>='}, 'number_of_value_exp_in_group_by': 0, 'having_type': 'none', 'orderby_type': 'DESC', 'limit_type': 'without_offset', 'value_exp_types': ['count_distinct_exp', 'single_exp_text'], 'distinct_type': 'none', 'min_max_depth_in_subquery': [1, 1]}","SELECT COUNT(DISTINCT Next_Claim_Stage_ID), Claim_Status_Description FROM Claims_Processing_Stages WHERE  Claim_Stage_ID >= 13 ORDER BY Claim_Status_Description DESC LIMIT 8"
"{'meaningful_joins': 'yes', 'table_exp_type': 'single_table_with_name_changing', 'where_type': {'basic_comparison': '>='}, 'number_of_value_exp_in_group_by': 1, 'having_type': 'none', 'orderby_type': 'none', 'limit_type': 'none', 'value_exp_types': ['single_exp_number'], 'distinct_type': 'none', 'min_max_depth_in_subquery': [1, 1]}","SELECT u.Claim_Stage_ID, u.Claim_ID FROM Claims_Processing AS u WHERE  u.Claim_ID >= 11 GROUP BY u.Claim_ID"
"{'meaningful_joins': 'yes', 'table_exp_type': 'JOIN', 'where_type': {'logical_operator': ['AND', 'between', 'basic_comparison']}, 'number_of_value_exp_in_group_by': 0, 'having_type': 'none', 'orderby_type': 'none', 'limit_type': 'without_offset', 'value_exp_types': ['single_exp_number', 'single_exp_number'], 'distinct_type': 'none', 'min_max_depth_in_subquery': [1, 1]}","SELECT Amount_Piad, Customer_ID FROM Claim_Headers JOIN Policies ON Claim_Headers.Policy_ID = Policies.Policy_ID WHERE Claim_Header_ID BETWEEN 1 AND 10 AND  Claim_Header_ID < 19 LIMIT 5"
"{'meaningful_joins': 'yes', 'table_exp_type': 'single_table_with_name_changing', 'where_type': {'basic_comparison': '!='}, 'number_of_value_exp_in_group_by': 0, 'having_type': 'none', 'orderby_type': 'DESC', 'limit_type': 'none', 'value_exp_types': ['single_exp_number', 'single_exp_text'], 'distinct_type': 'none', 'min_max_depth_in_subquery': [1, 1]}","SELECT c.Claim_Stage_ID, c.Claim_Outcome_Code FROM Claims_Processing AS c WHERE  c.Claim_Processing_ID != 6 ORDER BY c.Claim_Stage_ID DESC"
"{'meaningful_joins': 'yes', 'table_exp_type': 'single_table', 'where_type': 'in_with_subquery', 'number_of_value_exp_in_group_by': 0, 'having_type': 'none', 'orderby_type': 'none', 'limit_type': 'none', 'value_exp_types': ['agg_exp', 'single_exp_number'], 'distinct_type': 'none', 'min_max_depth_in_subquery': [1, 1]}","SELECT MIN(Claim_Processing_ID), Staff_ID FROM Claims_Processing WHERE Claim_ID IN (SELECT Claim_ID FROM Claims_Processing AS l WHERE  l.Claim_Processing_ID >= 19 LIMIT 9)"
"{'meaningful_joins': 'yes', 'table_exp_type': 'single_table_with_name_changing', 'where_type': 'between', 'number_of_value_exp_in_group_by': 1, 'having_type': {'single': 'MAX'}, 'orderby_type': 'DESC', 'limit_type': 'none', 'value_exp_types': ['single_exp_number', 'single_exp_text'], 'distinct_type': 'none', 'min_max_depth_in_subquery': [1, 1]}","SELECT c.Customer_ID, c.Customer_Details FROM Customers AS c WHERE c.Customer_ID BETWEEN 1 AND 10 GROUP BY c.Customer_Details HAVING MAX(c.Customer_ID) = 92 ORDER BY c.Customer_ID DESC"
"{'meaningful_joins': 'yes', 'table_exp_type': 'JOIN_JOIN', 'where_type': {'logical_operator': ['AND', 'between', 'not_exists_subquery']}, 'number_of_value_exp_in_group_by': 0, 'having_type': 'none', 'orderby_type': 'none', 'limit_type': 'without_offset', 'value_exp_types': ['agg_exp', 'count_distinct_exp', 'single_exp_text'], 'distinct_type': 'none', 'min_max_depth_in_subquery': [1, 1]}","SELECT MAX(Staff_ID), COUNT(DISTINCT Date_of_Settlement), Policy_Type_Code FROM Claim_Headers JOIN Claims_Processing JOIN Policies ON Claim_Headers.Policy_ID = Policies.Policy_ID AND Claim_Headers.Claim_Header_ID = Claims_Processing.Claim_ID WHERE Policies.Policy_ID BETWEEN 1 AND 10 AND EXISTS (SELECT * FROM Policies WHERE Claim_Headers.Claim_Header_ID = Policy_ID LIMIT 9) LIMIT 2"
"{'meaningful_joins': 'yes', 'table_exp_type': 'single_table_with_name_changing', 'where_type': 'between', 'number_of_value_exp_in_group_by': 1, 'having_type': 'none', 'orderby_type': 'none', 'limit_type': 'without_offset', 'value_exp_types': ['single_exp_number', 'single_exp_number'], 'distinct_type': 'none', 'min_max_depth_in_subquery': [1, 1]}","SELECT n.Next_Claim_Stage_ID, n.Next_Claim_Stage_ID, n.Claim_Status_Description FROM Claims_Processing_Stages AS n WHERE n.Next_Claim_Stage_ID BETWEEN 1 AND 10 GROUP BY n.Claim_Status_Description LIMIT 9"
"{'meaningful_joins': 'yes', 'table_exp_type': 'single_table', 'where_type': 'between', 'number_of_value_exp_in_group_by': 0, 'having_type': 'none', 'orderby_type': 'DESC', 'limit_type': 'none', 'value_exp_types': ['agg_exp', 'count_distinct_exp', 'single_exp_text'], 'distinct_type': 'none', 'min_max_depth_in_subquery': [1, 1]}","SELECT SUM(Amount_Piad), COUNT(DISTINCT Claim_Status_Code), Claim_Type_Code FROM Claim_Headers WHERE Claim_Header_ID BETWEEN 1 AND 10 ORDER BY Claim_Type_Code DESC"
"{'meaningful_joins': 'yes', 'table_exp_type': 'single_table', 'where_type': {'basic_comparison': '>'}, 'number_of_value_exp_in_group_by': 1, 'having_type': {'single': 'SUM'}, 'orderby_type': 'none', 'limit_type': 'without_offset', 'value_exp_types': ['count_distinct_exp', 'count_distinct_exp', 'single_exp_number'], 'distinct_type': 'none', 'min_max_depth_in_subquery': [1, 1]}","SELECT COUNT(DISTINCT Policy_ID), COUNT(DISTINCT Claim_Type_Code), Amount_Piad, Claim_Type_Code FROM Claim_Headers WHERE  Policy_ID > 38 GROUP BY Claim_Type_Code HAVING SUM(Claim_Header_ID) <= 98 LIMIT 7"
"{'meaningful_joins': 'yes', 'table_exp_type': 'single_table', 'where_type': {'basic_comparison': '>='}, 'number_of_value_exp_in_group_by': 0, 'having_type': 'none', 'orderby_type': 'none', 'limit_type': 'without_offset', 'value_exp_types': ['single_exp_number'], 'distinct_type': 'none', 'min_max_depth_in_subquery': [1, 1]}",SELECT Customer_ID FROM Customers WHERE  Customer_ID >= 60 LIMIT 1
"{'meaningful_joins': 'yes', 'table_exp_type': 'single_table', 'where_type': {'basic_comparison': '>='}, 'number_of_value_exp_in_group_by': 0, 'having_type': 'none', 'orderby_type': 'none', 'limit_type': 'none', 'value_exp_types': ['count_distinct_exp', 'single_exp_number'], 'distinct_type': 'none', 'min_max_depth_in_subquery': [1, 1]}","SELECT COUNT(DISTINCT Customer_Details), Customer_ID FROM Customers WHERE  Customer_ID >= 91"
"{'meaningful_joins': 'yes', 'table_exp_type': 'JOIN_JOIN', 'where_type': {'basic_comparison': '='}, 'number_of_value_exp_in_group_by': 0, 'having_type': 'none', 'orderby_type': 'ASC', 'limit_type': 'without_offset', 'value_exp_types': ['agg_exp', 'single_exp_text'], 'distinct_type': 'none', 'min_max_depth_in_subquery': [1, 1]}","SELECT MIN(Claim_Header_ID), Staff_Details FROM Claim_Headers JOIN Claims_Processing JOIN Staff ON Claim_Headers.Claim_Header_ID = Claims_Processing.Claim_ID AND Staff.Staff_ID = Claims_Processing.Staff_ID WHERE  Claim_ID = 64 ORDER BY Staff_Details ASC LIMIT 10"
"{'meaningful_joins': 'yes', 'table_exp_type': 'single_table_with_name_changing', 'where_type': {'logical_operator': ['AND', 'basic_comparison', 'in_with_subquery']}, 'number_of_value_exp_in_group_by': 0, 'having_type': 'none', 'orderby_type': 'DESC', 'limit_type': 'none', 'value_exp_types': ['single_exp_number', 'single_exp_number'], 'distinct_type': 'none', 'min_max_depth_in_subquery': [1, 1]}","SELECT a.Policy_ID, a.Policy_ID FROM Policies AS a WHERE  a.Policy_ID >= 41 AND End_Date IN (SELECT End_Date FROM Policies AS i WHERE  i.Customer_ID != 5) ORDER BY a.Policy_ID DESC"
"{'meaningful_joins': 'yes', 'table_exp_type': 'single_table', 'where_type': {'basic_comparison': '!='}, 'number_of_value_exp_in_group_by': 0, 'having_type': 'none', 'orderby_type': 'none', 'limit_type': 'none', 'value_exp_types': ['count_distinct_exp', 'single_exp_number', 'single_exp_number'], 'distinct_type': 'none', 'min_max_depth_in_subquery': [1, 1]}","SELECT COUNT(DISTINCT Customer_Details), Customer_ID, Customer_ID FROM Customers WHERE  Customer_ID != 27"
"{'meaningful_joins': 'yes', 'table_exp_type': 'JOIN', 'where_type': {'logical_operator': ['AND', 'between', 'basic_comparison']}, 'number_of_value_exp_in_group_by': 0, 'having_type': 'none', 'orderby_type': 'none', 'limit_type': 'without_offset', 'value_exp_types': ['single_exp_number', 'single_exp_number', 'single_exp_number'], 'distinct_type': 'none', 'min_max_depth_in_subquery': [1, 1]}","SELECT Created_by_Staff_ID, Staff_ID, Staff_ID FROM Staff JOIN Claims_Documents ON Claims_Documents.Created_by_Staff_ID = Staff.Staff_ID WHERE Created_Date BETWEEN 1 AND 10 AND  Staff_ID > 97 LIMIT 10"
"{'meaningful_joins': 'yes', 'table_exp_type': 'single_table', 'where_type': {'basic_comparison': '!='}, 'number_of_value_exp_in_group_by': 0, 'having_type': 'none', 'orderby_type': 'DESC', 'limit_type': 'none', 'value_exp_types': ['count_distinct_exp', 'single_exp_number'], 'distinct_type': 'none', 'min_max_depth_in_subquery': [1, 1]}","SELECT COUNT(DISTINCT Staff_ID), Staff_ID FROM Staff WHERE  Staff_ID != 61 ORDER BY Staff_ID DESC"
"{'meaningful_joins': 'yes', 'table_exp_type': 'single_table', 'where_type': {'logical_operator': ['AND', 'between', 'basic_comparison']}, 'number_of_value_exp_in_group_by': 0, 'having_type': 'none', 'orderby_type': 'ASC', 'limit_type': 'without_offset', 'value_exp_types': ['single_exp_number', 'single_exp_number'], 'distinct_type': 'none', 'min_max_depth_in_subquery': [1, 1]}","SELECT Staff_ID, Staff_ID FROM Staff WHERE Staff_ID BETWEEN 1 AND 10 AND  Staff_ID != 61 ORDER BY Staff_ID ASC LIMIT 4"
"{'meaningful_joins': 'yes', 'table_exp_type': 'single_table', 'where_type': {'basic_comparison': '<='}, 'number_of_value_exp_in_group_by': 0, 'having_type': 'none', 'orderby_type': 'none', 'limit_type': 'without_offset', 'value_exp_types': ['single_exp_text'], 'distinct_type': 'none', 'min_max_depth_in_subquery': [1, 1]}",SELECT Claim_Type_Code FROM Claim_Headers WHERE  Policy_ID <= 17 LIMIT 7
"{'meaningful_joins': 'yes', 'table_exp_type': 'single_table_with_name_changing', 'where_type': {'basic_comparison': '>'}, 'number_of_value_exp_in_group_by': 1, 'having_type': {'single': 'COUNT'}, 'orderby_type': 'none', 'limit_type': 'none', 'value_exp_types': ['agg_exp', 'agg_exp'], 'distinct_type': 'none', 'min_max_depth_in_subquery': [1, 1]}","SELECT MAX(j.Created_by_Staff_ID), SUM(j.Claim_ID), j.Created_by_Staff_ID FROM Claims_Documents AS j WHERE  j.Claim_ID > 4 GROUP BY j.Created_by_Staff_ID HAVING COUNT(j.Created_Date) >= 31"
"{'meaningful_joins': 'yes', 'table_exp_type': 'single_table_with_name_changing', 'where_type': {'basic_comparison': '!='}, 'number_of_value_exp_in_group_by': 1, 'having_type': {'single': 'SUM'}, 'orderby_type': 'DESC', 'limit_type': 'none', 'value_exp_types': ['single_exp_number'], 'distinct_type': 'none', 'min_max_depth_in_subquery': [1, 1]}","SELECT l.Staff_ID, l.Staff_Details FROM Staff AS l WHERE  l.Staff_ID != 100 GROUP BY l.Staff_Details HAVING SUM(l.Staff_ID) = 64 ORDER BY l.Staff_ID DESC"
"{'meaningful_joins': 'yes', 'table_exp_type': 'single_table', 'where_type': {'basic_comparison': '='}, 'number_of_value_exp_in_group_by': 0, 'having_type': 'none', 'orderby_type': 'none', 'limit_type': 'without_offset', 'value_exp_types': ['single_exp_number'], 'distinct_type': 'none', 'min_max_depth_in_subquery': [1, 1]}",SELECT Claim_Stage_ID FROM Claims_Processing_Stages WHERE  Next_Claim_Stage_ID = 33 LIMIT 9
"{'meaningful_joins': 'yes', 'table_exp_type': 'single_table', 'where_type': {'basic_comparison': '='}, 'number_of_value_exp_in_group_by': 1, 'having_type': 'none', 'orderby_type': 'DESC', 'limit_type': 'none', 'value_exp_types': ['agg_exp', 'agg_exp', 'count_distinct_exp'], 'distinct_type': 'none', 'min_max_depth_in_subquery': [1, 1]}","SELECT MAX(Policy_ID), SUM(Customer_ID), COUNT(DISTINCT Start_Date), Start_Date FROM Policies WHERE  Customer_ID = 14 GROUP BY Start_Date ORDER BY Start_Date DESC"
"{'meaningful_joins': 'yes', 'table_exp_type': 'single_table_with_name_changing', 'where_type': 'none', 'number_of_value_exp_in_group_by': 0, 'having_type': 'none', 'orderby_type': 'none', 'limit_type': 'without_offset', 'value_exp_types': ['single_exp_number'], 'distinct_type': 'none', 'min_max_depth_in_subquery': [1, 1]}",SELECT z.Staff_ID FROM Staff AS z LIMIT 3
"{'meaningful_joins': 'yes', 'table_exp_type': 'JOIN_JOIN_JOIN', 'where_type': {'basic_comparison': '>'}, 'number_of_value_exp_in_group_by': 1, 'having_type': {'single': 'MIN'}, 'orderby_type': 'none', 'limit_type': 'without_offset', 'value_exp_types': ['single_exp_text'], 'distinct_type': 'none', 'min_max_depth_in_subquery': [1, 1]}","SELECT Document_Type_Code, Claims_Processing.Staff_ID FROM Claim_Headers JOIN Claims_Processing JOIN Staff JOIN Claims_Documents ON Claim_Headers.Claim_Header_ID = Claims_Processing.Claim_ID AND Claims_Documents.Created_by_Staff_ID = Staff.Staff_ID AND Staff.Staff_ID = Claims_Processing.Staff_ID WHERE  Claims_Processing.Claim_ID > 92 GROUP BY Claims_Processing.Staff_ID HAVING MIN(Amount_Claimed) >= 72 LIMIT 7"
"{'meaningful_joins': 'yes', 'table_exp_type': 'single_table_with_name_changing', 'where_type': {'basic_comparison': '<'}, 'number_of_value_exp_in_group_by': 1, 'having_type': {'single': 'SUM'}, 'orderby_type': 'none', 'limit_type': 'none', 'value_exp_types': ['single_exp_text', 'single_exp_text'], 'distinct_type': 'none', 'min_max_depth_in_subquery': [1, 1]}","SELECT h.Document_Type_Code, h.Document_Type_Code, h.Created_Date FROM Claims_Documents AS h WHERE  h.Created_Date < 9 GROUP BY h.Created_Date HAVING SUM(h.Created_Date) <= 74"
"{'meaningful_joins': 'yes', 'table_exp_type': 'single_table', 'where_type': {'basic_comparison': '<'}, 'number_of_value_exp_in_group_by': 0, 'having_type': 'none', 'orderby_type': 'none', 'limit_type': 'none', 'value_exp_types': ['single_exp_text'], 'distinct_type': 'none', 'min_max_depth_in_subquery': [1, 1]}",SELECT Claim_Outcome_Code FROM Claims_Processing WHERE  Claim_Processing_ID < 38
"{'meaningful_joins': 'yes', 'table_exp_type': 'SELF JOIN', 'where_type': {'basic_comparison': '<='}, 'number_of_value_exp_in_group_by': 1, 'having_type': {'single': 'COUNT'}, 'orderby_type': 'none', 'limit_type': 'none', 'value_exp_types': ['single_exp_number', 'single_exp_text'], 'distinct_type': 'none', 'min_max_depth_in_subquery': [1, 1]}","SELECT w.Created_by_Staff_ID, Claims_Documents.Document_Type_Code, w.Document_Type_Code FROM Claims_Documents AS w JOIN Claims_Documents ON Claims_Documents.Claim_ID = w.Claim_ID WHERE  w.Claim_ID <= 18 GROUP BY w.Document_Type_Code HAVING COUNT(w.Created_by_Staff_ID) <= 4"
"{'meaningful_joins': 'yes', 'table_exp_type': 'JOIN_JOIN', 'where_type': 'none', 'number_of_value_exp_in_group_by': 0, 'having_type': 'none', 'orderby_type': 'none', 'limit_type': 'without_offset', 'value_exp_types': ['agg_exp', 'agg_exp'], 'distinct_type': 'none', 'min_max_depth_in_subquery': [1, 1]}","SELECT MAX(Claims_Processing.Staff_ID), COUNT(Claim_Processing_ID) FROM Claim_Headers JOIN Claims_Processing JOIN Staff ON Claim_Headers.Claim_Header_ID = Claims_Processing.Claim_ID AND Staff.Staff_ID = Claims_Processing.Staff_ID LIMIT 3"
"{'meaningful_joins': 'yes', 'table_exp_type': 'single_table', 'where_type': {'basic_comparison': '='}, 'number_of_value_exp_in_group_by': 0, 'having_type': 'none', 'orderby_type': 'none', 'limit_type': 'none', 'value_exp_types': ['agg_exp', 'single_exp_text'], 'distinct_type': 'none', 'min_max_depth_in_subquery': [1, 1]}","SELECT COUNT(Policy_ID), Claim_Type_Code FROM Claim_Headers WHERE  Claim_Header_ID = 4"
"{'meaningful_joins': 'yes', 'table_exp_type': 'single_table_with_name_changing', 'where_type': {'basic_comparison': '='}, 'number_of_value_exp_in_group_by': 0, 'having_type': 'none', 'orderby_type': 'ASC', 'limit_type': 'none', 'value_exp_types': ['single_exp_number', 'single_exp_number', 'single_exp_number'], 'distinct_type': 'none', 'min_max_depth_in_subquery': [1, 1]}","SELECT z.Customer_ID, z.Policy_ID, z.Customer_ID FROM Policies AS z WHERE  z.Policy_ID = 7 ORDER BY z.Policy_ID ASC"
"{'meaningful_joins': 'yes', 'table_exp_type': 'single_table_with_name_changing', 'where_type': 'between', 'number_of_value_exp_in_group_by': 0, 'having_type': 'none', 'orderby_type': 'none', 'limit_type': 'without_offset', 'value_exp_types': ['single_exp_number'], 'distinct_type': 'none', 'min_max_depth_in_subquery': [1, 1]}",SELECT t.Claim_ID FROM Claims_Documents AS t WHERE t.Created_by_Staff_ID BETWEEN 1 AND 10 LIMIT 4
"{'meaningful_joins': 'yes', 'table_exp_type': 'JOIN', 'where_type': 'not_exists_subquery', 'number_of_value_exp_in_group_by': 1, 'having_type': {'single': 'MAX'}, 'orderby_type': 'none', 'limit_type': 'without_offset', 'value_exp_types': ['count_distinct_exp', 'count_distinct_exp'], 'distinct_type': 'none', 'min_max_depth_in_subquery': [1, 1]}","SELECT COUNT(DISTINCT Staff_Details), COUNT(DISTINCT Claims_Processing.Staff_ID), Claim_Stage_ID FROM Claims_Processing JOIN Staff ON Staff.Staff_ID = Claims_Processing.Staff_ID WHERE EXISTS (SELECT * FROM Staff AS q WHERE  q.Staff_ID >= 91 AND Claims_Processing.Claim_Processing_ID = q.Staff_ID) GROUP BY Claim_Stage_ID HAVING MAX(Claim_Stage_ID) > 47 LIMIT 9"
