Specification,query
"{'meaningful_joins': 'yes', 'table_exp_type': 'single_table', 'where_type': {'logical_operator': ['OR', 'between', 'basic_comparison']}, 'number_of_value_exp_in_group_by': 0, 'having_type': 'none', 'orderby_type': 'none', 'limit_type': 'without_offset', 'value_exp_types': ['single_exp_number'], 'distinct_type': 'none', 'min_max_depth_in_subquery': [1, 1]}",SELECT Customer_ID FROM Customers_Policies WHERE Customer_ID BETWEEN 1 AND 10 OR  Customer_ID < 59 LIMIT 2
"{'meaningful_joins': 'yes', 'table_exp_type': 'single_table', 'where_type': {'basic_comparison': '>'}, 'number_of_value_exp_in_group_by': 0, 'having_type': 'none', 'orderby_type': 'none', 'limit_type': 'none', 'value_exp_types': ['count_distinct_exp'], 'distinct_type': 'none', 'min_max_depth_in_subquery': [1, 1]}",SELECT COUNT(DISTINCT Settlement_Amount) FROM Settlements WHERE  Settlement_ID > 21
"{'meaningful_joins': 'yes', 'table_exp_type': 'single_table', 'where_type': {'basic_comparison': '<='}, 'number_of_value_exp_in_group_by': 1, 'having_type': {'single': 'MIN'}, 'orderby_type': 'ASC', 'limit_type': 'without_offset', 'value_exp_types': ['single_exp_number'], 'distinct_type': 'none', 'min_max_depth_in_subquery': [1, 1]}",SELECT FNOL_ID FROM Claims WHERE  FNOL_ID <= 99 GROUP BY FNOL_ID HAVING MIN(FNOL_ID) >= 71 ORDER BY FNOL_ID ASC LIMIT 9
"{'meaningful_joins': 'yes', 'table_exp_type': 'single_table', 'where_type': {'logical_operator': ['OR', 'between', 'in_with_subquery']}, 'number_of_value_exp_in_group_by': 1, 'having_type': {'single': 'AVG'}, 'orderby_type': 'DESC', 'limit_type': 'none', 'value_exp_types': ['count_distinct_exp'], 'distinct_type': 'none', 'min_max_depth_in_subquery': [1, 1]}","SELECT COUNT(DISTINCT Settlement_ID), Settlement_Amount FROM Settlements WHERE Claim_ID BETWEEN 1 AND 10 OR Settlement_ID IN (SELECT Settlement_ID FROM Settlements WHERE  Claim_ID > 52) GROUP BY Settlement_Amount HAVING AVG(Settlement_Amount) > 66 ORDER BY Settlement_Amount DESC"
"{'meaningful_joins': 'yes', 'table_exp_type': 'SELF JOIN', 'where_type': {'logical_operator': ['AND', 'between', 'in_with_subquery']}, 'number_of_value_exp_in_group_by': 1, 'having_type': 'none', 'orderby_type': 'none', 'limit_type': 'none', 'value_exp_types': ['single_exp_text', 'single_exp_text'], 'distinct_type': 'none', 'min_max_depth_in_subquery': [1, 1]}","SELECT g.Customer_name, Customers.Customer_name FROM Customers AS g JOIN Customers ON Customers.Customer_ID = g.Customer_ID WHERE g.Customer_ID BETWEEN 1 AND 10 AND Customer_ID IN (SELECT Customer_ID FROM Customers WHERE Customer_ID BETWEEN 1 AND 10 OR  Customer_ID > 95 LIMIT 10) GROUP BY g.Customer_name"
"{'meaningful_joins': 'yes', 'table_exp_type': 'JOIN', 'where_type': {'basic_comparison': '>='}, 'number_of_value_exp_in_group_by': 0, 'having_type': 'none', 'orderby_type': 'DESC', 'limit_type': 'none', 'value_exp_types': ['count_distinct_exp', 'single_exp_number', 'single_exp_text'], 'distinct_type': 'none', 'min_max_depth_in_subquery': [1, 1]}","SELECT COUNT(DISTINCT Date_Opened), Customer_ID, policy_type_code FROM Customers_Policies JOIN Available_Policies ON Customers_Policies.Policy_ID = Available_Policies.Policy_ID WHERE  Customer_ID >= 89 ORDER BY policy_type_code DESC"
"{'meaningful_joins': 'yes', 'table_exp_type': 'JOIN_JOIN_JOIN', 'where_type': {'basic_comparison': '<='}, 'number_of_value_exp_in_group_by': 0, 'having_type': 'none', 'orderby_type': 'ASC', 'limit_type': 'without_offset', 'value_exp_types': ['agg_exp', 'single_exp_number'], 'distinct_type': 'none', 'min_max_depth_in_subquery': [1, 1]}","SELECT MAX(First_Notification_of_Loss.Customer_ID), First_Notification_of_Loss.Customer_ID FROM Customers_Policies JOIN Available_Policies JOIN First_Notification_of_Loss JOIN Customers ON Customers_Policies.Policy_ID = Available_Policies.Policy_ID AND Customers_Policies.Customer_ID = First_Notification_of_Loss.Customer_ID AND First_Notification_of_Loss.Policy_ID = Customers_Policies.Policy_ID AND Customers.Customer_ID = Customers_Policies.Customer_ID WHERE  First_Notification_of_Loss.Customer_ID <= 100 ORDER BY First_Notification_of_Loss.Customer_ID ASC LIMIT 6"
"{'meaningful_joins': 'yes', 'table_exp_type': 'SELF JOIN', 'where_type': 'between', 'number_of_value_exp_in_group_by': 1, 'having_type': {'single': 'MIN'}, 'orderby_type': 'ASC', 'limit_type': 'without_offset', 'value_exp_types': ['single_exp_text'], 'distinct_type': 'none', 'min_max_depth_in_subquery': [1, 1]}",SELECT d.policy_type_code FROM Available_Policies JOIN Available_Policies AS d ON Available_Policies.Policy_ID = d.Policy_ID WHERE d.Policy_ID BETWEEN 1 AND 10 GROUP BY d.policy_type_code HAVING MIN(d.Policy_ID) <= 57 ORDER BY d.policy_type_code ASC LIMIT 6
"{'meaningful_joins': 'yes', 'table_exp_type': 'single_table_with_name_changing', 'where_type': {'basic_comparison': '>='}, 'number_of_value_exp_in_group_by': 0, 'having_type': 'none', 'orderby_type': 'ASC', 'limit_type': 'without_offset', 'value_exp_types': ['count_distinct_exp', 'single_exp_number'], 'distinct_type': 'none', 'min_max_depth_in_subquery': [1, 1]}","SELECT COUNT(DISTINCT p.Claim_ID), p.FNOL_ID FROM Claims AS p WHERE  p.FNOL_ID >= 90 ORDER BY p.FNOL_ID ASC LIMIT 10"
"{'meaningful_joins': 'yes', 'table_exp_type': 'SELF JOIN', 'where_type': {'basic_comparison': '='}, 'number_of_value_exp_in_group_by': 1, 'having_type': 'none', 'orderby_type': 'DESC', 'limit_type': 'none', 'value_exp_types': ['single_exp_number', 'single_exp_number', 'single_exp_number'], 'distinct_type': 'none', 'min_max_depth_in_subquery': [1, 1]}","SELECT q.Customer_ID, First_Notification_of_Loss.FNOL_ID, First_Notification_of_Loss.FNOL_ID FROM First_Notification_of_Loss JOIN First_Notification_of_Loss AS q ON First_Notification_of_Loss.FNOL_ID = q.FNOL_ID WHERE  First_Notification_of_Loss.Policy_ID = 11 GROUP BY q.Customer_ID ORDER BY q.Customer_ID DESC"
"{'meaningful_joins': 'yes', 'table_exp_type': 'single_table_with_name_changing', 'where_type': {'basic_comparison': '!='}, 'number_of_value_exp_in_group_by': 0, 'having_type': 'none', 'orderby_type': 'none', 'limit_type': 'none', 'value_exp_types': ['agg_exp', 'single_exp_number'], 'distinct_type': 'none', 'min_max_depth_in_subquery': [1, 1]}","SELECT MAX(a.Customer_ID), a.Policy_ID FROM Customers_Policies AS a WHERE  a.Policy_ID != 66"
"{'meaningful_joins': 'yes', 'table_exp_type': 'SELF JOIN', 'where_type': {'basic_comparison': '='}, 'number_of_value_exp_in_group_by': 0, 'having_type': 'none', 'orderby_type': 'none', 'limit_type': 'none', 'value_exp_types': ['agg_exp', 'count_distinct_exp'], 'distinct_type': 'none', 'min_max_depth_in_subquery': [1, 1]}","SELECT MAX(Customers.Customer_ID), COUNT(DISTINCT Customers.Customer_name) FROM Customers JOIN Customers AS v ON Customers.Customer_ID = v.Customer_ID WHERE  Customers.Customer_ID = 6"
"{'meaningful_joins': 'yes', 'table_exp_type': 'single_table', 'where_type': {'logical_operator': ['OR', 'between', 'in_with_subquery']}, 'number_of_value_exp_in_group_by': 0, 'having_type': 'none', 'orderby_type': 'none', 'limit_type': 'none', 'value_exp_types': ['agg_exp'], 'distinct_type': 'none', 'min_max_depth_in_subquery': [1, 1]}",SELECT AVG(Service_ID) FROM First_Notification_of_Loss WHERE Customer_ID BETWEEN 1 AND 10 OR Service_ID IN (SELECT Service_ID FROM First_Notification_of_Loss WHERE  FNOL_ID >= 50)
"{'meaningful_joins': 'yes', 'table_exp_type': 'single_table', 'where_type': {'logical_operator': ['OR', 'basic_comparison', 'in_with_subquery']}, 'number_of_value_exp_in_group_by': 0, 'having_type': 'none', 'orderby_type': 'DESC', 'limit_type': 'none', 'value_exp_types': ['single_exp_number', 'single_exp_number'], 'distinct_type': 'none', 'min_max_depth_in_subquery': [1, 1]}","SELECT Customer_ID, Customer_ID FROM Customers WHERE  Customer_ID <= 79 OR Customer_ID IN (SELECT Customer_ID FROM First_Notification_of_Loss AS w WHERE  w.FNOL_ID != 21) ORDER BY Customer_ID DESC"
"{'meaningful_joins': 'yes', 'table_exp_type': 'JOIN_JOIN_JOIN', 'where_type': 'not_exists_subquery', 'number_of_value_exp_in_group_by': 0, 'having_type': 'none', 'orderby_type': 'none', 'limit_type': 'none', 'value_exp_types': ['single_exp_number', 'single_exp_number'], 'distinct_type': 'none', 'min_max_depth_in_subquery': [1, 1]}","SELECT Policy_ID, Settlement_Amount FROM Settlements JOIN First_Notification_of_Loss JOIN Claims JOIN Services ON First_Notification_of_Loss.FNOL_ID = Claims.FNOL_ID AND Claims.Claim_ID = Settlements.Claim_ID AND Services.Service_ID = First_Notification_of_Loss.Service_ID WHERE EXISTS (SELECT * FROM First_Notification_of_Loss AS q WHERE q.Service_ID BETWEEN 1 AND 10 AND Services.Service_ID = q.Service_ID)"
"{'meaningful_joins': 'yes', 'table_exp_type': 'JOIN_JOIN', 'where_type': 'not_in_with_subquery', 'number_of_value_exp_in_group_by': 0, 'having_type': 'none', 'orderby_type': 'none', 'limit_type': 'none', 'value_exp_types': ['count_distinct_exp'], 'distinct_type': 'none', 'min_max_depth_in_subquery': [1, 1]}",SELECT COUNT(DISTINCT Settlement_Amount) FROM Settlements JOIN First_Notification_of_Loss JOIN Claims ON First_Notification_of_Loss.FNOL_ID = Claims.FNOL_ID AND Claims.Claim_ID = Settlements.Claim_ID WHERE FNOL_ID NOT IN (SELECT FNOL_ID FROM Claims AS z WHERE  z.FNOL_ID <= 24)
"{'meaningful_joins': 'yes', 'table_exp_type': 'JOIN_JOIN', 'where_type': 'none', 'number_of_value_exp_in_group_by': 1, 'having_type': 'none', 'orderby_type': 'none', 'limit_type': 'without_offset', 'value_exp_types': ['count_distinct_exp'], 'distinct_type': 'none', 'min_max_depth_in_subquery': [1, 1]}","SELECT COUNT(DISTINCT FNOL_ID), First_Notification_of_Loss.Customer_ID FROM Customers_Policies JOIN First_Notification_of_Loss JOIN Customers ON Customers_Policies.Customer_ID = First_Notification_of_Loss.Customer_ID AND First_Notification_of_Loss.Policy_ID = Customers_Policies.Policy_ID AND Customers.Customer_ID = Customers_Policies.Customer_ID GROUP BY First_Notification_of_Loss.Customer_ID LIMIT 2"
"{'meaningful_joins': 'yes', 'table_exp_type': 'single_table_with_name_changing', 'where_type': {'basic_comparison': '>'}, 'number_of_value_exp_in_group_by': 0, 'having_type': 'none', 'orderby_type': 'none', 'limit_type': 'none', 'value_exp_types': ['agg_exp', 'count_distinct_exp'], 'distinct_type': 'none', 'min_max_depth_in_subquery': [1, 1]}","SELECT AVG(b.Service_ID), COUNT(DISTINCT b.Service_name) FROM Services AS b WHERE  b.Service_ID > 26"
"{'meaningful_joins': 'yes', 'table_exp_type': 'JOIN', 'where_type': {'basic_comparison': '<='}, 'number_of_value_exp_in_group_by': 0, 'having_type': 'none', 'orderby_type': 'none', 'limit_type': 'none', 'value_exp_types': ['count_distinct_exp'], 'distinct_type': 'none', 'min_max_depth_in_subquery': [1, 1]}",SELECT COUNT(DISTINCT Date_Closed) FROM Customers JOIN Customers_Policies ON Customers.Customer_ID = Customers_Policies.Customer_ID WHERE  Customers_Policies.Customer_ID <= 57
"{'meaningful_joins': 'yes', 'table_exp_type': 'single_table_with_name_changing', 'where_type': {'logical_operator': ['OR', 'between', 'basic_comparison']}, 'number_of_value_exp_in_group_by': 0, 'having_type': 'none', 'orderby_type': 'DESC', 'limit_type': 'none', 'value_exp_types': ['single_exp_number', 'single_exp_number'], 'distinct_type': 'none', 'min_max_depth_in_subquery': [1, 1]}","SELECT a.Claim_ID, a.Claim_ID FROM Claims AS a WHERE a.FNOL_ID BETWEEN 1 AND 10 OR  a.FNOL_ID <= 100 ORDER BY a.Claim_ID DESC"
"{'meaningful_joins': 'yes', 'table_exp_type': 'single_table_with_name_changing', 'where_type': {'basic_comparison': '='}, 'number_of_value_exp_in_group_by': 1, 'having_type': 'none', 'orderby_type': 'none', 'limit_type': 'none', 'value_exp_types': ['single_exp_number'], 'distinct_type': 'none', 'min_max_depth_in_subquery': [1, 1]}","SELECT f.Customer_ID, f.Policy_ID FROM Customers_Policies AS f WHERE  f.Policy_ID = 21 GROUP BY f.Policy_ID"
"{'meaningful_joins': 'yes', 'table_exp_type': 'single_table', 'where_type': {'logical_operator': ['AND', 'basic_comparison', 'comparison_with_subquery']}, 'number_of_value_exp_in_group_by': 1, 'having_type': 'none', 'orderby_type': 'none', 'limit_type': 'without_offset', 'value_exp_types': ['count_distinct_exp', 'single_exp_text'], 'distinct_type': 'none', 'min_max_depth_in_subquery': [1, 1]}","SELECT COUNT(DISTINCT Customer_Phone), policy_type_code, Customer_Phone FROM Available_Policies WHERE  Policy_ID != 81 AND Policy_ID >= (SELECT AVG(Policy_ID) FROM First_Notification_of_Loss AS l WHERE  l.FNOL_ID > 0) GROUP BY Customer_Phone LIMIT 7"
