Specification,query
"{'meaningful_joins': 'yes', 'table_exp_type': 'JOIN', 'where_type': {'logical_operator': ['AND', 'basic_comparison', 'comparison_with_subquery']}, 'number_of_value_exp_in_group_by': 0, 'having_type': 'none', 'orderby_type': 'DESC', 'limit_type': 'none', 'value_exp_types': ['single_exp_number'], 'distinct_type': 'none', 'min_max_depth_in_subquery': [1, 1]}",SELECT Policy_ID FROM Customers JOIN Customer_Policies ON Customer_Policies.Customer_ID = Customers.Customer_ID WHERE  Customer_Policies.Customer_ID = 51 AND Customer_ID <= (SELECT SUM(Customer_ID) FROM Customer_Policies) ORDER BY Policy_ID DESC
"{'meaningful_joins': 'yes', 'table_exp_type': 'JOIN_JOIN_JOIN', 'where_type': {'basic_comparison': '='}, 'number_of_value_exp_in_group_by': 0, 'having_type': 'none', 'orderby_type': 'none', 'limit_type': 'without_offset', 'value_exp_types': ['single_exp_text'], 'distinct_type': 'none', 'min_max_depth_in_subquery': [1, 1]}",SELECT Policy_Type_Code FROM Customers JOIN Claims JOIN Customer_Policies JOIN Settlements ON Customer_Policies.Customer_ID = Customers.Customer_ID AND Claims.Policy_ID = Customer_Policies.Policy_ID AND Settlements.Claim_ID = Claims.Claim_ID WHERE  Customer_Policies.Policy_ID = 40 LIMIT 6
"{'meaningful_joins': 'yes', 'table_exp_type': 'single_table', 'where_type': 'comparison_with_subquery', 'number_of_value_exp_in_group_by': 0, 'having_type': 'none', 'orderby_type': 'none', 'limit_type': 'none', 'value_exp_types': ['single_exp_number'], 'distinct_type': 'none', 'min_max_depth_in_subquery': [1, 1]}",SELECT Customer_Policy_ID FROM Settlements WHERE Settlement_ID = (SELECT MIN(Settlement_ID) FROM Payments WHERE  Payment_ID <= 34)
"{'meaningful_joins': 'yes', 'table_exp_type': 'JOIN_JOIN_JOIN', 'where_type': {'basic_comparison': '!='}, 'number_of_value_exp_in_group_by': 1, 'having_type': {'single': 'COUNT'}, 'orderby_type': 'none', 'limit_type': 'none', 'value_exp_types': ['single_exp_number'], 'distinct_type': 'none', 'min_max_depth_in_subquery': [1, 1]}","SELECT Customer_Policies.Customer_ID, Claims.Date_Claim_Settled FROM Customers JOIN Claims JOIN Customer_Policies JOIN Settlements ON Customer_Policies.Customer_ID = Customers.Customer_ID AND Claims.Policy_ID = Customer_Policies.Policy_ID AND Settlements.Claim_ID = Claims.Claim_ID WHERE  Claims.Claim_ID != 43 GROUP BY Claims.Date_Claim_Settled HAVING COUNT(Customer_Policies.Policy_ID) < 81"
"{'meaningful_joins': 'yes', 'table_exp_type': 'SELF JOIN', 'where_type': 'none', 'number_of_value_exp_in_group_by': 0, 'having_type': 'none', 'orderby_type': 'none', 'limit_type': 'none', 'value_exp_types': ['single_exp_number'], 'distinct_type': 'none', 'min_max_depth_in_subquery': [1, 1]}",SELECT y.Policy_ID FROM Claims AS y JOIN Claims ON Claims.Claim_ID = y.Claim_ID
"{'meaningful_joins': 'yes', 'table_exp_type': 'JOIN_JOIN_JOIN', 'where_type': {'basic_comparison': '!='}, 'number_of_value_exp_in_group_by': 0, 'having_type': 'none', 'orderby_type': 'none', 'limit_type': 'without_offset', 'value_exp_types': ['agg_exp', 'single_exp_text'], 'distinct_type': 'none', 'min_max_depth_in_subquery': [1, 1]}","SELECT MAX(Settlements.Amount_Settled), Customer_Details FROM Customers JOIN Claims JOIN Customer_Policies JOIN Settlements ON Customer_Policies.Customer_ID = Customers.Customer_ID AND Claims.Policy_ID = Customer_Policies.Policy_ID AND Settlements.Claim_ID = Claims.Claim_ID WHERE  Claims.Amount_Claimed != 19 LIMIT 10"
"{'meaningful_joins': 'yes', 'table_exp_type': 'single_table', 'where_type': {'logical_operator': ['AND', 'between', 'in_with_subquery']}, 'number_of_value_exp_in_group_by': 1, 'having_type': 'none', 'orderby_type': 'ASC', 'limit_type': 'none', 'value_exp_types': ['agg_exp', 'single_exp_number'], 'distinct_type': 'none', 'min_max_depth_in_subquery': [1, 1]}","SELECT COUNT(Payment_ID), Payment_ID, Date_Payment_Made FROM Payments WHERE Amount_Payment BETWEEN 1 AND 10 AND Payment_ID IN (SELECT Payment_ID FROM Payments AS m WHERE m.Amount_Payment BETWEEN 1 AND 10) GROUP BY Date_Payment_Made ORDER BY Payment_ID ASC"
"{'meaningful_joins': 'yes', 'table_exp_type': 'JOIN', 'where_type': {'logical_operator': ['AND', 'between', 'in_with_subquery']}, 'number_of_value_exp_in_group_by': 0, 'having_type': 'none', 'orderby_type': 'none', 'limit_type': 'none', 'value_exp_types': ['single_exp_text', 'single_exp_text'], 'distinct_type': 'none', 'min_max_depth_in_subquery': [1, 1]}","SELECT Customer_Details, Policy_Type_Code FROM Customers JOIN Customer_Policies ON Customer_Policies.Customer_ID = Customers.Customer_ID WHERE Customers.Customer_ID BETWEEN 1 AND 10 AND Customer_ID IN (SELECT Customer_ID FROM Customer_Policies AS n WHERE  n.Customer_ID <= 3 LIMIT 10)"
"{'meaningful_joins': 'yes', 'table_exp_type': 'single_table_with_name_changing', 'where_type': {'basic_comparison': '<='}, 'number_of_value_exp_in_group_by': 1, 'having_type': {'single': 'SUM'}, 'orderby_type': 'none', 'limit_type': 'none', 'value_exp_types': ['count_distinct_exp', 'count_distinct_exp', 'single_exp_number'], 'distinct_type': 'none', 'min_max_depth_in_subquery': [1, 1]}","SELECT COUNT(DISTINCT r.Date_Claim_Settled), COUNT(DISTINCT r.Date_Claim_Settled), r.Claim_ID, r.Date_Claim_Made FROM Settlements AS r WHERE  r.Settlement_ID <= 77 GROUP BY r.Date_Claim_Made HAVING SUM(r.Amount_Claimed) < 3"
"{'meaningful_joins': 'yes', 'table_exp_type': 'single_table', 'where_type': {'basic_comparison': '='}, 'number_of_value_exp_in_group_by': 0, 'having_type': 'none', 'orderby_type': 'DESC', 'limit_type': 'none', 'value_exp_types': ['single_exp_number'], 'distinct_type': 'none', 'min_max_depth_in_subquery': [1, 1]}",SELECT Customer_ID FROM Customers WHERE  Customer_ID = 7 ORDER BY Customer_ID DESC
"{'meaningful_joins': 'yes', 'table_exp_type': 'SELF JOIN', 'where_type': 'comparison_with_subquery', 'number_of_value_exp_in_group_by': 0, 'having_type': 'none', 'orderby_type': 'none', 'limit_type': 'none', 'value_exp_types': ['single_exp_number'], 'distinct_type': 'none', 'min_max_depth_in_subquery': [1, 1]}",SELECT n.Policy_ID FROM Customer_Policies AS n JOIN Customer_Policies ON Customer_Policies.Policy_ID = n.Policy_ID WHERE Start_Date <= (SELECT SUM(Start_Date) FROM Customer_Policies AS p WHERE  p.Customer_ID = 91 LIMIT 4)
"{'meaningful_joins': 'yes', 'table_exp_type': 'SELF JOIN', 'where_type': {'basic_comparison': '<'}, 'number_of_value_exp_in_group_by': 1, 'having_type': {'single': 'SUM'}, 'orderby_type': 'none', 'limit_type': 'without_offset', 'value_exp_types': ['agg_exp', 'agg_exp'], 'distinct_type': 'none', 'min_max_depth_in_subquery': [1, 1]}","SELECT MAX(i.Claim_ID), AVG(Settlements.Settlement_ID), i.Date_Claim_Settled FROM Settlements AS i JOIN Settlements ON Settlements.Settlement_ID = i.Settlement_ID WHERE  Settlements.Customer_Policy_ID < 64 GROUP BY i.Date_Claim_Settled HAVING SUM(Settlements.Settlement_ID) = 68 LIMIT 2"
"{'meaningful_joins': 'yes', 'table_exp_type': 'single_table', 'where_type': {'basic_comparison': '<='}, 'number_of_value_exp_in_group_by': 0, 'having_type': 'none', 'orderby_type': 'none', 'limit_type': 'none', 'value_exp_types': ['count_distinct_exp', 'single_exp_text'], 'distinct_type': 'none', 'min_max_depth_in_subquery': [1, 1]}","SELECT COUNT(DISTINCT Payment_ID), Payment_Method_Code FROM Payments WHERE  Settlement_ID <= 4"
"{'meaningful_joins': 'yes', 'table_exp_type': 'JOIN_JOIN_JOIN', 'where_type': 'between', 'number_of_value_exp_in_group_by': 1, 'having_type': {'single': 'AVG'}, 'orderby_type': 'none', 'limit_type': 'none', 'value_exp_types': ['agg_exp', 'agg_exp', 'count_distinct_exp'], 'distinct_type': 'none', 'min_max_depth_in_subquery': [1, 1]}","SELECT COUNT(Settlements.Amount_Settled), COUNT(Payments.Settlement_ID), COUNT(DISTINCT Claims.Policy_ID), Customer_ID FROM Customer_Policies JOIN Payments JOIN Claims JOIN Settlements ON Claims.Policy_ID = Customer_Policies.Policy_ID AND Settlements.Claim_ID = Claims.Claim_ID AND Payments.Settlement_ID = Settlements.Settlement_ID WHERE Customer_Policies.Policy_ID BETWEEN 1 AND 10 GROUP BY Customer_ID HAVING AVG(Customer_Policies.Policy_ID) <= 1"
"{'meaningful_joins': 'yes', 'table_exp_type': 'single_table', 'where_type': {'basic_comparison': '>='}, 'number_of_value_exp_in_group_by': 0, 'having_type': 'none', 'orderby_type': 'ASC', 'limit_type': 'none', 'value_exp_types': ['single_exp_text'], 'distinct_type': 'none', 'min_max_depth_in_subquery': [1, 1]}",SELECT Payment_Method_Code FROM Payments WHERE  Settlement_ID >= 55 ORDER BY Payment_Method_Code ASC
"{'meaningful_joins': 'yes', 'table_exp_type': 'single_table', 'where_type': 'none', 'number_of_value_exp_in_group_by': 0, 'having_type': 'none', 'orderby_type': 'DESC', 'limit_type': 'none', 'value_exp_types': ['single_exp_text'], 'distinct_type': 'none', 'min_max_depth_in_subquery': [1, 1]}",SELECT Policy_Type_Code FROM Customer_Policies ORDER BY Policy_Type_Code DESC
"{'meaningful_joins': 'yes', 'table_exp_type': 'single_table', 'where_type': {'logical_operator': ['AND', 'between', 'not_in_with_subquery']}, 'number_of_value_exp_in_group_by': 0, 'having_type': 'none', 'orderby_type': 'none', 'limit_type': 'without_offset', 'value_exp_types': ['count_distinct_exp', 'single_exp_text'], 'distinct_type': 'none', 'min_max_depth_in_subquery': [1, 1]}","SELECT COUNT(DISTINCT Amount_Payment), Payment_Method_Code FROM Payments WHERE Settlement_ID BETWEEN 1 AND 10 AND Date_Payment_Made NOT IN (SELECT Date_Payment_Made FROM Payments AS t WHERE t.Settlement_ID BETWEEN 1 AND 10) LIMIT 8"
"{'meaningful_joins': 'yes', 'table_exp_type': 'single_table', 'where_type': {'logical_operator': ['AND', 'between', 'basic_comparison']}, 'number_of_value_exp_in_group_by': 1, 'having_type': {'single': 'SUM'}, 'orderby_type': 'none', 'limit_type': 'none', 'value_exp_types': ['single_exp_number', 'single_exp_text'], 'distinct_type': 'none', 'min_max_depth_in_subquery': [1, 1]}","SELECT Amount_Payment, Payment_Method_Code, Date_Payment_Made FROM Payments WHERE Amount_Payment BETWEEN 1 AND 10 AND  Settlement_ID > 21 GROUP BY Date_Payment_Made HAVING SUM(Amount_Payment) < 92"
"{'meaningful_joins': 'yes', 'table_exp_type': 'single_table_with_name_changing', 'where_type': {'basic_comparison': '<='}, 'number_of_value_exp_in_group_by': 1, 'having_type': 'none', 'orderby_type': 'none', 'limit_type': 'none', 'value_exp_types': ['single_exp_text', 'single_exp_text'], 'distinct_type': 'none', 'min_max_depth_in_subquery': [1, 1]}","SELECT v.Customer_Details, v.Customer_Details FROM Customers AS v WHERE  v.Customer_ID <= 79 GROUP BY v.Customer_Details"
"{'meaningful_joins': 'yes', 'table_exp_type': 'single_table_with_name_changing', 'where_type': 'between', 'number_of_value_exp_in_group_by': 0, 'having_type': 'none', 'orderby_type': 'none', 'limit_type': 'none', 'value_exp_types': ['agg_exp', 'count_distinct_exp'], 'distinct_type': 'none', 'min_max_depth_in_subquery': [1, 1]}","SELECT COUNT(a.Customer_ID), COUNT(DISTINCT a.Customer_ID) FROM Customers AS a WHERE a.Customer_ID BETWEEN 1 AND 10"
"{'meaningful_joins': 'yes', 'table_exp_type': 'single_table_with_name_changing', 'where_type': {'logical_operator': ['AND', 'between', 'basic_comparison']}, 'number_of_value_exp_in_group_by': 0, 'having_type': 'none', 'orderby_type': 'none', 'limit_type': 'none', 'value_exp_types': ['single_exp_number', 'single_exp_text'], 'distinct_type': 'none', 'min_max_depth_in_subquery': [1, 1]}","SELECT f.Policy_ID, f.Policy_Type_Code FROM Customer_Policies AS f WHERE f.Customer_ID BETWEEN 1 AND 10 AND  f.Policy_ID <= 24"
"{'meaningful_joins': 'yes', 'table_exp_type': 'single_table_with_name_changing', 'where_type': {'logical_operator': ['OR', 'basic_comparison', 'comparison_with_subquery']}, 'number_of_value_exp_in_group_by': 0, 'having_type': 'none', 'orderby_type': 'none', 'limit_type': 'without_offset', 'value_exp_types': ['agg_exp', 'agg_exp'], 'distinct_type': 'none', 'min_max_depth_in_subquery': [1, 1]}","SELECT MAX(p.Customer_ID), COUNT(p.Customer_ID) FROM Customers AS p WHERE  p.Customer_ID > 14 OR Customer_Details > (SELECT MIN(Customer_Details) FROM Customers AS z WHERE  z.Customer_ID > 48) LIMIT 10"
"{'meaningful_joins': 'yes', 'table_exp_type': 'JOIN_JOIN', 'where_type': 'not_exists_subquery', 'number_of_value_exp_in_group_by': 0, 'having_type': 'none', 'orderby_type': 'none', 'limit_type': 'without_offset', 'value_exp_types': ['single_exp_number', 'single_exp_number'], 'distinct_type': 'none', 'min_max_depth_in_subquery': [1, 1]}","SELECT Policy_ID, Settlements.Claim_ID FROM Claims JOIN Settlements JOIN Payments ON Settlements.Claim_ID = Claims.Claim_ID AND Payments.Settlement_ID = Settlements.Settlement_ID WHERE EXISTS (SELECT * FROM Payments WHERE Settlements.Settlement_ID = Settlement_ID) LIMIT 2"
"{'meaningful_joins': 'yes', 'table_exp_type': 'JOIN_JOIN', 'where_type': 'comparison_with_subquery', 'number_of_value_exp_in_group_by': 0, 'having_type': 'none', 'orderby_type': 'none', 'limit_type': 'none', 'value_exp_types': ['single_exp_text', 'single_exp_text'], 'distinct_type': 'none', 'min_max_depth_in_subquery': [1, 1]}","SELECT Policy_Type_Code, Policy_Type_Code FROM Customer_Policies JOIN Claims JOIN Settlements ON Claims.Policy_ID = Customer_Policies.Policy_ID AND Settlements.Claim_ID = Claims.Claim_ID WHERE Amount_Claimed > (SELECT MIN(Amount_Claimed) FROM Claims WHERE  Amount_Settled >= 52)"
"{'meaningful_joins': 'yes', 'table_exp_type': 'SELF JOIN', 'where_type': 'none', 'number_of_value_exp_in_group_by': 1, 'having_type': {'single': 'MIN'}, 'orderby_type': 'none', 'limit_type': 'none', 'value_exp_types': ['single_exp_number', 'single_exp_text'], 'distinct_type': 'none', 'min_max_depth_in_subquery': [1, 1]}","SELECT w.Customer_ID, w.Customer_Details FROM Customers JOIN Customers AS w ON Customers.Customer_ID = w.Customer_ID GROUP BY w.Customer_Details HAVING MIN(Customers.Customer_ID) <= 14"
"{'meaningful_joins': 'yes', 'table_exp_type': 'JOIN_JOIN', 'where_type': 'between', 'number_of_value_exp_in_group_by': 0, 'having_type': 'none', 'orderby_type': 'none', 'limit_type': 'without_offset', 'value_exp_types': ['count_distinct_exp', 'single_exp_number'], 'distinct_type': 'none', 'min_max_depth_in_subquery': [1, 1]}","SELECT COUNT(DISTINCT Claims.Amount_Settled), Claims.Claim_ID FROM Claims JOIN Settlements JOIN Payments ON Settlements.Claim_ID = Claims.Claim_ID AND Payments.Settlement_ID = Settlements.Settlement_ID WHERE Policy_ID BETWEEN 1 AND 10 LIMIT 2"
"{'meaningful_joins': 'yes', 'table_exp_type': 'JOIN_JOIN', 'where_type': {'basic_comparison': '!='}, 'number_of_value_exp_in_group_by': 0, 'having_type': 'none', 'orderby_type': 'none', 'limit_type': 'none', 'value_exp_types': ['single_exp_number', 'single_exp_text'], 'distinct_type': 'none', 'min_max_depth_in_subquery': [1, 1]}","SELECT Claims.Amount_Claimed, Policy_Type_Code FROM Customer_Policies JOIN Claims JOIN Settlements ON Claims.Policy_ID = Customer_Policies.Policy_ID AND Settlements.Claim_ID = Claims.Claim_ID WHERE  Settlements.Amount_Settled != 24"
"{'meaningful_joins': 'yes', 'table_exp_type': 'single_table_with_name_changing', 'where_type': {'basic_comparison': '>'}, 'number_of_value_exp_in_group_by': 0, 'having_type': 'none', 'orderby_type': 'none', 'limit_type': 'none', 'value_exp_types': ['agg_exp'], 'distinct_type': 'none', 'min_max_depth_in_subquery': [1, 1]}",SELECT COUNT(r.Customer_Policy_ID) FROM Settlements AS r WHERE  r.Settlement_ID > 20
"{'meaningful_joins': 'yes', 'table_exp_type': 'single_table', 'where_type': {'basic_comparison': '<'}, 'number_of_value_exp_in_group_by': 1, 'having_type': {'single': 'AVG'}, 'orderby_type': 'ASC', 'limit_type': 'none', 'value_exp_types': ['single_exp_number', 'single_exp_number'], 'distinct_type': 'none', 'min_max_depth_in_subquery': [1, 1]}","SELECT Customer_ID, Customer_ID, Customer_Details FROM Customers WHERE  Customer_ID < 69 GROUP BY Customer_Details HAVING AVG(Customer_ID) > 76 ORDER BY Customer_ID ASC"
"{'meaningful_joins': 'yes', 'table_exp_type': 'single_table_with_name_changing', 'where_type': {'logical_operator': ['OR', 'between', 'not_in_with_subquery']}, 'number_of_value_exp_in_group_by': 1, 'having_type': 'none', 'orderby_type': 'ASC', 'limit_type': 'none', 'value_exp_types': ['agg_exp', 'count_distinct_exp'], 'distinct_type': 'none', 'min_max_depth_in_subquery': [1, 1]}","SELECT COUNT(v.Customer_Policy_ID), COUNT(DISTINCT v.Customer_Policy_ID), v.Amount_Claimed FROM Settlements AS v WHERE v.Amount_Settled BETWEEN 1 AND 10 OR Amount_Claimed NOT IN (SELECT Amount_Claimed FROM Claims AS x WHERE  x.Amount_Claimed <= 14) GROUP BY v.Amount_Claimed ORDER BY v.Amount_Claimed ASC"
"{'meaningful_joins': 'yes', 'table_exp_type': 'single_table', 'where_type': 'none', 'number_of_value_exp_in_group_by': 1, 'having_type': {'single': 'COUNT'}, 'orderby_type': 'DESC', 'limit_type': 'none', 'value_exp_types': ['agg_exp', 'single_exp_text'], 'distinct_type': 'none', 'min_max_depth_in_subquery': [1, 1]}","SELECT COUNT(Payment_ID), Payment_Method_Code, Date_Payment_Made FROM Payments GROUP BY Date_Payment_Made HAVING COUNT(Settlement_ID) = 100 ORDER BY Payment_Method_Code DESC"
"{'meaningful_joins': 'yes', 'table_exp_type': 'JOIN', 'where_type': {'basic_comparison': '>'}, 'number_of_value_exp_in_group_by': 0, 'having_type': 'none', 'orderby_type': 'none', 'limit_type': 'none', 'value_exp_types': ['agg_exp', 'single_exp_number', 'single_exp_number'], 'distinct_type': 'none', 'min_max_depth_in_subquery': [1, 1]}","SELECT MAX(Amount_Claimed), Claims.Policy_ID, Customer_ID FROM Customer_Policies JOIN Claims ON Claims.Policy_ID = Customer_Policies.Policy_ID WHERE  Claims.Policy_ID > 16"
"{'meaningful_joins': 'yes', 'table_exp_type': 'single_table', 'where_type': {'logical_operator': ['AND', 'basic_comparison', 'not_exists_subquery']}, 'number_of_value_exp_in_group_by': 1, 'having_type': 'none', 'orderby_type': 'none', 'limit_type': 'without_offset', 'value_exp_types': ['agg_exp', 'agg_exp', 'single_exp_text'], 'distinct_type': 'none', 'min_max_depth_in_subquery': [1, 1]}","SELECT SUM(Amount_Payment), AVG(Payment_ID), Payment_Method_Code, Settlement_ID FROM Payments WHERE  Payment_ID != 48 AND EXISTS (SELECT * FROM Settlements AS m WHERE  m.Claim_ID > 23 AND Payments.Payment_ID = m.Settlement_ID) GROUP BY Settlement_ID LIMIT 4"
"{'meaningful_joins': 'yes', 'table_exp_type': 'JOIN', 'where_type': {'basic_comparison': '<'}, 'number_of_value_exp_in_group_by': 1, 'having_type': 'none', 'orderby_type': 'none', 'limit_type': 'none', 'value_exp_types': ['agg_exp', 'single_exp_number'], 'distinct_type': 'none', 'min_max_depth_in_subquery': [1, 1]}","SELECT COUNT(Amount_Payment), Amount_Claimed, Date_Payment_Made FROM Settlements JOIN Payments ON Payments.Settlement_ID = Settlements.Settlement_ID WHERE  Settlements.Settlement_ID < 91 GROUP BY Date_Payment_Made"
"{'meaningful_joins': 'yes', 'table_exp_type': 'JOIN', 'where_type': {'basic_comparison': '<='}, 'number_of_value_exp_in_group_by': 0, 'having_type': 'none', 'orderby_type': 'none', 'limit_type': 'none', 'value_exp_types': ['count_distinct_exp', 'single_exp_text'], 'distinct_type': 'none', 'min_max_depth_in_subquery': [1, 1]}","SELECT COUNT(DISTINCT Start_Date), Policy_Type_Code FROM Customers JOIN Customer_Policies ON Customer_Policies.Customer_ID = Customers.Customer_ID WHERE  Policy_ID <= 87"
"{'meaningful_joins': 'yes', 'table_exp_type': 'JOIN_JOIN', 'where_type': {'basic_comparison': '>='}, 'number_of_value_exp_in_group_by': 1, 'having_type': 'none', 'orderby_type': 'ASC', 'limit_type': 'none', 'value_exp_types': ['agg_exp'], 'distinct_type': 'none', 'min_max_depth_in_subquery': [1, 1]}","SELECT MAX(Settlements.Amount_Settled), Settlements.Date_Claim_Made FROM Claims JOIN Settlements JOIN Payments ON Settlements.Claim_ID = Claims.Claim_ID AND Payments.Settlement_ID = Settlements.Settlement_ID WHERE  Settlements.Claim_ID >= 20 GROUP BY Settlements.Date_Claim_Made ORDER BY Settlements.Date_Claim_Made ASC"
"{'meaningful_joins': 'yes', 'table_exp_type': 'JOIN', 'where_type': {'basic_comparison': '>'}, 'number_of_value_exp_in_group_by': 0, 'having_type': 'none', 'orderby_type': 'ASC', 'limit_type': 'without_offset', 'value_exp_types': ['agg_exp', 'single_exp_number'], 'distinct_type': 'none', 'min_max_depth_in_subquery': [1, 1]}","SELECT COUNT(Settlements.Amount_Settled), Claims.Amount_Settled FROM Claims JOIN Settlements ON Settlements.Claim_ID = Claims.Claim_ID WHERE  Settlements.Claim_ID > 46 ORDER BY Claims.Amount_Settled ASC LIMIT 2"
"{'meaningful_joins': 'yes', 'table_exp_type': 'JOIN', 'where_type': {'basic_comparison': '!='}, 'number_of_value_exp_in_group_by': 0, 'having_type': 'none', 'orderby_type': 'ASC', 'limit_type': 'none', 'value_exp_types': ['agg_exp', 'single_exp_text'], 'distinct_type': 'none', 'min_max_depth_in_subquery': [1, 1]}","SELECT MAX(Policy_ID), Customer_Details FROM Customers JOIN Customer_Policies ON Customer_Policies.Customer_ID = Customers.Customer_ID WHERE  Policy_ID != 65 ORDER BY Customer_Details ASC"
"{'meaningful_joins': 'yes', 'table_exp_type': 'JOIN', 'where_type': {'basic_comparison': '>='}, 'number_of_value_exp_in_group_by': 1, 'having_type': {'single': 'AVG'}, 'orderby_type': 'none', 'limit_type': 'without_offset', 'value_exp_types': ['agg_exp'], 'distinct_type': 'none', 'min_max_depth_in_subquery': [1, 1]}","SELECT SUM(Claims.Policy_ID), Date_Claim_Made FROM Customer_Policies JOIN Claims ON Claims.Policy_ID = Customer_Policies.Policy_ID WHERE  Amount_Claimed >= 13 GROUP BY Date_Claim_Made HAVING AVG(Customer_ID) < 99 LIMIT 7"
