Specification,query
"{'meaningful_joins': 'yes', 'table_exp_type': 'JOIN_JOIN', 'where_type': {'logical_operator': ['AND', 'basic_comparison', 'not_in_with_subquery']}, 'number_of_value_exp_in_group_by': 1, 'having_type': {'single': 'MAX'}, 'orderby_type': 'none', 'limit_type': 'none', 'value_exp_types': ['agg_exp', 'agg_exp'], 'distinct_type': 'none', 'min_max_depth_in_subquery': [1, 1]}","SELECT SUM(Things.thing_id), SUM(Organizations.organization_id), Status_of_Thing_Code FROM Timed_Status_of_Things JOIN Things JOIN Organizations ON Things.organization_id = Organizations.organization_id AND Things.thing_id = Timed_Status_of_Things.thing_id WHERE  Organizations.organization_id = 99 AND Status_of_Thing_Code NOT IN (SELECT Status_of_Thing_Code FROM Timed_Status_of_Things LIMIT 9) GROUP BY Status_of_Thing_Code HAVING MAX(Things.thing_id) <= 62"
"{'meaningful_joins': 'yes', 'table_exp_type': 'JOIN', 'where_type': {'logical_operator': ['OR', 'between', 'basic_comparison']}, 'number_of_value_exp_in_group_by': 0, 'having_type': 'none', 'orderby_type': 'none', 'limit_type': 'none', 'value_exp_types': ['single_exp_number', 'single_exp_number', 'single_exp_number'], 'distinct_type': 'none', 'min_max_depth_in_subquery': [1, 1]}","SELECT Things.organization_id, Organizations.organization_id, parent_organization_id FROM Things JOIN Organizations ON Things.organization_id = Organizations.organization_id WHERE thing_id BETWEEN 1 AND 10 OR  Things.organization_id = 89"
"{'meaningful_joins': 'yes', 'table_exp_type': 'single_table', 'where_type': {'basic_comparison': '<'}, 'number_of_value_exp_in_group_by': 1, 'having_type': 'none', 'orderby_type': 'none', 'limit_type': 'without_offset', 'value_exp_types': ['single_exp_text', 'single_exp_text', 'single_exp_text'], 'distinct_type': 'none', 'min_max_depth_in_subquery': [1, 1]}","SELECT service_type_code, service_type_code, service_type_code, resident_id FROM Customer_Event_Notes WHERE  property_id < 20 GROUP BY resident_id LIMIT 8"
"{'meaningful_joins': 'yes', 'table_exp_type': 'single_table_with_name_changing', 'where_type': {'basic_comparison': '<='}, 'number_of_value_exp_in_group_by': 1, 'having_type': {'single': 'AVG'}, 'orderby_type': 'none', 'limit_type': 'none', 'value_exp_types': ['count_distinct_exp', 'single_exp_text'], 'distinct_type': 'none', 'min_max_depth_in_subquery': [1, 1]}","SELECT COUNT(DISTINCT a.thing_id), a.Status_of_Thing_Code FROM Timed_Status_of_Things AS a WHERE  a.thing_id <= 27 GROUP BY a.Status_of_Thing_Code HAVING AVG(a.thing_id) < 19"
"{'meaningful_joins': 'yes', 'table_exp_type': 'single_table', 'where_type': 'in_with_subquery', 'number_of_value_exp_in_group_by': 0, 'having_type': 'none', 'orderby_type': 'DESC', 'limit_type': 'none', 'value_exp_types': ['single_exp_text', 'single_exp_text', 'single_exp_text'], 'distinct_type': 'none', 'min_max_depth_in_subquery': [1, 1]}","SELECT other_details, property_address, property_type_code FROM Properties WHERE property_id IN (SELECT property_id FROM Residents_Services WHERE resident_id BETWEEN 1 AND 10) ORDER BY other_details DESC"
"{'meaningful_joins': 'yes', 'table_exp_type': 'single_table', 'where_type': {'logical_operator': ['AND', 'basic_comparison', 'not_in_with_subquery']}, 'number_of_value_exp_in_group_by': 1, 'having_type': 'none', 'orderby_type': 'ASC', 'limit_type': 'none', 'value_exp_types': ['single_exp_number'], 'distinct_type': 'none', 'min_max_depth_in_subquery': [1, 1]}","SELECT thing_id, Date_and_Time FROM Timed_Locations_of_Things WHERE  thing_id <= 61 AND thing_id NOT IN (SELECT thing_id FROM Things) GROUP BY Date_and_Time ORDER BY thing_id ASC"
"{'meaningful_joins': 'yes', 'table_exp_type': 'JOIN', 'where_type': 'none', 'number_of_value_exp_in_group_by': 0, 'having_type': 'none', 'orderby_type': 'none', 'limit_type': 'none', 'value_exp_types': ['count_distinct_exp'], 'distinct_type': 'none', 'min_max_depth_in_subquery': [1, 1]}",SELECT COUNT(DISTINCT service_type_code) FROM Organizations JOIN Services ON Services.organization_id = Organizations.organization_id
"{'meaningful_joins': 'yes', 'table_exp_type': 'SELF JOIN', 'where_type': {'logical_operator': ['AND', 'between', 'basic_comparison']}, 'number_of_value_exp_in_group_by': 0, 'having_type': 'none', 'orderby_type': 'none', 'limit_type': 'none', 'value_exp_types': ['agg_exp', 'single_exp_number'], 'distinct_type': 'none', 'min_max_depth_in_subquery': [1, 1]}","SELECT MIN(a.customer_id), a.thing_id FROM Customer_Events AS a JOIN Customer_Events ON Customer_Events.Customer_Event_ID = a.Customer_Event_ID WHERE a.Customer_Event_ID BETWEEN 1 AND 10 AND  a.Customer_Event_ID = 19"
"{'meaningful_joins': 'yes', 'table_exp_type': 'JOIN', 'where_type': {'logical_operator': ['AND', 'between', 'basic_comparison']}, 'number_of_value_exp_in_group_by': 1, 'having_type': {'single': 'SUM'}, 'orderby_type': 'ASC', 'limit_type': 'none', 'value_exp_types': ['single_exp_number', 'single_exp_text'], 'distinct_type': 'none', 'min_max_depth_in_subquery': [1, 1]}","SELECT service_id, service_type_code, organization_details FROM Organizations JOIN Services ON Services.organization_id = Organizations.organization_id WHERE Services.organization_id BETWEEN 1 AND 10 AND  parent_organization_id >= 27 GROUP BY organization_details HAVING SUM(service_id) = 53 ORDER BY service_type_code ASC"
"{'meaningful_joins': 'yes', 'table_exp_type': 'single_table_with_name_changing', 'where_type': {'basic_comparison': '!='}, 'number_of_value_exp_in_group_by': 0, 'having_type': 'none', 'orderby_type': 'none', 'limit_type': 'none', 'value_exp_types': ['single_exp_number', 'single_exp_number'], 'distinct_type': 'none', 'min_max_depth_in_subquery': [1, 1]}","SELECT k.service_id, k.service_id FROM Residents_Services AS k WHERE  k.resident_id != 38"
"{'meaningful_joins': 'yes', 'table_exp_type': 'single_table', 'where_type': {'logical_operator': ['OR', 'basic_comparison', 'in_with_subquery']}, 'number_of_value_exp_in_group_by': 1, 'having_type': {'single': 'SUM'}, 'orderby_type': 'ASC', 'limit_type': 'none', 'value_exp_types': ['single_exp_number', 'single_exp_text'], 'distinct_type': 'none', 'min_max_depth_in_subquery': [1, 1]}","SELECT Customer_Event_ID, service_type_code, date_moved_in FROM Customer_Event_Notes WHERE  Customer_Event_Note_ID > 39 OR date_moved_in IN (SELECT date_moved_in FROM Customer_Event_Notes AS r WHERE r.property_id BETWEEN 1 AND 10 OR  r.property_id = 74) GROUP BY date_moved_in HAVING SUM(Customer_Event_Note_ID) > 6 ORDER BY date_moved_in ASC"
"{'meaningful_joins': 'yes', 'table_exp_type': 'JOIN', 'where_type': {'basic_comparison': '='}, 'number_of_value_exp_in_group_by': 0, 'having_type': 'none', 'orderby_type': 'none', 'limit_type': 'none', 'value_exp_types': ['single_exp_text'], 'distinct_type': 'none', 'min_max_depth_in_subquery': [1, 1]}",SELECT service_details FROM Things JOIN Timed_Locations_of_Things ON Timed_Locations_of_Things.thing_id = Things.thing_id WHERE  Timed_Locations_of_Things.thing_id = 80
"{'meaningful_joins': 'yes', 'table_exp_type': 'JOIN_JOIN', 'where_type': {'logical_operator': ['OR', 'between', 'basic_comparison']}, 'number_of_value_exp_in_group_by': 0, 'having_type': 'none', 'orderby_type': 'none', 'limit_type': 'none', 'value_exp_types': ['count_distinct_exp', 'single_exp_text'], 'distinct_type': 'none', 'min_max_depth_in_subquery': [1, 1]}","SELECT COUNT(DISTINCT Date_and_Time), service_details FROM Things JOIN Organizations JOIN Timed_Locations_of_Things ON Things.organization_id = Organizations.organization_id AND Timed_Locations_of_Things.thing_id = Things.thing_id WHERE Things.thing_id BETWEEN 1 AND 10 OR  Timed_Locations_of_Things.thing_id != 58"
"{'meaningful_joins': 'yes', 'table_exp_type': 'single_table', 'where_type': {'logical_operator': ['OR', 'between', 'not_in_with_subquery']}, 'number_of_value_exp_in_group_by': 0, 'having_type': 'none', 'orderby_type': 'none', 'limit_type': 'none', 'value_exp_types': ['agg_exp', 'single_exp_text'], 'distinct_type': 'none', 'min_max_depth_in_subquery': [1, 1]}","SELECT SUM(thing_id), Location_Code FROM Timed_Locations_of_Things WHERE thing_id BETWEEN 1 AND 10 OR Location_Code NOT IN (SELECT Location_Code FROM Timed_Locations_of_Things AS m WHERE m.thing_id BETWEEN 1 AND 10 OR  m.thing_id <= 55)"
"{'meaningful_joins': 'yes', 'table_exp_type': 'JOIN_JOIN_JOIN', 'where_type': 'comparison_with_subquery', 'number_of_value_exp_in_group_by': 0, 'having_type': 'none', 'orderby_type': 'none', 'limit_type': 'none', 'value_exp_types': ['agg_exp', 'count_distinct_exp', 'count_distinct_exp'], 'distinct_type': 'none', 'min_max_depth_in_subquery': [1, 1]}","SELECT COUNT(Organizations.organization_id), COUNT(DISTINCT Timed_Status_of_Things.thing_id), COUNT(DISTINCT Services.service_type_code) FROM Timed_Status_of_Things JOIN Things JOIN Organizations JOIN Services ON Things.organization_id = Organizations.organization_id AND Things.thing_id = Timed_Status_of_Things.thing_id AND Services.organization_id = Organizations.organization_id WHERE Date_and_Date != (SELECT MAX(Date_and_Date) FROM Timed_Status_of_Things LIMIT 2)"
"{'meaningful_joins': 'yes', 'table_exp_type': 'JOIN', 'where_type': {'logical_operator': ['OR', 'between', 'basic_comparison']}, 'number_of_value_exp_in_group_by': 1, 'having_type': 'none', 'orderby_type': 'DESC', 'limit_type': 'without_offset', 'value_exp_types': ['agg_exp'], 'distinct_type': 'none', 'min_max_depth_in_subquery': [1, 1]}","SELECT MAX(Services.organization_id), parent_organization_id FROM Organizations JOIN Services ON Services.organization_id = Organizations.organization_id WHERE service_id BETWEEN 1 AND 10 OR  service_id < 38 GROUP BY parent_organization_id ORDER BY parent_organization_id DESC LIMIT 1"
"{'meaningful_joins': 'yes', 'table_exp_type': 'JOIN_JOIN_JOIN', 'where_type': {'basic_comparison': '!='}, 'number_of_value_exp_in_group_by': 0, 'having_type': 'none', 'orderby_type': 'ASC', 'limit_type': 'none', 'value_exp_types': ['single_exp_text'], 'distinct_type': 'none', 'min_max_depth_in_subquery': [1, 1]}",SELECT property_type_code FROM Things JOIN Residents JOIN Customer_Events JOIN Properties ON Residents.property_id = Properties.property_id AND Residents.resident_id = Customer_Events.resident_id AND Residents.date_moved_in = Customer_Events.date_moved_in AND Customer_Events.property_id = Residents.property_id AND Customer_Events.thing_id = Things.thing_id WHERE  Customer_Events.resident_id != 13 ORDER BY property_type_code ASC
"{'meaningful_joins': 'yes', 'table_exp_type': 'JOIN_JOIN', 'where_type': {'logical_operator': ['OR', 'basic_comparison', 'in_with_subquery']}, 'number_of_value_exp_in_group_by': 0, 'having_type': 'none', 'orderby_type': 'none', 'limit_type': 'none', 'value_exp_types': ['agg_exp', 'single_exp_number'], 'distinct_type': 'none', 'min_max_depth_in_subquery': [1, 1]}","SELECT AVG(Residents.property_id), Residents_Services.resident_id FROM Residents_Services JOIN Residents JOIN Properties ON Residents.property_id = Properties.property_id AND Residents_Services.property_id = Residents.property_id WHERE  Residents_Services.resident_id <= 88 OR date_moved_in IN (SELECT date_moved_in FROM Residents WHERE property_id BETWEEN 1 AND 10 AND  resident_id > 53)"
"{'meaningful_joins': 'yes', 'table_exp_type': 'JOIN_JOIN', 'where_type': {'basic_comparison': '<='}, 'number_of_value_exp_in_group_by': 0, 'having_type': 'none', 'orderby_type': 'none', 'limit_type': 'none', 'value_exp_types': ['count_distinct_exp', 'single_exp_number'], 'distinct_type': 'none', 'min_max_depth_in_subquery': [1, 1]}","SELECT COUNT(DISTINCT service_type_code), customer_id FROM Things JOIN Customer_Events JOIN Timed_Locations_of_Things ON Customer_Events.thing_id = Things.thing_id AND Timed_Locations_of_Things.thing_id = Things.thing_id WHERE  resident_id <= 65"
"{'meaningful_joins': 'yes', 'table_exp_type': 'JOIN', 'where_type': {'logical_operator': ['AND', 'between', 'in_with_subquery']}, 'number_of_value_exp_in_group_by': 0, 'having_type': 'none', 'orderby_type': 'none', 'limit_type': 'without_offset', 'value_exp_types': ['single_exp_number'], 'distinct_type': 'none', 'min_max_depth_in_subquery': [1, 1]}",SELECT customer_id FROM Things JOIN Customer_Events ON Customer_Events.thing_id = Things.thing_id WHERE customer_id BETWEEN 1 AND 10 AND thing_id IN (SELECT thing_id FROM Timed_Locations_of_Things WHERE  thing_id <= 11) LIMIT 3
"{'meaningful_joins': 'yes', 'table_exp_type': 'SELF JOIN', 'where_type': {'basic_comparison': '!='}, 'number_of_value_exp_in_group_by': 0, 'having_type': 'none', 'orderby_type': 'ASC', 'limit_type': 'none', 'value_exp_types': ['single_exp_number'], 'distinct_type': 'none', 'min_max_depth_in_subquery': [1, 1]}",SELECT Residents_Services.service_id FROM Residents_Services AS k JOIN Residents_Services ON Residents_Services.resident_id = k.resident_id WHERE  k.resident_id != 41 ORDER BY Residents_Services.service_id ASC
"{'meaningful_joins': 'yes', 'table_exp_type': 'single_table', 'where_type': 'between', 'number_of_value_exp_in_group_by': 0, 'having_type': 'none', 'orderby_type': 'none', 'limit_type': 'none', 'value_exp_types': ['single_exp_text', 'single_exp_text'], 'distinct_type': 'none', 'min_max_depth_in_subquery': [1, 1]}","SELECT other_details, other_details FROM Residents WHERE resident_id BETWEEN 1 AND 10"
"{'meaningful_joins': 'yes', 'table_exp_type': 'single_table_with_name_changing', 'where_type': {'logical_operator': ['OR', 'basic_comparison', 'comparison_with_subquery']}, 'number_of_value_exp_in_group_by': 0, 'having_type': 'none', 'orderby_type': 'DESC', 'limit_type': 'none', 'value_exp_types': ['single_exp_number'], 'distinct_type': 'none', 'min_max_depth_in_subquery': [1, 1]}",SELECT y.thing_id FROM Timed_Status_of_Things AS y WHERE  y.thing_id = 81 OR Date_and_Date < (SELECT SUM(Date_and_Date) FROM Timed_Status_of_Things WHERE  thing_id != 40 LIMIT 2) ORDER BY y.thing_id DESC
"{'meaningful_joins': 'yes', 'table_exp_type': 'JOIN', 'where_type': 'in_with_subquery', 'number_of_value_exp_in_group_by': 0, 'having_type': 'none', 'orderby_type': 'ASC', 'limit_type': 'without_offset', 'value_exp_types': ['single_exp_text', 'single_exp_text'], 'distinct_type': 'none', 'min_max_depth_in_subquery': [1, 1]}","SELECT service_type_code, service_type_code FROM Things JOIN Customer_Events ON Customer_Events.thing_id = Things.thing_id WHERE Customer_Event_ID IN (SELECT Customer_Event_ID FROM Customer_Event_Notes WHERE property_id BETWEEN 1 AND 10 AND  Customer_Event_ID > 31) ORDER BY service_type_code ASC LIMIT 3"
"{'meaningful_joins': 'yes', 'table_exp_type': 'JOIN_JOIN_JOIN', 'where_type': 'exists_subquery', 'number_of_value_exp_in_group_by': 0, 'having_type': 'none', 'orderby_type': 'ASC', 'limit_type': 'without_offset', 'value_exp_types': ['agg_exp', 'single_exp_text'], 'distinct_type': 'none', 'min_max_depth_in_subquery': [1, 1]}","SELECT MAX(Services.organization_id), Status_of_Thing_Code FROM Timed_Status_of_Things JOIN Things JOIN Organizations JOIN Services ON Things.organization_id = Organizations.organization_id AND Things.thing_id = Timed_Status_of_Things.thing_id AND Services.organization_id = Organizations.organization_id WHERE EXISTS (SELECT * FROM Timed_Status_of_Things WHERE  thing_id <= 30 AND Things.thing_id = thing_id) ORDER BY Status_of_Thing_Code ASC LIMIT 8"
"{'meaningful_joins': 'yes', 'table_exp_type': 'single_table', 'where_type': {'basic_comparison': '!='}, 'number_of_value_exp_in_group_by': 0, 'having_type': 'none', 'orderby_type': 'none', 'limit_type': 'none', 'value_exp_types': ['agg_exp', 'single_exp_number', 'single_exp_text'], 'distinct_type': 'none', 'min_max_depth_in_subquery': [1, 1]}","SELECT MIN(thing_id), thing_id, Location_Code FROM Timed_Locations_of_Things WHERE  thing_id != 62"
"{'meaningful_joins': 'yes', 'table_exp_type': 'single_table', 'where_type': 'comparison_with_subquery', 'number_of_value_exp_in_group_by': 1, 'having_type': 'none', 'orderby_type': 'none', 'limit_type': 'without_offset', 'value_exp_types': ['single_exp_number', 'single_exp_number', 'single_exp_text'], 'distinct_type': 'none', 'min_max_depth_in_subquery': [1, 1]}","SELECT thing_id, thing_id, Location_Code FROM Timed_Locations_of_Things WHERE Location_Code > (SELECT AVG(Location_Code) FROM Timed_Locations_of_Things WHERE  thing_id <= 4) GROUP BY Location_Code LIMIT 6"
"{'meaningful_joins': 'yes', 'table_exp_type': 'single_table_with_name_changing', 'where_type': {'basic_comparison': '>'}, 'number_of_value_exp_in_group_by': 1, 'having_type': 'none', 'orderby_type': 'none', 'limit_type': 'without_offset', 'value_exp_types': ['agg_exp', 'single_exp_text'], 'distinct_type': 'none', 'min_max_depth_in_subquery': [1, 1]}","SELECT SUM(k.property_id), k.property_type_code, k.property_address FROM Properties AS k WHERE  k.property_id > 10 GROUP BY k.property_address LIMIT 6"
"{'meaningful_joins': 'yes', 'table_exp_type': 'JOIN', 'where_type': {'logical_operator': ['AND', 'basic_comparison', 'not_in_with_subquery']}, 'number_of_value_exp_in_group_by': 0, 'having_type': 'none', 'orderby_type': 'DESC', 'limit_type': 'none', 'value_exp_types': ['agg_exp', 'single_exp_text', 'single_exp_text'], 'distinct_type': 'none', 'min_max_depth_in_subquery': [1, 1]}","SELECT SUM(resident_id), property_type_code, Properties.other_details FROM Residents JOIN Properties ON Residents.property_id = Properties.property_id WHERE  Properties.property_id <= 54 AND other_details NOT IN (SELECT other_details FROM Properties AS o WHERE  o.property_id < 82 LIMIT 7) ORDER BY property_type_code DESC"
"{'meaningful_joins': 'yes', 'table_exp_type': 'JOIN', 'where_type': 'not_in_with_subquery', 'number_of_value_exp_in_group_by': 0, 'having_type': 'none', 'orderby_type': 'ASC', 'limit_type': 'without_offset', 'value_exp_types': ['single_exp_text'], 'distinct_type': 'none', 'min_max_depth_in_subquery': [1, 1]}",SELECT service_details FROM Things JOIN Timed_Locations_of_Things ON Timed_Locations_of_Things.thing_id = Things.thing_id WHERE Date_and_Time NOT IN (SELECT Date_and_Time FROM Timed_Locations_of_Things) ORDER BY service_details ASC LIMIT 5
"{'meaningful_joins': 'yes', 'table_exp_type': 'JOIN_JOIN_JOIN', 'where_type': 'between', 'number_of_value_exp_in_group_by': 0, 'having_type': 'none', 'orderby_type': 'none', 'limit_type': 'none', 'value_exp_types': ['single_exp_number'], 'distinct_type': 'none', 'min_max_depth_in_subquery': [1, 1]}",SELECT Customer_Events.resident_id FROM Customers JOIN Things JOIN Customer_Events JOIN Customer_Event_Notes ON Customer_Events.thing_id = Things.thing_id AND Customers.customer_id = Customer_Events.customer_id AND Customer_Event_Notes.Customer_Event_ID = Customer_Events.Customer_Event_ID WHERE Customer_Event_Notes.property_id BETWEEN 1 AND 10
"{'meaningful_joins': 'yes', 'table_exp_type': 'JOIN', 'where_type': {'basic_comparison': '='}, 'number_of_value_exp_in_group_by': 0, 'having_type': 'none', 'orderby_type': 'DESC', 'limit_type': 'none', 'value_exp_types': ['single_exp_number', 'single_exp_number'], 'distinct_type': 'none', 'min_max_depth_in_subquery': [1, 1]}","SELECT Customers.customer_id, thing_id FROM Customers JOIN Customer_Events ON Customers.customer_id = Customer_Events.customer_id WHERE  thing_id = 75 ORDER BY Customers.customer_id DESC"
"{'meaningful_joins': 'yes', 'table_exp_type': 'SELF JOIN', 'where_type': {'logical_operator': ['OR', 'between', 'basic_comparison']}, 'number_of_value_exp_in_group_by': 0, 'having_type': 'none', 'orderby_type': 'none', 'limit_type': 'none', 'value_exp_types': ['agg_exp', 'agg_exp', 'agg_exp'], 'distinct_type': 'none', 'min_max_depth_in_subquery': [1, 1]}","SELECT COUNT(Services.service_id), SUM(d.organization_id), MIN(d.service_id) FROM Services JOIN Services AS d ON Services.service_id = d.service_id WHERE d.organization_id BETWEEN 1 AND 10 OR  d.service_id > 22"
"{'meaningful_joins': 'yes', 'table_exp_type': 'JOIN', 'where_type': 'between', 'number_of_value_exp_in_group_by': 1, 'having_type': {'single': 'MIN'}, 'orderby_type': 'none', 'limit_type': 'none', 'value_exp_types': ['agg_exp', 'single_exp_number', 'single_exp_number'], 'distinct_type': 'none', 'min_max_depth_in_subquery': [1, 1]}","SELECT MIN(Organizations.organization_id), thing_id, Organizations.organization_id, organization_details FROM Things JOIN Organizations ON Things.organization_id = Organizations.organization_id WHERE parent_organization_id BETWEEN 1 AND 10 GROUP BY organization_details HAVING MIN(parent_organization_id) <= 40"
