Specification,query
"{'meaningful_joins': 'yes', 'table_exp_type': 'JOIN', 'where_type': {'basic_comparison': '>='}, 'number_of_value_exp_in_group_by': 0, 'having_type': 'none', 'orderby_type': 'none', 'limit_type': 'none', 'value_exp_types': ['count_distinct_exp', 'single_exp_number'], 'distinct_type': 'none', 'min_max_depth_in_subquery': [1, 1]}","SELECT COUNT(DISTINCT Services.Service_ID), Services.Service_ID FROM Services JOIN Events ON Events.Service_ID = Services.Service_ID WHERE  Event_ID >= 89"
"{'meaningful_joins': 'yes', 'table_exp_type': 'single_table', 'where_type': {'basic_comparison': '='}, 'number_of_value_exp_in_group_by': 0, 'having_type': 'none', 'orderby_type': 'DESC', 'limit_type': 'none', 'value_exp_types': ['single_exp_number', 'single_exp_number'], 'distinct_type': 'none', 'min_max_depth_in_subquery': [1, 1]}","SELECT Participant_ID, Participant_ID FROM Participants WHERE  Participant_ID = 88 ORDER BY Participant_ID DESC"
"{'meaningful_joins': 'yes', 'table_exp_type': 'JOIN', 'where_type': {'basic_comparison': '='}, 'number_of_value_exp_in_group_by': 0, 'having_type': 'none', 'orderby_type': 'ASC', 'limit_type': 'without_offset', 'value_exp_types': ['single_exp_text', 'single_exp_text'], 'distinct_type': 'none', 'min_max_depth_in_subquery': [1, 1]}","SELECT Event_Details, Event_Details FROM Services JOIN Events ON Events.Service_ID = Services.Service_ID WHERE  Services.Service_ID = 19 ORDER BY Event_Details ASC LIMIT 6"
"{'meaningful_joins': 'yes', 'table_exp_type': 'JOIN', 'where_type': {'basic_comparison': '<='}, 'number_of_value_exp_in_group_by': 0, 'having_type': 'none', 'orderby_type': 'none', 'limit_type': 'none', 'value_exp_types': ['single_exp_text'], 'distinct_type': 'none', 'min_max_depth_in_subquery': [1, 1]}",SELECT Event_Details FROM Events JOIN Participants_in_Events ON Participants_in_Events.Event_ID = Events.Event_ID WHERE  Participant_ID <= 45
"{'meaningful_joins': 'yes', 'table_exp_type': 'JOIN_JOIN_JOIN', 'where_type': 'between', 'number_of_value_exp_in_group_by': 1, 'having_type': 'none', 'orderby_type': 'ASC', 'limit_type': 'none', 'value_exp_types': ['agg_exp'], 'distinct_type': 'none', 'min_max_depth_in_subquery': [1, 1]}","SELECT MAX(Participants_in_Events.Participant_ID), Participant_Details FROM Participants JOIN Services JOIN Events JOIN Participants_in_Events ON Events.Service_ID = Services.Service_ID AND Participants_in_Events.Event_ID = Events.Event_ID AND Participants.Participant_ID = Participants_in_Events.Participant_ID WHERE Events.Service_ID BETWEEN 1 AND 10 GROUP BY Participant_Details ORDER BY Participant_Details ASC"
"{'meaningful_joins': 'yes', 'table_exp_type': 'single_table', 'where_type': {'logical_operator': ['AND', 'between', 'basic_comparison']}, 'number_of_value_exp_in_group_by': 0, 'having_type': 'none', 'orderby_type': 'DESC', 'limit_type': 'none', 'value_exp_types': ['agg_exp', 'single_exp_text'], 'distinct_type': 'none', 'min_max_depth_in_subquery': [1, 1]}","SELECT SUM(Event_ID), Event_Details FROM Events WHERE Service_ID BETWEEN 1 AND 10 AND  Service_ID < 96 ORDER BY Event_Details DESC"
"{'meaningful_joins': 'yes', 'table_exp_type': 'SELF JOIN', 'where_type': {'logical_operator': ['AND', 'basic_comparison', 'not_in_with_subquery']}, 'number_of_value_exp_in_group_by': 0, 'having_type': 'none', 'orderby_type': 'none', 'limit_type': 'none', 'value_exp_types': ['single_exp_number'], 'distinct_type': 'none', 'min_max_depth_in_subquery': [1, 1]}",SELECT Participants_in_Events.Event_ID FROM Participants_in_Events AS m JOIN Participants_in_Events ON Participants_in_Events.Event_ID = m.Event_ID WHERE  m.Participant_ID = 71 AND Participant_ID NOT IN (SELECT Participant_ID FROM Participants_in_Events LIMIT 9)
"{'meaningful_joins': 'yes', 'table_exp_type': 'JOIN', 'where_type': {'logical_operator': ['AND', 'basic_comparison', 'exists_subquery']}, 'number_of_value_exp_in_group_by': 0, 'having_type': 'none', 'orderby_type': 'none', 'limit_type': 'none', 'value_exp_types': ['count_distinct_exp', 'single_exp_text'], 'distinct_type': 'none', 'min_max_depth_in_subquery': [1, 1]}","SELECT COUNT(DISTINCT Participants.Participant_ID), Participant_Type_Code FROM Participants JOIN Participants_in_Events ON Participants.Participant_ID = Participants_in_Events.Participant_ID WHERE  Event_ID > 37 AND EXISTS (SELECT * FROM Participants_in_Events WHERE Participants.Participant_ID = Participant_ID)"
"{'meaningful_joins': 'yes', 'table_exp_type': 'JOIN_JOIN', 'where_type': 'comparison_with_subquery', 'number_of_value_exp_in_group_by': 0, 'having_type': 'none', 'orderby_type': 'none', 'limit_type': 'none', 'value_exp_types': ['single_exp_text'], 'distinct_type': 'none', 'min_max_depth_in_subquery': [1, 1]}",SELECT Service_Type_Code FROM Services JOIN Events JOIN Participants_in_Events ON Events.Service_ID = Services.Service_ID AND Participants_in_Events.Event_ID = Events.Event_ID WHERE Event_ID >= (SELECT AVG(Event_ID) FROM Participants_in_Events WHERE  Participant_ID = 16)
"{'meaningful_joins': 'yes', 'table_exp_type': 'JOIN', 'where_type': {'logical_operator': ['OR', 'between', 'basic_comparison']}, 'number_of_value_exp_in_group_by': 0, 'having_type': 'none', 'orderby_type': 'none', 'limit_type': 'without_offset', 'value_exp_types': ['single_exp_number'], 'distinct_type': 'none', 'min_max_depth_in_subquery': [1, 1]}",SELECT Participants_in_Events.Event_ID FROM Events JOIN Participants_in_Events ON Participants_in_Events.Event_ID = Events.Event_ID WHERE Participant_ID BETWEEN 1 AND 10 OR  Participants_in_Events.Event_ID > 36 LIMIT 3
"{'meaningful_joins': 'yes', 'table_exp_type': 'JOIN', 'where_type': {'basic_comparison': '='}, 'number_of_value_exp_in_group_by': 1, 'having_type': 'none', 'orderby_type': 'none', 'limit_type': 'none', 'value_exp_types': ['agg_exp', 'count_distinct_exp'], 'distinct_type': 'none', 'min_max_depth_in_subquery': [1, 1]}","SELECT SUM(Participants_in_Events.Participant_ID), COUNT(DISTINCT Participant_Type_Code), Participants_in_Events.Participant_ID FROM Participants JOIN Participants_in_Events ON Participants.Participant_ID = Participants_in_Events.Participant_ID WHERE  Participants.Participant_ID = 50 GROUP BY Participants_in_Events.Participant_ID"
"{'meaningful_joins': 'yes', 'table_exp_type': 'JOIN', 'where_type': 'in_with_subquery', 'number_of_value_exp_in_group_by': 1, 'having_type': 'none', 'orderby_type': 'DESC', 'limit_type': 'none', 'value_exp_types': ['single_exp_text', 'single_exp_text'], 'distinct_type': 'none', 'min_max_depth_in_subquery': [1, 1]}","SELECT Event_Details, Event_Details, Service_ID FROM Events JOIN Participants_in_Events ON Participants_in_Events.Event_ID = Events.Event_ID WHERE Event_ID IN (SELECT Event_ID FROM Participants_in_Events) GROUP BY Service_ID ORDER BY Event_Details DESC"
"{'meaningful_joins': 'yes', 'table_exp_type': 'JOIN', 'where_type': {'basic_comparison': '='}, 'number_of_value_exp_in_group_by': 0, 'having_type': 'none', 'orderby_type': 'none', 'limit_type': 'none', 'value_exp_types': ['single_exp_number', 'single_exp_text'], 'distinct_type': 'none', 'min_max_depth_in_subquery': [1, 1]}","SELECT Service_ID, Event_Details FROM Events JOIN Participants_in_Events ON Participants_in_Events.Event_ID = Events.Event_ID WHERE  Participants_in_Events.Event_ID = 4"
"{'meaningful_joins': 'yes', 'table_exp_type': 'single_table', 'where_type': 'none', 'number_of_value_exp_in_group_by': 1, 'having_type': 'none', 'orderby_type': 'DESC', 'limit_type': 'none', 'value_exp_types': ['agg_exp', 'agg_exp', 'count_distinct_exp'], 'distinct_type': 'none', 'min_max_depth_in_subquery': [1, 1]}","SELECT MIN(Event_ID), AVG(Service_ID), COUNT(DISTINCT Event_Details), Service_ID FROM Events GROUP BY Service_ID ORDER BY Service_ID DESC"
"{'meaningful_joins': 'yes', 'table_exp_type': 'single_table_with_name_changing', 'where_type': {'logical_operator': ['OR', 'between', 'basic_comparison']}, 'number_of_value_exp_in_group_by': 0, 'having_type': 'none', 'orderby_type': 'none', 'limit_type': 'none', 'value_exp_types': ['agg_exp', 'single_exp_number'], 'distinct_type': 'none', 'min_max_depth_in_subquery': [1, 1]}","SELECT SUM(q.Service_ID), q.Service_ID FROM Services AS q WHERE q.Service_ID BETWEEN 1 AND 10 OR  q.Service_ID <= 28"
"{'meaningful_joins': 'yes', 'table_exp_type': 'single_table', 'where_type': {'logical_operator': ['OR', 'between', 'basic_comparison']}, 'number_of_value_exp_in_group_by': 1, 'having_type': {'single': 'MIN'}, 'orderby_type': 'none', 'limit_type': 'none', 'value_exp_types': ['single_exp_number', 'single_exp_text'], 'distinct_type': 'none', 'min_max_depth_in_subquery': [1, 1]}","SELECT Service_ID, Service_Type_Code FROM Services WHERE Service_ID BETWEEN 1 AND 10 OR  Service_ID >= 20 GROUP BY Service_Type_Code HAVING MIN(Service_ID) = 59"
"{'meaningful_joins': 'yes', 'table_exp_type': 'JOIN_JOIN', 'where_type': {'logical_operator': ['AND', 'between', 'not_exists_subquery']}, 'number_of_value_exp_in_group_by': 1, 'having_type': {'single': 'MIN'}, 'orderby_type': 'ASC', 'limit_type': 'none', 'value_exp_types': ['single_exp_number'], 'distinct_type': 'none', 'min_max_depth_in_subquery': [1, 1]}","SELECT Participants_in_Events.Event_ID, Service_Type_Code FROM Services JOIN Events JOIN Participants_in_Events ON Events.Service_ID = Services.Service_ID AND Participants_in_Events.Event_ID = Events.Event_ID WHERE Participant_ID BETWEEN 1 AND 10 AND EXISTS (SELECT * FROM Participants WHERE  Participant_ID >= 68 AND Participants_in_Events.Event_ID = Participant_ID) GROUP BY Service_Type_Code HAVING MIN(Participants_in_Events.Event_ID) = 95 ORDER BY Participants_in_Events.Event_ID ASC"
"{'meaningful_joins': 'yes', 'table_exp_type': 'JOIN', 'where_type': {'basic_comparison': '!='}, 'number_of_value_exp_in_group_by': 0, 'having_type': 'none', 'orderby_type': 'ASC', 'limit_type': 'none', 'value_exp_types': ['single_exp_number'], 'distinct_type': 'none', 'min_max_depth_in_subquery': [1, 1]}",SELECT Services.Service_ID FROM Services JOIN Events ON Events.Service_ID = Services.Service_ID WHERE  Services.Service_ID != 63 ORDER BY Services.Service_ID ASC
"{'meaningful_joins': 'yes', 'table_exp_type': 'JOIN_JOIN_JOIN', 'where_type': {'logical_operator': ['AND', 'between', 'not_in_with_subquery']}, 'number_of_value_exp_in_group_by': 0, 'having_type': 'none', 'orderby_type': 'none', 'limit_type': 'none', 'value_exp_types': ['count_distinct_exp', 'single_exp_number'], 'distinct_type': 'none', 'min_max_depth_in_subquery': [1, 1]}","SELECT COUNT(DISTINCT Events.Event_ID), Events.Event_ID FROM Participants JOIN Services JOIN Events JOIN Participants_in_Events ON Events.Service_ID = Services.Service_ID AND Participants_in_Events.Event_ID = Events.Event_ID AND Participants.Participant_ID = Participants_in_Events.Participant_ID WHERE Services.Service_ID BETWEEN 1 AND 10 AND Event_ID NOT IN (SELECT Event_ID FROM Participants_in_Events WHERE Event_ID BETWEEN 1 AND 10)"
"{'meaningful_joins': 'yes', 'table_exp_type': 'single_table', 'where_type': {'logical_operator': ['OR', 'between', 'exists_subquery']}, 'number_of_value_exp_in_group_by': 0, 'having_type': 'none', 'orderby_type': 'none', 'limit_type': 'none', 'value_exp_types': ['single_exp_text'], 'distinct_type': 'none', 'min_max_depth_in_subquery': [1, 1]}",SELECT Participant_Type_Code FROM Participants WHERE Participant_ID BETWEEN 1 AND 10 OR EXISTS (SELECT * FROM Participants_in_Events WHERE  Event_ID <= 28 AND Participants.Participant_ID = Participant_ID)
"{'meaningful_joins': 'yes', 'table_exp_type': 'single_table_with_name_changing', 'where_type': {'basic_comparison': '='}, 'number_of_value_exp_in_group_by': 0, 'having_type': 'none', 'orderby_type': 'none', 'limit_type': 'none', 'value_exp_types': ['single_exp_text', 'single_exp_text', 'single_exp_text'], 'distinct_type': 'none', 'min_max_depth_in_subquery': [1, 1]}","SELECT r.Participant_Type_Code, r.Participant_Details, r.Participant_Details FROM Participants AS r WHERE  r.Participant_ID = 69"
"{'meaningful_joins': 'yes', 'table_exp_type': 'SELF JOIN', 'where_type': {'basic_comparison': '!='}, 'number_of_value_exp_in_group_by': 0, 'having_type': 'none', 'orderby_type': 'none', 'limit_type': 'none', 'value_exp_types': ['single_exp_number'], 'distinct_type': 'none', 'min_max_depth_in_subquery': [1, 1]}",SELECT l.Participant_ID FROM Participants AS l JOIN Participants ON Participants.Participant_ID = l.Participant_ID WHERE  Participants.Participant_ID != 74
"{'meaningful_joins': 'yes', 'table_exp_type': 'single_table', 'where_type': {'logical_operator': ['AND', 'between', 'basic_comparison']}, 'number_of_value_exp_in_group_by': 0, 'having_type': 'none', 'orderby_type': 'DESC', 'limit_type': 'without_offset', 'value_exp_types': ['count_distinct_exp', 'single_exp_number'], 'distinct_type': 'none', 'min_max_depth_in_subquery': [1, 1]}","SELECT COUNT(DISTINCT Event_ID), Service_ID FROM Events WHERE Service_ID BETWEEN 1 AND 10 AND  Service_ID < 23 ORDER BY Service_ID DESC LIMIT 10"
"{'meaningful_joins': 'yes', 'table_exp_type': 'single_table', 'where_type': 'between', 'number_of_value_exp_in_group_by': 0, 'having_type': 'none', 'orderby_type': 'none', 'limit_type': 'none', 'value_exp_types': ['agg_exp', 'single_exp_number', 'single_exp_text'], 'distinct_type': 'none', 'min_max_depth_in_subquery': [1, 1]}","SELECT MIN(Participant_ID), Participant_ID, Participant_Details FROM Participants WHERE Participant_ID BETWEEN 1 AND 10"
"{'meaningful_joins': 'yes', 'table_exp_type': 'JOIN_JOIN_JOIN', 'where_type': {'basic_comparison': '!='}, 'number_of_value_exp_in_group_by': 1, 'having_type': {'single': 'MAX'}, 'orderby_type': 'none', 'limit_type': 'none', 'value_exp_types': ['single_exp_number'], 'distinct_type': 'none', 'min_max_depth_in_subquery': [1, 1]}","SELECT Participants_in_Events.Participant_ID, Events.Service_ID FROM Participants JOIN Services JOIN Events JOIN Participants_in_Events ON Events.Service_ID = Services.Service_ID AND Participants_in_Events.Event_ID = Events.Event_ID AND Participants.Participant_ID = Participants_in_Events.Participant_ID WHERE  Events.Service_ID != 48 GROUP BY Events.Service_ID HAVING MAX(Events.Event_ID) > 79"
"{'meaningful_joins': 'yes', 'table_exp_type': 'JOIN', 'where_type': 'not_exists_subquery', 'number_of_value_exp_in_group_by': 0, 'having_type': 'none', 'orderby_type': 'none', 'limit_type': 'none', 'value_exp_types': ['single_exp_text'], 'distinct_type': 'none', 'min_max_depth_in_subquery': [1, 1]}",SELECT Event_Details FROM Events JOIN Participants_in_Events ON Participants_in_Events.Event_ID = Events.Event_ID WHERE EXISTS (SELECT * FROM Participants WHERE  Participant_ID != 59 AND Participants_in_Events.Event_ID = Participant_ID)
"{'meaningful_joins': 'yes', 'table_exp_type': 'JOIN', 'where_type': 'in_with_subquery', 'number_of_value_exp_in_group_by': 0, 'having_type': 'none', 'orderby_type': 'none', 'limit_type': 'none', 'value_exp_types': ['agg_exp', 'agg_exp'], 'distinct_type': 'none', 'min_max_depth_in_subquery': [1, 1]}","SELECT AVG(Participants_in_Events.Participant_ID), MIN(Event_ID) FROM Participants JOIN Participants_in_Events ON Participants.Participant_ID = Participants_in_Events.Participant_ID WHERE Participant_Type_Code IN (SELECT Participant_Type_Code FROM Participants WHERE  Participant_ID != 77)"
"{'meaningful_joins': 'yes', 'table_exp_type': 'JOIN', 'where_type': 'none', 'number_of_value_exp_in_group_by': 0, 'having_type': 'none', 'orderby_type': 'none', 'limit_type': 'none', 'value_exp_types': ['agg_exp', 'single_exp_number'], 'distinct_type': 'none', 'min_max_depth_in_subquery': [1, 1]}","SELECT COUNT(Participants_in_Events.Participant_ID), Participants_in_Events.Participant_ID FROM Participants JOIN Participants_in_Events ON Participants.Participant_ID = Participants_in_Events.Participant_ID"
"{'meaningful_joins': 'yes', 'table_exp_type': 'single_table_with_name_changing', 'where_type': 'none', 'number_of_value_exp_in_group_by': 1, 'having_type': 'none', 'orderby_type': 'ASC', 'limit_type': 'none', 'value_exp_types': ['agg_exp', 'agg_exp', 'single_exp_number'], 'distinct_type': 'none', 'min_max_depth_in_subquery': [1, 1]}","SELECT MAX(b.Participant_ID), COUNT(b.Participant_ID), b.Participant_ID, b.Participant_Details FROM Participants AS b GROUP BY b.Participant_Details ORDER BY b.Participant_Details ASC"
"{'meaningful_joins': 'yes', 'table_exp_type': 'JOIN', 'where_type': 'none', 'number_of_value_exp_in_group_by': 1, 'having_type': {'single': 'SUM'}, 'orderby_type': 'none', 'limit_type': 'none', 'value_exp_types': ['agg_exp', 'count_distinct_exp'], 'distinct_type': 'none', 'min_max_depth_in_subquery': [1, 1]}","SELECT MIN(Participants_in_Events.Participant_ID), COUNT(DISTINCT Participant_Type_Code), Participant_Details FROM Participants JOIN Participants_in_Events ON Participants.Participant_ID = Participants_in_Events.Participant_ID GROUP BY Participant_Details HAVING SUM(Participants.Participant_ID) = 13"
"{'meaningful_joins': 'yes', 'table_exp_type': 'single_table_with_name_changing', 'where_type': 'between', 'number_of_value_exp_in_group_by': 0, 'having_type': 'none', 'orderby_type': 'none', 'limit_type': 'none', 'value_exp_types': ['agg_exp', 'agg_exp', 'count_distinct_exp'], 'distinct_type': 'none', 'min_max_depth_in_subquery': [1, 1]}","SELECT MAX(f.Participant_ID), SUM(f.Participant_ID), COUNT(DISTINCT f.Participant_Details) FROM Participants AS f WHERE f.Participant_ID BETWEEN 1 AND 10"
"{'meaningful_joins': 'yes', 'table_exp_type': 'JOIN', 'where_type': {'logical_operator': ['OR', 'between', 'not_in_with_subquery']}, 'number_of_value_exp_in_group_by': 0, 'having_type': 'none', 'orderby_type': 'DESC', 'limit_type': 'without_offset', 'value_exp_types': ['agg_exp', 'single_exp_number'], 'distinct_type': 'none', 'min_max_depth_in_subquery': [1, 1]}","SELECT MIN(Events.Event_ID), Participants_in_Events.Event_ID FROM Events JOIN Participants_in_Events ON Participants_in_Events.Event_ID = Events.Event_ID WHERE Service_ID BETWEEN 1 AND 10 OR Event_Details NOT IN (SELECT Event_Details FROM Events AS h WHERE  h.Service_ID >= 6) ORDER BY Participants_in_Events.Event_ID DESC LIMIT 1"
"{'meaningful_joins': 'yes', 'table_exp_type': 'single_table', 'where_type': 'none', 'number_of_value_exp_in_group_by': 0, 'having_type': 'none', 'orderby_type': 'ASC', 'limit_type': 'without_offset', 'value_exp_types': ['agg_exp', 'single_exp_number'], 'distinct_type': 'none', 'min_max_depth_in_subquery': [1, 1]}","SELECT AVG(Service_ID), Service_ID FROM Services ORDER BY Service_ID ASC LIMIT 8"
"{'meaningful_joins': 'yes', 'table_exp_type': 'JOIN_JOIN_JOIN', 'where_type': {'basic_comparison': '<'}, 'number_of_value_exp_in_group_by': 1, 'having_type': 'none', 'orderby_type': 'none', 'limit_type': 'none', 'value_exp_types': ['count_distinct_exp', 'single_exp_number'], 'distinct_type': 'none', 'min_max_depth_in_subquery': [1, 1]}","SELECT COUNT(DISTINCT Participants_in_Events.Event_ID), Participants.Participant_ID, Events.Service_ID FROM Participants JOIN Services JOIN Events JOIN Participants_in_Events ON Events.Service_ID = Services.Service_ID AND Participants_in_Events.Event_ID = Events.Event_ID AND Participants.Participant_ID = Participants_in_Events.Participant_ID WHERE  Services.Service_ID < 20 GROUP BY Events.Service_ID"
"{'meaningful_joins': 'yes', 'table_exp_type': 'single_table', 'where_type': {'basic_comparison': '>='}, 'number_of_value_exp_in_group_by': 0, 'having_type': 'none', 'orderby_type': 'none', 'limit_type': 'none', 'value_exp_types': ['single_exp_text'], 'distinct_type': 'none', 'min_max_depth_in_subquery': [1, 1]}",SELECT Participant_Details FROM Participants WHERE  Participant_ID >= 57
"{'meaningful_joins': 'yes', 'table_exp_type': 'JOIN', 'where_type': 'between', 'number_of_value_exp_in_group_by': 0, 'having_type': 'none', 'orderby_type': 'none', 'limit_type': 'none', 'value_exp_types': ['agg_exp', 'count_distinct_exp'], 'distinct_type': 'none', 'min_max_depth_in_subquery': [1, 1]}","SELECT MIN(Participants_in_Events.Participant_ID), COUNT(DISTINCT Event_ID) FROM Participants JOIN Participants_in_Events ON Participants.Participant_ID = Participants_in_Events.Participant_ID WHERE Event_ID BETWEEN 1 AND 10"
