Specification,query
"{'meaningful_joins': 'yes', 'table_exp_type': 'SELF JOIN', 'where_type': 'in_with_subquery', 'number_of_value_exp_in_group_by': 0, 'having_type': 'none', 'orderby_type': 'DESC', 'limit_type': 'none', 'value_exp_types': ['single_exp_number', 'single_exp_number'], 'distinct_type': 'none', 'min_max_depth_in_subquery': [1, 1]}","SELECT Business_Rates.cmi_cross_ref_id, i.cmi_cross_ref_id FROM Business_Rates JOIN Business_Rates AS i ON Business_Rates.business_rates_id = i.business_rates_id WHERE business_rates_id IN (SELECT business_rates_id FROM Business_Rates AS x WHERE  x.cmi_cross_ref_id < 87) ORDER BY Business_Rates.cmi_cross_ref_id DESC"
"{'meaningful_joins': 'yes', 'table_exp_type': 'JOIN_JOIN', 'where_type': {'basic_comparison': '>='}, 'number_of_value_exp_in_group_by': 0, 'having_type': 'none', 'orderby_type': 'none', 'limit_type': 'none', 'value_exp_types': ['agg_exp', 'single_exp_text'], 'distinct_type': 'none', 'min_max_depth_in_subquery': [1, 1]}","SELECT MAX(CMI_Cross_References.cmi_cross_ref_id), source_system_code FROM Rent_Arrears JOIN CMI_Cross_References JOIN Council_Tax ON Council_Tax.cmi_cross_ref_id = CMI_Cross_References.cmi_cross_ref_id AND Rent_Arrears.cmi_cross_ref_id = CMI_Cross_References.cmi_cross_ref_id WHERE  Rent_Arrears.cmi_cross_ref_id >= 86"
"{'meaningful_joins': 'yes', 'table_exp_type': 'single_table_with_name_changing', 'where_type': {'basic_comparison': '>='}, 'number_of_value_exp_in_group_by': 0, 'having_type': 'none', 'orderby_type': 'none', 'limit_type': 'without_offset', 'value_exp_types': ['agg_exp', 'single_exp_number'], 'distinct_type': 'none', 'min_max_depth_in_subquery': [1, 1]}","SELECT COUNT(i.council_tax_id), i.cmi_cross_ref_id FROM Benefits_Overpayments AS i WHERE  i.cmi_cross_ref_id >= 73 LIMIT 4"
"{'meaningful_joins': 'yes', 'table_exp_type': 'single_table', 'where_type': {'basic_comparison': '<='}, 'number_of_value_exp_in_group_by': 0, 'having_type': 'none', 'orderby_type': 'DESC', 'limit_type': 'without_offset', 'value_exp_types': ['single_exp_number'], 'distinct_type': 'none', 'min_max_depth_in_subquery': [1, 1]}",SELECT cmi_cross_ref_id FROM CMI_Cross_References WHERE  cmi_cross_ref_id <= 2 ORDER BY cmi_cross_ref_id DESC LIMIT 7
"{'meaningful_joins': 'yes', 'table_exp_type': 'JOIN_JOIN_JOIN', 'where_type': 'none', 'number_of_value_exp_in_group_by': 0, 'having_type': 'none', 'orderby_type': 'none', 'limit_type': 'none', 'value_exp_types': ['agg_exp', 'single_exp_number', 'single_exp_number'], 'distinct_type': 'none', 'min_max_depth_in_subquery': [1, 1]}","SELECT AVG(Electoral_Register.cmi_cross_ref_id), CMI_Cross_References.cmi_cross_ref_id, master_customer_id FROM Benefits_Overpayments JOIN Rent_Arrears JOIN CMI_Cross_References JOIN Electoral_Register ON CMI_Cross_References.cmi_cross_ref_id = Electoral_Register.cmi_cross_ref_id AND Benefits_Overpayments.cmi_cross_ref_id = CMI_Cross_References.cmi_cross_ref_id AND Rent_Arrears.cmi_cross_ref_id = CMI_Cross_References.cmi_cross_ref_id"
"{'meaningful_joins': 'yes', 'table_exp_type': 'single_table_with_name_changing', 'where_type': {'logical_operator': ['AND', 'between', 'in_with_subquery']}, 'number_of_value_exp_in_group_by': 1, 'having_type': 'none', 'orderby_type': 'DESC', 'limit_type': 'none', 'value_exp_types': ['count_distinct_exp', 'single_exp_text', 'single_exp_text'], 'distinct_type': 'none', 'min_max_depth_in_subquery': [1, 1]}","SELECT COUNT(DISTINCT m.master_customer_id), m.source_system_code, m.source_system_code, m.master_customer_id FROM CMI_Cross_References AS m WHERE m.master_customer_id BETWEEN 1 AND 10 AND cmi_cross_ref_id IN (SELECT cmi_cross_ref_id FROM Business_Rates WHERE  business_rates_id > 81) GROUP BY m.master_customer_id ORDER BY m.source_system_code DESC"
"{'meaningful_joins': 'yes', 'table_exp_type': 'single_table_with_name_changing', 'where_type': {'basic_comparison': '='}, 'number_of_value_exp_in_group_by': 1, 'having_type': 'none', 'orderby_type': 'none', 'limit_type': 'without_offset', 'value_exp_types': ['agg_exp', 'single_exp_number'], 'distinct_type': 'none', 'min_max_depth_in_subquery': [1, 1]}","SELECT SUM(v.cmi_cross_ref_id), v.cmi_cross_ref_id FROM Business_Rates AS v WHERE  v.cmi_cross_ref_id = 7 GROUP BY v.cmi_cross_ref_id LIMIT 7"
"{'meaningful_joins': 'yes', 'table_exp_type': 'JOIN', 'where_type': 'none', 'number_of_value_exp_in_group_by': 1, 'having_type': {'single': 'MAX'}, 'orderby_type': 'DESC', 'limit_type': 'none', 'value_exp_types': ['agg_exp', 'count_distinct_exp', 'count_distinct_exp'], 'distinct_type': 'none', 'min_max_depth_in_subquery': [1, 1]}","SELECT COUNT(master_customer_id), COUNT(DISTINCT source_system_code), COUNT(DISTINCT Benefits_Overpayments.cmi_cross_ref_id), Benefits_Overpayments.cmi_cross_ref_id FROM Benefits_Overpayments JOIN CMI_Cross_References ON Benefits_Overpayments.cmi_cross_ref_id = CMI_Cross_References.cmi_cross_ref_id GROUP BY Benefits_Overpayments.cmi_cross_ref_id HAVING MAX(council_tax_id) >= 6 ORDER BY Benefits_Overpayments.cmi_cross_ref_id DESC"
"{'meaningful_joins': 'yes', 'table_exp_type': 'SELF JOIN', 'where_type': {'basic_comparison': '<='}, 'number_of_value_exp_in_group_by': 0, 'having_type': 'none', 'orderby_type': 'DESC', 'limit_type': 'none', 'value_exp_types': ['single_exp_text'], 'distinct_type': 'none', 'min_max_depth_in_subquery': [1, 1]}",SELECT z.cmi_details FROM Customer_Master_Index JOIN Customer_Master_Index AS z ON Customer_Master_Index.master_customer_id = z.master_customer_id WHERE  Customer_Master_Index.master_customer_id <= 85 ORDER BY z.cmi_details DESC
"{'meaningful_joins': 'yes', 'table_exp_type': 'single_table', 'where_type': 'none', 'number_of_value_exp_in_group_by': 0, 'having_type': 'none', 'orderby_type': 'none', 'limit_type': 'none', 'value_exp_types': ['agg_exp', 'count_distinct_exp'], 'distinct_type': 'none', 'min_max_depth_in_subquery': [1, 1]}","SELECT MIN(master_customer_id), COUNT(DISTINCT cmi_details) FROM Customer_Master_Index"
"{'meaningful_joins': 'yes', 'table_exp_type': 'single_table_with_name_changing', 'where_type': 'none', 'number_of_value_exp_in_group_by': 1, 'having_type': 'none', 'orderby_type': 'DESC', 'limit_type': 'none', 'value_exp_types': ['count_distinct_exp'], 'distinct_type': 'none', 'min_max_depth_in_subquery': [1, 1]}","SELECT COUNT(DISTINCT h.cmi_cross_ref_id), h.cmi_cross_ref_id FROM Council_Tax AS h GROUP BY h.cmi_cross_ref_id ORDER BY h.cmi_cross_ref_id DESC"
"{'meaningful_joins': 'yes', 'table_exp_type': 'JOIN_JOIN', 'where_type': {'basic_comparison': '<='}, 'number_of_value_exp_in_group_by': 0, 'having_type': 'none', 'orderby_type': 'none', 'limit_type': 'without_offset', 'value_exp_types': ['agg_exp'], 'distinct_type': 'none', 'min_max_depth_in_subquery': [1, 1]}",SELECT MAX(Council_Tax.council_tax_id) FROM Benefits_Overpayments JOIN CMI_Cross_References JOIN Council_Tax ON Council_Tax.cmi_cross_ref_id = CMI_Cross_References.cmi_cross_ref_id AND Benefits_Overpayments.cmi_cross_ref_id = CMI_Cross_References.cmi_cross_ref_id WHERE  CMI_Cross_References.cmi_cross_ref_id <= 67 LIMIT 7
"{'meaningful_joins': 'yes', 'table_exp_type': 'single_table', 'where_type': 'comparison_with_subquery', 'number_of_value_exp_in_group_by': 0, 'having_type': 'none', 'orderby_type': 'none', 'limit_type': 'without_offset', 'value_exp_types': ['agg_exp', 'single_exp_number'], 'distinct_type': 'none', 'min_max_depth_in_subquery': [1, 1]}","SELECT MIN(electoral_register_id), cmi_cross_ref_id FROM Electoral_Register WHERE electoral_register_id = (SELECT MAX(electoral_register_id) FROM Electoral_Register WHERE  electoral_register_id = 91 LIMIT 1) LIMIT 5"
"{'meaningful_joins': 'yes', 'table_exp_type': 'SELF JOIN', 'where_type': {'logical_operator': ['OR', 'between', 'comparison_with_subquery']}, 'number_of_value_exp_in_group_by': 0, 'having_type': 'none', 'orderby_type': 'ASC', 'limit_type': 'none', 'value_exp_types': ['single_exp_number', 'single_exp_text'], 'distinct_type': 'none', 'min_max_depth_in_subquery': [1, 1]}","SELECT Customer_Master_Index.master_customer_id, p.cmi_details FROM Customer_Master_Index AS p JOIN Customer_Master_Index ON Customer_Master_Index.master_customer_id = p.master_customer_id WHERE Customer_Master_Index.master_customer_id BETWEEN 1 AND 10 OR master_customer_id != (SELECT SUM(master_customer_id) FROM Customer_Master_Index WHERE  master_customer_id > 59 LIMIT 5) ORDER BY p.cmi_details ASC"
"{'meaningful_joins': 'yes', 'table_exp_type': 'single_table', 'where_type': {'basic_comparison': '!='}, 'number_of_value_exp_in_group_by': 0, 'having_type': 'none', 'orderby_type': 'none', 'limit_type': 'none', 'value_exp_types': ['agg_exp', 'agg_exp', 'agg_exp'], 'distinct_type': 'none', 'min_max_depth_in_subquery': [1, 1]}","SELECT SUM(council_tax_id), SUM(cmi_cross_ref_id), SUM(cmi_cross_ref_id) FROM Rent_Arrears WHERE  council_tax_id != 10"
"{'meaningful_joins': 'yes', 'table_exp_type': 'JOIN_JOIN', 'where_type': {'logical_operator': ['AND', 'between', 'comparison_with_subquery']}, 'number_of_value_exp_in_group_by': 0, 'having_type': 'none', 'orderby_type': 'none', 'limit_type': 'none', 'value_exp_types': ['single_exp_number', 'single_exp_number'], 'distinct_type': 'none', 'min_max_depth_in_subquery': [1, 1]}","SELECT Rent_Arrears.cmi_cross_ref_id, Council_Tax.cmi_cross_ref_id FROM Rent_Arrears JOIN CMI_Cross_References JOIN Council_Tax ON Council_Tax.cmi_cross_ref_id = CMI_Cross_References.cmi_cross_ref_id AND Rent_Arrears.cmi_cross_ref_id = CMI_Cross_References.cmi_cross_ref_id WHERE Council_Tax.council_tax_id BETWEEN 1 AND 10 AND master_customer_id = (SELECT SUM(master_customer_id) FROM Customer_Master_Index AS a WHERE a.master_customer_id BETWEEN 1 AND 10)"
"{'meaningful_joins': 'yes', 'table_exp_type': 'JOIN_JOIN', 'where_type': {'logical_operator': ['AND', 'basic_comparison', 'exists_subquery']}, 'number_of_value_exp_in_group_by': 0, 'having_type': 'none', 'orderby_type': 'ASC', 'limit_type': 'without_offset', 'value_exp_types': ['single_exp_number', 'single_exp_number'], 'distinct_type': 'none', 'min_max_depth_in_subquery': [1, 1]}","SELECT CMI_Cross_References.cmi_cross_ref_id, CMI_Cross_References.master_customer_id FROM Benefits_Overpayments JOIN Customer_Master_Index JOIN CMI_Cross_References ON CMI_Cross_References.master_customer_id = Customer_Master_Index.master_customer_id AND Benefits_Overpayments.cmi_cross_ref_id = CMI_Cross_References.cmi_cross_ref_id WHERE  council_tax_id < 37 AND EXISTS (SELECT * FROM Customer_Master_Index WHERE master_customer_id BETWEEN 1 AND 10 AND  master_customer_id <= 15 AND CMI_Cross_References.cmi_cross_ref_id = master_customer_id LIMIT 4) ORDER BY CMI_Cross_References.master_customer_id ASC LIMIT 6"
"{'meaningful_joins': 'yes', 'table_exp_type': 'JOIN_JOIN_JOIN', 'where_type': {'basic_comparison': '>'}, 'number_of_value_exp_in_group_by': 1, 'having_type': 'none', 'orderby_type': 'ASC', 'limit_type': 'none', 'value_exp_types': ['agg_exp', 'count_distinct_exp', 'count_distinct_exp'], 'distinct_type': 'none', 'min_max_depth_in_subquery': [1, 1]}","SELECT MAX(Benefits_Overpayments.council_tax_id), COUNT(DISTINCT cmi_details), COUNT(DISTINCT CMI_Cross_References.cmi_cross_ref_id), Rent_Arrears.cmi_cross_ref_id FROM Rent_Arrears JOIN Benefits_Overpayments JOIN Customer_Master_Index JOIN CMI_Cross_References ON CMI_Cross_References.master_customer_id = Customer_Master_Index.master_customer_id AND Benefits_Overpayments.cmi_cross_ref_id = CMI_Cross_References.cmi_cross_ref_id AND Rent_Arrears.cmi_cross_ref_id = CMI_Cross_References.cmi_cross_ref_id WHERE  Benefits_Overpayments.cmi_cross_ref_id > 37 GROUP BY Rent_Arrears.cmi_cross_ref_id ORDER BY Rent_Arrears.cmi_cross_ref_id ASC"
"{'meaningful_joins': 'yes', 'table_exp_type': 'JOIN_JOIN', 'where_type': {'basic_comparison': '>'}, 'number_of_value_exp_in_group_by': 0, 'having_type': 'none', 'orderby_type': 'none', 'limit_type': 'none', 'value_exp_types': ['single_exp_number', 'single_exp_number', 'single_exp_text'], 'distinct_type': 'none', 'min_max_depth_in_subquery': [1, 1]}","SELECT Electoral_Register.cmi_cross_ref_id, master_customer_id, source_system_code FROM Rent_Arrears JOIN CMI_Cross_References JOIN Electoral_Register ON CMI_Cross_References.cmi_cross_ref_id = Electoral_Register.cmi_cross_ref_id AND Rent_Arrears.cmi_cross_ref_id = CMI_Cross_References.cmi_cross_ref_id WHERE  Electoral_Register.cmi_cross_ref_id > 14"
"{'meaningful_joins': 'yes', 'table_exp_type': 'single_table', 'where_type': {'basic_comparison': '>'}, 'number_of_value_exp_in_group_by': 1, 'having_type': 'none', 'orderby_type': 'DESC', 'limit_type': 'none', 'value_exp_types': ['single_exp_number'], 'distinct_type': 'none', 'min_max_depth_in_subquery': [1, 1]}",SELECT cmi_cross_ref_id FROM Council_Tax WHERE  cmi_cross_ref_id > 55 GROUP BY cmi_cross_ref_id ORDER BY cmi_cross_ref_id DESC
"{'meaningful_joins': 'yes', 'table_exp_type': 'JOIN', 'where_type': 'not_exists_subquery', 'number_of_value_exp_in_group_by': 0, 'having_type': 'none', 'orderby_type': 'none', 'limit_type': 'without_offset', 'value_exp_types': ['single_exp_number', 'single_exp_number'], 'distinct_type': 'none', 'min_max_depth_in_subquery': [1, 1]}","SELECT council_tax_id, CMI_Cross_References.cmi_cross_ref_id FROM Benefits_Overpayments JOIN CMI_Cross_References ON Benefits_Overpayments.cmi_cross_ref_id = CMI_Cross_References.cmi_cross_ref_id WHERE EXISTS (SELECT * FROM CMI_Cross_References WHERE Benefits_Overpayments.council_tax_id = cmi_cross_ref_id LIMIT 7) LIMIT 3"
"{'meaningful_joins': 'yes', 'table_exp_type': 'single_table', 'where_type': 'none', 'number_of_value_exp_in_group_by': 1, 'having_type': {'single': 'SUM'}, 'orderby_type': 'none', 'limit_type': 'without_offset', 'value_exp_types': ['single_exp_text'], 'distinct_type': 'none', 'min_max_depth_in_subquery': [1, 1]}","SELECT source_system_code, master_customer_id FROM CMI_Cross_References GROUP BY master_customer_id HAVING SUM(master_customer_id) = 24 LIMIT 4"
"{'meaningful_joins': 'yes', 'table_exp_type': 'single_table_with_name_changing', 'where_type': 'none', 'number_of_value_exp_in_group_by': 1, 'having_type': {'single': 'MIN'}, 'orderby_type': 'DESC', 'limit_type': 'none', 'value_exp_types': ['agg_exp', 'count_distinct_exp'], 'distinct_type': 'none', 'min_max_depth_in_subquery': [1, 1]}","SELECT COUNT(u.cmi_cross_ref_id), COUNT(DISTINCT u.council_tax_id), u.cmi_cross_ref_id FROM Rent_Arrears AS u GROUP BY u.cmi_cross_ref_id HAVING MIN(u.council_tax_id) > 41 ORDER BY u.cmi_cross_ref_id DESC"
"{'meaningful_joins': 'yes', 'table_exp_type': 'SELF JOIN', 'where_type': 'none', 'number_of_value_exp_in_group_by': 1, 'having_type': 'none', 'orderby_type': 'none', 'limit_type': 'none', 'value_exp_types': ['agg_exp'], 'distinct_type': 'none', 'min_max_depth_in_subquery': [1, 1]}","SELECT AVG(h.cmi_cross_ref_id), Business_Rates.cmi_cross_ref_id FROM Business_Rates JOIN Business_Rates AS h ON Business_Rates.business_rates_id = h.business_rates_id GROUP BY Business_Rates.cmi_cross_ref_id"
"{'meaningful_joins': 'yes', 'table_exp_type': 'SELF JOIN', 'where_type': 'in_with_subquery', 'number_of_value_exp_in_group_by': 0, 'having_type': 'none', 'orderby_type': 'none', 'limit_type': 'without_offset', 'value_exp_types': ['count_distinct_exp'], 'distinct_type': 'none', 'min_max_depth_in_subquery': [1, 1]}",SELECT COUNT(DISTINCT d.source_system_code) FROM CMI_Cross_References JOIN CMI_Cross_References AS d ON CMI_Cross_References.cmi_cross_ref_id = d.cmi_cross_ref_id WHERE source_system_code IN (SELECT source_system_code FROM CMI_Cross_References) LIMIT 2
"{'meaningful_joins': 'yes', 'table_exp_type': 'single_table', 'where_type': {'logical_operator': ['AND', 'basic_comparison', 'in_with_subquery']}, 'number_of_value_exp_in_group_by': 0, 'having_type': 'none', 'orderby_type': 'none', 'limit_type': 'without_offset', 'value_exp_types': ['count_distinct_exp', 'single_exp_number', 'single_exp_number'], 'distinct_type': 'none', 'min_max_depth_in_subquery': [1, 1]}","SELECT COUNT(DISTINCT cmi_cross_ref_id), cmi_cross_ref_id, council_tax_id FROM Council_Tax WHERE  council_tax_id >= 51 AND cmi_cross_ref_id IN (SELECT cmi_cross_ref_id FROM CMI_Cross_References WHERE  master_customer_id <= 88) LIMIT 4"
"{'meaningful_joins': 'yes', 'table_exp_type': 'single_table', 'where_type': {'basic_comparison': '<'}, 'number_of_value_exp_in_group_by': 1, 'having_type': {'single': 'SUM'}, 'orderby_type': 'DESC', 'limit_type': 'none', 'value_exp_types': ['agg_exp', 'agg_exp'], 'distinct_type': 'none', 'min_max_depth_in_subquery': [1, 1]}","SELECT COUNT(council_tax_id), AVG(cmi_cross_ref_id), cmi_cross_ref_id FROM Benefits_Overpayments WHERE  council_tax_id < 36 GROUP BY cmi_cross_ref_id HAVING SUM(council_tax_id) > 89 ORDER BY cmi_cross_ref_id DESC"
