Specification,query
"{'meaningful_joins': 'yes', 'table_exp_type': 'JOIN', 'where_type': {'basic_comparison': '>'}, 'number_of_value_exp_in_group_by': 1, 'having_type': {'single': 'SUM'}, 'orderby_type': 'DESC', 'limit_type': 'none', 'value_exp_types': ['count_distinct_exp'], 'distinct_type': 'none', 'min_max_depth_in_subquery': [1, 1]}","SELECT COUNT(DISTINCT value_points), repair_assignment.Machine_ID FROM repair_assignment JOIN machine ON repair_assignment.Machine_ID = machine.Machine_ID WHERE  repair_assignment.Machine_ID > 52 GROUP BY repair_assignment.Machine_ID HAVING SUM(machine.Machine_ID) >= 53 ORDER BY repair_assignment.Machine_ID DESC"
"{'meaningful_joins': 'yes', 'table_exp_type': 'JOIN', 'where_type': {'logical_operator': ['AND', 'between', 'basic_comparison']}, 'number_of_value_exp_in_group_by': 0, 'having_type': 'none', 'orderby_type': 'ASC', 'limit_type': 'without_offset', 'value_exp_types': ['single_exp_number', 'single_exp_number'], 'distinct_type': 'none', 'min_max_depth_in_subquery': [1, 1]}","SELECT Starting_Year, technician.technician_id FROM technician JOIN repair_assignment ON repair_assignment.technician_id = technician.technician_id WHERE repair_assignment.technician_id BETWEEN 1 AND 10 AND  repair_assignment.technician_id >= 53 ORDER BY technician.technician_id ASC LIMIT 9"
"{'meaningful_joins': 'yes', 'table_exp_type': 'JOIN', 'where_type': 'between', 'number_of_value_exp_in_group_by': 0, 'having_type': 'none', 'orderby_type': 'none', 'limit_type': 'none', 'value_exp_types': ['single_exp_text'], 'distinct_type': 'none', 'min_max_depth_in_subquery': [1, 1]}",SELECT Team FROM technician JOIN repair_assignment ON repair_assignment.technician_id = technician.technician_id WHERE repair_ID BETWEEN 1 AND 10
"{'meaningful_joins': 'yes', 'table_exp_type': 'JOIN', 'where_type': {'basic_comparison': '>'}, 'number_of_value_exp_in_group_by': 0, 'having_type': 'none', 'orderby_type': 'DESC', 'limit_type': 'none', 'value_exp_types': ['single_exp_number'], 'distinct_type': 'none', 'min_max_depth_in_subquery': [1, 1]}",SELECT technician_id FROM repair_assignment JOIN repair ON repair.repair_ID = repair_assignment.repair_ID WHERE  Machine_ID > 88 ORDER BY technician_id DESC
"{'meaningful_joins': 'yes', 'table_exp_type': 'JOIN', 'where_type': {'basic_comparison': '='}, 'number_of_value_exp_in_group_by': 0, 'having_type': 'none', 'orderby_type': 'none', 'limit_type': 'none', 'value_exp_types': ['count_distinct_exp', 'single_exp_text'], 'distinct_type': 'none', 'min_max_depth_in_subquery': [1, 1]}","SELECT COUNT(DISTINCT repair_assignment.repair_ID), name FROM repair_assignment JOIN repair ON repair.repair_ID = repair_assignment.repair_ID WHERE  Machine_ID = 92"
"{'meaningful_joins': 'yes', 'table_exp_type': 'single_table', 'where_type': 'not_exists_subquery', 'number_of_value_exp_in_group_by': 0, 'having_type': 'none', 'orderby_type': 'none', 'limit_type': 'without_offset', 'value_exp_types': ['single_exp_text'], 'distinct_type': 'none', 'min_max_depth_in_subquery': [1, 1]}",SELECT Launch_Date FROM repair WHERE EXISTS (SELECT * FROM repair_assignment AS m WHERE  m.repair_ID >= 70 AND repair.repair_ID = m.repair_ID LIMIT 8) LIMIT 8
"{'meaningful_joins': 'yes', 'table_exp_type': 'single_table_with_name_changing', 'where_type': {'basic_comparison': '>='}, 'number_of_value_exp_in_group_by': 1, 'having_type': 'none', 'orderby_type': 'none', 'limit_type': 'without_offset', 'value_exp_types': ['agg_exp', 'agg_exp', 'single_exp_number'], 'distinct_type': 'none', 'min_max_depth_in_subquery': [1, 1]}","SELECT SUM(c.technician_id), MAX(c.repair_ID), c.Machine_ID, c.repair_ID FROM repair_assignment AS c WHERE  c.Machine_ID >= 86 GROUP BY c.repair_ID LIMIT 3"
"{'meaningful_joins': 'yes', 'table_exp_type': 'single_table_with_name_changing', 'where_type': 'between', 'number_of_value_exp_in_group_by': 1, 'having_type': 'none', 'orderby_type': 'none', 'limit_type': 'without_offset', 'value_exp_types': ['single_exp_text'], 'distinct_type': 'none', 'min_max_depth_in_subquery': [1, 1]}",SELECT v.Notes FROM repair AS v WHERE v.repair_ID BETWEEN 1 AND 10 GROUP BY v.Notes LIMIT 6
"{'meaningful_joins': 'yes', 'table_exp_type': 'JOIN', 'where_type': 'none', 'number_of_value_exp_in_group_by': 1, 'having_type': {'single': 'MIN'}, 'orderby_type': 'DESC', 'limit_type': 'none', 'value_exp_types': ['count_distinct_exp'], 'distinct_type': 'none', 'min_max_depth_in_subquery': [1, 1]}","SELECT COUNT(DISTINCT Name), Machine_ID FROM technician JOIN repair_assignment ON repair_assignment.technician_id = technician.technician_id GROUP BY Machine_ID HAVING MIN(Machine_ID) > 62 ORDER BY Machine_ID DESC"
"{'meaningful_joins': 'yes', 'table_exp_type': 'single_table_with_name_changing', 'where_type': {'basic_comparison': '>'}, 'number_of_value_exp_in_group_by': 0, 'having_type': 'none', 'orderby_type': 'none', 'limit_type': 'none', 'value_exp_types': ['single_exp_number'], 'distinct_type': 'none', 'min_max_depth_in_subquery': [1, 1]}",SELECT y.Age FROM technician AS y WHERE  y.Starting_Year > 62
"{'meaningful_joins': 'yes', 'table_exp_type': 'single_table', 'where_type': 'comparison_with_subquery', 'number_of_value_exp_in_group_by': 0, 'having_type': 'none', 'orderby_type': 'none', 'limit_type': 'none', 'value_exp_types': ['agg_exp', 'single_exp_number'], 'distinct_type': 'none', 'min_max_depth_in_subquery': [1, 1]}","SELECT AVG(technician_id), Age FROM technician WHERE technician_id >= (SELECT SUM(technician_id) FROM repair_assignment WHERE  Machine_ID = 72)"
"{'meaningful_joins': 'yes', 'table_exp_type': 'SELF JOIN', 'where_type': {'logical_operator': ['OR', 'between', 'basic_comparison']}, 'number_of_value_exp_in_group_by': 0, 'having_type': 'none', 'orderby_type': 'none', 'limit_type': 'none', 'value_exp_types': ['count_distinct_exp', 'single_exp_number'], 'distinct_type': 'none', 'min_max_depth_in_subquery': [1, 1]}","SELECT COUNT(DISTINCT repair_assignment.technician_id), z.repair_ID FROM repair_assignment AS z JOIN repair_assignment ON repair_assignment.technician_id = z.technician_id WHERE repair_assignment.repair_ID BETWEEN 1 AND 10 OR  repair_assignment.repair_ID = 27"
"{'meaningful_joins': 'yes', 'table_exp_type': 'single_table', 'where_type': {'basic_comparison': '>'}, 'number_of_value_exp_in_group_by': 0, 'having_type': 'none', 'orderby_type': 'DESC', 'limit_type': 'none', 'value_exp_types': ['single_exp_text', 'single_exp_text'], 'distinct_type': 'none', 'min_max_depth_in_subquery': [1, 1]}","SELECT Notes, name FROM repair WHERE  repair_ID > 43 ORDER BY name DESC"
"{'meaningful_joins': 'yes', 'table_exp_type': 'single_table', 'where_type': {'logical_operator': ['AND', 'between', 'basic_comparison']}, 'number_of_value_exp_in_group_by': 1, 'having_type': {'single': 'AVG'}, 'orderby_type': 'DESC', 'limit_type': 'without_offset', 'value_exp_types': ['single_exp_number'], 'distinct_type': 'none', 'min_max_depth_in_subquery': [1, 1]}","SELECT Making_Year, quality_rank FROM machine WHERE value_points BETWEEN 1 AND 10 AND  value_points != 1 GROUP BY quality_rank HAVING AVG(value_points) <= 38 ORDER BY quality_rank DESC LIMIT 10"
"{'meaningful_joins': 'yes', 'table_exp_type': 'single_table', 'where_type': 'none', 'number_of_value_exp_in_group_by': 1, 'having_type': {'single': 'MIN'}, 'orderby_type': 'none', 'limit_type': 'without_offset', 'value_exp_types': ['single_exp_text'], 'distinct_type': 'none', 'min_max_depth_in_subquery': [1, 1]}",SELECT Notes FROM repair GROUP BY Notes HAVING MIN(repair_ID) = 38 LIMIT 9
"{'meaningful_joins': 'yes', 'table_exp_type': 'SELF JOIN', 'where_type': 'not_in_with_subquery', 'number_of_value_exp_in_group_by': 0, 'having_type': 'none', 'orderby_type': 'none', 'limit_type': 'none', 'value_exp_types': ['single_exp_number', 'single_exp_number'], 'distinct_type': 'none', 'min_max_depth_in_subquery': [1, 1]}","SELECT technician.technician_id, y.Starting_Year FROM technician JOIN technician AS y ON technician.technician_id = y.technician_id WHERE Name NOT IN (SELECT Name FROM technician AS g WHERE  g.Age = 22)"
"{'meaningful_joins': 'yes', 'table_exp_type': 'single_table', 'where_type': {'logical_operator': ['OR', 'between', 'exists_subquery']}, 'number_of_value_exp_in_group_by': 0, 'having_type': 'none', 'orderby_type': 'DESC', 'limit_type': 'none', 'value_exp_types': ['single_exp_number', 'single_exp_number', 'single_exp_number'], 'distinct_type': 'none', 'min_max_depth_in_subquery': [1, 1]}","SELECT Age, Starting_Year, technician_id FROM technician WHERE Starting_Year BETWEEN 1 AND 10 OR EXISTS (SELECT * FROM repair_assignment AS y WHERE y.Machine_ID BETWEEN 1 AND 10 OR  y.technician_id = 88 AND technician.technician_id = y.technician_id) ORDER BY Starting_Year DESC"
"{'meaningful_joins': 'yes', 'table_exp_type': 'JOIN', 'where_type': {'basic_comparison': '>'}, 'number_of_value_exp_in_group_by': 1, 'having_type': {'single': 'MIN'}, 'orderby_type': 'none', 'limit_type': 'without_offset', 'value_exp_types': ['count_distinct_exp', 'count_distinct_exp', 'count_distinct_exp'], 'distinct_type': 'none', 'min_max_depth_in_subquery': [1, 1]}","SELECT COUNT(DISTINCT machine.Machine_ID), COUNT(DISTINCT Machine_series), COUNT(DISTINCT value_points), Machine_series FROM repair_assignment JOIN machine ON repair_assignment.Machine_ID = machine.Machine_ID WHERE  Making_Year > 37 GROUP BY Machine_series HAVING MIN(quality_rank) > 85 LIMIT 2"
"{'meaningful_joins': 'yes', 'table_exp_type': 'single_table_with_name_changing', 'where_type': 'between', 'number_of_value_exp_in_group_by': 1, 'having_type': 'none', 'orderby_type': 'none', 'limit_type': 'without_offset', 'value_exp_types': ['agg_exp'], 'distinct_type': 'none', 'min_max_depth_in_subquery': [1, 1]}","SELECT MAX(f.repair_ID), f.Notes FROM repair AS f WHERE f.repair_ID BETWEEN 1 AND 10 GROUP BY f.Notes LIMIT 6"
"{'meaningful_joins': 'yes', 'table_exp_type': 'JOIN_JOIN_JOIN', 'where_type': {'logical_operator': ['AND', 'between', 'comparison_with_subquery']}, 'number_of_value_exp_in_group_by': 0, 'having_type': 'none', 'orderby_type': 'none', 'limit_type': 'none', 'value_exp_types': ['count_distinct_exp'], 'distinct_type': 'none', 'min_max_depth_in_subquery': [1, 1]}",SELECT COUNT(DISTINCT machine.Machine_ID) FROM technician JOIN repair_assignment JOIN machine JOIN repair ON repair_assignment.Machine_ID = machine.Machine_ID AND repair_assignment.technician_id = technician.technician_id AND repair.repair_ID = repair_assignment.repair_ID WHERE repair_assignment.technician_id BETWEEN 1 AND 10 AND Class > (SELECT MIN(Class) FROM machine AS y WHERE  y.value_points != 45)
"{'meaningful_joins': 'yes', 'table_exp_type': 'single_table_with_name_changing', 'where_type': 'none', 'number_of_value_exp_in_group_by': 0, 'having_type': 'none', 'orderby_type': 'none', 'limit_type': 'none', 'value_exp_types': ['agg_exp', 'count_distinct_exp', 'single_exp_number'], 'distinct_type': 'none', 'min_max_depth_in_subquery': [1, 1]}","SELECT SUM(h.technician_id), COUNT(DISTINCT h.technician_id), h.repair_ID FROM repair_assignment AS h"
"{'meaningful_joins': 'yes', 'table_exp_type': 'JOIN_JOIN', 'where_type': {'basic_comparison': '='}, 'number_of_value_exp_in_group_by': 0, 'having_type': 'none', 'orderby_type': 'ASC', 'limit_type': 'none', 'value_exp_types': ['single_exp_number'], 'distinct_type': 'none', 'min_max_depth_in_subquery': [1, 1]}",SELECT technician.technician_id FROM technician JOIN repair_assignment JOIN repair ON repair_assignment.technician_id = technician.technician_id AND repair.repair_ID = repair_assignment.repair_ID WHERE  technician.technician_id = 36 ORDER BY technician.technician_id ASC
"{'meaningful_joins': 'yes', 'table_exp_type': 'single_table', 'where_type': {'logical_operator': ['OR', 'between', 'basic_comparison']}, 'number_of_value_exp_in_group_by': 0, 'having_type': 'none', 'orderby_type': 'none', 'limit_type': 'none', 'value_exp_types': ['agg_exp', 'single_exp_text'], 'distinct_type': 'none', 'min_max_depth_in_subquery': [1, 1]}","SELECT COUNT(technician_id), Team FROM technician WHERE Age BETWEEN 1 AND 10 OR  technician_id != 38"
"{'meaningful_joins': 'yes', 'table_exp_type': 'JOIN_JOIN', 'where_type': 'between', 'number_of_value_exp_in_group_by': 0, 'having_type': 'none', 'orderby_type': 'none', 'limit_type': 'none', 'value_exp_types': ['single_exp_number', 'single_exp_number'], 'distinct_type': 'none', 'min_max_depth_in_subquery': [1, 1]}","SELECT Starting_Year, repair_ID FROM technician JOIN repair_assignment JOIN machine ON repair_assignment.Machine_ID = machine.Machine_ID AND repair_assignment.technician_id = technician.technician_id WHERE machine.Machine_ID BETWEEN 1 AND 10"
"{'meaningful_joins': 'yes', 'table_exp_type': 'single_table', 'where_type': 'none', 'number_of_value_exp_in_group_by': 1, 'having_type': {'single': 'MIN'}, 'orderby_type': 'none', 'limit_type': 'none', 'value_exp_types': ['agg_exp', 'count_distinct_exp', 'count_distinct_exp'], 'distinct_type': 'none', 'min_max_depth_in_subquery': [1, 1]}","SELECT COUNT(repair_ID), COUNT(DISTINCT repair_ID), COUNT(DISTINCT Launch_Date), Notes FROM repair GROUP BY Notes HAVING MIN(repair_ID) = 7"
"{'meaningful_joins': 'yes', 'table_exp_type': 'single_table', 'where_type': {'logical_operator': ['OR', 'between', 'comparison_with_subquery']}, 'number_of_value_exp_in_group_by': 1, 'having_type': {'single': 'AVG'}, 'orderby_type': 'none', 'limit_type': 'none', 'value_exp_types': ['agg_exp', 'agg_exp', 'count_distinct_exp'], 'distinct_type': 'none', 'min_max_depth_in_subquery': [1, 1]}","SELECT MIN(repair_ID), SUM(Machine_ID), COUNT(DISTINCT technician_id), Machine_ID FROM repair_assignment WHERE Machine_ID BETWEEN 1 AND 10 OR repair_ID = (SELECT SUM(repair_ID) FROM repair_assignment WHERE  technician_id > 13 LIMIT 7) GROUP BY Machine_ID HAVING AVG(technician_id) >= 80"
"{'meaningful_joins': 'yes', 'table_exp_type': 'JOIN_JOIN', 'where_type': {'basic_comparison': '!='}, 'number_of_value_exp_in_group_by': 0, 'having_type': 'none', 'orderby_type': 'none', 'limit_type': 'none', 'value_exp_types': ['count_distinct_exp'], 'distinct_type': 'none', 'min_max_depth_in_subquery': [1, 1]}",SELECT COUNT(DISTINCT Making_Year) FROM technician JOIN repair_assignment JOIN machine ON repair_assignment.Machine_ID = machine.Machine_ID AND repair_assignment.technician_id = technician.technician_id WHERE  technician.technician_id != 24
"{'meaningful_joins': 'yes', 'table_exp_type': 'JOIN', 'where_type': 'none', 'number_of_value_exp_in_group_by': 1, 'having_type': 'none', 'orderby_type': 'none', 'limit_type': 'without_offset', 'value_exp_types': ['single_exp_number', 'single_exp_number'], 'distinct_type': 'none', 'min_max_depth_in_subquery': [1, 1]}","SELECT value_points, Making_Year FROM repair_assignment JOIN machine ON repair_assignment.Machine_ID = machine.Machine_ID GROUP BY value_points LIMIT 4"
"{'meaningful_joins': 'yes', 'table_exp_type': 'single_table', 'where_type': 'none', 'number_of_value_exp_in_group_by': 0, 'having_type': 'none', 'orderby_type': 'ASC', 'limit_type': 'without_offset', 'value_exp_types': ['count_distinct_exp', 'single_exp_number', 'single_exp_text'], 'distinct_type': 'none', 'min_max_depth_in_subquery': [1, 1]}","SELECT COUNT(DISTINCT value_points), Machine_ID, Class FROM machine ORDER BY Machine_ID ASC LIMIT 1"
