Specification,query
"{'meaningful_joins': 'yes', 'table_exp_type': 'single_table', 'where_type': {'basic_comparison': '<='}, 'number_of_value_exp_in_group_by': 0, 'having_type': 'none', 'orderby_type': 'none', 'limit_type': 'none', 'value_exp_types': ['agg_exp', 'single_exp_number'], 'distinct_type': 'none', 'min_max_depth_in_subquery': [1, 1]}","SELECT SUM(Code), Revenue FROM Manufacturers WHERE  Revenue <= 32"
"{'meaningful_joins': 'yes', 'table_exp_type': 'JOIN', 'where_type': 'not_exists_subquery', 'number_of_value_exp_in_group_by': 0, 'having_type': 'none', 'orderby_type': 'none', 'limit_type': 'none', 'value_exp_types': ['agg_exp', 'single_exp_text', 'single_exp_text'], 'distinct_type': 'none', 'min_max_depth_in_subquery': [1, 1]}","SELECT MIN(Manufacturers.Code), Founder, Headquarter FROM Manufacturers JOIN Products ON Products.Manufacturer = Manufacturers.Code WHERE EXISTS (SELECT * FROM Products WHERE Manufacturers.Code = Manufacturer)"
"{'meaningful_joins': 'yes', 'table_exp_type': 'single_table', 'where_type': {'basic_comparison': '>'}, 'number_of_value_exp_in_group_by': 1, 'having_type': 'none', 'orderby_type': 'none', 'limit_type': 'none', 'value_exp_types': ['agg_exp', 'single_exp_text'], 'distinct_type': 'none', 'min_max_depth_in_subquery': [1, 1]}","SELECT MAX(Revenue), Name, Headquarter FROM Manufacturers WHERE  Code > 100 GROUP BY Headquarter"
"{'meaningful_joins': 'yes', 'table_exp_type': 'JOIN', 'where_type': {'logical_operator': ['OR', 'between', 'exists_subquery']}, 'number_of_value_exp_in_group_by': 0, 'having_type': 'none', 'orderby_type': 'ASC', 'limit_type': 'none', 'value_exp_types': ['count_distinct_exp', 'single_exp_number', 'single_exp_number'], 'distinct_type': 'none', 'min_max_depth_in_subquery': [1, 1]}","SELECT COUNT(DISTINCT Manufacturers.Code), Manufacturers.Code, Manufacturer FROM Manufacturers JOIN Products ON Products.Manufacturer = Manufacturers.Code WHERE Price BETWEEN 1 AND 10 OR EXISTS (SELECT * FROM Manufacturers WHERE Revenue BETWEEN 1 AND 10 AND  Code > 33 AND Products.Code = Code LIMIT 1) ORDER BY Manufacturers.Code ASC"
"{'meaningful_joins': 'yes', 'table_exp_type': 'SELF JOIN', 'where_type': 'none', 'number_of_value_exp_in_group_by': 1, 'having_type': {'single': 'AVG'}, 'orderby_type': 'none', 'limit_type': 'without_offset', 'value_exp_types': ['agg_exp', 'agg_exp', 'agg_exp'], 'distinct_type': 'none', 'min_max_depth_in_subquery': [1, 1]}","SELECT MAX(f.Price), COUNT(Products.Code), MIN(f.Manufacturer), f.Manufacturer FROM Products JOIN Products AS f ON Products.Code = f.Code GROUP BY f.Manufacturer HAVING AVG(Products.Price) = 98 LIMIT 8"
"{'meaningful_joins': 'yes', 'table_exp_type': 'single_table', 'where_type': {'logical_operator': ['AND', 'between', 'basic_comparison']}, 'number_of_value_exp_in_group_by': 0, 'having_type': 'none', 'orderby_type': 'none', 'limit_type': 'none', 'value_exp_types': ['single_exp_number', 'single_exp_text'], 'distinct_type': 'none', 'min_max_depth_in_subquery': [1, 1]}","SELECT Code, Name FROM Manufacturers WHERE Code BETWEEN 1 AND 10 AND  Revenue <= 53"
"{'meaningful_joins': 'yes', 'table_exp_type': 'single_table', 'where_type': {'basic_comparison': '<'}, 'number_of_value_exp_in_group_by': 0, 'having_type': 'none', 'orderby_type': 'ASC', 'limit_type': 'none', 'value_exp_types': ['count_distinct_exp', 'single_exp_number'], 'distinct_type': 'none', 'min_max_depth_in_subquery': [1, 1]}","SELECT COUNT(DISTINCT Code), Code FROM Products WHERE  Price < 47 ORDER BY Code ASC"
"{'meaningful_joins': 'yes', 'table_exp_type': 'single_table_with_name_changing', 'where_type': {'basic_comparison': '<='}, 'number_of_value_exp_in_group_by': 0, 'having_type': 'none', 'orderby_type': 'none', 'limit_type': 'none', 'value_exp_types': ['single_exp_number', 'single_exp_number'], 'distinct_type': 'none', 'min_max_depth_in_subquery': [1, 1]}","SELECT x.Revenue, x.Code FROM Manufacturers AS x WHERE  x.Code <= 15"
"{'meaningful_joins': 'yes', 'table_exp_type': 'single_table', 'where_type': {'basic_comparison': '<'}, 'number_of_value_exp_in_group_by': 1, 'having_type': {'single': 'MAX'}, 'orderby_type': 'none', 'limit_type': 'none', 'value_exp_types': ['count_distinct_exp', 'single_exp_text'], 'distinct_type': 'none', 'min_max_depth_in_subquery': [1, 1]}","SELECT COUNT(DISTINCT Headquarter), Founder, Headquarter FROM Manufacturers WHERE  Revenue < 90 GROUP BY Headquarter HAVING MAX(Code) <= 25"
"{'meaningful_joins': 'yes', 'table_exp_type': 'JOIN', 'where_type': {'logical_operator': ['OR', 'between', 'in_with_subquery']}, 'number_of_value_exp_in_group_by': 1, 'having_type': {'single': 'AVG'}, 'orderby_type': 'none', 'limit_type': 'none', 'value_exp_types': ['single_exp_number', 'single_exp_text', 'single_exp_text'], 'distinct_type': 'none', 'min_max_depth_in_subquery': [1, 1]}","SELECT Price, Headquarter, Manufacturers.Name, Revenue FROM Manufacturers JOIN Products ON Products.Manufacturer = Manufacturers.Code WHERE Manufacturers.Code BETWEEN 1 AND 10 OR Headquarter IN (SELECT Headquarter FROM Manufacturers AS z WHERE  z.Code >= 81) GROUP BY Revenue HAVING AVG(Products.Code) > 10"
"{'meaningful_joins': 'yes', 'table_exp_type': 'single_table_with_name_changing', 'where_type': 'none', 'number_of_value_exp_in_group_by': 1, 'having_type': {'single': 'AVG'}, 'orderby_type': 'DESC', 'limit_type': 'none', 'value_exp_types': ['count_distinct_exp', 'count_distinct_exp'], 'distinct_type': 'none', 'min_max_depth_in_subquery': [1, 1]}","SELECT COUNT(DISTINCT z.Name), COUNT(DISTINCT z.Price), z.Price FROM Products AS z GROUP BY z.Price HAVING AVG(z.Manufacturer) = 61 ORDER BY z.Price DESC"
"{'meaningful_joins': 'yes', 'table_exp_type': 'JOIN', 'where_type': 'none', 'number_of_value_exp_in_group_by': 0, 'having_type': 'none', 'orderby_type': 'DESC', 'limit_type': 'none', 'value_exp_types': ['agg_exp', 'single_exp_text'], 'distinct_type': 'none', 'min_max_depth_in_subquery': [1, 1]}","SELECT MAX(Revenue), Manufacturers.Name FROM Manufacturers JOIN Products ON Products.Manufacturer = Manufacturers.Code ORDER BY Manufacturers.Name DESC"
"{'meaningful_joins': 'yes', 'table_exp_type': 'SELF JOIN', 'where_type': {'logical_operator': ['AND', 'between', 'in_with_subquery']}, 'number_of_value_exp_in_group_by': 1, 'having_type': {'single': 'MIN'}, 'orderby_type': 'DESC', 'limit_type': 'none', 'value_exp_types': ['single_exp_number', 'single_exp_text'], 'distinct_type': 'none', 'min_max_depth_in_subquery': [1, 1]}","SELECT Products.Code, Products.Name, q.Manufacturer FROM Products JOIN Products AS q ON Products.Code = q.Code WHERE q.Code BETWEEN 1 AND 10 AND Name IN (SELECT Name FROM Products AS d) GROUP BY q.Manufacturer HAVING MIN(q.Code) = 54 ORDER BY Products.Code DESC"
"{'meaningful_joins': 'yes', 'table_exp_type': 'single_table_with_name_changing', 'where_type': {'logical_operator': ['OR', 'between', 'comparison_with_subquery']}, 'number_of_value_exp_in_group_by': 1, 'having_type': 'none', 'orderby_type': 'none', 'limit_type': 'none', 'value_exp_types': ['agg_exp', 'single_exp_number'], 'distinct_type': 'none', 'min_max_depth_in_subquery': [1, 1]}","SELECT MAX(k.Code), k.Revenue, k.Name FROM Manufacturers AS k WHERE k.Revenue BETWEEN 1 AND 10 OR Founder <= (SELECT AVG(Founder) FROM Manufacturers WHERE  Code >= 0) GROUP BY k.Name"
"{'meaningful_joins': 'yes', 'table_exp_type': 'single_table', 'where_type': 'none', 'number_of_value_exp_in_group_by': 0, 'having_type': 'none', 'orderby_type': 'none', 'limit_type': 'none', 'value_exp_types': ['single_exp_text', 'single_exp_text'], 'distinct_type': 'none', 'min_max_depth_in_subquery': [1, 1]}","SELECT Name, Founder FROM Manufacturers"
"{'meaningful_joins': 'yes', 'table_exp_type': 'single_table', 'where_type': {'logical_operator': ['OR', 'between', 'basic_comparison']}, 'number_of_value_exp_in_group_by': 0, 'having_type': 'none', 'orderby_type': 'ASC', 'limit_type': 'without_offset', 'value_exp_types': ['count_distinct_exp', 'single_exp_number', 'single_exp_text'], 'distinct_type': 'none', 'min_max_depth_in_subquery': [1, 1]}","SELECT COUNT(DISTINCT Manufacturer), Code, Name FROM Products WHERE Code BETWEEN 1 AND 10 OR  Code < 19 ORDER BY Code ASC LIMIT 3"
"{'meaningful_joins': 'yes', 'table_exp_type': 'single_table', 'where_type': {'basic_comparison': '='}, 'number_of_value_exp_in_group_by': 0, 'having_type': 'none', 'orderby_type': 'none', 'limit_type': 'none', 'value_exp_types': ['agg_exp', 'agg_exp'], 'distinct_type': 'none', 'min_max_depth_in_subquery': [1, 1]}","SELECT COUNT(Revenue), MAX(Code) FROM Manufacturers WHERE  Revenue = 31"
"{'meaningful_joins': 'yes', 'table_exp_type': 'SELF JOIN', 'where_type': {'basic_comparison': '>='}, 'number_of_value_exp_in_group_by': 0, 'having_type': 'none', 'orderby_type': 'none', 'limit_type': 'none', 'value_exp_types': ['count_distinct_exp', 'count_distinct_exp', 'count_distinct_exp'], 'distinct_type': 'none', 'min_max_depth_in_subquery': [1, 1]}","SELECT COUNT(DISTINCT Products.Price), COUNT(DISTINCT z.Price), COUNT(DISTINCT z.Manufacturer) FROM Products AS z JOIN Products ON Products.Code = z.Code WHERE  Products.Code >= 68"
"{'meaningful_joins': 'yes', 'table_exp_type': 'SELF JOIN', 'where_type': {'basic_comparison': '!='}, 'number_of_value_exp_in_group_by': 0, 'having_type': 'none', 'orderby_type': 'DESC', 'limit_type': 'without_offset', 'value_exp_types': ['agg_exp', 'single_exp_text'], 'distinct_type': 'none', 'min_max_depth_in_subquery': [1, 1]}","SELECT MIN(l.Code), l.Name FROM Manufacturers AS l JOIN Manufacturers ON Manufacturers.Code = l.Code WHERE  Manufacturers.Revenue != 38 ORDER BY l.Name DESC LIMIT 7"
"{'meaningful_joins': 'yes', 'table_exp_type': 'single_table', 'where_type': 'in_with_subquery', 'number_of_value_exp_in_group_by': 0, 'having_type': 'none', 'orderby_type': 'none', 'limit_type': 'none', 'value_exp_types': ['count_distinct_exp'], 'distinct_type': 'none', 'min_max_depth_in_subquery': [1, 1]}",SELECT COUNT(DISTINCT Price) FROM Products WHERE Code IN (SELECT Code FROM Products AS j WHERE j.Price BETWEEN 1 AND 10 OR  j.Manufacturer <= 86)
"{'meaningful_joins': 'yes', 'table_exp_type': 'SELF JOIN', 'where_type': {'logical_operator': ['OR', 'between', 'basic_comparison']}, 'number_of_value_exp_in_group_by': 1, 'having_type': 'none', 'orderby_type': 'none', 'limit_type': 'none', 'value_exp_types': ['agg_exp', 'single_exp_number'], 'distinct_type': 'none', 'min_max_depth_in_subquery': [1, 1]}","SELECT MAX(Products.Code), Products.Code, p.Price FROM Products AS p JOIN Products ON Products.Code = p.Code WHERE Products.Code BETWEEN 1 AND 10 OR  Products.Manufacturer > 31 GROUP BY p.Price"
"{'meaningful_joins': 'yes', 'table_exp_type': 'JOIN', 'where_type': {'logical_operator': ['OR', 'between', 'not_in_with_subquery']}, 'number_of_value_exp_in_group_by': 1, 'having_type': 'none', 'orderby_type': 'ASC', 'limit_type': 'none', 'value_exp_types': ['single_exp_text'], 'distinct_type': 'none', 'min_max_depth_in_subquery': [1, 1]}","SELECT Headquarter, Revenue FROM Manufacturers JOIN Products ON Products.Manufacturer = Manufacturers.Code WHERE Price BETWEEN 1 AND 10 OR Headquarter NOT IN (SELECT Headquarter FROM Manufacturers AS e WHERE  e.Revenue < 11) GROUP BY Revenue ORDER BY Headquarter ASC"
"{'meaningful_joins': 'yes', 'table_exp_type': 'SELF JOIN', 'where_type': 'none', 'number_of_value_exp_in_group_by': 0, 'having_type': 'none', 'orderby_type': 'ASC', 'limit_type': 'none', 'value_exp_types': ['count_distinct_exp', 'single_exp_number', 'single_exp_text'], 'distinct_type': 'none', 'min_max_depth_in_subquery': [1, 1]}","SELECT COUNT(DISTINCT Products.Price), z.Code, Products.Name FROM Products AS z JOIN Products ON Products.Code = z.Code ORDER BY Products.Name ASC"
"{'meaningful_joins': 'yes', 'table_exp_type': 'single_table', 'where_type': {'logical_operator': ['AND', 'basic_comparison', 'comparison_with_subquery']}, 'number_of_value_exp_in_group_by': 1, 'having_type': 'none', 'orderby_type': 'none', 'limit_type': 'none', 'value_exp_types': ['agg_exp', 'count_distinct_exp', 'single_exp_text'], 'distinct_type': 'none', 'min_max_depth_in_subquery': [1, 1]}","SELECT AVG(Price), COUNT(DISTINCT Code), Name FROM Products WHERE  Code = 31 AND Code < (SELECT MIN(Code) FROM Manufacturers WHERE Revenue BETWEEN 1 AND 10) GROUP BY Name"
"{'meaningful_joins': 'yes', 'table_exp_type': 'single_table', 'where_type': {'basic_comparison': '>='}, 'number_of_value_exp_in_group_by': 0, 'having_type': 'none', 'orderby_type': 'ASC', 'limit_type': 'none', 'value_exp_types': ['single_exp_number', 'single_exp_number', 'single_exp_text'], 'distinct_type': 'none', 'min_max_depth_in_subquery': [1, 1]}","SELECT Code, Price, Name FROM Products WHERE  Price >= 78 ORDER BY Price ASC"
"{'meaningful_joins': 'yes', 'table_exp_type': 'single_table', 'where_type': {'logical_operator': ['OR', 'between', 'basic_comparison']}, 'number_of_value_exp_in_group_by': 1, 'having_type': {'single': 'COUNT'}, 'orderby_type': 'none', 'limit_type': 'none', 'value_exp_types': ['single_exp_text', 'single_exp_text'], 'distinct_type': 'none', 'min_max_depth_in_subquery': [1, 1]}","SELECT Name, Name, Price FROM Products WHERE Price BETWEEN 1 AND 10 OR  Price = 93 GROUP BY Price HAVING COUNT(Manufacturer) < 84"
"{'meaningful_joins': 'yes', 'table_exp_type': 'single_table_with_name_changing', 'where_type': {'basic_comparison': '='}, 'number_of_value_exp_in_group_by': 1, 'having_type': 'none', 'orderby_type': 'none', 'limit_type': 'none', 'value_exp_types': ['agg_exp'], 'distinct_type': 'none', 'min_max_depth_in_subquery': [1, 1]}","SELECT SUM(x.Code), x.Name FROM Products AS x WHERE  x.Manufacturer = 40 GROUP BY x.Name"
"{'meaningful_joins': 'yes', 'table_exp_type': 'JOIN', 'where_type': {'basic_comparison': '!='}, 'number_of_value_exp_in_group_by': 0, 'having_type': 'none', 'orderby_type': 'none', 'limit_type': 'without_offset', 'value_exp_types': ['single_exp_text', 'single_exp_text'], 'distinct_type': 'none', 'min_max_depth_in_subquery': [1, 1]}","SELECT Products.Name, Headquarter FROM Manufacturers JOIN Products ON Products.Manufacturer = Manufacturers.Code WHERE  Price != 77 LIMIT 3"
"{'meaningful_joins': 'yes', 'table_exp_type': 'single_table', 'where_type': {'basic_comparison': '='}, 'number_of_value_exp_in_group_by': 1, 'having_type': 'none', 'orderby_type': 'none', 'limit_type': 'none', 'value_exp_types': ['agg_exp'], 'distinct_type': 'none', 'min_max_depth_in_subquery': [1, 1]}","SELECT AVG(Manufacturer), Name FROM Products WHERE  Price = 76 GROUP BY Name"
"{'meaningful_joins': 'yes', 'table_exp_type': 'single_table', 'where_type': {'basic_comparison': '<'}, 'number_of_value_exp_in_group_by': 0, 'having_type': 'none', 'orderby_type': 'none', 'limit_type': 'none', 'value_exp_types': ['count_distinct_exp', 'count_distinct_exp', 'single_exp_number'], 'distinct_type': 'none', 'min_max_depth_in_subquery': [1, 1]}","SELECT COUNT(DISTINCT Price), COUNT(DISTINCT Name), Manufacturer FROM Products WHERE  Price < 66"
"{'meaningful_joins': 'yes', 'table_exp_type': 'single_table', 'where_type': {'basic_comparison': '<'}, 'number_of_value_exp_in_group_by': 0, 'having_type': 'none', 'orderby_type': 'none', 'limit_type': 'none', 'value_exp_types': ['agg_exp'], 'distinct_type': 'none', 'min_max_depth_in_subquery': [1, 1]}",SELECT SUM(Price) FROM Products WHERE  Code < 20
"{'meaningful_joins': 'yes', 'table_exp_type': 'single_table', 'where_type': {'basic_comparison': '>'}, 'number_of_value_exp_in_group_by': 1, 'having_type': 'none', 'orderby_type': 'ASC', 'limit_type': 'none', 'value_exp_types': ['single_exp_number'], 'distinct_type': 'none', 'min_max_depth_in_subquery': [1, 1]}","SELECT Code, Headquarter FROM Manufacturers WHERE  Code > 63 GROUP BY Headquarter ORDER BY Code ASC"
