Specification,query
"{'meaningful_joins': 'yes', 'table_exp_type': 'single_table', 'where_type': 'in_with_subquery', 'number_of_value_exp_in_group_by': 1, 'having_type': 'none', 'orderby_type': 'ASC', 'limit_type': 'none', 'value_exp_types': ['agg_exp', 'single_exp_text'], 'distinct_type': 'none', 'min_max_depth_in_subquery': [1, 1]}","SELECT COUNT(Num_of_Factories), Name, Num_of_Shops FROM manufacturer WHERE Name IN (SELECT Name FROM manufacturer WHERE  Num_of_Shops > 68 LIMIT 5) GROUP BY Num_of_Shops ORDER BY Num_of_Shops ASC"
"{'meaningful_joins': 'yes', 'table_exp_type': 'single_table', 'where_type': {'basic_comparison': '<='}, 'number_of_value_exp_in_group_by': 0, 'having_type': 'none', 'orderby_type': 'none', 'limit_type': 'none', 'value_exp_types': ['single_exp_number', 'single_exp_text'], 'distinct_type': 'none', 'min_max_depth_in_subquery': [1, 1]}","SELECT Num_of_Component, Name FROM furniture WHERE  Market_Rate <= 0"
"{'meaningful_joins': 'yes', 'table_exp_type': 'single_table', 'where_type': {'basic_comparison': '<'}, 'number_of_value_exp_in_group_by': 1, 'having_type': {'single': 'COUNT'}, 'orderby_type': 'none', 'limit_type': 'none', 'value_exp_types': ['count_distinct_exp'], 'distinct_type': 'none', 'min_max_depth_in_subquery': [1, 1]}","SELECT COUNT(DISTINCT Name), Open_Year FROM manufacturer WHERE  Num_of_Shops < 16 GROUP BY Open_Year HAVING COUNT(Manufacturer_ID) < 66"
"{'meaningful_joins': 'yes', 'table_exp_type': 'single_table', 'where_type': 'none', 'number_of_value_exp_in_group_by': 1, 'having_type': 'none', 'orderby_type': 'none', 'limit_type': 'none', 'value_exp_types': ['single_exp_text'], 'distinct_type': 'none', 'min_max_depth_in_subquery': [1, 1]}","SELECT Name, Market_Rate FROM furniture GROUP BY Market_Rate"
"{'meaningful_joins': 'yes', 'table_exp_type': 'JOIN_JOIN', 'where_type': 'none', 'number_of_value_exp_in_group_by': 0, 'having_type': 'none', 'orderby_type': 'none', 'limit_type': 'none', 'value_exp_types': ['agg_exp', 'single_exp_number'], 'distinct_type': 'none', 'min_max_depth_in_subquery': [1, 1]}","SELECT AVG(manufacturer.Manufacturer_ID), Market_Rate FROM manufacturer JOIN furniture_manufacte JOIN furniture ON furniture_manufacte.Furniture_ID = furniture.Furniture_ID AND manufacturer.Manufacturer_ID = furniture_manufacte.Manufacturer_ID"
"{'meaningful_joins': 'yes', 'table_exp_type': 'JOIN', 'where_type': 'none', 'number_of_value_exp_in_group_by': 1, 'having_type': 'none', 'orderby_type': 'ASC', 'limit_type': 'none', 'value_exp_types': ['single_exp_text'], 'distinct_type': 'none', 'min_max_depth_in_subquery': [1, 1]}","SELECT Name, Furniture_ID FROM manufacturer JOIN furniture_manufacte ON manufacturer.Manufacturer_ID = furniture_manufacte.Manufacturer_ID GROUP BY Furniture_ID ORDER BY Name ASC"
"{'meaningful_joins': 'yes', 'table_exp_type': 'JOIN', 'where_type': {'basic_comparison': '>='}, 'number_of_value_exp_in_group_by': 0, 'having_type': 'none', 'orderby_type': 'none', 'limit_type': 'without_offset', 'value_exp_types': ['single_exp_text', 'single_exp_text'], 'distinct_type': 'none', 'min_max_depth_in_subquery': [1, 1]}","SELECT Name, Name FROM manufacturer JOIN furniture_manufacte ON manufacturer.Manufacturer_ID = furniture_manufacte.Manufacturer_ID WHERE  Open_Year >= 58 LIMIT 7"
"{'meaningful_joins': 'yes', 'table_exp_type': 'single_table_with_name_changing', 'where_type': {'basic_comparison': '!='}, 'number_of_value_exp_in_group_by': 0, 'having_type': 'none', 'orderby_type': 'none', 'limit_type': 'none', 'value_exp_types': ['count_distinct_exp'], 'distinct_type': 'none', 'min_max_depth_in_subquery': [1, 1]}",SELECT COUNT(DISTINCT v.Name) FROM furniture AS v WHERE  v.Furniture_ID != 30
"{'meaningful_joins': 'yes', 'table_exp_type': 'JOIN_JOIN', 'where_type': {'basic_comparison': '>='}, 'number_of_value_exp_in_group_by': 0, 'having_type': 'none', 'orderby_type': 'DESC', 'limit_type': 'none', 'value_exp_types': ['single_exp_number', 'single_exp_number', 'single_exp_number'], 'distinct_type': 'none', 'min_max_depth_in_subquery': [1, 1]}","SELECT Num_of_Component, furniture.Furniture_ID, Num_of_Shops FROM manufacturer JOIN furniture_manufacte JOIN furniture ON furniture_manufacte.Furniture_ID = furniture.Furniture_ID AND manufacturer.Manufacturer_ID = furniture_manufacte.Manufacturer_ID WHERE  manufacturer.Manufacturer_ID >= 25 ORDER BY Num_of_Shops DESC"
"{'meaningful_joins': 'yes', 'table_exp_type': 'single_table_with_name_changing', 'where_type': 'none', 'number_of_value_exp_in_group_by': 1, 'having_type': 'none', 'orderby_type': 'none', 'limit_type': 'none', 'value_exp_types': ['single_exp_text'], 'distinct_type': 'none', 'min_max_depth_in_subquery': [1, 1]}","SELECT g.Name, g.Num_of_Component FROM furniture AS g GROUP BY g.Num_of_Component"
"{'meaningful_joins': 'yes', 'table_exp_type': 'single_table_with_name_changing', 'where_type': 'comparison_with_subquery', 'number_of_value_exp_in_group_by': 0, 'having_type': 'none', 'orderby_type': 'none', 'limit_type': 'without_offset', 'value_exp_types': ['agg_exp', 'single_exp_number'], 'distinct_type': 'none', 'min_max_depth_in_subquery': [1, 1]}","SELECT AVG(a.Num_of_Shops), a.Num_of_Shops FROM manufacturer AS a WHERE Name < (SELECT AVG(Name) FROM manufacturer AS c WHERE  c.Manufacturer_ID < 70) LIMIT 6"
"{'meaningful_joins': 'yes', 'table_exp_type': 'JOIN_JOIN', 'where_type': 'between', 'number_of_value_exp_in_group_by': 1, 'having_type': 'none', 'orderby_type': 'ASC', 'limit_type': 'none', 'value_exp_types': ['agg_exp', 'single_exp_text'], 'distinct_type': 'none', 'min_max_depth_in_subquery': [1, 1]}","SELECT MIN(Open_Year), manufacturer.Name, Num_of_Component FROM manufacturer JOIN furniture_manufacte JOIN furniture ON furniture_manufacte.Furniture_ID = furniture.Furniture_ID AND manufacturer.Manufacturer_ID = furniture_manufacte.Manufacturer_ID WHERE Price_in_Dollar BETWEEN 1 AND 10 GROUP BY Num_of_Component ORDER BY Num_of_Component ASC"
"{'meaningful_joins': 'yes', 'table_exp_type': 'single_table', 'where_type': 'not_exists_subquery', 'number_of_value_exp_in_group_by': 0, 'having_type': 'none', 'orderby_type': 'ASC', 'limit_type': 'none', 'value_exp_types': ['single_exp_text'], 'distinct_type': 'none', 'min_max_depth_in_subquery': [1, 1]}",SELECT Name FROM manufacturer WHERE EXISTS (SELECT * FROM furniture_manufacte WHERE  Manufacturer_ID != 85 AND manufacturer.Manufacturer_ID = Manufacturer_ID) ORDER BY Name ASC
"{'meaningful_joins': 'yes', 'table_exp_type': 'single_table', 'where_type': {'basic_comparison': '='}, 'number_of_value_exp_in_group_by': 0, 'having_type': 'none', 'orderby_type': 'none', 'limit_type': 'without_offset', 'value_exp_types': ['agg_exp', 'single_exp_number'], 'distinct_type': 'none', 'min_max_depth_in_subquery': [1, 1]}","SELECT COUNT(Num_of_Shops), Manufacturer_ID FROM manufacturer WHERE  Num_of_Shops = 4 LIMIT 8"
"{'meaningful_joins': 'yes', 'table_exp_type': 'SELF JOIN', 'where_type': {'basic_comparison': '>='}, 'number_of_value_exp_in_group_by': 0, 'having_type': 'none', 'orderby_type': 'ASC', 'limit_type': 'none', 'value_exp_types': ['agg_exp', 'single_exp_text'], 'distinct_type': 'none', 'min_max_depth_in_subquery': [1, 1]}","SELECT AVG(manufacturer.Num_of_Factories), manufacturer.Name FROM manufacturer AS v JOIN manufacturer ON manufacturer.Manufacturer_ID = v.Manufacturer_ID WHERE  manufacturer.Manufacturer_ID >= 95 ORDER BY manufacturer.Name ASC"
"{'meaningful_joins': 'yes', 'table_exp_type': 'single_table_with_name_changing', 'where_type': {'basic_comparison': '<'}, 'number_of_value_exp_in_group_by': 0, 'having_type': 'none', 'orderby_type': 'none', 'limit_type': 'none', 'value_exp_types': ['agg_exp', 'single_exp_number'], 'distinct_type': 'none', 'min_max_depth_in_subquery': [1, 1]}","SELECT MIN(z.Open_Year), z.Manufacturer_ID FROM manufacturer AS z WHERE  z.Open_Year < 52"
"{'meaningful_joins': 'yes', 'table_exp_type': 'SELF JOIN', 'where_type': 'not_exists_subquery', 'number_of_value_exp_in_group_by': 0, 'having_type': 'none', 'orderby_type': 'DESC', 'limit_type': 'none', 'value_exp_types': ['single_exp_number'], 'distinct_type': 'none', 'min_max_depth_in_subquery': [1, 1]}",SELECT b.Num_of_Shops FROM manufacturer AS b JOIN manufacturer ON manufacturer.Manufacturer_ID = b.Manufacturer_ID WHERE EXISTS (SELECT * FROM furniture_manufacte AS e WHERE e.Furniture_ID BETWEEN 1 AND 10 AND manufacturer.Manufacturer_ID = e.Manufacturer_ID) ORDER BY b.Num_of_Shops DESC
"{'meaningful_joins': 'yes', 'table_exp_type': 'single_table_with_name_changing', 'where_type': {'basic_comparison': '='}, 'number_of_value_exp_in_group_by': 1, 'having_type': 'none', 'orderby_type': 'none', 'limit_type': 'none', 'value_exp_types': ['single_exp_number'], 'distinct_type': 'none', 'min_max_depth_in_subquery': [1, 1]}","SELECT n.Furniture_ID, n.Num_of_Component FROM furniture AS n WHERE  n.Num_of_Component = 81 GROUP BY n.Num_of_Component"
"{'meaningful_joins': 'yes', 'table_exp_type': 'single_table', 'where_type': {'basic_comparison': '>='}, 'number_of_value_exp_in_group_by': 0, 'having_type': 'none', 'orderby_type': 'DESC', 'limit_type': 'without_offset', 'value_exp_types': ['single_exp_text'], 'distinct_type': 'none', 'min_max_depth_in_subquery': [1, 1]}",SELECT Name FROM furniture WHERE  Furniture_ID >= 88 ORDER BY Name DESC LIMIT 7
"{'meaningful_joins': 'yes', 'table_exp_type': 'JOIN', 'where_type': 'between', 'number_of_value_exp_in_group_by': 0, 'having_type': 'none', 'orderby_type': 'DESC', 'limit_type': 'none', 'value_exp_types': ['single_exp_number'], 'distinct_type': 'none', 'min_max_depth_in_subquery': [1, 1]}",SELECT Price_in_Dollar FROM furniture_manufacte JOIN furniture ON furniture_manufacte.Furniture_ID = furniture.Furniture_ID WHERE Manufacturer_ID BETWEEN 1 AND 10 ORDER BY Price_in_Dollar DESC
"{'meaningful_joins': 'yes', 'table_exp_type': 'JOIN', 'where_type': 'between', 'number_of_value_exp_in_group_by': 1, 'having_type': 'none', 'orderby_type': 'ASC', 'limit_type': 'without_offset', 'value_exp_types': ['single_exp_number', 'single_exp_number'], 'distinct_type': 'none', 'min_max_depth_in_subquery': [1, 1]}","SELECT manufacturer.Manufacturer_ID, Furniture_ID, Open_Year FROM manufacturer JOIN furniture_manufacte ON manufacturer.Manufacturer_ID = furniture_manufacte.Manufacturer_ID WHERE furniture_manufacte.Manufacturer_ID BETWEEN 1 AND 10 GROUP BY Open_Year ORDER BY Furniture_ID ASC LIMIT 10"
"{'meaningful_joins': 'yes', 'table_exp_type': 'single_table_with_name_changing', 'where_type': {'logical_operator': ['OR', 'between', 'basic_comparison']}, 'number_of_value_exp_in_group_by': 0, 'having_type': 'none', 'orderby_type': 'none', 'limit_type': 'without_offset', 'value_exp_types': ['single_exp_text'], 'distinct_type': 'none', 'min_max_depth_in_subquery': [1, 1]}",SELECT a.Name FROM manufacturer AS a WHERE a.Manufacturer_ID BETWEEN 1 AND 10 OR  a.Num_of_Factories = 51 LIMIT 10
"{'meaningful_joins': 'yes', 'table_exp_type': 'single_table_with_name_changing', 'where_type': {'basic_comparison': '!='}, 'number_of_value_exp_in_group_by': 1, 'having_type': 'none', 'orderby_type': 'none', 'limit_type': 'none', 'value_exp_types': ['agg_exp', 'single_exp_number'], 'distinct_type': 'none', 'min_max_depth_in_subquery': [1, 1]}","SELECT AVG(x.Manufacturer_ID), x.Price_in_Dollar, x.Furniture_ID FROM furniture_manufacte AS x WHERE  x.Price_in_Dollar != 54 GROUP BY x.Furniture_ID"
"{'meaningful_joins': 'yes', 'table_exp_type': 'SELF JOIN', 'where_type': {'basic_comparison': '!='}, 'number_of_value_exp_in_group_by': 0, 'having_type': 'none', 'orderby_type': 'none', 'limit_type': 'none', 'value_exp_types': ['single_exp_number', 'single_exp_number'], 'distinct_type': 'none', 'min_max_depth_in_subquery': [1, 1]}","SELECT q.Manufacturer_ID, furniture_manufacte.Manufacturer_ID FROM furniture_manufacte AS q JOIN furniture_manufacte ON furniture_manufacte.Manufacturer_ID = q.Manufacturer_ID WHERE  q.Price_in_Dollar != 89"
"{'meaningful_joins': 'yes', 'table_exp_type': 'single_table', 'where_type': {'basic_comparison': '='}, 'number_of_value_exp_in_group_by': 0, 'having_type': 'none', 'orderby_type': 'none', 'limit_type': 'without_offset', 'value_exp_types': ['agg_exp', 'single_exp_text'], 'distinct_type': 'none', 'min_max_depth_in_subquery': [1, 1]}","SELECT SUM(Market_Rate), Name FROM furniture WHERE  Furniture_ID = 63 LIMIT 6"
"{'meaningful_joins': 'yes', 'table_exp_type': 'single_table', 'where_type': {'basic_comparison': '>='}, 'number_of_value_exp_in_group_by': 1, 'having_type': 'none', 'orderby_type': 'none', 'limit_type': 'none', 'value_exp_types': ['count_distinct_exp'], 'distinct_type': 'none', 'min_max_depth_in_subquery': [1, 1]}","SELECT COUNT(DISTINCT Price_in_Dollar), Price_in_Dollar FROM furniture_manufacte WHERE  Price_in_Dollar >= 92 GROUP BY Price_in_Dollar"
"{'meaningful_joins': 'yes', 'table_exp_type': 'JOIN', 'where_type': {'basic_comparison': '>='}, 'number_of_value_exp_in_group_by': 0, 'having_type': 'none', 'orderby_type': 'none', 'limit_type': 'without_offset', 'value_exp_types': ['count_distinct_exp', 'single_exp_text'], 'distinct_type': 'none', 'min_max_depth_in_subquery': [1, 1]}","SELECT COUNT(DISTINCT Num_of_Component), Name FROM furniture_manufacte JOIN furniture ON furniture_manufacte.Furniture_ID = furniture.Furniture_ID WHERE  Market_Rate >= 54 LIMIT 5"
"{'meaningful_joins': 'yes', 'table_exp_type': 'SELF JOIN', 'where_type': 'not_in_with_subquery', 'number_of_value_exp_in_group_by': 1, 'having_type': {'single': 'COUNT'}, 'orderby_type': 'none', 'limit_type': 'none', 'value_exp_types': ['single_exp_number'], 'distinct_type': 'none', 'min_max_depth_in_subquery': [1, 1]}","SELECT furniture_manufacte.Furniture_ID, a.Furniture_ID FROM furniture_manufacte AS a JOIN furniture_manufacte ON furniture_manufacte.Manufacturer_ID = a.Manufacturer_ID WHERE Manufacturer_ID NOT IN (SELECT Manufacturer_ID FROM furniture_manufacte AS l WHERE  l.Price_in_Dollar <= 51) GROUP BY a.Furniture_ID HAVING COUNT(furniture_manufacte.Price_in_Dollar) < 6"
"{'meaningful_joins': 'yes', 'table_exp_type': 'JOIN', 'where_type': 'in_with_subquery', 'number_of_value_exp_in_group_by': 1, 'having_type': 'none', 'orderby_type': 'DESC', 'limit_type': 'without_offset', 'value_exp_types': ['agg_exp', 'single_exp_number'], 'distinct_type': 'none', 'min_max_depth_in_subquery': [1, 1]}","SELECT COUNT(Open_Year), manufacturer.Manufacturer_ID, Num_of_Shops FROM manufacturer JOIN furniture_manufacte ON manufacturer.Manufacturer_ID = furniture_manufacte.Manufacturer_ID WHERE Num_of_Factories IN (SELECT Num_of_Factories FROM manufacturer AS n WHERE n.Open_Year BETWEEN 1 AND 10 LIMIT 7) GROUP BY Num_of_Shops ORDER BY Num_of_Shops DESC LIMIT 4"
"{'meaningful_joins': 'yes', 'table_exp_type': 'single_table', 'where_type': {'basic_comparison': '>'}, 'number_of_value_exp_in_group_by': 1, 'having_type': {'single': 'COUNT'}, 'orderby_type': 'none', 'limit_type': 'without_offset', 'value_exp_types': ['single_exp_text', 'single_exp_text'], 'distinct_type': 'none', 'min_max_depth_in_subquery': [1, 1]}","SELECT Name, Name FROM manufacturer WHERE  Num_of_Factories > 41 GROUP BY Name HAVING COUNT(Num_of_Shops) <= 2 LIMIT 2"
