Specification,query
"{'meaningful_joins': 'yes', 'table_exp_type': 'single_table_with_name_changing', 'where_type': 'none', 'number_of_value_exp_in_group_by': 0, 'having_type': 'none', 'orderby_type': 'DESC', 'limit_type': 'none', 'value_exp_types': ['agg_exp', 'single_exp_text'], 'distinct_type': 'none', 'min_max_depth_in_subquery': [1, 1]}","SELECT MIN(s.id), s.FDA_approved FROM medicine AS s ORDER BY s.FDA_approved DESC"
"{'meaningful_joins': 'yes', 'table_exp_type': 'single_table', 'where_type': 'comparison_with_subquery', 'number_of_value_exp_in_group_by': 0, 'having_type': 'none', 'orderby_type': 'none', 'limit_type': 'without_offset', 'value_exp_types': ['single_exp_text', 'single_exp_text'], 'distinct_type': 'none', 'min_max_depth_in_subquery': [1, 1]}","SELECT interaction_type, interaction_type FROM medicine_enzyme_interaction WHERE enzyme_id >= (SELECT AVG(enzyme_id) FROM medicine_enzyme_interaction WHERE enzyme_id BETWEEN 1 AND 10) LIMIT 6"
"{'meaningful_joins': 'yes', 'table_exp_type': 'JOIN_JOIN', 'where_type': {'basic_comparison': '='}, 'number_of_value_exp_in_group_by': 1, 'having_type': 'none', 'orderby_type': 'none', 'limit_type': 'none', 'value_exp_types': ['agg_exp', 'single_exp_text'], 'distinct_type': 'none', 'min_max_depth_in_subquery': [1, 1]}","SELECT COUNT(enzyme_id), interaction_type, medicine_id FROM enzyme JOIN medicine JOIN medicine_enzyme_interaction ON medicine_enzyme_interaction.medicine_id = medicine.id AND enzyme.id = medicine_enzyme_interaction.enzyme_id WHERE  medicine.id = 18 GROUP BY medicine_id"
"{'meaningful_joins': 'yes', 'table_exp_type': 'single_table', 'where_type': {'logical_operator': ['OR', 'basic_comparison', 'in_with_subquery']}, 'number_of_value_exp_in_group_by': 0, 'having_type': 'none', 'orderby_type': 'none', 'limit_type': 'without_offset', 'value_exp_types': ['single_exp_number'], 'distinct_type': 'none', 'min_max_depth_in_subquery': [1, 1]}",SELECT id FROM medicine WHERE  id != 33 OR id IN (SELECT id FROM enzyme AS y) LIMIT 4
"{'meaningful_joins': 'yes', 'table_exp_type': 'JOIN', 'where_type': {'logical_operator': ['OR', 'between', 'exists_subquery']}, 'number_of_value_exp_in_group_by': 1, 'having_type': {'single': 'MAX'}, 'orderby_type': 'ASC', 'limit_type': 'without_offset', 'value_exp_types': ['count_distinct_exp', 'single_exp_number'], 'distinct_type': 'none', 'min_max_depth_in_subquery': [1, 1]}","SELECT COUNT(DISTINCT Trade_Name), id, Trade_Name FROM medicine JOIN medicine_enzyme_interaction ON medicine_enzyme_interaction.medicine_id = medicine.id WHERE medicine_id BETWEEN 1 AND 10 OR EXISTS (SELECT * FROM enzyme WHERE  id != 99 AND medicine_enzyme_interaction.enzyme_id = id) GROUP BY Trade_Name HAVING MAX(medicine_id) >= 54 ORDER BY Trade_Name ASC LIMIT 8"
"{'meaningful_joins': 'yes', 'table_exp_type': 'JOIN', 'where_type': {'basic_comparison': '='}, 'number_of_value_exp_in_group_by': 0, 'having_type': 'none', 'orderby_type': 'none', 'limit_type': 'none', 'value_exp_types': ['count_distinct_exp'], 'distinct_type': 'none', 'min_max_depth_in_subquery': [1, 1]}",SELECT COUNT(DISTINCT Product) FROM enzyme JOIN medicine_enzyme_interaction ON enzyme.id = medicine_enzyme_interaction.enzyme_id WHERE  id = 55
"{'meaningful_joins': 'yes', 'table_exp_type': 'JOIN', 'where_type': {'logical_operator': ['OR', 'between', 'basic_comparison']}, 'number_of_value_exp_in_group_by': 0, 'having_type': 'none', 'orderby_type': 'none', 'limit_type': 'without_offset', 'value_exp_types': ['single_exp_number', 'single_exp_number'], 'distinct_type': 'none', 'min_max_depth_in_subquery': [1, 1]}","SELECT id, enzyme_id FROM enzyme JOIN medicine_enzyme_interaction ON enzyme.id = medicine_enzyme_interaction.enzyme_id WHERE medicine_id BETWEEN 1 AND 10 OR  medicine_id != 92 LIMIT 10"
"{'meaningful_joins': 'yes', 'table_exp_type': 'single_table_with_name_changing', 'where_type': 'between', 'number_of_value_exp_in_group_by': 0, 'having_type': 'none', 'orderby_type': 'none', 'limit_type': 'none', 'value_exp_types': ['count_distinct_exp'], 'distinct_type': 'none', 'min_max_depth_in_subquery': [1, 1]}",SELECT COUNT(DISTINCT t.medicine_id) FROM medicine_enzyme_interaction AS t WHERE t.enzyme_id BETWEEN 1 AND 10
"{'meaningful_joins': 'yes', 'table_exp_type': 'single_table_with_name_changing', 'where_type': {'logical_operator': ['OR', 'between', 'basic_comparison']}, 'number_of_value_exp_in_group_by': 0, 'having_type': 'none', 'orderby_type': 'DESC', 'limit_type': 'without_offset', 'value_exp_types': ['single_exp_text'], 'distinct_type': 'none', 'min_max_depth_in_subquery': [1, 1]}",SELECT u.interaction_type FROM medicine_enzyme_interaction AS u WHERE u.enzyme_id BETWEEN 1 AND 10 OR  u.medicine_id <= 99 ORDER BY u.interaction_type DESC LIMIT 2
"{'meaningful_joins': 'yes', 'table_exp_type': 'single_table_with_name_changing', 'where_type': {'basic_comparison': '!='}, 'number_of_value_exp_in_group_by': 1, 'having_type': {'single': 'COUNT'}, 'orderby_type': 'DESC', 'limit_type': 'none', 'value_exp_types': ['count_distinct_exp'], 'distinct_type': 'none', 'min_max_depth_in_subquery': [1, 1]}","SELECT COUNT(DISTINCT s.enzyme_id), s.medicine_id FROM medicine_enzyme_interaction AS s WHERE  s.enzyme_id != 30 GROUP BY s.medicine_id HAVING COUNT(s.enzyme_id) > 60 ORDER BY s.medicine_id DESC"
"{'meaningful_joins': 'yes', 'table_exp_type': 'JOIN', 'where_type': 'between', 'number_of_value_exp_in_group_by': 0, 'having_type': 'none', 'orderby_type': 'none', 'limit_type': 'none', 'value_exp_types': ['agg_exp', 'single_exp_text'], 'distinct_type': 'none', 'min_max_depth_in_subquery': [1, 1]}","SELECT COUNT(id), FDA_approved FROM medicine JOIN medicine_enzyme_interaction ON medicine_enzyme_interaction.medicine_id = medicine.id WHERE enzyme_id BETWEEN 1 AND 10"
"{'meaningful_joins': 'yes', 'table_exp_type': 'single_table_with_name_changing', 'where_type': 'in_with_subquery', 'number_of_value_exp_in_group_by': 0, 'having_type': 'none', 'orderby_type': 'none', 'limit_type': 'without_offset', 'value_exp_types': ['agg_exp', 'agg_exp'], 'distinct_type': 'none', 'min_max_depth_in_subquery': [1, 1]}","SELECT COUNT(y.enzyme_id), AVG(y.medicine_id) FROM medicine_enzyme_interaction AS y WHERE interaction_type IN (SELECT interaction_type FROM medicine_enzyme_interaction AS a WHERE a.enzyme_id BETWEEN 1 AND 10 OR  a.enzyme_id <= 100 LIMIT 2) LIMIT 1"
"{'meaningful_joins': 'yes', 'table_exp_type': 'JOIN', 'where_type': 'none', 'number_of_value_exp_in_group_by': 0, 'having_type': 'none', 'orderby_type': 'ASC', 'limit_type': 'without_offset', 'value_exp_types': ['count_distinct_exp', 'single_exp_text'], 'distinct_type': 'none', 'min_max_depth_in_subquery': [1, 1]}","SELECT COUNT(DISTINCT enzyme_id), Product FROM enzyme JOIN medicine_enzyme_interaction ON enzyme.id = medicine_enzyme_interaction.enzyme_id ORDER BY Product ASC LIMIT 10"
"{'meaningful_joins': 'yes', 'table_exp_type': 'single_table', 'where_type': {'basic_comparison': '<='}, 'number_of_value_exp_in_group_by': 0, 'having_type': 'none', 'orderby_type': 'none', 'limit_type': 'without_offset', 'value_exp_types': ['agg_exp', 'single_exp_number'], 'distinct_type': 'none', 'min_max_depth_in_subquery': [1, 1]}","SELECT MAX(medicine_id), enzyme_id FROM medicine_enzyme_interaction WHERE  enzyme_id <= 69 LIMIT 1"
"{'meaningful_joins': 'yes', 'table_exp_type': 'single_table_with_name_changing', 'where_type': {'logical_operator': ['OR', 'basic_comparison', 'comparison_with_subquery']}, 'number_of_value_exp_in_group_by': 0, 'having_type': 'none', 'orderby_type': 'none', 'limit_type': 'none', 'value_exp_types': ['agg_exp', 'single_exp_text'], 'distinct_type': 'none', 'min_max_depth_in_subquery': [1, 1]}","SELECT MAX(y.enzyme_id), y.interaction_type FROM medicine_enzyme_interaction AS y WHERE  y.medicine_id <= 19 OR enzyme_id != (SELECT AVG(enzyme_id) FROM medicine_enzyme_interaction AS z WHERE z.medicine_id BETWEEN 1 AND 10 LIMIT 4)"
"{'meaningful_joins': 'yes', 'table_exp_type': 'single_table_with_name_changing', 'where_type': {'logical_operator': ['AND', 'between', 'comparison_with_subquery']}, 'number_of_value_exp_in_group_by': 0, 'having_type': 'none', 'orderby_type': 'none', 'limit_type': 'none', 'value_exp_types': ['single_exp_number'], 'distinct_type': 'none', 'min_max_depth_in_subquery': [1, 1]}",SELECT o.enzyme_id FROM medicine_enzyme_interaction AS o WHERE o.enzyme_id BETWEEN 1 AND 10 AND interaction_type != (SELECT MIN(interaction_type) FROM medicine_enzyme_interaction AS l WHERE l.medicine_id BETWEEN 1 AND 10)
"{'meaningful_joins': 'yes', 'table_exp_type': 'single_table', 'where_type': {'logical_operator': ['OR', 'between', 'not_exists_subquery']}, 'number_of_value_exp_in_group_by': 0, 'having_type': 'none', 'orderby_type': 'none', 'limit_type': 'none', 'value_exp_types': ['count_distinct_exp'], 'distinct_type': 'none', 'min_max_depth_in_subquery': [1, 1]}",SELECT COUNT(DISTINCT Location) FROM enzyme WHERE OMIM BETWEEN 1 AND 10 OR EXISTS (SELECT * FROM medicine_enzyme_interaction WHERE  enzyme_id = 93 AND enzyme.id = enzyme_id LIMIT 9)
"{'meaningful_joins': 'yes', 'table_exp_type': 'single_table_with_name_changing', 'where_type': 'between', 'number_of_value_exp_in_group_by': 1, 'having_type': 'none', 'orderby_type': 'none', 'limit_type': 'none', 'value_exp_types': ['agg_exp'], 'distinct_type': 'none', 'min_max_depth_in_subquery': [1, 1]}","SELECT MAX(g.id), g.Product FROM enzyme AS g WHERE g.id BETWEEN 1 AND 10 GROUP BY g.Product"
"{'meaningful_joins': 'yes', 'table_exp_type': 'JOIN', 'where_type': {'basic_comparison': '='}, 'number_of_value_exp_in_group_by': 0, 'having_type': 'none', 'orderby_type': 'ASC', 'limit_type': 'none', 'value_exp_types': ['single_exp_text', 'single_exp_text'], 'distinct_type': 'none', 'min_max_depth_in_subquery': [1, 1]}","SELECT interaction_type, Trade_Name FROM medicine JOIN medicine_enzyme_interaction ON medicine_enzyme_interaction.medicine_id = medicine.id WHERE  enzyme_id = 10 ORDER BY Trade_Name ASC"
"{'meaningful_joins': 'yes', 'table_exp_type': 'JOIN_JOIN', 'where_type': {'basic_comparison': '='}, 'number_of_value_exp_in_group_by': 1, 'having_type': 'none', 'orderby_type': 'none', 'limit_type': 'without_offset', 'value_exp_types': ['agg_exp', 'agg_exp'], 'distinct_type': 'none', 'min_max_depth_in_subquery': [1, 1]}","SELECT SUM(enzyme.id), AVG(enzyme.id), Chromosome FROM enzyme JOIN medicine JOIN medicine_enzyme_interaction ON medicine_enzyme_interaction.medicine_id = medicine.id AND enzyme.id = medicine_enzyme_interaction.enzyme_id WHERE  medicine_id = 31 GROUP BY Chromosome LIMIT 7"
"{'meaningful_joins': 'yes', 'table_exp_type': 'single_table_with_name_changing', 'where_type': 'between', 'number_of_value_exp_in_group_by': 1, 'having_type': {'single': 'MIN'}, 'orderby_type': 'none', 'limit_type': 'none', 'value_exp_types': ['agg_exp', 'agg_exp', 'single_exp_text'], 'distinct_type': 'none', 'min_max_depth_in_subquery': [1, 1]}","SELECT COUNT(d.OMIM), MIN(d.id), d.name, d.Chromosome FROM enzyme AS d WHERE d.id BETWEEN 1 AND 10 GROUP BY d.Chromosome HAVING MIN(d.OMIM) >= 56"
"{'meaningful_joins': 'yes', 'table_exp_type': 'single_table', 'where_type': 'none', 'number_of_value_exp_in_group_by': 1, 'having_type': {'single': 'AVG'}, 'orderby_type': 'none', 'limit_type': 'none', 'value_exp_types': ['single_exp_text'], 'distinct_type': 'none', 'min_max_depth_in_subquery': [1, 1]}",SELECT name FROM medicine GROUP BY name HAVING AVG(id) <= 43
"{'meaningful_joins': 'yes', 'table_exp_type': 'JOIN_JOIN', 'where_type': 'none', 'number_of_value_exp_in_group_by': 0, 'having_type': 'none', 'orderby_type': 'none', 'limit_type': 'none', 'value_exp_types': ['agg_exp', 'agg_exp', 'count_distinct_exp'], 'distinct_type': 'none', 'min_max_depth_in_subquery': [1, 1]}","SELECT MIN(medicine_id), MAX(medicine.id), COUNT(DISTINCT interaction_type) FROM enzyme JOIN medicine JOIN medicine_enzyme_interaction ON medicine_enzyme_interaction.medicine_id = medicine.id AND enzyme.id = medicine_enzyme_interaction.enzyme_id"
"{'meaningful_joins': 'yes', 'table_exp_type': 'single_table', 'where_type': 'not_exists_subquery', 'number_of_value_exp_in_group_by': 0, 'having_type': 'none', 'orderby_type': 'none', 'limit_type': 'without_offset', 'value_exp_types': ['agg_exp', 'single_exp_number'], 'distinct_type': 'none', 'min_max_depth_in_subquery': [1, 1]}","SELECT MAX(id), id FROM medicine WHERE EXISTS (SELECT * FROM medicine_enzyme_interaction WHERE medicine.id = medicine_id LIMIT 7) LIMIT 7"
"{'meaningful_joins': 'yes', 'table_exp_type': 'JOIN', 'where_type': {'basic_comparison': '>'}, 'number_of_value_exp_in_group_by': 0, 'having_type': 'none', 'orderby_type': 'DESC', 'limit_type': 'none', 'value_exp_types': ['single_exp_text', 'single_exp_text', 'single_exp_text'], 'distinct_type': 'none', 'min_max_depth_in_subquery': [1, 1]}","SELECT Chromosome, Chromosome, interaction_type FROM enzyme JOIN medicine_enzyme_interaction ON enzyme.id = medicine_enzyme_interaction.enzyme_id WHERE  medicine_id > 14 ORDER BY interaction_type DESC"
"{'meaningful_joins': 'yes', 'table_exp_type': 'single_table', 'where_type': {'logical_operator': ['OR', 'between', 'basic_comparison']}, 'number_of_value_exp_in_group_by': 0, 'having_type': 'none', 'orderby_type': 'none', 'limit_type': 'none', 'value_exp_types': ['count_distinct_exp'], 'distinct_type': 'none', 'min_max_depth_in_subquery': [1, 1]}",SELECT COUNT(DISTINCT Trade_Name) FROM medicine WHERE id BETWEEN 1 AND 10 OR  id <= 90
"{'meaningful_joins': 'yes', 'table_exp_type': 'single_table', 'where_type': {'basic_comparison': '<='}, 'number_of_value_exp_in_group_by': 1, 'having_type': {'single': 'MIN'}, 'orderby_type': 'none', 'limit_type': 'none', 'value_exp_types': ['agg_exp', 'agg_exp', 'agg_exp'], 'distinct_type': 'none', 'min_max_depth_in_subquery': [1, 1]}","SELECT MIN(id), MIN(id), SUM(id), Trade_Name FROM medicine WHERE  id <= 78 GROUP BY Trade_Name HAVING MIN(id) < 82"
"{'meaningful_joins': 'yes', 'table_exp_type': 'JOIN_JOIN', 'where_type': 'none', 'number_of_value_exp_in_group_by': 0, 'having_type': 'none', 'orderby_type': 'DESC', 'limit_type': 'none', 'value_exp_types': ['single_exp_number'], 'distinct_type': 'none', 'min_max_depth_in_subquery': [1, 1]}",SELECT medicine.id FROM enzyme JOIN medicine JOIN medicine_enzyme_interaction ON medicine_enzyme_interaction.medicine_id = medicine.id AND enzyme.id = medicine_enzyme_interaction.enzyme_id ORDER BY medicine.id DESC
"{'meaningful_joins': 'yes', 'table_exp_type': 'single_table_with_name_changing', 'where_type': {'basic_comparison': '<'}, 'number_of_value_exp_in_group_by': 0, 'having_type': 'none', 'orderby_type': 'DESC', 'limit_type': 'none', 'value_exp_types': ['count_distinct_exp', 'single_exp_number'], 'distinct_type': 'none', 'min_max_depth_in_subquery': [1, 1]}","SELECT COUNT(DISTINCT s.interaction_type), s.medicine_id FROM medicine_enzyme_interaction AS s WHERE  s.enzyme_id < 98 ORDER BY s.medicine_id DESC"
"{'meaningful_joins': 'yes', 'table_exp_type': 'SELF JOIN', 'where_type': {'basic_comparison': '!='}, 'number_of_value_exp_in_group_by': 0, 'having_type': 'none', 'orderby_type': 'none', 'limit_type': 'none', 'value_exp_types': ['single_exp_text'], 'distinct_type': 'none', 'min_max_depth_in_subquery': [1, 1]}",SELECT medicine_enzyme_interaction.interaction_type FROM medicine_enzyme_interaction AS q JOIN medicine_enzyme_interaction ON medicine_enzyme_interaction.enzyme_id = q.enzyme_id WHERE  medicine_enzyme_interaction.medicine_id != 96
"{'meaningful_joins': 'yes', 'table_exp_type': 'SELF JOIN', 'where_type': {'basic_comparison': '>='}, 'number_of_value_exp_in_group_by': 0, 'having_type': 'none', 'orderby_type': 'none', 'limit_type': 'none', 'value_exp_types': ['count_distinct_exp', 'count_distinct_exp', 'single_exp_number'], 'distinct_type': 'none', 'min_max_depth_in_subquery': [1, 1]}","SELECT COUNT(DISTINCT d.id), COUNT(DISTINCT d.Porphyria), enzyme.id FROM enzyme JOIN enzyme AS d ON enzyme.id = d.id WHERE  enzyme.id >= 87"
"{'meaningful_joins': 'yes', 'table_exp_type': 'single_table', 'where_type': 'none', 'number_of_value_exp_in_group_by': 1, 'having_type': 'none', 'orderby_type': 'none', 'limit_type': 'without_offset', 'value_exp_types': ['agg_exp', 'count_distinct_exp'], 'distinct_type': 'none', 'min_max_depth_in_subquery': [1, 1]}","SELECT AVG(id), COUNT(DISTINCT id), FDA_approved FROM medicine GROUP BY FDA_approved LIMIT 1"
"{'meaningful_joins': 'yes', 'table_exp_type': 'single_table', 'where_type': {'basic_comparison': '>'}, 'number_of_value_exp_in_group_by': 0, 'having_type': 'none', 'orderby_type': 'DESC', 'limit_type': 'none', 'value_exp_types': ['single_exp_text'], 'distinct_type': 'none', 'min_max_depth_in_subquery': [1, 1]}",SELECT Trade_Name FROM medicine WHERE  id > 24 ORDER BY Trade_Name DESC
"{'meaningful_joins': 'yes', 'table_exp_type': 'single_table', 'where_type': {'basic_comparison': '<='}, 'number_of_value_exp_in_group_by': 1, 'having_type': 'none', 'orderby_type': 'none', 'limit_type': 'none', 'value_exp_types': ['agg_exp', 'single_exp_text'], 'distinct_type': 'none', 'min_max_depth_in_subquery': [1, 1]}","SELECT MAX(enzyme_id), interaction_type, medicine_id FROM medicine_enzyme_interaction WHERE  enzyme_id <= 40 GROUP BY medicine_id"
