Specification,query
"{'meaningful_joins': 'yes', 'table_exp_type': 'single_table', 'where_type': 'between', 'number_of_value_exp_in_group_by': 1, 'having_type': {'single': 'SUM'}, 'orderby_type': 'none', 'limit_type': 'without_offset', 'value_exp_types': ['single_exp_text', 'single_exp_text'], 'distinct_type': 'none', 'min_max_depth_in_subquery': [1, 1]}","SELECT visitor_ID, visitor_ID FROM visit WHERE Museum_ID BETWEEN 1 AND 10 GROUP BY visitor_ID HAVING SUM(Museum_ID) = 33 LIMIT 5"
"{'meaningful_joins': 'yes', 'table_exp_type': 'single_table', 'where_type': 'in_with_subquery', 'number_of_value_exp_in_group_by': 1, 'having_type': 'none', 'orderby_type': 'none', 'limit_type': 'none', 'value_exp_types': ['single_exp_number', 'single_exp_number'], 'distinct_type': 'none', 'min_max_depth_in_subquery': [1, 1]}","SELECT ID, Level_of_membership, Name FROM visitor WHERE Name IN (SELECT Name FROM visitor AS l WHERE l.Level_of_membership BETWEEN 1 AND 10) GROUP BY Name"
"{'meaningful_joins': 'yes', 'table_exp_type': 'single_table_with_name_changing', 'where_type': {'logical_operator': ['OR', 'between', 'basic_comparison']}, 'number_of_value_exp_in_group_by': 1, 'having_type': 'none', 'orderby_type': 'DESC', 'limit_type': 'none', 'value_exp_types': ['single_exp_number', 'single_exp_text'], 'distinct_type': 'none', 'min_max_depth_in_subquery': [1, 1]}","SELECT k.Total_spent, k.visitor_ID, k.Num_of_Ticket FROM visit AS k WHERE k.Total_spent BETWEEN 1 AND 10 OR  k.Museum_ID > 4 GROUP BY k.Num_of_Ticket ORDER BY k.visitor_ID DESC"
"{'meaningful_joins': 'yes', 'table_exp_type': 'JOIN_JOIN', 'where_type': {'basic_comparison': '='}, 'number_of_value_exp_in_group_by': 1, 'having_type': 'none', 'orderby_type': 'none', 'limit_type': 'none', 'value_exp_types': ['count_distinct_exp'], 'distinct_type': 'none', 'min_max_depth_in_subquery': [1, 1]}","SELECT COUNT(DISTINCT museum.Museum_ID), Num_of_Staff FROM visitor JOIN visit JOIN museum ON visit.visitor_ID = visitor.ID AND museum.Museum_ID = visit.Museum_ID WHERE  Level_of_membership = 68 GROUP BY Num_of_Staff"
"{'meaningful_joins': 'yes', 'table_exp_type': 'SELF JOIN', 'where_type': {'basic_comparison': '<'}, 'number_of_value_exp_in_group_by': 0, 'having_type': 'none', 'orderby_type': 'none', 'limit_type': 'none', 'value_exp_types': ['single_exp_number', 'single_exp_number'], 'distinct_type': 'none', 'min_max_depth_in_subquery': [1, 1]}","SELECT n.Total_spent, n.Museum_ID FROM visit AS n JOIN visit ON visit.Museum_ID = n.Museum_ID WHERE  n.Museum_ID < 83"
"{'meaningful_joins': 'yes', 'table_exp_type': 'single_table', 'where_type': {'logical_operator': ['OR', 'basic_comparison', 'exists_subquery']}, 'number_of_value_exp_in_group_by': 1, 'having_type': 'none', 'orderby_type': 'none', 'limit_type': 'without_offset', 'value_exp_types': ['agg_exp', 'single_exp_number'], 'distinct_type': 'none', 'min_max_depth_in_subquery': [1, 1]}","SELECT MIN(Num_of_Staff), Num_of_Staff, Open_Year FROM museum WHERE  Museum_ID != 97 OR EXISTS (SELECT * FROM visit AS t WHERE t.Num_of_Ticket BETWEEN 1 AND 10 AND museum.Museum_ID = t.Museum_ID LIMIT 4) GROUP BY Open_Year LIMIT 6"
"{'meaningful_joins': 'yes', 'table_exp_type': 'SELF JOIN', 'where_type': {'basic_comparison': '>='}, 'number_of_value_exp_in_group_by': 0, 'having_type': 'none', 'orderby_type': 'none', 'limit_type': 'none', 'value_exp_types': ['single_exp_text'], 'distinct_type': 'none', 'min_max_depth_in_subquery': [1, 1]}",SELECT visit.visitor_ID FROM visit JOIN visit AS t ON visit.Museum_ID = t.Museum_ID WHERE  t.Museum_ID >= 10
"{'meaningful_joins': 'yes', 'table_exp_type': 'single_table', 'where_type': 'between', 'number_of_value_exp_in_group_by': 1, 'having_type': {'single': 'MAX'}, 'orderby_type': 'none', 'limit_type': 'none', 'value_exp_types': ['single_exp_text', 'single_exp_text'], 'distinct_type': 'none', 'min_max_depth_in_subquery': [1, 1]}","SELECT visitor_ID, visitor_ID FROM visit WHERE Num_of_Ticket BETWEEN 1 AND 10 GROUP BY visitor_ID HAVING MAX(Museum_ID) > 20"
"{'meaningful_joins': 'yes', 'table_exp_type': 'JOIN', 'where_type': {'logical_operator': ['OR', 'basic_comparison', 'not_in_with_subquery']}, 'number_of_value_exp_in_group_by': 0, 'having_type': 'none', 'orderby_type': 'ASC', 'limit_type': 'none', 'value_exp_types': ['single_exp_number'], 'distinct_type': 'none', 'min_max_depth_in_subquery': [1, 1]}",SELECT Num_of_Staff FROM visit JOIN museum ON museum.Museum_ID = visit.Museum_ID WHERE  Num_of_Staff > 45 OR Total_spent NOT IN (SELECT Total_spent FROM visit AS v WHERE v.Total_spent BETWEEN 1 AND 10 LIMIT 3) ORDER BY Num_of_Staff ASC
"{'meaningful_joins': 'yes', 'table_exp_type': 'JOIN', 'where_type': 'between', 'number_of_value_exp_in_group_by': 0, 'having_type': 'none', 'orderby_type': 'none', 'limit_type': 'none', 'value_exp_types': ['agg_exp', 'agg_exp'], 'distinct_type': 'none', 'min_max_depth_in_subquery': [1, 1]}","SELECT MAX(visit.Museum_ID), COUNT(museum.Museum_ID) FROM visit JOIN museum ON museum.Museum_ID = visit.Museum_ID WHERE museum.Museum_ID BETWEEN 1 AND 10"
"{'meaningful_joins': 'yes', 'table_exp_type': 'JOIN', 'where_type': {'basic_comparison': '>'}, 'number_of_value_exp_in_group_by': 0, 'having_type': 'none', 'orderby_type': 'none', 'limit_type': 'none', 'value_exp_types': ['agg_exp', 'single_exp_number'], 'distinct_type': 'none', 'min_max_depth_in_subquery': [1, 1]}","SELECT MAX(Level_of_membership), Total_spent FROM visitor JOIN visit ON visit.visitor_ID = visitor.ID WHERE  Level_of_membership > 99"
"{'meaningful_joins': 'yes', 'table_exp_type': 'single_table', 'where_type': 'not_in_with_subquery', 'number_of_value_exp_in_group_by': 0, 'having_type': 'none', 'orderby_type': 'DESC', 'limit_type': 'none', 'value_exp_types': ['single_exp_text', 'single_exp_text'], 'distinct_type': 'none', 'min_max_depth_in_subquery': [1, 1]}","SELECT Name, Name FROM visitor WHERE Age NOT IN (SELECT Age FROM visitor WHERE  Age >= 45) ORDER BY Name DESC"
"{'meaningful_joins': 'yes', 'table_exp_type': 'single_table_with_name_changing', 'where_type': {'basic_comparison': '<'}, 'number_of_value_exp_in_group_by': 0, 'having_type': 'none', 'orderby_type': 'none', 'limit_type': 'without_offset', 'value_exp_types': ['count_distinct_exp'], 'distinct_type': 'none', 'min_max_depth_in_subquery': [1, 1]}",SELECT COUNT(DISTINCT k.visitor_ID) FROM visit AS k WHERE  k.Num_of_Ticket < 80 LIMIT 9
"{'meaningful_joins': 'yes', 'table_exp_type': 'JOIN', 'where_type': {'logical_operator': ['OR', 'between', 'basic_comparison']}, 'number_of_value_exp_in_group_by': 0, 'having_type': 'none', 'orderby_type': 'none', 'limit_type': 'none', 'value_exp_types': ['agg_exp', 'count_distinct_exp', 'count_distinct_exp'], 'distinct_type': 'none', 'min_max_depth_in_subquery': [1, 1]}","SELECT AVG(Num_of_Staff), COUNT(DISTINCT Total_spent), COUNT(DISTINCT Name) FROM visit JOIN museum ON museum.Museum_ID = visit.Museum_ID WHERE Num_of_Staff BETWEEN 1 AND 10 OR  visit.Museum_ID = 62"
"{'meaningful_joins': 'yes', 'table_exp_type': 'JOIN_JOIN', 'where_type': {'basic_comparison': '='}, 'number_of_value_exp_in_group_by': 0, 'having_type': 'none', 'orderby_type': 'none', 'limit_type': 'without_offset', 'value_exp_types': ['agg_exp', 'count_distinct_exp'], 'distinct_type': 'none', 'min_max_depth_in_subquery': [1, 1]}","SELECT MIN(Total_spent), COUNT(DISTINCT ID) FROM visitor JOIN visit JOIN museum ON visit.visitor_ID = visitor.ID AND museum.Museum_ID = visit.Museum_ID WHERE  museum.Museum_ID = 80 LIMIT 8"
"{'meaningful_joins': 'yes', 'table_exp_type': 'single_table_with_name_changing', 'where_type': {'basic_comparison': '<'}, 'number_of_value_exp_in_group_by': 0, 'having_type': 'none', 'orderby_type': 'ASC', 'limit_type': 'none', 'value_exp_types': ['single_exp_text', 'single_exp_text'], 'distinct_type': 'none', 'min_max_depth_in_subquery': [1, 1]}","SELECT c.Name, c.Name FROM visitor AS c WHERE  c.Level_of_membership < 24 ORDER BY c.Name ASC"
"{'meaningful_joins': 'yes', 'table_exp_type': 'single_table_with_name_changing', 'where_type': 'between', 'number_of_value_exp_in_group_by': 0, 'having_type': 'none', 'orderby_type': 'ASC', 'limit_type': 'none', 'value_exp_types': ['count_distinct_exp', 'single_exp_text', 'single_exp_text'], 'distinct_type': 'none', 'min_max_depth_in_subquery': [1, 1]}","SELECT COUNT(DISTINCT r.Museum_ID), r.Open_Year, r.Open_Year FROM museum AS r WHERE r.Museum_ID BETWEEN 1 AND 10 ORDER BY r.Open_Year ASC"
"{'meaningful_joins': 'yes', 'table_exp_type': 'single_table', 'where_type': {'logical_operator': ['AND', 'between', 'basic_comparison']}, 'number_of_value_exp_in_group_by': 0, 'having_type': 'none', 'orderby_type': 'none', 'limit_type': 'none', 'value_exp_types': ['agg_exp'], 'distinct_type': 'none', 'min_max_depth_in_subquery': [1, 1]}",SELECT SUM(ID) FROM visitor WHERE ID BETWEEN 1 AND 10 AND  ID < 30
"{'meaningful_joins': 'yes', 'table_exp_type': 'single_table', 'where_type': {'logical_operator': ['OR', 'between', 'not_exists_subquery']}, 'number_of_value_exp_in_group_by': 0, 'having_type': 'none', 'orderby_type': 'none', 'limit_type': 'none', 'value_exp_types': ['single_exp_text'], 'distinct_type': 'none', 'min_max_depth_in_subquery': [1, 1]}",SELECT Open_Year FROM museum WHERE Num_of_Staff BETWEEN 1 AND 10 OR EXISTS (SELECT * FROM visit AS x WHERE  x.Total_spent != 21 AND museum.Museum_ID = x.Museum_ID)
"{'meaningful_joins': 'yes', 'table_exp_type': 'single_table_with_name_changing', 'where_type': {'basic_comparison': '<'}, 'number_of_value_exp_in_group_by': 1, 'having_type': 'none', 'orderby_type': 'none', 'limit_type': 'none', 'value_exp_types': ['single_exp_text'], 'distinct_type': 'none', 'min_max_depth_in_subquery': [1, 1]}",SELECT n.visitor_ID FROM visit AS n WHERE  n.Museum_ID < 87 GROUP BY n.visitor_ID
"{'meaningful_joins': 'yes', 'table_exp_type': 'single_table', 'where_type': {'basic_comparison': '!='}, 'number_of_value_exp_in_group_by': 1, 'having_type': 'none', 'orderby_type': 'DESC', 'limit_type': 'none', 'value_exp_types': ['agg_exp'], 'distinct_type': 'none', 'min_max_depth_in_subquery': [1, 1]}","SELECT COUNT(Num_of_Ticket), Num_of_Ticket FROM visit WHERE  Museum_ID != 80 GROUP BY Num_of_Ticket ORDER BY Num_of_Ticket DESC"
"{'meaningful_joins': 'yes', 'table_exp_type': 'JOIN', 'where_type': 'exists_subquery', 'number_of_value_exp_in_group_by': 0, 'having_type': 'none', 'orderby_type': 'ASC', 'limit_type': 'without_offset', 'value_exp_types': ['single_exp_text'], 'distinct_type': 'none', 'min_max_depth_in_subquery': [1, 1]}",SELECT Name FROM visitor JOIN visit ON visit.visitor_ID = visitor.ID WHERE EXISTS (SELECT * FROM visitor AS f WHERE f.ID BETWEEN 1 AND 10 AND visit.Museum_ID = f.ID) ORDER BY Name ASC LIMIT 1
"{'meaningful_joins': 'yes', 'table_exp_type': 'JOIN', 'where_type': {'basic_comparison': '='}, 'number_of_value_exp_in_group_by': 0, 'having_type': 'none', 'orderby_type': 'none', 'limit_type': 'none', 'value_exp_types': ['agg_exp', 'count_distinct_exp'], 'distinct_type': 'none', 'min_max_depth_in_subquery': [1, 1]}","SELECT COUNT(Total_spent), COUNT(DISTINCT Level_of_membership) FROM visitor JOIN visit ON visit.visitor_ID = visitor.ID WHERE  Level_of_membership = 74"
"{'meaningful_joins': 'yes', 'table_exp_type': 'JOIN_JOIN', 'where_type': {'logical_operator': ['OR', 'basic_comparison', 'in_with_subquery']}, 'number_of_value_exp_in_group_by': 0, 'having_type': 'none', 'orderby_type': 'none', 'limit_type': 'none', 'value_exp_types': ['single_exp_text', 'single_exp_text'], 'distinct_type': 'none', 'min_max_depth_in_subquery': [1, 1]}","SELECT visitor.Name, visitor_ID FROM visitor JOIN visit JOIN museum ON visit.visitor_ID = visitor.ID AND museum.Museum_ID = visit.Museum_ID WHERE  Age >= 66 OR Museum_ID IN (SELECT Museum_ID FROM visit AS h WHERE  h.Num_of_Ticket >= 77)"
"{'meaningful_joins': 'yes', 'table_exp_type': 'single_table', 'where_type': 'not_exists_subquery', 'number_of_value_exp_in_group_by': 1, 'having_type': 'none', 'orderby_type': 'ASC', 'limit_type': 'none', 'value_exp_types': ['agg_exp', 'single_exp_text'], 'distinct_type': 'none', 'min_max_depth_in_subquery': [1, 1]}","SELECT MAX(Museum_ID), Open_Year, Name FROM museum WHERE EXISTS (SELECT * FROM visit WHERE Total_spent BETWEEN 1 AND 10 AND museum.Museum_ID = Museum_ID) GROUP BY Name ORDER BY Open_Year ASC"
"{'meaningful_joins': 'yes', 'table_exp_type': 'single_table', 'where_type': {'logical_operator': ['OR', 'basic_comparison', 'not_exists_subquery']}, 'number_of_value_exp_in_group_by': 1, 'having_type': {'single': 'SUM'}, 'orderby_type': 'DESC', 'limit_type': 'none', 'value_exp_types': ['agg_exp', 'single_exp_text'], 'distinct_type': 'none', 'min_max_depth_in_subquery': [1, 1]}","SELECT MAX(Num_of_Ticket), visitor_ID, Total_spent FROM visit WHERE  Museum_ID >= 40 OR EXISTS (SELECT * FROM visitor WHERE  ID != 86 AND visit.Museum_ID = ID) GROUP BY Total_spent HAVING SUM(Museum_ID) > 76 ORDER BY Total_spent DESC"
"{'meaningful_joins': 'yes', 'table_exp_type': 'JOIN', 'where_type': {'logical_operator': ['AND', 'basic_comparison', 'exists_subquery']}, 'number_of_value_exp_in_group_by': 0, 'having_type': 'none', 'orderby_type': 'none', 'limit_type': 'without_offset', 'value_exp_types': ['single_exp_number', 'single_exp_text'], 'distinct_type': 'none', 'min_max_depth_in_subquery': [1, 1]}","SELECT ID, Name FROM visitor JOIN visit ON visit.visitor_ID = visitor.ID WHERE  Level_of_membership > 43 AND EXISTS (SELECT * FROM visit AS b WHERE b.Num_of_Ticket BETWEEN 1 AND 10 AND visitor.ID = b.visitor_ID) LIMIT 6"
"{'meaningful_joins': 'yes', 'table_exp_type': 'single_table', 'where_type': {'basic_comparison': '!='}, 'number_of_value_exp_in_group_by': 0, 'having_type': 'none', 'orderby_type': 'none', 'limit_type': 'none', 'value_exp_types': ['single_exp_number'], 'distinct_type': 'none', 'min_max_depth_in_subquery': [1, 1]}",SELECT ID FROM visitor WHERE  Level_of_membership != 36
"{'meaningful_joins': 'yes', 'table_exp_type': 'single_table_with_name_changing', 'where_type': 'none', 'number_of_value_exp_in_group_by': 0, 'having_type': 'none', 'orderby_type': 'none', 'limit_type': 'none', 'value_exp_types': ['single_exp_text'], 'distinct_type': 'none', 'min_max_depth_in_subquery': [1, 1]}",SELECT k.visitor_ID FROM visit AS k
"{'meaningful_joins': 'yes', 'table_exp_type': 'SELF JOIN', 'where_type': {'basic_comparison': '>'}, 'number_of_value_exp_in_group_by': 1, 'having_type': {'single': 'COUNT'}, 'orderby_type': 'DESC', 'limit_type': 'none', 'value_exp_types': ['single_exp_number'], 'distinct_type': 'none', 'min_max_depth_in_subquery': [1, 1]}","SELECT visit.Total_spent, visit.Num_of_Ticket FROM visit JOIN visit AS y ON visit.Museum_ID = y.Museum_ID WHERE  visit.Museum_ID > 73 GROUP BY visit.Num_of_Ticket HAVING COUNT(visit.Total_spent) > 67 ORDER BY visit.Num_of_Ticket DESC"
"{'meaningful_joins': 'yes', 'table_exp_type': 'JOIN', 'where_type': {'logical_operator': ['OR', 'between', 'comparison_with_subquery']}, 'number_of_value_exp_in_group_by': 1, 'having_type': {'single': 'SUM'}, 'orderby_type': 'none', 'limit_type': 'without_offset', 'value_exp_types': ['single_exp_text'], 'distinct_type': 'none', 'min_max_depth_in_subquery': [1, 1]}","SELECT Open_Year, Num_of_Staff FROM visit JOIN museum ON museum.Museum_ID = visit.Museum_ID WHERE Num_of_Ticket BETWEEN 1 AND 10 OR Open_Year < (SELECT MIN(Open_Year) FROM museum AS z WHERE  z.Museum_ID > 23 LIMIT 9) GROUP BY Num_of_Staff HAVING SUM(museum.Museum_ID) = 29 LIMIT 6"
"{'meaningful_joins': 'yes', 'table_exp_type': 'SELF JOIN', 'where_type': {'basic_comparison': '!='}, 'number_of_value_exp_in_group_by': 0, 'having_type': 'none', 'orderby_type': 'none', 'limit_type': 'without_offset', 'value_exp_types': ['single_exp_number'], 'distinct_type': 'none', 'min_max_depth_in_subquery': [1, 1]}",SELECT k.Age FROM visitor JOIN visitor AS k ON visitor.ID = k.ID WHERE  k.Level_of_membership != 79 LIMIT 6
