Specification,query
"{'meaningful_joins': 'yes', 'table_exp_type': 'SELF JOIN', 'where_type': 'comparison_with_subquery', 'number_of_value_exp_in_group_by': 0, 'having_type': 'none', 'orderby_type': 'DESC', 'limit_type': 'none', 'value_exp_types': ['agg_exp', 'single_exp_text'], 'distinct_type': 'none', 'min_max_depth_in_subquery': [1, 1]}","SELECT SUM(song.resolution), song.song_name FROM song JOIN song AS w ON song.song_name = w.song_name WHERE releasedate < (SELECT MIN(releasedate) FROM song) ORDER BY song.song_name DESC"
"{'meaningful_joins': 'yes', 'table_exp_type': 'single_table_with_name_changing', 'where_type': 'none', 'number_of_value_exp_in_group_by': 0, 'having_type': 'none', 'orderby_type': 'none', 'limit_type': 'none', 'value_exp_types': ['single_exp_text', 'single_exp_text'], 'distinct_type': 'none', 'min_max_depth_in_subquery': [1, 1]}","SELECT f.artist_name, f.file_size FROM files AS f"
"{'meaningful_joins': 'yes', 'table_exp_type': 'JOIN_JOIN_JOIN', 'where_type': 'exists_subquery', 'number_of_value_exp_in_group_by': 1, 'having_type': {'single': 'SUM'}, 'orderby_type': 'none', 'limit_type': 'none', 'value_exp_types': ['single_exp_text'], 'distinct_type': 'none', 'min_max_depth_in_subquery': [1, 1]}","SELECT formats, song.artist_name FROM song JOIN genre JOIN files JOIN artist ON artist.preferred_genre = genre.g_name AND artist.artist_name = song.artist_name AND song.genre_is = genre.g_name AND files.artist_name = artist.artist_name WHERE EXISTS (SELECT * FROM song WHERE genre.g_name = genre_is) GROUP BY song.artist_name HAVING SUM(genre.rating) < 85"
"{'meaningful_joins': 'yes', 'table_exp_type': 'single_table', 'where_type': {'basic_comparison': '<'}, 'number_of_value_exp_in_group_by': 0, 'having_type': 'none', 'orderby_type': 'none', 'limit_type': 'without_offset', 'value_exp_types': ['single_exp_number'], 'distinct_type': 'none', 'min_max_depth_in_subquery': [1, 1]}",SELECT f_id FROM files WHERE  f_id < 16 LIMIT 3
"{'meaningful_joins': 'yes', 'table_exp_type': 'JOIN_JOIN_JOIN', 'where_type': {'basic_comparison': '>='}, 'number_of_value_exp_in_group_by': 1, 'having_type': 'none', 'orderby_type': 'DESC', 'limit_type': 'none', 'value_exp_types': ['single_exp_number', 'single_exp_number'], 'distinct_type': 'none', 'min_max_depth_in_subquery': [1, 1]}","SELECT song.f_id, resolution, genre_is FROM song JOIN genre JOIN files JOIN artist ON artist.preferred_genre = genre.g_name AND artist.artist_name = song.artist_name AND song.genre_is = genre.g_name AND files.artist_name = artist.artist_name WHERE  song.rating >= 7 GROUP BY genre_is ORDER BY song.f_id DESC"
"{'meaningful_joins': 'yes', 'table_exp_type': 'JOIN', 'where_type': 'none', 'number_of_value_exp_in_group_by': 0, 'having_type': 'none', 'orderby_type': 'DESC', 'limit_type': 'none', 'value_exp_types': ['single_exp_text'], 'distinct_type': 'none', 'min_max_depth_in_subquery': [1, 1]}",SELECT artist_name FROM song JOIN genre ON song.genre_is = genre.g_name ORDER BY artist_name DESC
"{'meaningful_joins': 'yes', 'table_exp_type': 'JOIN', 'where_type': 'between', 'number_of_value_exp_in_group_by': 0, 'having_type': 'none', 'orderby_type': 'DESC', 'limit_type': 'without_offset', 'value_exp_types': ['single_exp_text'], 'distinct_type': 'none', 'min_max_depth_in_subquery': [1, 1]}",SELECT file_size FROM files JOIN artist ON files.artist_name = artist.artist_name WHERE f_id BETWEEN 1 AND 10 ORDER BY file_size DESC LIMIT 9
"{'meaningful_joins': 'yes', 'table_exp_type': 'single_table', 'where_type': 'between', 'number_of_value_exp_in_group_by': 0, 'having_type': 'none', 'orderby_type': 'none', 'limit_type': 'without_offset', 'value_exp_types': ['single_exp_number'], 'distinct_type': 'none', 'min_max_depth_in_subquery': [1, 1]}",SELECT resolution FROM song WHERE rating BETWEEN 1 AND 10 LIMIT 10
"{'meaningful_joins': 'yes', 'table_exp_type': 'single_table', 'where_type': 'exists_subquery', 'number_of_value_exp_in_group_by': 0, 'having_type': 'none', 'orderby_type': 'none', 'limit_type': 'without_offset', 'value_exp_types': ['single_exp_text'], 'distinct_type': 'none', 'min_max_depth_in_subquery': [1, 1]}",SELECT country FROM artist WHERE EXISTS (SELECT * FROM files AS f WHERE  f.f_id > 71 AND artist.artist_name = f.artist_name LIMIT 6) LIMIT 8
"{'meaningful_joins': 'yes', 'table_exp_type': 'single_table', 'where_type': {'basic_comparison': '='}, 'number_of_value_exp_in_group_by': 1, 'having_type': {'single': 'SUM'}, 'orderby_type': 'none', 'limit_type': 'none', 'value_exp_types': ['single_exp_number'], 'distinct_type': 'none', 'min_max_depth_in_subquery': [1, 1]}","SELECT f_id, duration FROM files WHERE  f_id = 49 GROUP BY duration HAVING SUM(f_id) >= 91"
"{'meaningful_joins': 'yes', 'table_exp_type': 'single_table', 'where_type': 'in_with_subquery', 'number_of_value_exp_in_group_by': 1, 'having_type': {'single': 'MAX'}, 'orderby_type': 'none', 'limit_type': 'none', 'value_exp_types': ['agg_exp', 'single_exp_text'], 'distinct_type': 'none', 'min_max_depth_in_subquery': [1, 1]}","SELECT COUNT(rating), genre_is, resolution FROM song WHERE song_name IN (SELECT song_name FROM song WHERE  resolution = 66) GROUP BY resolution HAVING MAX(resolution) >= 54"
"{'meaningful_joins': 'yes', 'table_exp_type': 'single_table', 'where_type': {'logical_operator': ['AND', 'between', 'in_with_subquery']}, 'number_of_value_exp_in_group_by': 0, 'having_type': 'none', 'orderby_type': 'DESC', 'limit_type': 'none', 'value_exp_types': ['single_exp_number'], 'distinct_type': 'none', 'min_max_depth_in_subquery': [1, 1]}",SELECT f_id FROM files WHERE f_id BETWEEN 1 AND 10 AND formats IN (SELECT formats FROM files WHERE  f_id < 80 LIMIT 4) ORDER BY f_id DESC
"{'meaningful_joins': 'yes', 'table_exp_type': 'single_table_with_name_changing', 'where_type': {'logical_operator': ['AND', 'basic_comparison', 'not_in_with_subquery']}, 'number_of_value_exp_in_group_by': 0, 'having_type': 'none', 'orderby_type': 'DESC', 'limit_type': 'none', 'value_exp_types': ['single_exp_text'], 'distinct_type': 'none', 'min_max_depth_in_subquery': [1, 1]}",SELECT y.formats FROM files AS y WHERE  y.f_id > 9 AND f_id NOT IN (SELECT f_id FROM files LIMIT 6) ORDER BY y.formats DESC
"{'meaningful_joins': 'yes', 'table_exp_type': 'JOIN_JOIN', 'where_type': {'logical_operator': ['OR', 'basic_comparison', 'in_with_subquery']}, 'number_of_value_exp_in_group_by': 0, 'having_type': 'none', 'orderby_type': 'none', 'limit_type': 'none', 'value_exp_types': ['single_exp_text'], 'distinct_type': 'none', 'min_max_depth_in_subquery': [1, 1]}",SELECT song_name FROM song JOIN files JOIN artist ON artist.artist_name = song.artist_name AND files.artist_name = artist.artist_name WHERE  song.f_id <= 10 OR releasedate IN (SELECT releasedate FROM song WHERE  rating > 31)
"{'meaningful_joins': 'yes', 'table_exp_type': 'JOIN_JOIN', 'where_type': 'in_with_subquery', 'number_of_value_exp_in_group_by': 0, 'having_type': 'none', 'orderby_type': 'ASC', 'limit_type': 'without_offset', 'value_exp_types': ['single_exp_number'], 'distinct_type': 'none', 'min_max_depth_in_subquery': [1, 1]}",SELECT genre.rating FROM song JOIN genre JOIN artist ON artist.preferred_genre = genre.g_name AND artist.artist_name = song.artist_name AND song.genre_is = genre.g_name WHERE rating IN (SELECT rating FROM song AS p WHERE p.rating BETWEEN 1 AND 10) ORDER BY genre.rating ASC LIMIT 4
"{'meaningful_joins': 'yes', 'table_exp_type': 'JOIN_JOIN_JOIN', 'where_type': {'basic_comparison': '<'}, 'number_of_value_exp_in_group_by': 0, 'having_type': 'none', 'orderby_type': 'ASC', 'limit_type': 'none', 'value_exp_types': ['single_exp_text'], 'distinct_type': 'none', 'min_max_depth_in_subquery': [1, 1]}",SELECT most_popular_in FROM song JOIN genre JOIN files JOIN artist ON artist.preferred_genre = genre.g_name AND artist.artist_name = song.artist_name AND song.genre_is = genre.g_name AND files.artist_name = artist.artist_name WHERE  resolution < 72 ORDER BY most_popular_in ASC
"{'meaningful_joins': 'yes', 'table_exp_type': 'JOIN_JOIN_JOIN', 'where_type': {'logical_operator': ['AND', 'between', 'basic_comparison']}, 'number_of_value_exp_in_group_by': 0, 'having_type': 'none', 'orderby_type': 'none', 'limit_type': 'none', 'value_exp_types': ['count_distinct_exp', 'count_distinct_exp'], 'distinct_type': 'none', 'min_max_depth_in_subquery': [1, 1]}","SELECT COUNT(DISTINCT files.f_id), COUNT(DISTINCT files.f_id) FROM song JOIN genre JOIN files JOIN artist ON artist.preferred_genre = genre.g_name AND artist.artist_name = song.artist_name AND song.genre_is = genre.g_name AND files.artist_name = artist.artist_name WHERE resolution BETWEEN 1 AND 10 AND  song.f_id != 19"
