Specification,query
"{'meaningful_joins': 'yes', 'table_exp_type': 'single_table_with_name_changing', 'where_type': {'logical_operator': ['AND', 'basic_comparison', 'not_in_with_subquery']}, 'number_of_value_exp_in_group_by': 0, 'having_type': 'none', 'orderby_type': 'ASC', 'limit_type': 'none', 'value_exp_types': ['single_exp_text'], 'distinct_type': 'none', 'min_max_depth_in_subquery': [1, 1]}",SELECT k.Title FROM Songs AS k WHERE  k.SongId > 85 AND SongId NOT IN (SELECT SongId FROM Instruments AS j) ORDER BY k.Title ASC
"{'meaningful_joins': 'yes', 'table_exp_type': 'single_table', 'where_type': {'basic_comparison': '='}, 'number_of_value_exp_in_group_by': 0, 'having_type': 'none', 'orderby_type': 'none', 'limit_type': 'none', 'value_exp_types': ['agg_exp', 'single_exp_text'], 'distinct_type': 'none', 'min_max_depth_in_subquery': [1, 1]}","SELECT COUNT(Year), Label FROM Albums WHERE  AId = 36"
"{'meaningful_joins': 'yes', 'table_exp_type': 'single_table', 'where_type': {'logical_operator': ['OR', 'between', 'basic_comparison']}, 'number_of_value_exp_in_group_by': 0, 'having_type': 'none', 'orderby_type': 'DESC', 'limit_type': 'none', 'value_exp_types': ['count_distinct_exp', 'single_exp_text'], 'distinct_type': 'none', 'min_max_depth_in_subquery': [1, 1]}","SELECT COUNT(DISTINCT SongId), Title FROM Songs WHERE SongId BETWEEN 1 AND 10 OR  SongId <= 3 ORDER BY Title DESC"
"{'meaningful_joins': 'yes', 'table_exp_type': 'single_table_with_name_changing', 'where_type': 'between', 'number_of_value_exp_in_group_by': 1, 'having_type': 'none', 'orderby_type': 'none', 'limit_type': 'none', 'value_exp_types': ['agg_exp', 'single_exp_text'], 'distinct_type': 'none', 'min_max_depth_in_subquery': [1, 1]}","SELECT MIN(x.SongId), x.Instrument, x.BandmateId FROM Instruments AS x WHERE x.SongId BETWEEN 1 AND 10 GROUP BY x.BandmateId"
"{'meaningful_joins': 'yes', 'table_exp_type': 'JOIN', 'where_type': {'logical_operator': ['OR', 'basic_comparison', 'exists_subquery']}, 'number_of_value_exp_in_group_by': 0, 'having_type': 'none', 'orderby_type': 'none', 'limit_type': 'none', 'value_exp_types': ['single_exp_number', 'single_exp_text'], 'distinct_type': 'none', 'min_max_depth_in_subquery': [1, 1]}","SELECT Id, Lastname FROM Performance JOIN Band ON Performance.Bandmate = Band.Id WHERE  SongId < 7 OR EXISTS (SELECT * FROM Performance WHERE  Bandmate <= 34 AND Band.Id = Bandmate LIMIT 2)"
"{'meaningful_joins': 'yes', 'table_exp_type': 'single_table_with_name_changing', 'where_type': {'basic_comparison': '>'}, 'number_of_value_exp_in_group_by': 0, 'having_type': 'none', 'orderby_type': 'ASC', 'limit_type': 'none', 'value_exp_types': ['single_exp_number'], 'distinct_type': 'none', 'min_max_depth_in_subquery': [1, 1]}",SELECT x.SongId FROM Performance AS x WHERE  x.SongId > 98 ORDER BY x.SongId ASC
"{'meaningful_joins': 'yes', 'table_exp_type': 'single_table', 'where_type': {'basic_comparison': '>'}, 'number_of_value_exp_in_group_by': 0, 'having_type': 'none', 'orderby_type': 'none', 'limit_type': 'without_offset', 'value_exp_types': ['agg_exp'], 'distinct_type': 'none', 'min_max_depth_in_subquery': [1, 1]}",SELECT MIN(SongId) FROM Instruments WHERE  SongId > 59 LIMIT 7
"{'meaningful_joins': 'yes', 'table_exp_type': 'single_table_with_name_changing', 'where_type': 'none', 'number_of_value_exp_in_group_by': 0, 'having_type': 'none', 'orderby_type': 'ASC', 'limit_type': 'without_offset', 'value_exp_types': ['count_distinct_exp', 'single_exp_text', 'single_exp_text'], 'distinct_type': 'none', 'min_max_depth_in_subquery': [1, 1]}","SELECT COUNT(DISTINCT h.SongId), h.Instrument, h.Instrument FROM Instruments AS h ORDER BY h.Instrument ASC LIMIT 3"
"{'meaningful_joins': 'yes', 'table_exp_type': 'JOIN_JOIN', 'where_type': {'logical_operator': ['AND', 'between', 'basic_comparison']}, 'number_of_value_exp_in_group_by': 0, 'having_type': 'none', 'orderby_type': 'none', 'limit_type': 'none', 'value_exp_types': ['single_exp_number', 'single_exp_text'], 'distinct_type': 'none', 'min_max_depth_in_subquery': [1, 1]}","SELECT Vocals.SongId, Type FROM Band JOIN Performance JOIN Vocals ON Band.Id = Vocals.Bandmate AND Performance.Bandmate = Band.Id WHERE Performance.SongId BETWEEN 1 AND 10 AND  Vocals.SongId >= 10"
"{'meaningful_joins': 'yes', 'table_exp_type': 'JOIN', 'where_type': {'logical_operator': ['AND', 'basic_comparison', 'not_exists_subquery']}, 'number_of_value_exp_in_group_by': 1, 'having_type': {'single': 'AVG'}, 'orderby_type': 'none', 'limit_type': 'none', 'value_exp_types': ['single_exp_number', 'single_exp_text'], 'distinct_type': 'none', 'min_max_depth_in_subquery': [1, 1]}","SELECT Id, Lastname, Bandmate FROM Band JOIN Vocals ON Band.Id = Vocals.Bandmate WHERE  Bandmate > 74 AND EXISTS (SELECT * FROM Songs WHERE  SongId > 90 AND Vocals.SongId = SongId) GROUP BY Bandmate HAVING AVG(Bandmate) <= 34"
"{'meaningful_joins': 'yes', 'table_exp_type': 'single_table_with_name_changing', 'where_type': {'basic_comparison': '='}, 'number_of_value_exp_in_group_by': 1, 'having_type': {'single': 'SUM'}, 'orderby_type': 'none', 'limit_type': 'none', 'value_exp_types': ['single_exp_text', 'single_exp_text'], 'distinct_type': 'none', 'min_max_depth_in_subquery': [1, 1]}","SELECT t.StagePosition, t.StagePosition FROM Performance AS t WHERE  t.SongId = 97 GROUP BY t.StagePosition HAVING SUM(t.SongId) >= 8"
"{'meaningful_joins': 'yes', 'table_exp_type': 'single_table', 'where_type': {'basic_comparison': '!='}, 'number_of_value_exp_in_group_by': 0, 'having_type': 'none', 'orderby_type': 'DESC', 'limit_type': 'none', 'value_exp_types': ['single_exp_text'], 'distinct_type': 'none', 'min_max_depth_in_subquery': [1, 1]}",SELECT Firstname FROM Band WHERE  Id != 99 ORDER BY Firstname DESC
"{'meaningful_joins': 'yes', 'table_exp_type': 'single_table', 'where_type': 'in_with_subquery', 'number_of_value_exp_in_group_by': 1, 'having_type': 'none', 'orderby_type': 'DESC', 'limit_type': 'none', 'value_exp_types': ['single_exp_number', 'single_exp_text'], 'distinct_type': 'none', 'min_max_depth_in_subquery': [1, 1]}","SELECT AId, Type, Title FROM Albums WHERE Label IN (SELECT Label FROM Albums AS j WHERE  j.AId = 94 LIMIT 6) GROUP BY Title ORDER BY Type DESC"
"{'meaningful_joins': 'yes', 'table_exp_type': 'JOIN_JOIN', 'where_type': 'in_with_subquery', 'number_of_value_exp_in_group_by': 1, 'having_type': 'none', 'orderby_type': 'none', 'limit_type': 'without_offset', 'value_exp_types': ['single_exp_text'], 'distinct_type': 'none', 'min_max_depth_in_subquery': [1, 1]}","SELECT Firstname, Lastname FROM Band JOIN Performance JOIN Vocals ON Band.Id = Vocals.Bandmate AND Performance.Bandmate = Band.Id WHERE Firstname IN (SELECT Firstname FROM Band AS s WHERE  s.Id >= 55) GROUP BY Lastname LIMIT 5"
"{'meaningful_joins': 'yes', 'table_exp_type': 'JOIN', 'where_type': {'basic_comparison': '!='}, 'number_of_value_exp_in_group_by': 0, 'having_type': 'none', 'orderby_type': 'none', 'limit_type': 'none', 'value_exp_types': ['agg_exp', 'count_distinct_exp', 'single_exp_number'], 'distinct_type': 'none', 'min_max_depth_in_subquery': [1, 1]}","SELECT SUM(SongId), COUNT(DISTINCT Lastname), Bandmate FROM Performance JOIN Band ON Performance.Bandmate = Band.Id WHERE  SongId != 98"
"{'meaningful_joins': 'yes', 'table_exp_type': 'single_table_with_name_changing', 'where_type': {'basic_comparison': '!='}, 'number_of_value_exp_in_group_by': 1, 'having_type': {'single': 'AVG'}, 'orderby_type': 'none', 'limit_type': 'none', 'value_exp_types': ['single_exp_number'], 'distinct_type': 'none', 'min_max_depth_in_subquery': [1, 1]}","SELECT p.SongId, p.StagePosition FROM Performance AS p WHERE  p.Bandmate != 3 GROUP BY p.StagePosition HAVING AVG(p.SongId) > 57"
"{'meaningful_joins': 'yes', 'table_exp_type': 'single_table', 'where_type': 'between', 'number_of_value_exp_in_group_by': 0, 'having_type': 'none', 'orderby_type': 'none', 'limit_type': 'none', 'value_exp_types': ['single_exp_number', 'single_exp_number'], 'distinct_type': 'none', 'min_max_depth_in_subquery': [1, 1]}","SELECT Year, Year FROM Albums WHERE AId BETWEEN 1 AND 10"
"{'meaningful_joins': 'yes', 'table_exp_type': 'JOIN', 'where_type': 'between', 'number_of_value_exp_in_group_by': 1, 'having_type': {'single': 'SUM'}, 'orderby_type': 'none', 'limit_type': 'none', 'value_exp_types': ['count_distinct_exp', 'single_exp_text', 'single_exp_text'], 'distinct_type': 'none', 'min_max_depth_in_subquery': [1, 1]}","SELECT COUNT(DISTINCT Type), Lastname, Type, Bandmate FROM Band JOIN Vocals ON Band.Id = Vocals.Bandmate WHERE SongId BETWEEN 1 AND 10 GROUP BY Bandmate HAVING SUM(Bandmate) > 41"
"{'meaningful_joins': 'yes', 'table_exp_type': 'single_table', 'where_type': {'logical_operator': ['AND', 'between', 'basic_comparison']}, 'number_of_value_exp_in_group_by': 0, 'having_type': 'none', 'orderby_type': 'none', 'limit_type': 'none', 'value_exp_types': ['single_exp_number', 'single_exp_number'], 'distinct_type': 'none', 'min_max_depth_in_subquery': [1, 1]}","SELECT SongId, SongId FROM Vocals WHERE SongId BETWEEN 1 AND 10 AND  SongId > 25"
"{'meaningful_joins': 'yes', 'table_exp_type': 'JOIN', 'where_type': {'basic_comparison': '<='}, 'number_of_value_exp_in_group_by': 0, 'having_type': 'none', 'orderby_type': 'none', 'limit_type': 'none', 'value_exp_types': ['agg_exp', 'single_exp_number'], 'distinct_type': 'none', 'min_max_depth_in_subquery': [1, 1]}","SELECT COUNT(Bandmate), Vocals.SongId FROM Songs JOIN Vocals ON Songs.SongId = Vocals.SongId WHERE  Vocals.SongId <= 87"
"{'meaningful_joins': 'yes', 'table_exp_type': 'JOIN_JOIN_JOIN', 'where_type': {'basic_comparison': '='}, 'number_of_value_exp_in_group_by': 0, 'having_type': 'none', 'orderby_type': 'none', 'limit_type': 'without_offset', 'value_exp_types': ['agg_exp', 'single_exp_number'], 'distinct_type': 'none', 'min_max_depth_in_subquery': [1, 1]}","SELECT SUM(Songs.SongId), Performance.Bandmate FROM Band JOIN Performance JOIN Songs JOIN Vocals ON Songs.SongId = Vocals.SongId AND Band.Id = Vocals.Bandmate AND Performance.Bandmate = Band.Id WHERE  Performance.SongId = 9 LIMIT 7"
"{'meaningful_joins': 'yes', 'table_exp_type': 'single_table', 'where_type': {'basic_comparison': '!='}, 'number_of_value_exp_in_group_by': 0, 'having_type': 'none', 'orderby_type': 'none', 'limit_type': 'none', 'value_exp_types': ['count_distinct_exp', 'single_exp_number'], 'distinct_type': 'none', 'min_max_depth_in_subquery': [1, 1]}","SELECT COUNT(DISTINCT SongId), SongId FROM Songs WHERE  SongId != 2"
"{'meaningful_joins': 'yes', 'table_exp_type': 'SELF JOIN', 'where_type': 'none', 'number_of_value_exp_in_group_by': 0, 'having_type': 'none', 'orderby_type': 'none', 'limit_type': 'none', 'value_exp_types': ['single_exp_text'], 'distinct_type': 'none', 'min_max_depth_in_subquery': [1, 1]}",SELECT Vocals.Type FROM Vocals AS v JOIN Vocals ON Vocals.SongId = v.SongId
"{'meaningful_joins': 'yes', 'table_exp_type': 'JOIN_JOIN', 'where_type': {'logical_operator': ['OR', 'basic_comparison', 'in_with_subquery']}, 'number_of_value_exp_in_group_by': 0, 'having_type': 'none', 'orderby_type': 'ASC', 'limit_type': 'without_offset', 'value_exp_types': ['single_exp_text'], 'distinct_type': 'none', 'min_max_depth_in_subquery': [1, 1]}",SELECT Firstname FROM Band JOIN Performance JOIN Vocals ON Band.Id = Vocals.Bandmate AND Performance.Bandmate = Band.Id WHERE  Performance.SongId <= 61 OR StagePosition IN (SELECT StagePosition FROM Performance WHERE Bandmate BETWEEN 1 AND 10) ORDER BY Firstname ASC LIMIT 10
"{'meaningful_joins': 'yes', 'table_exp_type': 'single_table_with_name_changing', 'where_type': {'basic_comparison': '>='}, 'number_of_value_exp_in_group_by': 0, 'having_type': 'none', 'orderby_type': 'none', 'limit_type': 'none', 'value_exp_types': ['agg_exp', 'count_distinct_exp', 'count_distinct_exp'], 'distinct_type': 'none', 'min_max_depth_in_subquery': [1, 1]}","SELECT MIN(a.BandmateId), COUNT(DISTINCT a.BandmateId), COUNT(DISTINCT a.BandmateId) FROM Instruments AS a WHERE  a.SongId >= 93"
"{'meaningful_joins': 'yes', 'table_exp_type': 'single_table', 'where_type': {'basic_comparison': '<='}, 'number_of_value_exp_in_group_by': 0, 'having_type': 'none', 'orderby_type': 'DESC', 'limit_type': 'without_offset', 'value_exp_types': ['count_distinct_exp', 'single_exp_text', 'single_exp_text'], 'distinct_type': 'none', 'min_max_depth_in_subquery': [1, 1]}","SELECT COUNT(DISTINCT AId), Type, Title FROM Albums WHERE  AId <= 72 ORDER BY Type DESC LIMIT 5"
"{'meaningful_joins': 'yes', 'table_exp_type': 'JOIN', 'where_type': {'basic_comparison': '<'}, 'number_of_value_exp_in_group_by': 1, 'having_type': 'none', 'orderby_type': 'none', 'limit_type': 'without_offset', 'value_exp_types': ['agg_exp', 'single_exp_text'], 'distinct_type': 'none', 'min_max_depth_in_subquery': [1, 1]}","SELECT SUM(Songs.SongId), Type, Title FROM Songs JOIN Vocals ON Songs.SongId = Vocals.SongId WHERE  Songs.SongId < 68 GROUP BY Title LIMIT 10"
"{'meaningful_joins': 'yes', 'table_exp_type': 'single_table_with_name_changing', 'where_type': {'basic_comparison': '<='}, 'number_of_value_exp_in_group_by': 0, 'having_type': 'none', 'orderby_type': 'DESC', 'limit_type': 'without_offset', 'value_exp_types': ['count_distinct_exp', 'single_exp_number'], 'distinct_type': 'none', 'min_max_depth_in_subquery': [1, 1]}","SELECT COUNT(DISTINCT q.Label), q.AId FROM Albums AS q WHERE  q.AId <= 90 ORDER BY q.AId DESC LIMIT 4"
"{'meaningful_joins': 'yes', 'table_exp_type': 'JOIN', 'where_type': 'none', 'number_of_value_exp_in_group_by': 1, 'having_type': {'single': 'SUM'}, 'orderby_type': 'ASC', 'limit_type': 'without_offset', 'value_exp_types': ['agg_exp'], 'distinct_type': 'none', 'min_max_depth_in_subquery': [1, 1]}","SELECT MAX(Bandmate), Bandmate FROM Band JOIN Vocals ON Band.Id = Vocals.Bandmate GROUP BY Bandmate HAVING SUM(Id) <= 42 ORDER BY Bandmate ASC LIMIT 8"
"{'meaningful_joins': 'yes', 'table_exp_type': 'single_table_with_name_changing', 'where_type': 'not_in_with_subquery', 'number_of_value_exp_in_group_by': 0, 'having_type': 'none', 'orderby_type': 'none', 'limit_type': 'none', 'value_exp_types': ['single_exp_number'], 'distinct_type': 'none', 'min_max_depth_in_subquery': [1, 1]}",SELECT t.Id FROM Band AS t WHERE Firstname NOT IN (SELECT Firstname FROM Band AS x WHERE x.Id BETWEEN 1 AND 10 AND  x.Id <= 88)
"{'meaningful_joins': 'yes', 'table_exp_type': 'JOIN', 'where_type': {'basic_comparison': '>='}, 'number_of_value_exp_in_group_by': 0, 'having_type': 'none', 'orderby_type': 'none', 'limit_type': 'none', 'value_exp_types': ['single_exp_number', 'single_exp_number'], 'distinct_type': 'none', 'min_max_depth_in_subquery': [1, 1]}","SELECT Songs.SongId, Bandmate FROM Songs JOIN Vocals ON Songs.SongId = Vocals.SongId WHERE  Songs.SongId >= 6"
"{'meaningful_joins': 'yes', 'table_exp_type': 'JOIN_JOIN', 'where_type': {'basic_comparison': '>'}, 'number_of_value_exp_in_group_by': 1, 'having_type': 'none', 'orderby_type': 'none', 'limit_type': 'none', 'value_exp_types': ['single_exp_text'], 'distinct_type': 'none', 'min_max_depth_in_subquery': [1, 1]}","SELECT Type, Performance.Bandmate FROM Band JOIN Performance JOIN Vocals ON Band.Id = Vocals.Bandmate AND Performance.Bandmate = Band.Id WHERE  Performance.SongId > 86 GROUP BY Performance.Bandmate"
