Specification,query
"{'meaningful_joins': 'yes', 'table_exp_type': 'JOIN_JOIN', 'where_type': 'none', 'number_of_value_exp_in_group_by': 0, 'having_type': 'none', 'orderby_type': 'none', 'limit_type': 'none', 'value_exp_types': ['agg_exp', 'count_distinct_exp', 'single_exp_number'], 'distinct_type': 'none', 'min_max_depth_in_subquery': [1, 1]}","SELECT AVG(Event_Attendance), COUNT(DISTINCT event.Event_ID), news_report.journalist_ID FROM news_report JOIN event JOIN journalist ON news_report.Event_ID = event.Event_ID AND journalist.journalist_ID = news_report.journalist_ID"
"{'meaningful_joins': 'yes', 'table_exp_type': 'JOIN', 'where_type': {'basic_comparison': '<='}, 'number_of_value_exp_in_group_by': 1, 'having_type': {'single': 'MIN'}, 'orderby_type': 'none', 'limit_type': 'none', 'value_exp_types': ['count_distinct_exp', 'single_exp_number'], 'distinct_type': 'none', 'min_max_depth_in_subquery': [1, 1]}","SELECT COUNT(DISTINCT journalist_ID), journalist_ID, Event_Attendance FROM news_report JOIN event ON news_report.Event_ID = event.Event_ID WHERE  event.Event_ID <= 61 GROUP BY Event_Attendance HAVING MIN(Event_Attendance) < 50"
"{'meaningful_joins': 'yes', 'table_exp_type': 'single_table', 'where_type': 'not_exists_subquery', 'number_of_value_exp_in_group_by': 0, 'having_type': 'none', 'orderby_type': 'none', 'limit_type': 'none', 'value_exp_types': ['agg_exp', 'count_distinct_exp', 'single_exp_number'], 'distinct_type': 'none', 'min_max_depth_in_subquery': [1, 1]}","SELECT AVG(Years_working), COUNT(DISTINCT Years_working), journalist_ID FROM journalist WHERE EXISTS (SELECT * FROM news_report WHERE  journalist_ID < 9 AND journalist.journalist_ID = journalist_ID)"
"{'meaningful_joins': 'yes', 'table_exp_type': 'JOIN_JOIN', 'where_type': {'logical_operator': ['AND', 'between', 'basic_comparison']}, 'number_of_value_exp_in_group_by': 1, 'having_type': {'single': 'MAX'}, 'orderby_type': 'none', 'limit_type': 'none', 'value_exp_types': ['agg_exp'], 'distinct_type': 'none', 'min_max_depth_in_subquery': [1, 1]}","SELECT AVG(Event_Attendance), Years_working FROM news_report JOIN event JOIN journalist ON news_report.Event_ID = event.Event_ID AND journalist.journalist_ID = news_report.journalist_ID WHERE event.Event_ID BETWEEN 1 AND 10 AND  journalist.journalist_ID <= 52 GROUP BY Years_working HAVING MAX(news_report.Event_ID) >= 85"
"{'meaningful_joins': 'yes', 'table_exp_type': 'single_table', 'where_type': {'basic_comparison': '<='}, 'number_of_value_exp_in_group_by': 1, 'having_type': {'single': 'COUNT'}, 'orderby_type': 'none', 'limit_type': 'none', 'value_exp_types': ['count_distinct_exp', 'single_exp_text'], 'distinct_type': 'none', 'min_max_depth_in_subquery': [1, 1]}","SELECT COUNT(DISTINCT Age), Nationality, Name FROM journalist WHERE  Years_working <= 64 GROUP BY Name HAVING COUNT(journalist_ID) >= 29"
"{'meaningful_joins': 'yes', 'table_exp_type': 'single_table', 'where_type': 'in_with_subquery', 'number_of_value_exp_in_group_by': 0, 'having_type': 'none', 'orderby_type': 'none', 'limit_type': 'none', 'value_exp_types': ['single_exp_number', 'single_exp_number', 'single_exp_number'], 'distinct_type': 'none', 'min_max_depth_in_subquery': [1, 1]}","SELECT journalist_ID, journalist_ID, journalist_ID FROM news_report WHERE Work_Type IN (SELECT Work_Type FROM news_report AS m WHERE  m.Event_ID < 77)"
"{'meaningful_joins': 'yes', 'table_exp_type': 'single_table', 'where_type': {'logical_operator': ['OR', 'basic_comparison', 'in_with_subquery']}, 'number_of_value_exp_in_group_by': 0, 'having_type': 'none', 'orderby_type': 'none', 'limit_type': 'without_offset', 'value_exp_types': ['agg_exp', 'count_distinct_exp'], 'distinct_type': 'none', 'min_max_depth_in_subquery': [1, 1]}","SELECT COUNT(journalist_ID), COUNT(DISTINCT Event_ID) FROM news_report WHERE  Event_ID < 51 OR journalist_ID IN (SELECT journalist_ID FROM journalist AS z WHERE  z.journalist_ID < 46 LIMIT 6) LIMIT 9"
"{'meaningful_joins': 'yes', 'table_exp_type': 'JOIN', 'where_type': {'basic_comparison': '>='}, 'number_of_value_exp_in_group_by': 1, 'having_type': {'single': 'MIN'}, 'orderby_type': 'none', 'limit_type': 'none', 'value_exp_types': ['count_distinct_exp'], 'distinct_type': 'none', 'min_max_depth_in_subquery': [1, 1]}","SELECT COUNT(DISTINCT journalist.journalist_ID), Name FROM news_report JOIN journalist ON journalist.journalist_ID = news_report.journalist_ID WHERE  Years_working >= 21 GROUP BY Name HAVING MIN(journalist.journalist_ID) < 33"
"{'meaningful_joins': 'yes', 'table_exp_type': 'single_table', 'where_type': {'logical_operator': ['OR', 'between', 'basic_comparison']}, 'number_of_value_exp_in_group_by': 0, 'having_type': 'none', 'orderby_type': 'none', 'limit_type': 'none', 'value_exp_types': ['agg_exp', 'agg_exp'], 'distinct_type': 'none', 'min_max_depth_in_subquery': [1, 1]}","SELECT SUM(Event_ID), SUM(journalist_ID) FROM news_report WHERE Event_ID BETWEEN 1 AND 10 OR  journalist_ID != 14"
"{'meaningful_joins': 'yes', 'table_exp_type': 'single_table_with_name_changing', 'where_type': {'basic_comparison': '<'}, 'number_of_value_exp_in_group_by': 1, 'having_type': 'none', 'orderby_type': 'none', 'limit_type': 'none', 'value_exp_types': ['agg_exp', 'single_exp_number'], 'distinct_type': 'none', 'min_max_depth_in_subquery': [1, 1]}","SELECT MIN(x.Event_ID), x.Event_Attendance FROM event AS x WHERE  x.Event_ID < 63 GROUP BY x.Event_Attendance"
"{'meaningful_joins': 'yes', 'table_exp_type': 'single_table', 'where_type': {'basic_comparison': '<'}, 'number_of_value_exp_in_group_by': 0, 'having_type': 'none', 'orderby_type': 'none', 'limit_type': 'none', 'value_exp_types': ['agg_exp', 'count_distinct_exp', 'count_distinct_exp'], 'distinct_type': 'none', 'min_max_depth_in_subquery': [1, 1]}","SELECT COUNT(Event_Attendance), COUNT(DISTINCT Event_Attendance), COUNT(DISTINCT Event_Attendance) FROM event WHERE  Event_Attendance < 66"
"{'meaningful_joins': 'yes', 'table_exp_type': 'single_table_with_name_changing', 'where_type': {'basic_comparison': '<'}, 'number_of_value_exp_in_group_by': 0, 'having_type': 'none', 'orderby_type': 'none', 'limit_type': 'without_offset', 'value_exp_types': ['single_exp_number', 'single_exp_text'], 'distinct_type': 'none', 'min_max_depth_in_subquery': [1, 1]}","SELECT h.Event_Attendance, h.Name FROM event AS h WHERE  h.Event_Attendance < 25 LIMIT 1"
"{'meaningful_joins': 'yes', 'table_exp_type': 'single_table_with_name_changing', 'where_type': 'none', 'number_of_value_exp_in_group_by': 0, 'having_type': 'none', 'orderby_type': 'DESC', 'limit_type': 'none', 'value_exp_types': ['single_exp_number'], 'distinct_type': 'none', 'min_max_depth_in_subquery': [1, 1]}",SELECT f.journalist_ID FROM news_report AS f ORDER BY f.journalist_ID DESC
"{'meaningful_joins': 'yes', 'table_exp_type': 'JOIN', 'where_type': {'logical_operator': ['AND', 'between', 'not_exists_subquery']}, 'number_of_value_exp_in_group_by': 1, 'having_type': {'single': 'MIN'}, 'orderby_type': 'DESC', 'limit_type': 'without_offset', 'value_exp_types': ['single_exp_number', 'single_exp_number'], 'distinct_type': 'none', 'min_max_depth_in_subquery': [1, 1]}","SELECT Event_Attendance, news_report.Event_ID FROM news_report JOIN event ON news_report.Event_ID = event.Event_ID WHERE journalist_ID BETWEEN 1 AND 10 AND EXISTS (SELECT * FROM journalist AS a WHERE  a.Years_working != 46 AND news_report.journalist_ID = a.journalist_ID) GROUP BY Event_Attendance HAVING MIN(journalist_ID) >= 56 ORDER BY Event_Attendance DESC LIMIT 2"
"{'meaningful_joins': 'yes', 'table_exp_type': 'JOIN', 'where_type': 'exists_subquery', 'number_of_value_exp_in_group_by': 0, 'having_type': 'none', 'orderby_type': 'none', 'limit_type': 'without_offset', 'value_exp_types': ['agg_exp', 'agg_exp', 'count_distinct_exp'], 'distinct_type': 'none', 'min_max_depth_in_subquery': [1, 1]}","SELECT AVG(journalist_ID), MIN(news_report.Event_ID), COUNT(DISTINCT news_report.Event_ID) FROM news_report JOIN event ON news_report.Event_ID = event.Event_ID WHERE EXISTS (SELECT * FROM news_report WHERE  Event_ID <= 30 AND event.Event_ID = Event_ID) LIMIT 7"
"{'meaningful_joins': 'yes', 'table_exp_type': 'JOIN_JOIN', 'where_type': {'basic_comparison': '<='}, 'number_of_value_exp_in_group_by': 1, 'having_type': {'single': 'MIN'}, 'orderby_type': 'none', 'limit_type': 'none', 'value_exp_types': ['single_exp_number', 'single_exp_number'], 'distinct_type': 'none', 'min_max_depth_in_subquery': [1, 1]}","SELECT event.Event_ID, Years_working, Date FROM news_report JOIN event JOIN journalist ON news_report.Event_ID = event.Event_ID AND journalist.journalist_ID = news_report.journalist_ID WHERE  news_report.Event_ID <= 25 GROUP BY Date HAVING MIN(journalist.journalist_ID) > 8"
"{'meaningful_joins': 'yes', 'table_exp_type': 'single_table_with_name_changing', 'where_type': {'basic_comparison': '>='}, 'number_of_value_exp_in_group_by': 0, 'having_type': 'none', 'orderby_type': 'none', 'limit_type': 'none', 'value_exp_types': ['agg_exp'], 'distinct_type': 'none', 'min_max_depth_in_subquery': [1, 1]}",SELECT MAX(f.Event_Attendance) FROM event AS f WHERE  f.Event_ID >= 96
"{'meaningful_joins': 'yes', 'table_exp_type': 'SELF JOIN', 'where_type': 'none', 'number_of_value_exp_in_group_by': 1, 'having_type': {'single': 'MAX'}, 'orderby_type': 'ASC', 'limit_type': 'none', 'value_exp_types': ['single_exp_number'], 'distinct_type': 'none', 'min_max_depth_in_subquery': [1, 1]}","SELECT i.Event_ID, news_report.Event_ID FROM news_report JOIN news_report AS i ON news_report.journalist_ID = i.journalist_ID GROUP BY news_report.Event_ID HAVING MAX(i.Event_ID) >= 66 ORDER BY news_report.Event_ID ASC"
"{'meaningful_joins': 'yes', 'table_exp_type': 'single_table', 'where_type': {'logical_operator': ['AND', 'basic_comparison', 'not_exists_subquery']}, 'number_of_value_exp_in_group_by': 0, 'having_type': 'none', 'orderby_type': 'DESC', 'limit_type': 'none', 'value_exp_types': ['single_exp_number', 'single_exp_text', 'single_exp_text'], 'distinct_type': 'none', 'min_max_depth_in_subquery': [1, 1]}","SELECT journalist_ID, Work_Type, Work_Type FROM news_report WHERE  journalist_ID = 63 AND EXISTS (SELECT * FROM journalist WHERE  Years_working >= 27 AND news_report.journalist_ID = journalist_ID) ORDER BY Work_Type DESC"
"{'meaningful_joins': 'yes', 'table_exp_type': 'single_table_with_name_changing', 'where_type': 'in_with_subquery', 'number_of_value_exp_in_group_by': 0, 'having_type': 'none', 'orderby_type': 'ASC', 'limit_type': 'none', 'value_exp_types': ['single_exp_number'], 'distinct_type': 'none', 'min_max_depth_in_subquery': [1, 1]}",SELECT g.journalist_ID FROM journalist AS g WHERE Age IN (SELECT Age FROM journalist AS z) ORDER BY g.journalist_ID ASC
"{'meaningful_joins': 'yes', 'table_exp_type': 'JOIN', 'where_type': {'basic_comparison': '!='}, 'number_of_value_exp_in_group_by': 1, 'having_type': {'single': 'SUM'}, 'orderby_type': 'none', 'limit_type': 'none', 'value_exp_types': ['agg_exp', 'single_exp_text'], 'distinct_type': 'none', 'min_max_depth_in_subquery': [1, 1]}","SELECT AVG(Event_Attendance), Name, Work_Type FROM news_report JOIN event ON news_report.Event_ID = event.Event_ID WHERE  Event_Attendance != 50 GROUP BY Work_Type HAVING SUM(Event_Attendance) >= 65"
"{'meaningful_joins': 'yes', 'table_exp_type': 'single_table', 'where_type': 'none', 'number_of_value_exp_in_group_by': 1, 'having_type': 'none', 'orderby_type': 'none', 'limit_type': 'without_offset', 'value_exp_types': ['count_distinct_exp', 'count_distinct_exp', 'single_exp_text'], 'distinct_type': 'none', 'min_max_depth_in_subquery': [1, 1]}","SELECT COUNT(DISTINCT Nationality), COUNT(DISTINCT Name), Nationality, Years_working FROM journalist GROUP BY Years_working LIMIT 5"
"{'meaningful_joins': 'yes', 'table_exp_type': 'JOIN_JOIN', 'where_type': {'basic_comparison': '>='}, 'number_of_value_exp_in_group_by': 0, 'having_type': 'none', 'orderby_type': 'none', 'limit_type': 'none', 'value_exp_types': ['agg_exp', 'agg_exp', 'single_exp_text'], 'distinct_type': 'none', 'min_max_depth_in_subquery': [1, 1]}","SELECT SUM(news_report.journalist_ID), SUM(news_report.Event_ID), event.Name FROM news_report JOIN event JOIN journalist ON news_report.Event_ID = event.Event_ID AND journalist.journalist_ID = news_report.journalist_ID WHERE  event.Event_ID >= 93"
"{'meaningful_joins': 'yes', 'table_exp_type': 'single_table', 'where_type': {'basic_comparison': '<'}, 'number_of_value_exp_in_group_by': 0, 'having_type': 'none', 'orderby_type': 'none', 'limit_type': 'without_offset', 'value_exp_types': ['count_distinct_exp', 'single_exp_number'], 'distinct_type': 'none', 'min_max_depth_in_subquery': [1, 1]}","SELECT COUNT(DISTINCT Name), Event_ID FROM event WHERE  Event_ID < 31 LIMIT 5"
"{'meaningful_joins': 'yes', 'table_exp_type': 'JOIN', 'where_type': 'exists_subquery', 'number_of_value_exp_in_group_by': 1, 'having_type': {'single': 'MAX'}, 'orderby_type': 'none', 'limit_type': 'none', 'value_exp_types': ['agg_exp', 'single_exp_text'], 'distinct_type': 'none', 'min_max_depth_in_subquery': [1, 1]}","SELECT MAX(news_report.Event_ID), Date, Event_Attendance FROM news_report JOIN event ON news_report.Event_ID = event.Event_ID WHERE EXISTS (SELECT * FROM event WHERE  Event_Attendance < 81 AND news_report.journalist_ID = Event_ID) GROUP BY Event_Attendance HAVING MAX(Event_Attendance) > 9"
"{'meaningful_joins': 'yes', 'table_exp_type': 'single_table_with_name_changing', 'where_type': {'logical_operator': ['AND', 'between', 'in_with_subquery']}, 'number_of_value_exp_in_group_by': 1, 'having_type': {'single': 'AVG'}, 'orderby_type': 'DESC', 'limit_type': 'none', 'value_exp_types': ['single_exp_text'], 'distinct_type': 'none', 'min_max_depth_in_subquery': [1, 1]}",SELECT w.Venue FROM event AS w WHERE w.Event_ID BETWEEN 1 AND 10 AND Event_Attendance IN (SELECT Event_Attendance FROM event WHERE  Event_Attendance <= 37) GROUP BY w.Venue HAVING AVG(w.Event_Attendance) > 88 ORDER BY w.Venue DESC
"{'meaningful_joins': 'yes', 'table_exp_type': 'single_table_with_name_changing', 'where_type': {'basic_comparison': '<='}, 'number_of_value_exp_in_group_by': 1, 'having_type': 'none', 'orderby_type': 'DESC', 'limit_type': 'none', 'value_exp_types': ['single_exp_number', 'single_exp_text'], 'distinct_type': 'none', 'min_max_depth_in_subquery': [1, 1]}","SELECT q.journalist_ID, q.Nationality, q.Name FROM journalist AS q WHERE  q.Years_working <= 2 GROUP BY q.Name ORDER BY q.Nationality DESC"
"{'meaningful_joins': 'yes', 'table_exp_type': 'single_table', 'where_type': 'between', 'number_of_value_exp_in_group_by': 1, 'having_type': {'single': 'MAX'}, 'orderby_type': 'ASC', 'limit_type': 'none', 'value_exp_types': ['single_exp_number'], 'distinct_type': 'none', 'min_max_depth_in_subquery': [1, 1]}","SELECT journalist_ID, Work_Type FROM news_report WHERE journalist_ID BETWEEN 1 AND 10 GROUP BY Work_Type HAVING MAX(journalist_ID) > 39 ORDER BY journalist_ID ASC"
"{'meaningful_joins': 'yes', 'table_exp_type': 'single_table', 'where_type': {'logical_operator': ['OR', 'between', 'in_with_subquery']}, 'number_of_value_exp_in_group_by': 0, 'having_type': 'none', 'orderby_type': 'none', 'limit_type': 'none', 'value_exp_types': ['single_exp_text'], 'distinct_type': 'none', 'min_max_depth_in_subquery': [1, 1]}",SELECT Nationality FROM journalist WHERE Years_working BETWEEN 1 AND 10 OR Name IN (SELECT Name FROM journalist WHERE journalist_ID BETWEEN 1 AND 10)
"{'meaningful_joins': 'yes', 'table_exp_type': 'JOIN', 'where_type': 'exists_subquery', 'number_of_value_exp_in_group_by': 1, 'having_type': 'none', 'orderby_type': 'none', 'limit_type': 'none', 'value_exp_types': ['single_exp_number'], 'distinct_type': 'none', 'min_max_depth_in_subquery': [1, 1]}","SELECT news_report.journalist_ID, Nationality FROM news_report JOIN journalist ON journalist.journalist_ID = news_report.journalist_ID WHERE EXISTS (SELECT * FROM news_report AS k WHERE  k.Event_ID > 52 AND journalist.journalist_ID = k.journalist_ID LIMIT 4) GROUP BY Nationality"
"{'meaningful_joins': 'yes', 'table_exp_type': 'JOIN', 'where_type': {'basic_comparison': '!='}, 'number_of_value_exp_in_group_by': 0, 'having_type': 'none', 'orderby_type': 'none', 'limit_type': 'none', 'value_exp_types': ['count_distinct_exp'], 'distinct_type': 'none', 'min_max_depth_in_subquery': [1, 1]}",SELECT COUNT(DISTINCT Event_Attendance) FROM news_report JOIN event ON news_report.Event_ID = event.Event_ID WHERE  journalist_ID != 94
"{'meaningful_joins': 'yes', 'table_exp_type': 'single_table', 'where_type': {'basic_comparison': '!='}, 'number_of_value_exp_in_group_by': 0, 'having_type': 'none', 'orderby_type': 'none', 'limit_type': 'none', 'value_exp_types': ['agg_exp'], 'distinct_type': 'none', 'min_max_depth_in_subquery': [1, 1]}",SELECT MIN(journalist_ID) FROM journalist WHERE  Years_working != 7
"{'meaningful_joins': 'yes', 'table_exp_type': 'single_table', 'where_type': 'not_in_with_subquery', 'number_of_value_exp_in_group_by': 1, 'having_type': {'single': 'COUNT'}, 'orderby_type': 'DESC', 'limit_type': 'without_offset', 'value_exp_types': ['count_distinct_exp', 'single_exp_number'], 'distinct_type': 'none', 'min_max_depth_in_subquery': [1, 1]}","SELECT COUNT(DISTINCT journalist_ID), Event_ID FROM news_report WHERE Work_Type NOT IN (SELECT Work_Type FROM news_report LIMIT 9) GROUP BY Event_ID HAVING COUNT(journalist_ID) <= 27 ORDER BY Event_ID DESC LIMIT 8"
