Specification,query
"{'meaningful_joins': 'yes', 'table_exp_type': 'single_table', 'where_type': {'basic_comparison': '>'}, 'number_of_value_exp_in_group_by': 0, 'having_type': 'none', 'orderby_type': 'DESC', 'limit_type': 'none', 'value_exp_types': ['single_exp_text'], 'distinct_type': 'none', 'min_max_depth_in_subquery': [1, 1]}",SELECT Valid_Answer_Text FROM Valid_Answers WHERE  Valid_Answer_ID > 28 ORDER BY Valid_Answer_Text DESC
"{'meaningful_joins': 'yes', 'table_exp_type': 'single_table_with_name_changing', 'where_type': {'logical_operator': ['OR', 'between', 'comparison_with_subquery']}, 'number_of_value_exp_in_group_by': 0, 'having_type': 'none', 'orderby_type': 'ASC', 'limit_type': 'none', 'value_exp_types': ['agg_exp', 'single_exp_text', 'single_exp_text'], 'distinct_type': 'none', 'min_max_depth_in_subquery': [1, 1]}","SELECT MIN(e.Question_ID), e.Question_Text, e.Question_Text FROM Questions AS e WHERE e.Question_ID BETWEEN 1 AND 10 OR Question_Text <= (SELECT MAX(Question_Text) FROM Questions WHERE Question_ID BETWEEN 1 AND 10) ORDER BY e.Question_Text ASC"
"{'meaningful_joins': 'yes', 'table_exp_type': 'single_table', 'where_type': 'in_with_subquery', 'number_of_value_exp_in_group_by': 1, 'having_type': 'none', 'orderby_type': 'none', 'limit_type': 'without_offset', 'value_exp_types': ['agg_exp'], 'distinct_type': 'none', 'min_max_depth_in_subquery': [1, 1]}","SELECT COUNT(Exam_ID), Subject_Code FROM Exams WHERE Exam_ID IN (SELECT Exam_ID FROM Exams AS v WHERE  v.Exam_ID != 59) GROUP BY Subject_Code LIMIT 2"
"{'meaningful_joins': 'yes', 'table_exp_type': 'JOIN_JOIN', 'where_type': {'logical_operator': ['AND', 'between', 'basic_comparison']}, 'number_of_value_exp_in_group_by': 0, 'having_type': 'none', 'orderby_type': 'none', 'limit_type': 'none', 'value_exp_types': ['count_distinct_exp'], 'distinct_type': 'none', 'min_max_depth_in_subquery': [1, 1]}",SELECT COUNT(DISTINCT Student_Assessments.Valid_Answer_ID) FROM Questions JOIN Valid_Answers JOIN Student_Assessments ON Valid_Answers.Question_ID = Questions.Question_ID AND Valid_Answers.Valid_Answer_ID = Student_Assessments.Valid_Answer_ID WHERE Valid_Answers.Question_ID BETWEEN 1 AND 10 AND  Questions.Question_ID > 28
"{'meaningful_joins': 'yes', 'table_exp_type': 'single_table', 'where_type': 'not_exists_subquery', 'number_of_value_exp_in_group_by': 1, 'having_type': {'single': 'COUNT'}, 'orderby_type': 'none', 'limit_type': 'without_offset', 'value_exp_types': ['count_distinct_exp', 'single_exp_text'], 'distinct_type': 'none', 'min_max_depth_in_subquery': [1, 1]}","SELECT COUNT(DISTINCT Cell_Mobile_Phone), Student_Address, Home_Phone FROM Students WHERE EXISTS (SELECT * FROM Student_Answers WHERE  Question_ID != 19 AND Students.Student_ID = Student_ID) GROUP BY Home_Phone HAVING COUNT(Student_ID) <= 28 LIMIT 6"
"{'meaningful_joins': 'yes', 'table_exp_type': 'single_table', 'where_type': {'basic_comparison': '>'}, 'number_of_value_exp_in_group_by': 0, 'having_type': 'none', 'orderby_type': 'none', 'limit_type': 'none', 'value_exp_types': ['agg_exp', 'single_exp_text'], 'distinct_type': 'none', 'min_max_depth_in_subquery': [1, 1]}","SELECT AVG(Student_ID), Last_Name FROM Students WHERE  Student_ID > 16"
"{'meaningful_joins': 'yes', 'table_exp_type': 'JOIN', 'where_type': {'logical_operator': ['AND', 'between', 'exists_subquery']}, 'number_of_value_exp_in_group_by': 0, 'having_type': 'none', 'orderby_type': 'none', 'limit_type': 'none', 'value_exp_types': ['single_exp_text', 'single_exp_text'], 'distinct_type': 'none', 'min_max_depth_in_subquery': [1, 1]}","SELECT Student_Answer_Text, Student_Answer_Text FROM Questions_in_Exams JOIN Student_Answers ON Questions_in_Exams.Exam_ID = Student_Answers.Exam_ID AND Student_Answers.Question_ID = Questions_in_Exams.Question_ID WHERE Student_ID BETWEEN 1 AND 10 AND EXISTS (SELECT * FROM Questions AS m WHERE m.Question_ID BETWEEN 1 AND 10 AND Questions_in_Exams.Exam_ID = m.Question_ID)"
"{'meaningful_joins': 'yes', 'table_exp_type': 'single_table', 'where_type': {'logical_operator': ['OR', 'between', 'basic_comparison']}, 'number_of_value_exp_in_group_by': 1, 'having_type': 'none', 'orderby_type': 'none', 'limit_type': 'none', 'value_exp_types': ['single_exp_text'], 'distinct_type': 'none', 'min_max_depth_in_subquery': [1, 1]}","SELECT Assessment, Satisfactory_YN FROM Student_Assessments WHERE Valid_Answer_ID BETWEEN 1 AND 10 OR  Valid_Answer_ID = 7 GROUP BY Satisfactory_YN"
"{'meaningful_joins': 'yes', 'table_exp_type': 'single_table_with_name_changing', 'where_type': {'basic_comparison': '<'}, 'number_of_value_exp_in_group_by': 0, 'having_type': 'none', 'orderby_type': 'none', 'limit_type': 'none', 'value_exp_types': ['single_exp_number', 'single_exp_number'], 'distinct_type': 'none', 'min_max_depth_in_subquery': [1, 1]}","SELECT k.Exam_ID, k.Exam_ID FROM Questions_in_Exams AS k WHERE  k.Exam_ID < 53"
"{'meaningful_joins': 'yes', 'table_exp_type': 'SELF JOIN', 'where_type': 'none', 'number_of_value_exp_in_group_by': 0, 'having_type': 'none', 'orderby_type': 'none', 'limit_type': 'without_offset', 'value_exp_types': ['single_exp_number', 'single_exp_number'], 'distinct_type': 'none', 'min_max_depth_in_subquery': [1, 1]}","SELECT Exams.Exam_ID, z.Exam_ID FROM Exams JOIN Exams AS z ON Exams.Exam_ID = z.Exam_ID LIMIT 9"
"{'meaningful_joins': 'yes', 'table_exp_type': 'SELF JOIN', 'where_type': 'exists_subquery', 'number_of_value_exp_in_group_by': 0, 'having_type': 'none', 'orderby_type': 'none', 'limit_type': 'without_offset', 'value_exp_types': ['count_distinct_exp', 'single_exp_number'], 'distinct_type': 'none', 'min_max_depth_in_subquery': [1, 1]}","SELECT COUNT(DISTINCT i.Valid_Answer_ID), Student_Assessments.Valid_Answer_ID FROM Student_Assessments AS i JOIN Student_Assessments ON Student_Assessments.Student_Answer_ID = i.Student_Answer_ID WHERE EXISTS (SELECT * FROM Valid_Answers WHERE Valid_Answer_ID BETWEEN 1 AND 10 AND  Question_ID < 62 AND Student_Assessments.Student_Answer_ID = Valid_Answer_ID LIMIT 1) LIMIT 3"
"{'meaningful_joins': 'yes', 'table_exp_type': 'single_table', 'where_type': {'basic_comparison': '<'}, 'number_of_value_exp_in_group_by': 0, 'having_type': 'none', 'orderby_type': 'ASC', 'limit_type': 'none', 'value_exp_types': ['single_exp_number', 'single_exp_number'], 'distinct_type': 'none', 'min_max_depth_in_subquery': [1, 1]}","SELECT Question_ID, Question_ID FROM Questions_in_Exams WHERE  Exam_ID < 6 ORDER BY Question_ID ASC"
"{'meaningful_joins': 'yes', 'table_exp_type': 'JOIN', 'where_type': {'basic_comparison': '='}, 'number_of_value_exp_in_group_by': 1, 'having_type': 'none', 'orderby_type': 'DESC', 'limit_type': 'none', 'value_exp_types': ['agg_exp', 'single_exp_number'], 'distinct_type': 'none', 'min_max_depth_in_subquery': [1, 1]}","SELECT AVG(Student_Assessments.Valid_Answer_ID), Student_Assessments.Valid_Answer_ID, Satisfactory_YN FROM Valid_Answers JOIN Student_Assessments ON Valid_Answers.Valid_Answer_ID = Student_Assessments.Valid_Answer_ID WHERE  Valid_Answers.Valid_Answer_ID = 31 GROUP BY Satisfactory_YN ORDER BY Student_Assessments.Valid_Answer_ID DESC"
"{'meaningful_joins': 'yes', 'table_exp_type': 'JOIN', 'where_type': {'basic_comparison': '>'}, 'number_of_value_exp_in_group_by': 0, 'having_type': 'none', 'orderby_type': 'none', 'limit_type': 'without_offset', 'value_exp_types': ['agg_exp', 'single_exp_number'], 'distinct_type': 'none', 'min_max_depth_in_subquery': [1, 1]}","SELECT MAX(Questions.Question_ID), Questions.Question_ID FROM Questions_in_Exams JOIN Questions ON Questions.Question_ID = Questions_in_Exams.Question_ID WHERE  Questions_in_Exams.Question_ID > 4 LIMIT 9"
"{'meaningful_joins': 'yes', 'table_exp_type': 'single_table_with_name_changing', 'where_type': {'basic_comparison': '='}, 'number_of_value_exp_in_group_by': 0, 'having_type': 'none', 'orderby_type': 'ASC', 'limit_type': 'none', 'value_exp_types': ['agg_exp', 'single_exp_text'], 'distinct_type': 'none', 'min_max_depth_in_subquery': [1, 1]}","SELECT SUM(y.Question_ID), y.Type_of_Question_Code FROM Questions AS y WHERE  y.Question_ID = 73 ORDER BY y.Type_of_Question_Code ASC"
"{'meaningful_joins': 'yes', 'table_exp_type': 'JOIN_JOIN', 'where_type': 'none', 'number_of_value_exp_in_group_by': 1, 'having_type': 'none', 'orderby_type': 'none', 'limit_type': 'none', 'value_exp_types': ['single_exp_number', 'single_exp_text'], 'distinct_type': 'none', 'min_max_depth_in_subquery': [1, 1]}","SELECT Student_Answer_ID, Comments, Student_Answer_Text FROM Questions_in_Exams JOIN Questions JOIN Student_Answers ON Questions_in_Exams.Exam_ID = Student_Answers.Exam_ID AND Student_Answers.Question_ID = Questions_in_Exams.Question_ID AND Questions.Question_ID = Questions_in_Exams.Question_ID GROUP BY Student_Answer_Text"
"{'meaningful_joins': 'yes', 'table_exp_type': 'single_table_with_name_changing', 'where_type': {'basic_comparison': '<='}, 'number_of_value_exp_in_group_by': 1, 'having_type': {'single': 'MAX'}, 'orderby_type': 'ASC', 'limit_type': 'none', 'value_exp_types': ['single_exp_number', 'single_exp_text'], 'distinct_type': 'none', 'min_max_depth_in_subquery': [1, 1]}","SELECT m.Valid_Answer_ID, m.Assessment, m.Student_Answer_Text FROM Student_Assessments AS m WHERE  m.Valid_Answer_ID <= 45 GROUP BY m.Student_Answer_Text HAVING MAX(m.Valid_Answer_ID) <= 35 ORDER BY m.Student_Answer_Text ASC"
"{'meaningful_joins': 'yes', 'table_exp_type': 'JOIN_JOIN_JOIN', 'where_type': {'basic_comparison': '!='}, 'number_of_value_exp_in_group_by': 0, 'having_type': 'none', 'orderby_type': 'none', 'limit_type': 'without_offset', 'value_exp_types': ['agg_exp', 'count_distinct_exp', 'single_exp_text'], 'distinct_type': 'none', 'min_max_depth_in_subquery': [1, 1]}","SELECT AVG(Exam_ID), COUNT(DISTINCT Student_Answer_ID), Type_of_Question_Code FROM Questions_in_Exams JOIN Questions JOIN Valid_Answers JOIN Student_Assessments ON Questions.Question_ID = Questions_in_Exams.Question_ID AND Valid_Answers.Question_ID = Questions.Question_ID AND Valid_Answers.Valid_Answer_ID = Student_Assessments.Valid_Answer_ID WHERE  Student_Assessments.Valid_Answer_ID != 62 LIMIT 4"
"{'meaningful_joins': 'yes', 'table_exp_type': 'single_table', 'where_type': 'none', 'number_of_value_exp_in_group_by': 1, 'having_type': {'single': 'AVG'}, 'orderby_type': 'none', 'limit_type': 'none', 'value_exp_types': ['agg_exp', 'single_exp_text'], 'distinct_type': 'none', 'min_max_depth_in_subquery': [1, 1]}","SELECT SUM(Valid_Answer_ID), Valid_Answer_Text FROM Valid_Answers GROUP BY Valid_Answer_Text HAVING AVG(Valid_Answer_ID) >= 95"
"{'meaningful_joins': 'yes', 'table_exp_type': 'SELF JOIN', 'where_type': {'logical_operator': ['OR', 'between', 'comparison_with_subquery']}, 'number_of_value_exp_in_group_by': 1, 'having_type': {'single': 'COUNT'}, 'orderby_type': 'none', 'limit_type': 'none', 'value_exp_types': ['agg_exp'], 'distinct_type': 'none', 'min_max_depth_in_subquery': [1, 1]}","SELECT SUM(Student_Assessments.Valid_Answer_ID), Student_Assessments.Valid_Answer_ID FROM Student_Assessments AS f JOIN Student_Assessments ON Student_Assessments.Student_Answer_ID = f.Student_Answer_ID WHERE f.Valid_Answer_ID BETWEEN 1 AND 10 OR Satisfactory_YN >= (SELECT SUM(Satisfactory_YN) FROM Student_Answers WHERE  Question_ID > 43) GROUP BY Student_Assessments.Valid_Answer_ID HAVING COUNT(Student_Assessments.Valid_Answer_ID) > 58"
"{'meaningful_joins': 'yes', 'table_exp_type': 'single_table_with_name_changing', 'where_type': {'logical_operator': ['OR', 'basic_comparison', 'not_in_with_subquery']}, 'number_of_value_exp_in_group_by': 1, 'having_type': {'single': 'SUM'}, 'orderby_type': 'none', 'limit_type': 'none', 'value_exp_types': ['agg_exp', 'agg_exp', 'single_exp_text'], 'distinct_type': 'none', 'min_max_depth_in_subquery': [1, 1]}","SELECT SUM(a.Student_ID), SUM(a.Student_ID), a.Home_Phone, a.Gender_MFU FROM Students AS a WHERE  a.Student_ID = 61 OR Cell_Mobile_Phone NOT IN (SELECT Cell_Mobile_Phone FROM Students AS h WHERE  h.Student_ID != 7 LIMIT 8) GROUP BY a.Gender_MFU HAVING SUM(a.Student_ID) = 92"
"{'meaningful_joins': 'yes', 'table_exp_type': 'JOIN', 'where_type': {'basic_comparison': '!='}, 'number_of_value_exp_in_group_by': 1, 'having_type': 'none', 'orderby_type': 'ASC', 'limit_type': 'none', 'value_exp_types': ['single_exp_number'], 'distinct_type': 'none', 'min_max_depth_in_subquery': [1, 1]}","SELECT Student_Answers.Exam_ID, Date_of_Answer FROM Questions_in_Exams JOIN Student_Answers ON Questions_in_Exams.Exam_ID = Student_Answers.Exam_ID AND Student_Answers.Question_ID = Questions_in_Exams.Question_ID WHERE  Questions_in_Exams.Question_ID != 58 GROUP BY Date_of_Answer ORDER BY Student_Answers.Exam_ID ASC"
"{'meaningful_joins': 'yes', 'table_exp_type': 'single_table', 'where_type': {'logical_operator': ['OR', 'between', 'exists_subquery']}, 'number_of_value_exp_in_group_by': 0, 'having_type': 'none', 'orderby_type': 'none', 'limit_type': 'without_offset', 'value_exp_types': ['single_exp_number'], 'distinct_type': 'none', 'min_max_depth_in_subquery': [1, 1]}",SELECT Valid_Answer_ID FROM Student_Assessments WHERE Valid_Answer_ID BETWEEN 1 AND 10 OR EXISTS (SELECT * FROM Valid_Answers AS t WHERE  t.Valid_Answer_ID != 97 AND Student_Assessments.Student_Answer_ID = t.Valid_Answer_ID) LIMIT 6
"{'meaningful_joins': 'yes', 'table_exp_type': 'JOIN_JOIN_JOIN', 'where_type': {'logical_operator': ['AND', 'basic_comparison', 'comparison_with_subquery']}, 'number_of_value_exp_in_group_by': 1, 'having_type': {'single': 'AVG'}, 'orderby_type': 'none', 'limit_type': 'none', 'value_exp_types': ['count_distinct_exp', 'single_exp_number', 'single_exp_text'], 'distinct_type': 'none', 'min_max_depth_in_subquery': [1, 1]}","SELECT COUNT(DISTINCT Questions_in_Exams.Exam_ID), Student_Answer_ID, Student_Answer_Text, Satisfactory_YN FROM Questions_in_Exams JOIN Questions JOIN Students JOIN Student_Answers ON Questions_in_Exams.Exam_ID = Student_Answers.Exam_ID AND Student_Answers.Question_ID = Questions_in_Exams.Question_ID AND Questions.Question_ID = Questions_in_Exams.Question_ID AND Students.Student_ID = Student_Answers.Student_ID WHERE  Student_Answers.Exam_ID <= 7 AND Student_Address <= (SELECT MAX(Student_Address) FROM Students WHERE  Student_ID = 36) GROUP BY Satisfactory_YN HAVING AVG(Student_Answer_ID) < 39"
"{'meaningful_joins': 'yes', 'table_exp_type': 'single_table', 'where_type': {'logical_operator': ['AND', 'between', 'basic_comparison']}, 'number_of_value_exp_in_group_by': 1, 'having_type': 'none', 'orderby_type': 'none', 'limit_type': 'without_offset', 'value_exp_types': ['single_exp_number'], 'distinct_type': 'none', 'min_max_depth_in_subquery': [1, 1]}","SELECT Exam_ID, Exam_Name FROM Exams WHERE Exam_ID BETWEEN 1 AND 10 AND  Exam_ID > 20 GROUP BY Exam_Name LIMIT 6"
"{'meaningful_joins': 'yes', 'table_exp_type': 'JOIN_JOIN_JOIN', 'where_type': 'none', 'number_of_value_exp_in_group_by': 1, 'having_type': 'none', 'orderby_type': 'none', 'limit_type': 'without_offset', 'value_exp_types': ['single_exp_number', 'single_exp_text'], 'distinct_type': 'none', 'min_max_depth_in_subquery': [1, 1]}","SELECT Questions_in_Exams.Question_ID, First_Name, Cell_Mobile_Phone FROM Questions_in_Exams JOIN Questions JOIN Students JOIN Student_Answers ON Questions_in_Exams.Exam_ID = Student_Answers.Exam_ID AND Student_Answers.Question_ID = Questions_in_Exams.Question_ID AND Questions.Question_ID = Questions_in_Exams.Question_ID AND Students.Student_ID = Student_Answers.Student_ID GROUP BY Cell_Mobile_Phone LIMIT 2"
"{'meaningful_joins': 'yes', 'table_exp_type': 'single_table', 'where_type': {'basic_comparison': '='}, 'number_of_value_exp_in_group_by': 0, 'having_type': 'none', 'orderby_type': 'DESC', 'limit_type': 'none', 'value_exp_types': ['single_exp_number'], 'distinct_type': 'none', 'min_max_depth_in_subquery': [1, 1]}",SELECT Exam_ID FROM Exams WHERE  Exam_ID = 29 ORDER BY Exam_ID DESC
"{'meaningful_joins': 'yes', 'table_exp_type': 'single_table_with_name_changing', 'where_type': {'logical_operator': ['AND', 'between', 'basic_comparison']}, 'number_of_value_exp_in_group_by': 1, 'having_type': 'none', 'orderby_type': 'DESC', 'limit_type': 'without_offset', 'value_exp_types': ['single_exp_number'], 'distinct_type': 'none', 'min_max_depth_in_subquery': [1, 1]}","SELECT d.Question_ID, d.Question_Text FROM Questions AS d WHERE d.Question_ID BETWEEN 1 AND 10 AND  d.Question_ID >= 49 GROUP BY d.Question_Text ORDER BY d.Question_ID DESC LIMIT 2"
"{'meaningful_joins': 'yes', 'table_exp_type': 'JOIN_JOIN', 'where_type': {'basic_comparison': '>'}, 'number_of_value_exp_in_group_by': 0, 'having_type': 'none', 'orderby_type': 'none', 'limit_type': 'without_offset', 'value_exp_types': ['single_exp_text', 'single_exp_text'], 'distinct_type': 'none', 'min_max_depth_in_subquery': [1, 1]}","SELECT Question_Text, Valid_Answer_Text FROM Questions_in_Exams JOIN Questions JOIN Valid_Answers ON Questions.Question_ID = Questions_in_Exams.Question_ID AND Valid_Answers.Question_ID = Questions.Question_ID WHERE  Questions.Question_ID > 84 LIMIT 6"
"{'meaningful_joins': 'yes', 'table_exp_type': 'single_table_with_name_changing', 'where_type': 'between', 'number_of_value_exp_in_group_by': 1, 'having_type': 'none', 'orderby_type': 'none', 'limit_type': 'none', 'value_exp_types': ['agg_exp', 'agg_exp', 'single_exp_text'], 'distinct_type': 'none', 'min_max_depth_in_subquery': [1, 1]}","SELECT MAX(f.Question_ID), MAX(f.Valid_Answer_ID), f.Valid_Answer_Text, f.Question_ID FROM Valid_Answers AS f WHERE f.Question_ID BETWEEN 1 AND 10 GROUP BY f.Question_ID"
"{'meaningful_joins': 'yes', 'table_exp_type': 'JOIN_JOIN', 'where_type': {'basic_comparison': '>'}, 'number_of_value_exp_in_group_by': 1, 'having_type': {'single': 'COUNT'}, 'orderby_type': 'none', 'limit_type': 'none', 'value_exp_types': ['count_distinct_exp'], 'distinct_type': 'none', 'min_max_depth_in_subquery': [1, 1]}","SELECT COUNT(DISTINCT Student_Answer_Text), Assessment FROM Questions JOIN Valid_Answers JOIN Student_Assessments ON Valid_Answers.Question_ID = Questions.Question_ID AND Valid_Answers.Valid_Answer_ID = Student_Assessments.Valid_Answer_ID WHERE  Student_Assessments.Valid_Answer_ID > 95 GROUP BY Assessment HAVING COUNT(Student_Assessments.Valid_Answer_ID) < 21"
"{'meaningful_joins': 'yes', 'table_exp_type': 'single_table_with_name_changing', 'where_type': {'basic_comparison': '<'}, 'number_of_value_exp_in_group_by': 0, 'having_type': 'none', 'orderby_type': 'none', 'limit_type': 'none', 'value_exp_types': ['agg_exp', 'single_exp_number'], 'distinct_type': 'none', 'min_max_depth_in_subquery': [1, 1]}","SELECT SUM(o.Valid_Answer_ID), o.Valid_Answer_ID FROM Student_Assessments AS o WHERE  o.Valid_Answer_ID < 48"
