Specification,query
"{'meaningful_joins': 'yes', 'table_exp_type': 'single_table', 'where_type': {'basic_comparison': '<='}, 'number_of_value_exp_in_group_by': 0, 'having_type': 'none', 'orderby_type': 'none', 'limit_type': 'without_offset', 'value_exp_types': ['count_distinct_exp', 'single_exp_number'], 'distinct_type': 'none', 'min_max_depth_in_subquery': [1, 1]}","SELECT COUNT(DISTINCT Host_ID), Host_ID FROM host WHERE  Host_ID <= 91 LIMIT 10"
"{'meaningful_joins': 'yes', 'table_exp_type': 'JOIN_JOIN', 'where_type': {'basic_comparison': '>='}, 'number_of_value_exp_in_group_by': 1, 'having_type': {'single': 'SUM'}, 'orderby_type': 'none', 'limit_type': 'none', 'value_exp_types': ['single_exp_text', 'single_exp_text'], 'distinct_type': 'none', 'min_max_depth_in_subquery': [1, 1]}","SELECT Party_Theme, Name FROM host JOIN party_host JOIN party ON party_host.Party_ID = party.Party_ID AND host.Host_ID = party_host.Host_ID WHERE  party.Party_ID >= 9 GROUP BY Name HAVING SUM(party_host.Party_ID) <= 21"
"{'meaningful_joins': 'yes', 'table_exp_type': 'single_table', 'where_type': {'logical_operator': ['AND', 'between', 'basic_comparison']}, 'number_of_value_exp_in_group_by': 1, 'having_type': {'single': 'SUM'}, 'orderby_type': 'ASC', 'limit_type': 'without_offset', 'value_exp_types': ['count_distinct_exp', 'single_exp_number', 'single_exp_number'], 'distinct_type': 'none', 'min_max_depth_in_subquery': [1, 1]}","SELECT COUNT(DISTINCT Is_Main_in_Charge), Host_ID, Party_ID, Is_Main_in_Charge FROM party_host WHERE Host_ID BETWEEN 1 AND 10 AND  Party_ID = 51 GROUP BY Is_Main_in_Charge HAVING SUM(Party_ID) = 75 ORDER BY Host_ID ASC LIMIT 5"
"{'meaningful_joins': 'yes', 'table_exp_type': 'single_table', 'where_type': 'none', 'number_of_value_exp_in_group_by': 0, 'having_type': 'none', 'orderby_type': 'none', 'limit_type': 'without_offset', 'value_exp_types': ['single_exp_number'], 'distinct_type': 'none', 'min_max_depth_in_subquery': [1, 1]}",SELECT Number_of_hosts FROM party LIMIT 8
"{'meaningful_joins': 'yes', 'table_exp_type': 'single_table', 'where_type': {'basic_comparison': '<'}, 'number_of_value_exp_in_group_by': 0, 'having_type': 'none', 'orderby_type': 'DESC', 'limit_type': 'none', 'value_exp_types': ['single_exp_number', 'single_exp_number'], 'distinct_type': 'none', 'min_max_depth_in_subquery': [1, 1]}","SELECT Host_ID, Party_ID FROM party_host WHERE  Party_ID < 70 ORDER BY Party_ID DESC"
"{'meaningful_joins': 'yes', 'table_exp_type': 'single_table', 'where_type': {'basic_comparison': '!='}, 'number_of_value_exp_in_group_by': 1, 'having_type': {'single': 'MIN'}, 'orderby_type': 'none', 'limit_type': 'without_offset', 'value_exp_types': ['count_distinct_exp', 'single_exp_number', 'single_exp_text'], 'distinct_type': 'none', 'min_max_depth_in_subquery': [1, 1]}","SELECT COUNT(DISTINCT Age), Host_ID, Age FROM host WHERE  Host_ID != 70 GROUP BY Age HAVING MIN(Host_ID) <= 12 LIMIT 8"
"{'meaningful_joins': 'yes', 'table_exp_type': 'JOIN', 'where_type': {'basic_comparison': '<='}, 'number_of_value_exp_in_group_by': 0, 'having_type': 'none', 'orderby_type': 'none', 'limit_type': 'none', 'value_exp_types': ['agg_exp'], 'distinct_type': 'none', 'min_max_depth_in_subquery': [1, 1]}",SELECT MAX(party_host.Host_ID) FROM party_host JOIN host ON host.Host_ID = party_host.Host_ID WHERE  party_host.Host_ID <= 55
"{'meaningful_joins': 'yes', 'table_exp_type': 'single_table', 'where_type': 'none', 'number_of_value_exp_in_group_by': 1, 'having_type': 'none', 'orderby_type': 'none', 'limit_type': 'none', 'value_exp_types': ['single_exp_number'], 'distinct_type': 'none', 'min_max_depth_in_subquery': [1, 1]}","SELECT Host_ID, Name FROM host GROUP BY Name"
"{'meaningful_joins': 'yes', 'table_exp_type': 'single_table', 'where_type': {'basic_comparison': '<'}, 'number_of_value_exp_in_group_by': 0, 'having_type': 'none', 'orderby_type': 'none', 'limit_type': 'none', 'value_exp_types': ['single_exp_number'], 'distinct_type': 'none', 'min_max_depth_in_subquery': [1, 1]}",SELECT Party_ID FROM party WHERE  Number_of_hosts < 68
"{'meaningful_joins': 'yes', 'table_exp_type': 'JOIN_JOIN', 'where_type': {'logical_operator': ['AND', 'between', 'basic_comparison']}, 'number_of_value_exp_in_group_by': 1, 'having_type': {'single': 'SUM'}, 'orderby_type': 'DESC', 'limit_type': 'none', 'value_exp_types': ['agg_exp', 'single_exp_text'], 'distinct_type': 'none', 'min_max_depth_in_subquery': [1, 1]}","SELECT AVG(Number_of_hosts), Is_Main_in_Charge, Age FROM host JOIN party_host JOIN party ON party_host.Party_ID = party.Party_ID AND host.Host_ID = party_host.Host_ID WHERE Number_of_hosts BETWEEN 1 AND 10 AND  party.Party_ID <= 85 GROUP BY Age HAVING SUM(party_host.Host_ID) < 43 ORDER BY Is_Main_in_Charge DESC"
"{'meaningful_joins': 'yes', 'table_exp_type': 'single_table_with_name_changing', 'where_type': {'basic_comparison': '='}, 'number_of_value_exp_in_group_by': 0, 'having_type': 'none', 'orderby_type': 'none', 'limit_type': 'without_offset', 'value_exp_types': ['count_distinct_exp', 'single_exp_text'], 'distinct_type': 'none', 'min_max_depth_in_subquery': [1, 1]}","SELECT COUNT(DISTINCT i.Host_ID), i.Age FROM host AS i WHERE  i.Host_ID = 78 LIMIT 6"
"{'meaningful_joins': 'yes', 'table_exp_type': 'SELF JOIN', 'where_type': 'between', 'number_of_value_exp_in_group_by': 1, 'having_type': {'single': 'COUNT'}, 'orderby_type': 'none', 'limit_type': 'none', 'value_exp_types': ['single_exp_number'], 'distinct_type': 'none', 'min_max_depth_in_subquery': [1, 1]}","SELECT y.Party_ID, y.Location FROM party JOIN party AS y ON party.Party_ID = y.Party_ID WHERE y.Party_ID BETWEEN 1 AND 10 GROUP BY y.Location HAVING COUNT(y.Number_of_hosts) < 92"
"{'meaningful_joins': 'yes', 'table_exp_type': 'JOIN_JOIN', 'where_type': {'basic_comparison': '='}, 'number_of_value_exp_in_group_by': 0, 'having_type': 'none', 'orderby_type': 'none', 'limit_type': 'without_offset', 'value_exp_types': ['agg_exp'], 'distinct_type': 'none', 'min_max_depth_in_subquery': [1, 1]}",SELECT MIN(party.Party_ID) FROM host JOIN party_host JOIN party ON party_host.Party_ID = party.Party_ID AND host.Host_ID = party_host.Host_ID WHERE  party.Party_ID = 19 LIMIT 3
"{'meaningful_joins': 'yes', 'table_exp_type': 'SELF JOIN', 'where_type': {'basic_comparison': '='}, 'number_of_value_exp_in_group_by': 1, 'having_type': {'single': 'AVG'}, 'orderby_type': 'none', 'limit_type': 'without_offset', 'value_exp_types': ['single_exp_text'], 'distinct_type': 'none', 'min_max_depth_in_subquery': [1, 1]}",SELECT party_host.Is_Main_in_Charge FROM party_host AS q JOIN party_host ON party_host.Party_ID = q.Party_ID WHERE  q.Party_ID = 22 GROUP BY party_host.Is_Main_in_Charge HAVING AVG(q.Party_ID) < 95 LIMIT 2
"{'meaningful_joins': 'yes', 'table_exp_type': 'SELF JOIN', 'where_type': 'exists_subquery', 'number_of_value_exp_in_group_by': 0, 'having_type': 'none', 'orderby_type': 'none', 'limit_type': 'without_offset', 'value_exp_types': ['count_distinct_exp'], 'distinct_type': 'none', 'min_max_depth_in_subquery': [1, 1]}",SELECT COUNT(DISTINCT m.Host_ID) FROM host AS m JOIN host ON host.Host_ID = m.Host_ID WHERE EXISTS (SELECT * FROM party_host AS m WHERE  m.Host_ID != 87 AND host.Host_ID = m.Host_ID) LIMIT 1
"{'meaningful_joins': 'yes', 'table_exp_type': 'JOIN_JOIN', 'where_type': {'logical_operator': ['AND', 'between', 'basic_comparison']}, 'number_of_value_exp_in_group_by': 1, 'having_type': 'none', 'orderby_type': 'none', 'limit_type': 'none', 'value_exp_types': ['single_exp_number', 'single_exp_number', 'single_exp_text'], 'distinct_type': 'none', 'min_max_depth_in_subquery': [1, 1]}","SELECT host.Host_ID, Number_of_hosts, Name, Last_year FROM host JOIN party_host JOIN party ON party_host.Party_ID = party.Party_ID AND host.Host_ID = party_host.Host_ID WHERE party_host.Host_ID BETWEEN 1 AND 10 AND  party_host.Host_ID > 71 GROUP BY Last_year"
"{'meaningful_joins': 'yes', 'table_exp_type': 'single_table_with_name_changing', 'where_type': {'basic_comparison': '!='}, 'number_of_value_exp_in_group_by': 0, 'having_type': 'none', 'orderby_type': 'none', 'limit_type': 'none', 'value_exp_types': ['single_exp_number', 'single_exp_number'], 'distinct_type': 'none', 'min_max_depth_in_subquery': [1, 1]}","SELECT q.Host_ID, q.Host_ID FROM host AS q WHERE  q.Host_ID != 83"
"{'meaningful_joins': 'yes', 'table_exp_type': 'single_table_with_name_changing', 'where_type': {'basic_comparison': '!='}, 'number_of_value_exp_in_group_by': 0, 'having_type': 'none', 'orderby_type': 'DESC', 'limit_type': 'none', 'value_exp_types': ['single_exp_text'], 'distinct_type': 'none', 'min_max_depth_in_subquery': [1, 1]}",SELECT k.Name FROM host AS k WHERE  k.Host_ID != 25 ORDER BY k.Name DESC
"{'meaningful_joins': 'yes', 'table_exp_type': 'JOIN_JOIN', 'where_type': 'between', 'number_of_value_exp_in_group_by': 0, 'having_type': 'none', 'orderby_type': 'none', 'limit_type': 'none', 'value_exp_types': ['count_distinct_exp'], 'distinct_type': 'none', 'min_max_depth_in_subquery': [1, 1]}",SELECT COUNT(DISTINCT party_host.Host_ID) FROM host JOIN party_host JOIN party ON party_host.Party_ID = party.Party_ID AND host.Host_ID = party_host.Host_ID WHERE party_host.Party_ID BETWEEN 1 AND 10
"{'meaningful_joins': 'yes', 'table_exp_type': 'single_table', 'where_type': 'not_exists_subquery', 'number_of_value_exp_in_group_by': 1, 'having_type': 'none', 'orderby_type': 'ASC', 'limit_type': 'none', 'value_exp_types': ['agg_exp', 'agg_exp', 'single_exp_text'], 'distinct_type': 'none', 'min_max_depth_in_subquery': [1, 1]}","SELECT MIN(Party_ID), MIN(Host_ID), Is_Main_in_Charge FROM party_host WHERE EXISTS (SELECT * FROM host WHERE party_host.Party_ID = Host_ID) GROUP BY Is_Main_in_Charge ORDER BY Is_Main_in_Charge ASC"
"{'meaningful_joins': 'yes', 'table_exp_type': 'single_table', 'where_type': {'basic_comparison': '='}, 'number_of_value_exp_in_group_by': 1, 'having_type': 'none', 'orderby_type': 'none', 'limit_type': 'none', 'value_exp_types': ['count_distinct_exp', 'count_distinct_exp', 'single_exp_text'], 'distinct_type': 'none', 'min_max_depth_in_subquery': [1, 1]}","SELECT COUNT(DISTINCT Party_Theme), COUNT(DISTINCT Party_ID), Party_Theme, Location FROM party WHERE  Number_of_hosts = 50 GROUP BY Location"
"{'meaningful_joins': 'yes', 'table_exp_type': 'JOIN', 'where_type': 'none', 'number_of_value_exp_in_group_by': 0, 'having_type': 'none', 'orderby_type': 'none', 'limit_type': 'none', 'value_exp_types': ['agg_exp', 'single_exp_text'], 'distinct_type': 'none', 'min_max_depth_in_subquery': [1, 1]}","SELECT SUM(Host_ID), Party_Theme FROM party_host JOIN party ON party_host.Party_ID = party.Party_ID"
"{'meaningful_joins': 'yes', 'table_exp_type': 'JOIN', 'where_type': 'not_exists_subquery', 'number_of_value_exp_in_group_by': 1, 'having_type': 'none', 'orderby_type': 'DESC', 'limit_type': 'without_offset', 'value_exp_types': ['agg_exp'], 'distinct_type': 'none', 'min_max_depth_in_subquery': [1, 1]}","SELECT MAX(Number_of_hosts), Location FROM party_host JOIN party ON party_host.Party_ID = party.Party_ID WHERE EXISTS (SELECT * FROM party_host AS p WHERE party.Party_ID = p.Party_ID LIMIT 6) GROUP BY Location ORDER BY Location DESC LIMIT 9"
"{'meaningful_joins': 'yes', 'table_exp_type': 'single_table_with_name_changing', 'where_type': 'not_in_with_subquery', 'number_of_value_exp_in_group_by': 0, 'having_type': 'none', 'orderby_type': 'none', 'limit_type': 'none', 'value_exp_types': ['single_exp_text', 'single_exp_text'], 'distinct_type': 'none', 'min_max_depth_in_subquery': [1, 1]}","SELECT g.Name, g.Nationality FROM host AS g WHERE Host_ID NOT IN (SELECT Host_ID FROM party_host WHERE Host_ID BETWEEN 1 AND 10)"
"{'meaningful_joins': 'yes', 'table_exp_type': 'SELF JOIN', 'where_type': {'basic_comparison': '='}, 'number_of_value_exp_in_group_by': 1, 'having_type': 'none', 'orderby_type': 'none', 'limit_type': 'none', 'value_exp_types': ['count_distinct_exp', 'single_exp_text'], 'distinct_type': 'none', 'min_max_depth_in_subquery': [1, 1]}","SELECT COUNT(DISTINCT s.Host_ID), s.Is_Main_in_Charge, s.Host_ID FROM party_host JOIN party_host AS s ON party_host.Party_ID = s.Party_ID WHERE  party_host.Party_ID = 59 GROUP BY s.Host_ID"
"{'meaningful_joins': 'yes', 'table_exp_type': 'single_table', 'where_type': 'none', 'number_of_value_exp_in_group_by': 1, 'having_type': {'single': 'MIN'}, 'orderby_type': 'none', 'limit_type': 'none', 'value_exp_types': ['single_exp_text', 'single_exp_text'], 'distinct_type': 'none', 'min_max_depth_in_subquery': [1, 1]}","SELECT Age, Nationality FROM host GROUP BY Nationality HAVING MIN(Host_ID) <= 13"
"{'meaningful_joins': 'yes', 'table_exp_type': 'single_table', 'where_type': 'not_exists_subquery', 'number_of_value_exp_in_group_by': 0, 'having_type': 'none', 'orderby_type': 'none', 'limit_type': 'none', 'value_exp_types': ['agg_exp'], 'distinct_type': 'none', 'min_max_depth_in_subquery': [1, 1]}",SELECT MAX(Host_ID) FROM party_host WHERE EXISTS (SELECT * FROM party AS u WHERE  u.Number_of_hosts <= 18 AND party_host.Party_ID = u.Party_ID)
"{'meaningful_joins': 'yes', 'table_exp_type': 'SELF JOIN', 'where_type': 'comparison_with_subquery', 'number_of_value_exp_in_group_by': 1, 'having_type': 'none', 'orderby_type': 'DESC', 'limit_type': 'none', 'value_exp_types': ['single_exp_number', 'single_exp_text'], 'distinct_type': 'none', 'min_max_depth_in_subquery': [1, 1]}","SELECT d.Host_ID, host.Age, d.Age FROM host AS d JOIN host ON host.Host_ID = d.Host_ID WHERE Nationality >= (SELECT SUM(Nationality) FROM host AS b WHERE  b.Host_ID != 54 LIMIT 1) GROUP BY d.Age ORDER BY d.Host_ID DESC"
"{'meaningful_joins': 'yes', 'table_exp_type': 'single_table_with_name_changing', 'where_type': 'between', 'number_of_value_exp_in_group_by': 1, 'having_type': 'none', 'orderby_type': 'DESC', 'limit_type': 'without_offset', 'value_exp_types': ['single_exp_number', 'single_exp_text'], 'distinct_type': 'none', 'min_max_depth_in_subquery': [1, 1]}","SELECT a.Host_ID, a.Is_Main_in_Charge FROM party_host AS a WHERE a.Party_ID BETWEEN 1 AND 10 GROUP BY a.Is_Main_in_Charge ORDER BY a.Is_Main_in_Charge DESC LIMIT 1"
"{'meaningful_joins': 'yes', 'table_exp_type': 'single_table_with_name_changing', 'where_type': 'not_in_with_subquery', 'number_of_value_exp_in_group_by': 0, 'having_type': 'none', 'orderby_type': 'none', 'limit_type': 'none', 'value_exp_types': ['single_exp_number', 'single_exp_number'], 'distinct_type': 'none', 'min_max_depth_in_subquery': [1, 1]}","SELECT t.Host_ID, t.Host_ID FROM host AS t WHERE Host_ID NOT IN (SELECT Host_ID FROM party_host WHERE Party_ID BETWEEN 1 AND 10 AND  Host_ID <= 19 LIMIT 7)"
"{'meaningful_joins': 'yes', 'table_exp_type': 'JOIN', 'where_type': 'not_exists_subquery', 'number_of_value_exp_in_group_by': 1, 'having_type': 'none', 'orderby_type': 'none', 'limit_type': 'none', 'value_exp_types': ['agg_exp', 'single_exp_text', 'single_exp_text'], 'distinct_type': 'none', 'min_max_depth_in_subquery': [1, 1]}","SELECT AVG(Host_ID), Party_Theme, Last_year, Location FROM party_host JOIN party ON party_host.Party_ID = party.Party_ID WHERE EXISTS (SELECT * FROM party_host AS c WHERE c.Host_ID BETWEEN 1 AND 10 AND party.Party_ID = c.Party_ID) GROUP BY Location"
