Specification,query
"{'meaningful_joins': 'yes', 'table_exp_type': 'single_table_with_name_changing', 'where_type': {'basic_comparison': '!='}, 'number_of_value_exp_in_group_by': 0, 'having_type': 'none', 'orderby_type': 'none', 'limit_type': 'none', 'value_exp_types': ['agg_exp', 'single_exp_number'], 'distinct_type': 'none', 'min_max_depth_in_subquery': [1, 1]}","SELECT MAX(i.Party_ID), i.Region_ID FROM party AS i WHERE  i.Region_ID != 6"
"{'meaningful_joins': 'yes', 'table_exp_type': 'SELF JOIN', 'where_type': 'none', 'number_of_value_exp_in_group_by': 0, 'having_type': 'none', 'orderby_type': 'DESC', 'limit_type': 'none', 'value_exp_types': ['agg_exp', 'single_exp_text'], 'distinct_type': 'none', 'min_max_depth_in_subquery': [1, 1]}","SELECT SUM(member.Member_ID), member.In_office FROM member JOIN member AS g ON member.Member_ID = g.Member_ID ORDER BY member.In_office DESC"
"{'meaningful_joins': 'yes', 'table_exp_type': 'single_table', 'where_type': 'comparison_with_subquery', 'number_of_value_exp_in_group_by': 0, 'having_type': 'none', 'orderby_type': 'DESC', 'limit_type': 'none', 'value_exp_types': ['single_exp_number'], 'distinct_type': 'none', 'min_max_depth_in_subquery': [1, 1]}",SELECT Member_ID FROM member WHERE Member_Name != (SELECT MIN(Member_Name) FROM member AS y WHERE  y.Member_ID = 67 LIMIT 1) ORDER BY Member_ID DESC
"{'meaningful_joins': 'yes', 'table_exp_type': 'single_table_with_name_changing', 'where_type': {'logical_operator': ['OR', 'between', 'not_in_with_subquery']}, 'number_of_value_exp_in_group_by': 0, 'having_type': 'none', 'orderby_type': 'none', 'limit_type': 'without_offset', 'value_exp_types': ['single_exp_number', 'single_exp_text', 'single_exp_text'], 'distinct_type': 'none', 'min_max_depth_in_subquery': [1, 1]}","SELECT e.Member_in_charge_ID, e.Event_Name, e.Event_Name FROM party_events AS e WHERE e.Member_in_charge_ID BETWEEN 1 AND 10 OR Event_ID NOT IN (SELECT Event_ID FROM party_events AS f WHERE f.Member_in_charge_ID BETWEEN 1 AND 10) LIMIT 9"
"{'meaningful_joins': 'yes', 'table_exp_type': 'JOIN', 'where_type': {'logical_operator': ['AND', 'basic_comparison', 'exists_subquery']}, 'number_of_value_exp_in_group_by': 0, 'having_type': 'none', 'orderby_type': 'none', 'limit_type': 'none', 'value_exp_types': ['single_exp_number', 'single_exp_text'], 'distinct_type': 'none', 'min_max_depth_in_subquery': [1, 1]}","SELECT party.Region_ID, Format FROM party JOIN region ON party.Region_ID = region.Region_ID WHERE  party.Region_ID <= 56 AND EXISTS (SELECT * FROM party WHERE Region_ID BETWEEN 1 AND 10 AND  Party_ID > 66 AND region.Region_ID = Region_ID)"
"{'meaningful_joins': 'yes', 'table_exp_type': 'JOIN_JOIN_JOIN', 'where_type': {'basic_comparison': '>='}, 'number_of_value_exp_in_group_by': 0, 'having_type': 'none', 'orderby_type': 'none', 'limit_type': 'none', 'value_exp_types': ['agg_exp'], 'distinct_type': 'none', 'min_max_depth_in_subquery': [1, 1]}",SELECT SUM(region.Region_ID) FROM member JOIN party_events JOIN party JOIN region ON party.Region_ID = region.Region_ID AND party.Party_ID = party_events.Party_ID AND member.Party_ID = party.Party_ID AND party_events.Member_in_charge_ID = member.Member_ID WHERE  Member_in_charge_ID >= 4
"{'meaningful_joins': 'yes', 'table_exp_type': 'single_table_with_name_changing', 'where_type': {'logical_operator': ['AND', 'between', 'basic_comparison']}, 'number_of_value_exp_in_group_by': 1, 'having_type': 'none', 'orderby_type': 'none', 'limit_type': 'none', 'value_exp_types': ['single_exp_text'], 'distinct_type': 'none', 'min_max_depth_in_subquery': [1, 1]}","SELECT o.Left_office, o.Minister FROM party AS o WHERE o.Region_ID BETWEEN 1 AND 10 AND  o.Region_ID <= 92 GROUP BY o.Minister"
"{'meaningful_joins': 'yes', 'table_exp_type': 'SELF JOIN', 'where_type': 'between', 'number_of_value_exp_in_group_by': 1, 'having_type': 'none', 'orderby_type': 'none', 'limit_type': 'without_offset', 'value_exp_types': ['count_distinct_exp', 'count_distinct_exp', 'single_exp_text'], 'distinct_type': 'none', 'min_max_depth_in_subquery': [1, 1]}","SELECT COUNT(DISTINCT party.Took_office), COUNT(DISTINCT e.Party_ID), e.Minister, e.Took_office FROM party JOIN party AS e ON party.Party_ID = e.Party_ID WHERE e.Region_ID BETWEEN 1 AND 10 GROUP BY e.Took_office LIMIT 5"
"{'meaningful_joins': 'yes', 'table_exp_type': 'single_table_with_name_changing', 'where_type': 'between', 'number_of_value_exp_in_group_by': 0, 'having_type': 'none', 'orderby_type': 'none', 'limit_type': 'without_offset', 'value_exp_types': ['agg_exp', 'single_exp_text'], 'distinct_type': 'none', 'min_max_depth_in_subquery': [1, 1]}","SELECT AVG(s.Event_ID), s.Event_Name FROM party_events AS s WHERE s.Event_ID BETWEEN 1 AND 10 LIMIT 1"
"{'meaningful_joins': 'yes', 'table_exp_type': 'single_table_with_name_changing', 'where_type': 'comparison_with_subquery', 'number_of_value_exp_in_group_by': 1, 'having_type': 'none', 'orderby_type': 'DESC', 'limit_type': 'without_offset', 'value_exp_types': ['single_exp_text', 'single_exp_text'], 'distinct_type': 'none', 'min_max_depth_in_subquery': [1, 1]}","SELECT x.Party_name, x.Minister, x.Left_office FROM party AS x WHERE Took_office < (SELECT MAX(Took_office) FROM party WHERE  Party_ID >= 16) GROUP BY x.Left_office ORDER BY x.Minister DESC LIMIT 5"
"{'meaningful_joins': 'yes', 'table_exp_type': 'single_table_with_name_changing', 'where_type': {'basic_comparison': '>'}, 'number_of_value_exp_in_group_by': 0, 'having_type': 'none', 'orderby_type': 'none', 'limit_type': 'none', 'value_exp_types': ['agg_exp', 'count_distinct_exp', 'count_distinct_exp'], 'distinct_type': 'none', 'min_max_depth_in_subquery': [1, 1]}","SELECT SUM(s.Region_ID), COUNT(DISTINCT s.Format), COUNT(DISTINCT s.Region_ID) FROM region AS s WHERE  s.Region_ID > 62"
"{'meaningful_joins': 'yes', 'table_exp_type': 'single_table', 'where_type': {'logical_operator': ['AND', 'between', 'basic_comparison']}, 'number_of_value_exp_in_group_by': 0, 'having_type': 'none', 'orderby_type': 'none', 'limit_type': 'none', 'value_exp_types': ['agg_exp', 'single_exp_number'], 'distinct_type': 'none', 'min_max_depth_in_subquery': [1, 1]}","SELECT MAX(Event_ID), Party_ID FROM party_events WHERE Party_ID BETWEEN 1 AND 10 AND  Event_ID = 70"
"{'meaningful_joins': 'yes', 'table_exp_type': 'JOIN', 'where_type': {'basic_comparison': '='}, 'number_of_value_exp_in_group_by': 0, 'having_type': 'none', 'orderby_type': 'none', 'limit_type': 'without_offset', 'value_exp_types': ['count_distinct_exp', 'single_exp_text'], 'distinct_type': 'none', 'min_max_depth_in_subquery': [1, 1]}","SELECT COUNT(DISTINCT Event_Name), In_office FROM party_events JOIN member ON party_events.Member_in_charge_ID = member.Member_ID WHERE  Member_ID = 44 LIMIT 4"
"{'meaningful_joins': 'yes', 'table_exp_type': 'single_table_with_name_changing', 'where_type': {'basic_comparison': '!='}, 'number_of_value_exp_in_group_by': 0, 'having_type': 'none', 'orderby_type': 'DESC', 'limit_type': 'none', 'value_exp_types': ['single_exp_text'], 'distinct_type': 'none', 'min_max_depth_in_subquery': [1, 1]}",SELECT s.Label FROM region AS s WHERE  s.Region_ID != 99 ORDER BY s.Label DESC
"{'meaningful_joins': 'yes', 'table_exp_type': 'JOIN_JOIN_JOIN', 'where_type': 'none', 'number_of_value_exp_in_group_by': 0, 'having_type': 'none', 'orderby_type': 'DESC', 'limit_type': 'without_offset', 'value_exp_types': ['count_distinct_exp', 'single_exp_number'], 'distinct_type': 'none', 'min_max_depth_in_subquery': [1, 1]}","SELECT COUNT(DISTINCT Event_ID), Member_in_charge_ID FROM member JOIN party_events JOIN party JOIN region ON party.Region_ID = region.Region_ID AND party.Party_ID = party_events.Party_ID AND member.Party_ID = party.Party_ID AND party_events.Member_in_charge_ID = member.Member_ID ORDER BY Member_in_charge_ID DESC LIMIT 1"
"{'meaningful_joins': 'yes', 'table_exp_type': 'SELF JOIN', 'where_type': {'logical_operator': ['OR', 'basic_comparison', 'in_with_subquery']}, 'number_of_value_exp_in_group_by': 1, 'having_type': {'single': 'SUM'}, 'orderby_type': 'ASC', 'limit_type': 'without_offset', 'value_exp_types': ['single_exp_number'], 'distinct_type': 'none', 'min_max_depth_in_subquery': [1, 1]}","SELECT i.Region_ID, region.Catalogue FROM region AS i JOIN region ON region.Region_ID = i.Region_ID WHERE  region.Region_ID = 28 OR Label IN (SELECT Label FROM region AS i WHERE i.Region_ID BETWEEN 1 AND 10 AND  i.Region_ID = 64) GROUP BY region.Catalogue HAVING SUM(region.Region_ID) <= 37 ORDER BY i.Region_ID ASC LIMIT 9"
"{'meaningful_joins': 'yes', 'table_exp_type': 'single_table_with_name_changing', 'where_type': {'logical_operator': ['OR', 'basic_comparison', 'not_in_with_subquery']}, 'number_of_value_exp_in_group_by': 0, 'having_type': 'none', 'orderby_type': 'none', 'limit_type': 'without_offset', 'value_exp_types': ['single_exp_text', 'single_exp_text'], 'distinct_type': 'none', 'min_max_depth_in_subquery': [1, 1]}","SELECT d.Event_Name, d.Event_Name FROM party_events AS d WHERE  d.Member_in_charge_ID <= 36 OR Event_Name NOT IN (SELECT Event_Name FROM party_events WHERE  Member_in_charge_ID > 41 LIMIT 10) LIMIT 8"
"{'meaningful_joins': 'yes', 'table_exp_type': 'JOIN', 'where_type': {'basic_comparison': '='}, 'number_of_value_exp_in_group_by': 0, 'having_type': 'none', 'orderby_type': 'ASC', 'limit_type': 'without_offset', 'value_exp_types': ['single_exp_number'], 'distinct_type': 'none', 'min_max_depth_in_subquery': [1, 1]}",SELECT party_events.Party_ID FROM party_events JOIN member ON party_events.Member_in_charge_ID = member.Member_ID WHERE  member.Party_ID = 92 ORDER BY party_events.Party_ID ASC LIMIT 5
"{'meaningful_joins': 'yes', 'table_exp_type': 'single_table', 'where_type': {'logical_operator': ['AND', 'between', 'exists_subquery']}, 'number_of_value_exp_in_group_by': 1, 'having_type': {'single': 'COUNT'}, 'orderby_type': 'ASC', 'limit_type': 'without_offset', 'value_exp_types': ['count_distinct_exp', 'single_exp_number'], 'distinct_type': 'none', 'min_max_depth_in_subquery': [1, 1]}","SELECT COUNT(DISTINCT Member_Name), Member_ID, In_office FROM member WHERE Member_ID BETWEEN 1 AND 10 AND EXISTS (SELECT * FROM party WHERE Region_ID BETWEEN 1 AND 10 AND member.Member_ID = Party_ID) GROUP BY In_office HAVING COUNT(Member_ID) > 80 ORDER BY In_office ASC LIMIT 3"
"{'meaningful_joins': 'yes', 'table_exp_type': 'single_table_with_name_changing', 'where_type': {'basic_comparison': '='}, 'number_of_value_exp_in_group_by': 0, 'having_type': 'none', 'orderby_type': 'none', 'limit_type': 'none', 'value_exp_types': ['count_distinct_exp', 'single_exp_text'], 'distinct_type': 'none', 'min_max_depth_in_subquery': [1, 1]}","SELECT COUNT(DISTINCT n.Left_office), n.Took_office FROM party AS n WHERE  n.Region_ID = 53"
"{'meaningful_joins': 'yes', 'table_exp_type': 'JOIN_JOIN', 'where_type': {'basic_comparison': '!='}, 'number_of_value_exp_in_group_by': 0, 'having_type': 'none', 'orderby_type': 'ASC', 'limit_type': 'without_offset', 'value_exp_types': ['single_exp_text'], 'distinct_type': 'none', 'min_max_depth_in_subquery': [1, 1]}",SELECT Member_Name FROM member JOIN party_events JOIN party ON party.Party_ID = party_events.Party_ID AND member.Party_ID = party.Party_ID AND party_events.Member_in_charge_ID = member.Member_ID WHERE  Member_ID != 57 ORDER BY Member_Name ASC LIMIT 1
"{'meaningful_joins': 'yes', 'table_exp_type': 'JOIN', 'where_type': {'logical_operator': ['AND', 'between', 'in_with_subquery']}, 'number_of_value_exp_in_group_by': 0, 'having_type': 'none', 'orderby_type': 'ASC', 'limit_type': 'none', 'value_exp_types': ['single_exp_number', 'single_exp_text'], 'distinct_type': 'none', 'min_max_depth_in_subquery': [1, 1]}","SELECT region.Region_ID, Party_name FROM party JOIN region ON party.Region_ID = region.Region_ID WHERE region.Region_ID BETWEEN 1 AND 10 AND Party_ID IN (SELECT Party_ID FROM party_events LIMIT 5) ORDER BY Party_name ASC"
"{'meaningful_joins': 'yes', 'table_exp_type': 'JOIN', 'where_type': {'basic_comparison': '<='}, 'number_of_value_exp_in_group_by': 1, 'having_type': {'single': 'AVG'}, 'orderby_type': 'none', 'limit_type': 'without_offset', 'value_exp_types': ['single_exp_number', 'single_exp_text'], 'distinct_type': 'none', 'min_max_depth_in_subquery': [1, 1]}","SELECT Party_ID, Catalogue, Region_name FROM party JOIN region ON party.Region_ID = region.Region_ID WHERE  Party_ID <= 64 GROUP BY Region_name HAVING AVG(party.Region_ID) < 7 LIMIT 1"
"{'meaningful_joins': 'yes', 'table_exp_type': 'JOIN_JOIN_JOIN', 'where_type': {'basic_comparison': '!='}, 'number_of_value_exp_in_group_by': 1, 'having_type': {'single': 'AVG'}, 'orderby_type': 'none', 'limit_type': 'none', 'value_exp_types': ['agg_exp', 'single_exp_number'], 'distinct_type': 'none', 'min_max_depth_in_subquery': [1, 1]}","SELECT SUM(Member_in_charge_ID), region.Region_ID, In_office FROM member JOIN party_events JOIN party JOIN region ON party.Region_ID = region.Region_ID AND party.Party_ID = party_events.Party_ID AND member.Party_ID = party.Party_ID AND party_events.Member_in_charge_ID = member.Member_ID WHERE  party.Region_ID != 75 GROUP BY In_office HAVING AVG(region.Region_ID) >= 71"
"{'meaningful_joins': 'yes', 'table_exp_type': 'JOIN_JOIN', 'where_type': {'logical_operator': ['OR', 'between', 'basic_comparison']}, 'number_of_value_exp_in_group_by': 1, 'having_type': 'none', 'orderby_type': 'DESC', 'limit_type': 'without_offset', 'value_exp_types': ['single_exp_text'], 'distinct_type': 'none', 'min_max_depth_in_subquery': [1, 1]}","SELECT Event_Name, Catalogue FROM party_events JOIN party JOIN region ON party.Region_ID = region.Region_ID AND party.Party_ID = party_events.Party_ID WHERE region.Region_ID BETWEEN 1 AND 10 OR  party_events.Party_ID <= 89 GROUP BY Catalogue ORDER BY Catalogue DESC LIMIT 3"
"{'meaningful_joins': 'yes', 'table_exp_type': 'JOIN', 'where_type': 'comparison_with_subquery', 'number_of_value_exp_in_group_by': 0, 'having_type': 'none', 'orderby_type': 'none', 'limit_type': 'none', 'value_exp_types': ['single_exp_number', 'single_exp_text'], 'distinct_type': 'none', 'min_max_depth_in_subquery': [1, 1]}","SELECT party_events.Party_ID, In_office FROM party_events JOIN member ON party_events.Member_in_charge_ID = member.Member_ID WHERE In_office <= (SELECT AVG(In_office) FROM member)"
"{'meaningful_joins': 'yes', 'table_exp_type': 'JOIN_JOIN_JOIN', 'where_type': {'logical_operator': ['OR', 'between', 'basic_comparison']}, 'number_of_value_exp_in_group_by': 0, 'having_type': 'none', 'orderby_type': 'ASC', 'limit_type': 'without_offset', 'value_exp_types': ['single_exp_text', 'single_exp_text'], 'distinct_type': 'none', 'min_max_depth_in_subquery': [1, 1]}","SELECT Label, party.Party_ID FROM member JOIN party_events JOIN party JOIN region ON party.Region_ID = region.Region_ID AND party.Party_ID = party_events.Party_ID AND member.Party_ID = party.Party_ID AND party_events.Member_in_charge_ID = member.Member_ID WHERE party.Region_ID BETWEEN 1 AND 10 OR  region.Region_ID < 55 ORDER BY Label ASC LIMIT 9"
"{'meaningful_joins': 'yes', 'table_exp_type': 'JOIN', 'where_type': {'basic_comparison': '>'}, 'number_of_value_exp_in_group_by': 1, 'having_type': 'none', 'orderby_type': 'none', 'limit_type': 'none', 'value_exp_types': ['agg_exp'], 'distinct_type': 'none', 'min_max_depth_in_subquery': [1, 1]}","SELECT MAX(party_events.Party_ID), Took_office FROM party_events JOIN party ON party.Party_ID = party_events.Party_ID WHERE  party.Party_ID > 86 GROUP BY Took_office"
"{'meaningful_joins': 'yes', 'table_exp_type': 'JOIN_JOIN', 'where_type': 'none', 'number_of_value_exp_in_group_by': 0, 'having_type': 'none', 'orderby_type': 'none', 'limit_type': 'without_offset', 'value_exp_types': ['agg_exp', 'single_exp_number'], 'distinct_type': 'none', 'min_max_depth_in_subquery': [1, 1]}","SELECT AVG(Member_ID), region.Region_ID FROM member JOIN party JOIN region ON party.Region_ID = region.Region_ID AND member.Party_ID = party.Party_ID LIMIT 6"
"{'meaningful_joins': 'yes', 'table_exp_type': 'single_table', 'where_type': 'between', 'number_of_value_exp_in_group_by': 0, 'having_type': 'none', 'orderby_type': 'DESC', 'limit_type': 'none', 'value_exp_types': ['single_exp_text'], 'distinct_type': 'none', 'min_max_depth_in_subquery': [1, 1]}",SELECT In_office FROM member WHERE Member_ID BETWEEN 1 AND 10 ORDER BY In_office DESC
"{'meaningful_joins': 'yes', 'table_exp_type': 'single_table', 'where_type': {'basic_comparison': '>'}, 'number_of_value_exp_in_group_by': 0, 'having_type': 'none', 'orderby_type': 'ASC', 'limit_type': 'without_offset', 'value_exp_types': ['single_exp_number', 'single_exp_number'], 'distinct_type': 'none', 'min_max_depth_in_subquery': [1, 1]}","SELECT Party_ID, Party_ID FROM party_events WHERE  Party_ID > 4 ORDER BY Party_ID ASC LIMIT 8"
"{'meaningful_joins': 'yes', 'table_exp_type': 'single_table_with_name_changing', 'where_type': 'none', 'number_of_value_exp_in_group_by': 0, 'having_type': 'none', 'orderby_type': 'none', 'limit_type': 'none', 'value_exp_types': ['agg_exp', 'single_exp_number'], 'distinct_type': 'none', 'min_max_depth_in_subquery': [1, 1]}","SELECT COUNT(h.Region_ID), h.Region_ID FROM region AS h"
"{'meaningful_joins': 'yes', 'table_exp_type': 'JOIN_JOIN_JOIN', 'where_type': 'in_with_subquery', 'number_of_value_exp_in_group_by': 1, 'having_type': {'single': 'COUNT'}, 'orderby_type': 'none', 'limit_type': 'without_offset', 'value_exp_types': ['single_exp_text'], 'distinct_type': 'none', 'min_max_depth_in_subquery': [1, 1]}","SELECT Left_office, Member_in_charge_ID FROM member JOIN party_events JOIN party JOIN region ON party.Region_ID = region.Region_ID AND party.Party_ID = party_events.Party_ID AND member.Party_ID = party.Party_ID AND party_events.Member_in_charge_ID = member.Member_ID WHERE Catalogue IN (SELECT Catalogue FROM region AS y WHERE y.Region_ID BETWEEN 1 AND 10) GROUP BY Member_in_charge_ID HAVING COUNT(party.Region_ID) < 98 LIMIT 6"
"{'meaningful_joins': 'yes', 'table_exp_type': 'single_table', 'where_type': {'basic_comparison': '='}, 'number_of_value_exp_in_group_by': 1, 'having_type': {'single': 'COUNT'}, 'orderby_type': 'ASC', 'limit_type': 'none', 'value_exp_types': ['count_distinct_exp', 'count_distinct_exp', 'single_exp_number'], 'distinct_type': 'none', 'min_max_depth_in_subquery': [1, 1]}","SELECT COUNT(DISTINCT Event_Name), COUNT(DISTINCT Event_ID), Event_ID, Member_in_charge_ID FROM party_events WHERE  Member_in_charge_ID = 64 GROUP BY Member_in_charge_ID HAVING COUNT(Event_ID) > 82 ORDER BY Event_ID ASC"
"{'meaningful_joins': 'yes', 'table_exp_type': 'single_table', 'where_type': {'logical_operator': ['OR', 'between', 'not_exists_subquery']}, 'number_of_value_exp_in_group_by': 0, 'having_type': 'none', 'orderby_type': 'DESC', 'limit_type': 'none', 'value_exp_types': ['single_exp_text'], 'distinct_type': 'none', 'min_max_depth_in_subquery': [1, 1]}",SELECT Format FROM region WHERE Region_ID BETWEEN 1 AND 10 OR EXISTS (SELECT * FROM party AS k WHERE region.Region_ID = k.Region_ID LIMIT 6) ORDER BY Format DESC
"{'meaningful_joins': 'yes', 'table_exp_type': 'SELF JOIN', 'where_type': 'none', 'number_of_value_exp_in_group_by': 0, 'having_type': 'none', 'orderby_type': 'DESC', 'limit_type': 'none', 'value_exp_types': ['single_exp_text'], 'distinct_type': 'none', 'min_max_depth_in_subquery': [1, 1]}",SELECT q.Party_ID FROM member AS q JOIN member ON member.Member_ID = q.Member_ID ORDER BY q.Party_ID DESC
