Specification,query
"{'meaningful_joins': 'yes', 'table_exp_type': 'JOIN', 'where_type': {'basic_comparison': '<='}, 'number_of_value_exp_in_group_by': 0, 'having_type': 'none', 'orderby_type': 'none', 'limit_type': 'none', 'value_exp_types': ['agg_exp', 'single_exp_number'], 'distinct_type': 'none', 'min_max_depth_in_subquery': [1, 1]}","SELECT MAX(Num_of_Pieces), member_attendance.Member_ID FROM member_attendance JOIN member ON member.Member_ID = member_attendance.Member_ID WHERE  member.Member_ID <= 48"
"{'meaningful_joins': 'yes', 'table_exp_type': 'single_table_with_name_changing', 'where_type': {'basic_comparison': '>='}, 'number_of_value_exp_in_group_by': 1, 'having_type': {'single': 'SUM'}, 'orderby_type': 'none', 'limit_type': 'without_offset', 'value_exp_types': ['agg_exp', 'agg_exp'], 'distinct_type': 'none', 'min_max_depth_in_subquery': [1, 1]}","SELECT AVG(m.Attendance), MIN(m.Performance_ID), m.Host FROM performance AS m WHERE  m.Attendance >= 95 GROUP BY m.Host HAVING SUM(m.Attendance) <= 12 LIMIT 1"
"{'meaningful_joins': 'yes', 'table_exp_type': 'single_table', 'where_type': {'logical_operator': ['AND', 'between', 'in_with_subquery']}, 'number_of_value_exp_in_group_by': 1, 'having_type': 'none', 'orderby_type': 'none', 'limit_type': 'none', 'value_exp_types': ['agg_exp', 'agg_exp'], 'distinct_type': 'none', 'min_max_depth_in_subquery': [1, 1]}","SELECT AVG(Performance_ID), COUNT(Attendance), Host FROM performance WHERE Performance_ID BETWEEN 1 AND 10 AND Attendance IN (SELECT Attendance FROM performance AS e) GROUP BY Host"
"{'meaningful_joins': 'yes', 'table_exp_type': 'JOIN', 'where_type': {'basic_comparison': '='}, 'number_of_value_exp_in_group_by': 0, 'having_type': 'none', 'orderby_type': 'ASC', 'limit_type': 'none', 'value_exp_types': ['count_distinct_exp', 'single_exp_number'], 'distinct_type': 'none', 'min_max_depth_in_subquery': [1, 1]}","SELECT COUNT(DISTINCT Location), Num_of_Pieces FROM member_attendance JOIN performance ON member_attendance.Performance_ID = performance.Performance_ID WHERE  performance.Performance_ID = 68 ORDER BY Num_of_Pieces ASC"
"{'meaningful_joins': 'yes', 'table_exp_type': 'JOIN_JOIN', 'where_type': {'basic_comparison': '<='}, 'number_of_value_exp_in_group_by': 0, 'having_type': 'none', 'orderby_type': 'ASC', 'limit_type': 'without_offset', 'value_exp_types': ['agg_exp', 'single_exp_number'], 'distinct_type': 'none', 'min_max_depth_in_subquery': [1, 1]}","SELECT MIN(Attendance), member_attendance.Member_ID FROM member_attendance JOIN member JOIN performance ON member_attendance.Performance_ID = performance.Performance_ID AND member.Member_ID = member_attendance.Member_ID WHERE  member.Member_ID <= 88 ORDER BY member_attendance.Member_ID ASC LIMIT 10"
"{'meaningful_joins': 'yes', 'table_exp_type': 'single_table', 'where_type': {'basic_comparison': '='}, 'number_of_value_exp_in_group_by': 0, 'having_type': 'none', 'orderby_type': 'none', 'limit_type': 'none', 'value_exp_types': ['single_exp_text', 'single_exp_text'], 'distinct_type': 'none', 'min_max_depth_in_subquery': [1, 1]}","SELECT Host, Date FROM performance WHERE  Attendance = 80"
"{'meaningful_joins': 'yes', 'table_exp_type': 'JOIN', 'where_type': {'logical_operator': ['AND', 'between', 'not_in_with_subquery']}, 'number_of_value_exp_in_group_by': 0, 'having_type': 'none', 'orderby_type': 'none', 'limit_type': 'none', 'value_exp_types': ['agg_exp', 'single_exp_number', 'single_exp_number'], 'distinct_type': 'none', 'min_max_depth_in_subquery': [1, 1]}","SELECT SUM(member_attendance.Performance_ID), performance.Performance_ID, performance.Performance_ID FROM member_attendance JOIN performance ON member_attendance.Performance_ID = performance.Performance_ID WHERE performance.Performance_ID BETWEEN 1 AND 10 AND Attendance NOT IN (SELECT Attendance FROM performance WHERE  Attendance <= 13)"
"{'meaningful_joins': 'yes', 'table_exp_type': 'JOIN', 'where_type': {'logical_operator': ['OR', 'basic_comparison', 'not_exists_subquery']}, 'number_of_value_exp_in_group_by': 0, 'having_type': 'none', 'orderby_type': 'none', 'limit_type': 'none', 'value_exp_types': ['single_exp_number'], 'distinct_type': 'none', 'min_max_depth_in_subquery': [1, 1]}",SELECT member_attendance.Performance_ID FROM member_attendance JOIN performance ON member_attendance.Performance_ID = performance.Performance_ID WHERE  performance.Performance_ID != 100 OR EXISTS (SELECT * FROM performance WHERE  Performance_ID = 75 AND member_attendance.Member_ID = Performance_ID)
"{'meaningful_joins': 'yes', 'table_exp_type': 'JOIN_JOIN', 'where_type': 'none', 'number_of_value_exp_in_group_by': 1, 'having_type': 'none', 'orderby_type': 'none', 'limit_type': 'none', 'value_exp_types': ['agg_exp'], 'distinct_type': 'none', 'min_max_depth_in_subquery': [1, 1]}","SELECT SUM(member_attendance.Member_ID), Nationality FROM member_attendance JOIN member JOIN performance ON member_attendance.Performance_ID = performance.Performance_ID AND member.Member_ID = member_attendance.Member_ID GROUP BY Nationality"
"{'meaningful_joins': 'yes', 'table_exp_type': 'SELF JOIN', 'where_type': {'logical_operator': ['OR', 'basic_comparison', 'not_exists_subquery']}, 'number_of_value_exp_in_group_by': 0, 'having_type': 'none', 'orderby_type': 'ASC', 'limit_type': 'without_offset', 'value_exp_types': ['single_exp_number'], 'distinct_type': 'none', 'min_max_depth_in_subquery': [1, 1]}",SELECT performance.Attendance FROM performance AS s JOIN performance ON performance.Performance_ID = s.Performance_ID WHERE  performance.Attendance < 73 OR EXISTS (SELECT * FROM member_attendance AS i WHERE i.Num_of_Pieces BETWEEN 1 AND 10 AND performance.Performance_ID = i.Performance_ID LIMIT 8) ORDER BY performance.Attendance ASC LIMIT 7
"{'meaningful_joins': 'yes', 'table_exp_type': 'SELF JOIN', 'where_type': 'in_with_subquery', 'number_of_value_exp_in_group_by': 0, 'having_type': 'none', 'orderby_type': 'none', 'limit_type': 'none', 'value_exp_types': ['agg_exp', 'agg_exp', 'count_distinct_exp'], 'distinct_type': 'none', 'min_max_depth_in_subquery': [1, 1]}","SELECT SUM(performance.Performance_ID), SUM(h.Performance_ID), COUNT(DISTINCT h.Date) FROM performance AS h JOIN performance ON performance.Performance_ID = h.Performance_ID WHERE Host IN (SELECT Host FROM performance AS q WHERE q.Performance_ID BETWEEN 1 AND 10 OR  q.Performance_ID = 31)"
"{'meaningful_joins': 'yes', 'table_exp_type': 'JOIN', 'where_type': {'logical_operator': ['OR', 'basic_comparison', 'comparison_with_subquery']}, 'number_of_value_exp_in_group_by': 1, 'having_type': {'single': 'MAX'}, 'orderby_type': 'none', 'limit_type': 'none', 'value_exp_types': ['agg_exp', 'single_exp_number'], 'distinct_type': 'none', 'min_max_depth_in_subquery': [1, 1]}","SELECT MIN(Num_of_Pieces), member_attendance.Performance_ID, Date FROM member_attendance JOIN performance ON member_attendance.Performance_ID = performance.Performance_ID WHERE  Member_ID <= 46 OR Performance_ID >= (SELECT MAX(Performance_ID) FROM performance AS l WHERE  l.Attendance <= 90) GROUP BY Date HAVING MAX(Member_ID) > 29"
"{'meaningful_joins': 'yes', 'table_exp_type': 'JOIN', 'where_type': {'logical_operator': ['OR', 'basic_comparison', 'in_with_subquery']}, 'number_of_value_exp_in_group_by': 1, 'having_type': {'single': 'SUM'}, 'orderby_type': 'none', 'limit_type': 'none', 'value_exp_types': ['agg_exp', 'single_exp_text'], 'distinct_type': 'none', 'min_max_depth_in_subquery': [1, 1]}","SELECT COUNT(Attendance), Date, Location FROM member_attendance JOIN performance ON member_attendance.Performance_ID = performance.Performance_ID WHERE  member_attendance.Performance_ID != 78 OR Date IN (SELECT Date FROM performance AS f WHERE  f.Performance_ID = 96) GROUP BY Location HAVING SUM(Member_ID) = 60"
"{'meaningful_joins': 'yes', 'table_exp_type': 'single_table_with_name_changing', 'where_type': {'basic_comparison': '<'}, 'number_of_value_exp_in_group_by': 0, 'having_type': 'none', 'orderby_type': 'ASC', 'limit_type': 'none', 'value_exp_types': ['agg_exp', 'count_distinct_exp', 'single_exp_number'], 'distinct_type': 'none', 'min_max_depth_in_subquery': [1, 1]}","SELECT MIN(a.Performance_ID), COUNT(DISTINCT a.Attendance), a.Attendance FROM performance AS a WHERE  a.Performance_ID < 67 ORDER BY a.Attendance ASC"
"{'meaningful_joins': 'yes', 'table_exp_type': 'JOIN', 'where_type': {'logical_operator': ['AND', 'between', 'not_in_with_subquery']}, 'number_of_value_exp_in_group_by': 1, 'having_type': {'single': 'SUM'}, 'orderby_type': 'none', 'limit_type': 'none', 'value_exp_types': ['single_exp_number'], 'distinct_type': 'none', 'min_max_depth_in_subquery': [1, 1]}","SELECT Member_ID, Attendance FROM member_attendance JOIN performance ON member_attendance.Performance_ID = performance.Performance_ID WHERE member_attendance.Performance_ID BETWEEN 1 AND 10 AND Location NOT IN (SELECT Location FROM performance AS f WHERE  f.Attendance = 9) GROUP BY Attendance HAVING SUM(Num_of_Pieces) > 93"
"{'meaningful_joins': 'yes', 'table_exp_type': 'JOIN', 'where_type': 'between', 'number_of_value_exp_in_group_by': 0, 'having_type': 'none', 'orderby_type': 'none', 'limit_type': 'none', 'value_exp_types': ['agg_exp', 'single_exp_text'], 'distinct_type': 'none', 'min_max_depth_in_subquery': [1, 1]}","SELECT MIN(Num_of_Pieces), Role FROM member_attendance JOIN member ON member.Member_ID = member_attendance.Member_ID WHERE Performance_ID BETWEEN 1 AND 10"
"{'meaningful_joins': 'yes', 'table_exp_type': 'SELF JOIN', 'where_type': {'basic_comparison': '!='}, 'number_of_value_exp_in_group_by': 1, 'having_type': 'none', 'orderby_type': 'ASC', 'limit_type': 'without_offset', 'value_exp_types': ['single_exp_text', 'single_exp_text'], 'distinct_type': 'none', 'min_max_depth_in_subquery': [1, 1]}","SELECT u.Location, u.Date, performance.Host FROM performance AS u JOIN performance ON performance.Performance_ID = u.Performance_ID WHERE  performance.Performance_ID != 12 GROUP BY performance.Host ORDER BY performance.Host ASC LIMIT 6"
"{'meaningful_joins': 'yes', 'table_exp_type': 'single_table', 'where_type': {'basic_comparison': '<='}, 'number_of_value_exp_in_group_by': 0, 'having_type': 'none', 'orderby_type': 'none', 'limit_type': 'without_offset', 'value_exp_types': ['single_exp_number', 'single_exp_number', 'single_exp_text'], 'distinct_type': 'none', 'min_max_depth_in_subquery': [1, 1]}","SELECT Performance_ID, Performance_ID, Date FROM performance WHERE  Attendance <= 22 LIMIT 2"
