Specification,query
"{'meaningful_joins': 'yes', 'table_exp_type': 'JOIN_JOIN', 'where_type': {'logical_operator': ['OR', 'between', 'basic_comparison']}, 'number_of_value_exp_in_group_by': 1, 'having_type': 'none', 'orderby_type': 'none', 'limit_type': 'none', 'value_exp_types': ['single_exp_number'], 'distinct_type': 'none', 'min_max_depth_in_subquery': [1, 1]}","SELECT Record_ID, Position FROM pilot_record JOIN aircraft JOIN pilot ON pilot_record.Aircraft_ID = aircraft.Aircraft_ID AND pilot.Pilot_ID = pilot_record.Pilot_ID WHERE pilot_record.Pilot_ID BETWEEN 1 AND 10 OR  Record_ID > 24 GROUP BY Position"
"{'meaningful_joins': 'yes', 'table_exp_type': 'single_table', 'where_type': {'logical_operator': ['AND', 'between', 'basic_comparison']}, 'number_of_value_exp_in_group_by': 0, 'having_type': 'none', 'orderby_type': 'none', 'limit_type': 'none', 'value_exp_types': ['single_exp_number', 'single_exp_number'], 'distinct_type': 'none', 'min_max_depth_in_subquery': [1, 1]}","SELECT Record_ID, Record_ID FROM pilot_record WHERE Aircraft_ID BETWEEN 1 AND 10 AND  Pilot_ID = 32"
"{'meaningful_joins': 'yes', 'table_exp_type': 'single_table', 'where_type': {'logical_operator': ['OR', 'basic_comparison', 'not_in_with_subquery']}, 'number_of_value_exp_in_group_by': 1, 'having_type': 'none', 'orderby_type': 'ASC', 'limit_type': 'none', 'value_exp_types': ['agg_exp'], 'distinct_type': 'none', 'min_max_depth_in_subquery': [1, 1]}","SELECT COUNT(Order_Year), Order_Year FROM aircraft WHERE  Order_Year > 86 OR Powertrain NOT IN (SELECT Powertrain FROM aircraft AS e WHERE e.Aircraft_ID BETWEEN 1 AND 10) GROUP BY Order_Year ORDER BY Order_Year ASC"
"{'meaningful_joins': 'yes', 'table_exp_type': 'JOIN_JOIN', 'where_type': {'basic_comparison': '<='}, 'number_of_value_exp_in_group_by': 0, 'having_type': 'none', 'orderby_type': 'none', 'limit_type': 'none', 'value_exp_types': ['agg_exp', 'count_distinct_exp'], 'distinct_type': 'none', 'min_max_depth_in_subquery': [1, 1]}","SELECT MAX(pilot.Pilot_ID), COUNT(DISTINCT Model) FROM pilot_record JOIN aircraft JOIN pilot ON pilot_record.Aircraft_ID = aircraft.Aircraft_ID AND pilot.Pilot_ID = pilot_record.Pilot_ID WHERE  Rank <= 12"
"{'meaningful_joins': 'yes', 'table_exp_type': 'single_table', 'where_type': {'basic_comparison': '!='}, 'number_of_value_exp_in_group_by': 1, 'having_type': {'single': 'COUNT'}, 'orderby_type': 'ASC', 'limit_type': 'none', 'value_exp_types': ['count_distinct_exp'], 'distinct_type': 'none', 'min_max_depth_in_subquery': [1, 1]}","SELECT COUNT(DISTINCT Aircraft_ID), Manufacturer FROM aircraft WHERE  Aircraft_ID != 16 GROUP BY Manufacturer HAVING COUNT(Order_Year) > 25 ORDER BY Manufacturer ASC"
"{'meaningful_joins': 'yes', 'table_exp_type': 'JOIN', 'where_type': {'logical_operator': ['AND', 'between', 'basic_comparison']}, 'number_of_value_exp_in_group_by': 0, 'having_type': 'none', 'orderby_type': 'none', 'limit_type': 'none', 'value_exp_types': ['count_distinct_exp', 'single_exp_text'], 'distinct_type': 'none', 'min_max_depth_in_subquery': [1, 1]}","SELECT COUNT(DISTINCT Record_ID), Powertrain FROM pilot_record JOIN aircraft ON pilot_record.Aircraft_ID = aircraft.Aircraft_ID WHERE pilot_record.Aircraft_ID BETWEEN 1 AND 10 AND  pilot_record.Aircraft_ID >= 24"
"{'meaningful_joins': 'yes', 'table_exp_type': 'single_table', 'where_type': {'logical_operator': ['OR', 'between', 'basic_comparison']}, 'number_of_value_exp_in_group_by': 0, 'having_type': 'none', 'orderby_type': 'ASC', 'limit_type': 'none', 'value_exp_types': ['single_exp_number'], 'distinct_type': 'none', 'min_max_depth_in_subquery': [1, 1]}",SELECT Age FROM pilot WHERE Join_Year BETWEEN 1 AND 10 OR  Rank = 97 ORDER BY Age ASC
"{'meaningful_joins': 'yes', 'table_exp_type': 'single_table_with_name_changing', 'where_type': {'basic_comparison': '='}, 'number_of_value_exp_in_group_by': 1, 'having_type': 'none', 'orderby_type': 'none', 'limit_type': 'none', 'value_exp_types': ['agg_exp', 'single_exp_number'], 'distinct_type': 'none', 'min_max_depth_in_subquery': [1, 1]}","SELECT COUNT(g.Record_ID), g.Pilot_ID, g.Record_ID FROM pilot_record AS g WHERE  g.Aircraft_ID = 97 GROUP BY g.Record_ID"
"{'meaningful_joins': 'yes', 'table_exp_type': 'JOIN', 'where_type': {'basic_comparison': '='}, 'number_of_value_exp_in_group_by': 0, 'having_type': 'none', 'orderby_type': 'none', 'limit_type': 'none', 'value_exp_types': ['count_distinct_exp'], 'distinct_type': 'none', 'min_max_depth_in_subquery': [1, 1]}",SELECT COUNT(DISTINCT pilot.Pilot_ID) FROM pilot_record JOIN pilot ON pilot.Pilot_ID = pilot_record.Pilot_ID WHERE  Join_Year = 95
"{'meaningful_joins': 'yes', 'table_exp_type': 'SELF JOIN', 'where_type': 'none', 'number_of_value_exp_in_group_by': 0, 'having_type': 'none', 'orderby_type': 'none', 'limit_type': 'none', 'value_exp_types': ['single_exp_text'], 'distinct_type': 'none', 'min_max_depth_in_subquery': [1, 1]}",SELECT c.Manufacturer FROM aircraft JOIN aircraft AS c ON aircraft.Aircraft_ID = c.Aircraft_ID
"{'meaningful_joins': 'yes', 'table_exp_type': 'JOIN', 'where_type': {'basic_comparison': '<='}, 'number_of_value_exp_in_group_by': 1, 'having_type': 'none', 'orderby_type': 'none', 'limit_type': 'none', 'value_exp_types': ['agg_exp'], 'distinct_type': 'none', 'min_max_depth_in_subquery': [1, 1]}","SELECT SUM(Aircraft_ID), Record_ID FROM pilot_record JOIN pilot ON pilot.Pilot_ID = pilot_record.Pilot_ID WHERE  Rank <= 98 GROUP BY Record_ID"
"{'meaningful_joins': 'yes', 'table_exp_type': 'single_table_with_name_changing', 'where_type': {'basic_comparison': '<='}, 'number_of_value_exp_in_group_by': 1, 'having_type': {'single': 'MIN'}, 'orderby_type': 'DESC', 'limit_type': 'none', 'value_exp_types': ['single_exp_number', 'single_exp_text'], 'distinct_type': 'none', 'min_max_depth_in_subquery': [1, 1]}","SELECT s.Aircraft_ID, s.Model, s.Manufacturer FROM aircraft AS s WHERE  s.Order_Year <= 45 GROUP BY s.Manufacturer HAVING MIN(s.Aircraft_ID) <= 12 ORDER BY s.Manufacturer DESC"
"{'meaningful_joins': 'yes', 'table_exp_type': 'single_table_with_name_changing', 'where_type': {'basic_comparison': '='}, 'number_of_value_exp_in_group_by': 0, 'having_type': 'none', 'orderby_type': 'ASC', 'limit_type': 'none', 'value_exp_types': ['single_exp_number'], 'distinct_type': 'none', 'min_max_depth_in_subquery': [1, 1]}",SELECT p.Record_ID FROM pilot_record AS p WHERE  p.Aircraft_ID = 35 ORDER BY p.Record_ID ASC
"{'meaningful_joins': 'yes', 'table_exp_type': 'single_table', 'where_type': {'basic_comparison': '<'}, 'number_of_value_exp_in_group_by': 0, 'having_type': 'none', 'orderby_type': 'ASC', 'limit_type': 'none', 'value_exp_types': ['agg_exp', 'single_exp_number'], 'distinct_type': 'none', 'min_max_depth_in_subquery': [1, 1]}","SELECT MAX(Rank), Rank FROM pilot WHERE  Rank < 69 ORDER BY Rank ASC"
"{'meaningful_joins': 'yes', 'table_exp_type': 'JOIN', 'where_type': 'exists_subquery', 'number_of_value_exp_in_group_by': 1, 'having_type': 'none', 'orderby_type': 'ASC', 'limit_type': 'none', 'value_exp_types': ['agg_exp', 'agg_exp', 'count_distinct_exp'], 'distinct_type': 'none', 'min_max_depth_in_subquery': [1, 1]}","SELECT MIN(Order_Year), COUNT(aircraft.Aircraft_ID), COUNT(DISTINCT Powertrain), Model FROM pilot_record JOIN aircraft ON pilot_record.Aircraft_ID = aircraft.Aircraft_ID WHERE EXISTS (SELECT * FROM pilot_record AS q WHERE  q.Record_ID = 4 AND aircraft.Aircraft_ID = q.Aircraft_ID) GROUP BY Model ORDER BY Model ASC"
"{'meaningful_joins': 'yes', 'table_exp_type': 'single_table', 'where_type': {'basic_comparison': '<'}, 'number_of_value_exp_in_group_by': 1, 'having_type': 'none', 'orderby_type': 'none', 'limit_type': 'none', 'value_exp_types': ['count_distinct_exp'], 'distinct_type': 'none', 'min_max_depth_in_subquery': [1, 1]}","SELECT COUNT(DISTINCT Aircraft_ID), Aircraft_ID FROM pilot_record WHERE  Record_ID < 15 GROUP BY Aircraft_ID"
"{'meaningful_joins': 'yes', 'table_exp_type': 'single_table', 'where_type': {'logical_operator': ['AND', 'between', 'not_exists_subquery']}, 'number_of_value_exp_in_group_by': 1, 'having_type': {'single': 'MAX'}, 'orderby_type': 'none', 'limit_type': 'none', 'value_exp_types': ['agg_exp', 'agg_exp', 'single_exp_text'], 'distinct_type': 'none', 'min_max_depth_in_subquery': [1, 1]}","SELECT MAX(Record_ID), SUM(Record_ID), Date FROM pilot_record WHERE Record_ID BETWEEN 1 AND 10 AND EXISTS (SELECT * FROM aircraft WHERE  Aircraft_ID <= 49 AND pilot_record.Pilot_ID = Aircraft_ID) GROUP BY Date HAVING MAX(Aircraft_ID) > 65"
"{'meaningful_joins': 'yes', 'table_exp_type': 'single_table_with_name_changing', 'where_type': 'between', 'number_of_value_exp_in_group_by': 0, 'having_type': 'none', 'orderby_type': 'none', 'limit_type': 'none', 'value_exp_types': ['single_exp_text'], 'distinct_type': 'none', 'min_max_depth_in_subquery': [1, 1]}",SELECT h.Pilot_name FROM pilot AS h WHERE h.Age BETWEEN 1 AND 10
"{'meaningful_joins': 'yes', 'table_exp_type': 'single_table', 'where_type': 'none', 'number_of_value_exp_in_group_by': 1, 'having_type': {'single': 'MIN'}, 'orderby_type': 'none', 'limit_type': 'without_offset', 'value_exp_types': ['count_distinct_exp', 'single_exp_number'], 'distinct_type': 'none', 'min_max_depth_in_subquery': [1, 1]}","SELECT COUNT(DISTINCT Powertrain), Aircraft_ID, Fuel_Propulsion FROM aircraft GROUP BY Fuel_Propulsion HAVING MIN(Aircraft_ID) <= 79 LIMIT 4"
"{'meaningful_joins': 'yes', 'table_exp_type': 'JOIN', 'where_type': 'none', 'number_of_value_exp_in_group_by': 0, 'having_type': 'none', 'orderby_type': 'none', 'limit_type': 'none', 'value_exp_types': ['count_distinct_exp', 'single_exp_text'], 'distinct_type': 'none', 'min_max_depth_in_subquery': [1, 1]}","SELECT COUNT(DISTINCT Rank), Date FROM pilot_record JOIN pilot ON pilot.Pilot_ID = pilot_record.Pilot_ID"
"{'meaningful_joins': 'yes', 'table_exp_type': 'JOIN', 'where_type': {'logical_operator': ['AND', 'between', 'in_with_subquery']}, 'number_of_value_exp_in_group_by': 0, 'having_type': 'none', 'orderby_type': 'none', 'limit_type': 'none', 'value_exp_types': ['agg_exp', 'count_distinct_exp'], 'distinct_type': 'none', 'min_max_depth_in_subquery': [1, 1]}","SELECT MIN(aircraft.Aircraft_ID), COUNT(DISTINCT Record_ID) FROM pilot_record JOIN aircraft ON pilot_record.Aircraft_ID = aircraft.Aircraft_ID WHERE aircraft.Aircraft_ID BETWEEN 1 AND 10 AND Record_ID IN (SELECT Record_ID FROM pilot_record AS o WHERE o.Record_ID BETWEEN 1 AND 10 OR  o.Aircraft_ID != 51)"
"{'meaningful_joins': 'yes', 'table_exp_type': 'single_table', 'where_type': {'basic_comparison': '>'}, 'number_of_value_exp_in_group_by': 0, 'having_type': 'none', 'orderby_type': 'ASC', 'limit_type': 'none', 'value_exp_types': ['single_exp_text', 'single_exp_text'], 'distinct_type': 'none', 'min_max_depth_in_subquery': [1, 1]}","SELECT Date, Date FROM pilot_record WHERE  Record_ID > 37 ORDER BY Date ASC"
"{'meaningful_joins': 'yes', 'table_exp_type': 'single_table', 'where_type': {'basic_comparison': '>='}, 'number_of_value_exp_in_group_by': 1, 'having_type': {'single': 'MAX'}, 'orderby_type': 'none', 'limit_type': 'none', 'value_exp_types': ['single_exp_number'], 'distinct_type': 'none', 'min_max_depth_in_subquery': [1, 1]}","SELECT Aircraft_ID, Manufacturer FROM aircraft WHERE  Order_Year >= 18 GROUP BY Manufacturer HAVING MAX(Aircraft_ID) > 15"
"{'meaningful_joins': 'yes', 'table_exp_type': 'single_table', 'where_type': {'logical_operator': ['OR', 'between', 'basic_comparison']}, 'number_of_value_exp_in_group_by': 0, 'having_type': 'none', 'orderby_type': 'none', 'limit_type': 'none', 'value_exp_types': ['single_exp_text'], 'distinct_type': 'none', 'min_max_depth_in_subquery': [1, 1]}",SELECT Date FROM pilot_record WHERE Aircraft_ID BETWEEN 1 AND 10 OR  Aircraft_ID != 2
"{'meaningful_joins': 'yes', 'table_exp_type': 'JOIN_JOIN', 'where_type': 'none', 'number_of_value_exp_in_group_by': 1, 'having_type': 'none', 'orderby_type': 'none', 'limit_type': 'none', 'value_exp_types': ['single_exp_number'], 'distinct_type': 'none', 'min_max_depth_in_subquery': [1, 1]}","SELECT Join_Year, Rank FROM pilot_record JOIN aircraft JOIN pilot ON pilot_record.Aircraft_ID = aircraft.Aircraft_ID AND pilot.Pilot_ID = pilot_record.Pilot_ID GROUP BY Rank"
"{'meaningful_joins': 'yes', 'table_exp_type': 'JOIN', 'where_type': 'between', 'number_of_value_exp_in_group_by': 0, 'having_type': 'none', 'orderby_type': 'DESC', 'limit_type': 'none', 'value_exp_types': ['single_exp_text'], 'distinct_type': 'none', 'min_max_depth_in_subquery': [1, 1]}",SELECT Nationality FROM pilot_record JOIN pilot ON pilot.Pilot_ID = pilot_record.Pilot_ID WHERE Join_Year BETWEEN 1 AND 10 ORDER BY Nationality DESC
"{'meaningful_joins': 'yes', 'table_exp_type': 'JOIN', 'where_type': {'basic_comparison': '<='}, 'number_of_value_exp_in_group_by': 1, 'having_type': {'single': 'COUNT'}, 'orderby_type': 'ASC', 'limit_type': 'without_offset', 'value_exp_types': ['agg_exp'], 'distinct_type': 'none', 'min_max_depth_in_subquery': [1, 1]}","SELECT MIN(Order_Year), Fleet_Series FROM pilot_record JOIN aircraft ON pilot_record.Aircraft_ID = aircraft.Aircraft_ID WHERE  Pilot_ID <= 4 GROUP BY Fleet_Series HAVING COUNT(pilot_record.Aircraft_ID) < 71 ORDER BY Fleet_Series ASC LIMIT 2"
"{'meaningful_joins': 'yes', 'table_exp_type': 'JOIN_JOIN', 'where_type': {'logical_operator': ['OR', 'between', 'basic_comparison']}, 'number_of_value_exp_in_group_by': 0, 'having_type': 'none', 'orderby_type': 'ASC', 'limit_type': 'without_offset', 'value_exp_types': ['single_exp_text', 'single_exp_text'], 'distinct_type': 'none', 'min_max_depth_in_subquery': [1, 1]}","SELECT Manufacturer, Nationality FROM pilot_record JOIN aircraft JOIN pilot ON pilot_record.Aircraft_ID = aircraft.Aircraft_ID AND pilot.Pilot_ID = pilot_record.Pilot_ID WHERE pilot.Pilot_ID BETWEEN 1 AND 10 OR  Join_Year > 80 ORDER BY Manufacturer ASC LIMIT 1"
"{'meaningful_joins': 'yes', 'table_exp_type': 'JOIN', 'where_type': {'basic_comparison': '<'}, 'number_of_value_exp_in_group_by': 0, 'having_type': 'none', 'orderby_type': 'none', 'limit_type': 'none', 'value_exp_types': ['single_exp_number', 'single_exp_number'], 'distinct_type': 'none', 'min_max_depth_in_subquery': [1, 1]}","SELECT Pilot_ID, pilot_record.Aircraft_ID FROM pilot_record JOIN aircraft ON pilot_record.Aircraft_ID = aircraft.Aircraft_ID WHERE  Pilot_ID < 56"
"{'meaningful_joins': 'yes', 'table_exp_type': 'SELF JOIN', 'where_type': 'none', 'number_of_value_exp_in_group_by': 0, 'having_type': 'none', 'orderby_type': 'ASC', 'limit_type': 'none', 'value_exp_types': ['single_exp_text'], 'distinct_type': 'none', 'min_max_depth_in_subquery': [1, 1]}",SELECT pilot_record.Date FROM pilot_record JOIN pilot_record AS z ON pilot_record.Pilot_ID = z.Pilot_ID ORDER BY pilot_record.Date ASC
"{'meaningful_joins': 'yes', 'table_exp_type': 'JOIN_JOIN', 'where_type': {'basic_comparison': '>='}, 'number_of_value_exp_in_group_by': 0, 'having_type': 'none', 'orderby_type': 'none', 'limit_type': 'none', 'value_exp_types': ['count_distinct_exp', 'count_distinct_exp', 'single_exp_text'], 'distinct_type': 'none', 'min_max_depth_in_subquery': [1, 1]}","SELECT COUNT(DISTINCT Position), COUNT(DISTINCT pilot_record.Pilot_ID), Position FROM pilot_record JOIN aircraft JOIN pilot ON pilot_record.Aircraft_ID = aircraft.Aircraft_ID AND pilot.Pilot_ID = pilot_record.Pilot_ID WHERE  Age >= 0"
"{'meaningful_joins': 'yes', 'table_exp_type': 'JOIN', 'where_type': {'basic_comparison': '='}, 'number_of_value_exp_in_group_by': 0, 'having_type': 'none', 'orderby_type': 'none', 'limit_type': 'none', 'value_exp_types': ['single_exp_text'], 'distinct_type': 'none', 'min_max_depth_in_subquery': [1, 1]}",SELECT Powertrain FROM pilot_record JOIN aircraft ON pilot_record.Aircraft_ID = aircraft.Aircraft_ID WHERE  Record_ID = 30
"{'meaningful_joins': 'yes', 'table_exp_type': 'single_table_with_name_changing', 'where_type': 'not_in_with_subquery', 'number_of_value_exp_in_group_by': 0, 'having_type': 'none', 'orderby_type': 'ASC', 'limit_type': 'none', 'value_exp_types': ['single_exp_number', 'single_exp_number'], 'distinct_type': 'none', 'min_max_depth_in_subquery': [1, 1]}","SELECT n.Order_Year, n.Order_Year FROM aircraft AS n WHERE Manufacturer NOT IN (SELECT Manufacturer FROM aircraft WHERE Aircraft_ID BETWEEN 1 AND 10) ORDER BY n.Order_Year ASC"
"{'meaningful_joins': 'yes', 'table_exp_type': 'JOIN_JOIN', 'where_type': {'basic_comparison': '!='}, 'number_of_value_exp_in_group_by': 0, 'having_type': 'none', 'orderby_type': 'DESC', 'limit_type': 'none', 'value_exp_types': ['agg_exp', 'single_exp_text', 'single_exp_text'], 'distinct_type': 'none', 'min_max_depth_in_subquery': [1, 1]}","SELECT MIN(pilot_record.Pilot_ID), Powertrain, Fuel_Propulsion FROM pilot_record JOIN aircraft JOIN pilot ON pilot_record.Aircraft_ID = aircraft.Aircraft_ID AND pilot.Pilot_ID = pilot_record.Pilot_ID WHERE  aircraft.Aircraft_ID != 20 ORDER BY Powertrain DESC"
"{'meaningful_joins': 'yes', 'table_exp_type': 'single_table', 'where_type': {'logical_operator': ['OR', 'between', 'basic_comparison']}, 'number_of_value_exp_in_group_by': 0, 'having_type': 'none', 'orderby_type': 'ASC', 'limit_type': 'without_offset', 'value_exp_types': ['agg_exp', 'single_exp_number'], 'distinct_type': 'none', 'min_max_depth_in_subquery': [1, 1]}","SELECT AVG(Record_ID), Pilot_ID FROM pilot_record WHERE Pilot_ID BETWEEN 1 AND 10 OR  Aircraft_ID < 40 ORDER BY Pilot_ID ASC LIMIT 8"
