Specification,query
"{'meaningful_joins': 'yes', 'table_exp_type': 'single_table', 'where_type': {'basic_comparison': '='}, 'number_of_value_exp_in_group_by': 0, 'having_type': 'none', 'orderby_type': 'ASC', 'limit_type': 'none', 'value_exp_types': ['agg_exp', 'single_exp_number'], 'distinct_type': 'none', 'min_max_depth_in_subquery': [1, 1]}","SELECT MAX(EmployeeID), Salary FROM Employee WHERE  Salary = 20 ORDER BY Salary ASC"
"{'meaningful_joins': 'yes', 'table_exp_type': 'single_table_with_name_changing', 'where_type': {'basic_comparison': '>'}, 'number_of_value_exp_in_group_by': 0, 'having_type': 'none', 'orderby_type': 'none', 'limit_type': 'none', 'value_exp_types': ['single_exp_text'], 'distinct_type': 'none', 'min_max_depth_in_subquery': [1, 1]}",SELECT r.Name FROM Planet AS r WHERE  r.Coordinates > 90
"{'meaningful_joins': 'yes', 'table_exp_type': 'JOIN_JOIN_JOIN', 'where_type': 'not_in_with_subquery', 'number_of_value_exp_in_group_by': 1, 'having_type': 'none', 'orderby_type': 'none', 'limit_type': 'none', 'value_exp_types': ['single_exp_number'], 'distinct_type': 'none', 'min_max_depth_in_subquery': [1, 1]}","SELECT AccountNumber, Sender FROM Package JOIN Client JOIN Shipment JOIN Employee ON Shipment.ShipmentID = Package.Shipment AND Package.Recipient = Client.AccountNumber AND Employee.EmployeeID = Shipment.Manager AND Client.AccountNumber = Package.Sender WHERE Planet NOT IN (SELECT Planet FROM Shipment WHERE  Manager < 0) GROUP BY Sender"
"{'meaningful_joins': 'yes', 'table_exp_type': 'JOIN_JOIN_JOIN', 'where_type': 'between', 'number_of_value_exp_in_group_by': 1, 'having_type': {'single': 'MIN'}, 'orderby_type': 'none', 'limit_type': 'none', 'value_exp_types': ['single_exp_text', 'single_exp_text', 'single_exp_text'], 'distinct_type': 'none', 'min_max_depth_in_subquery': [1, 1]}","SELECT Remarks, Planet.Name, Employee.Name, Recipient FROM Package JOIN Shipment JOIN Employee JOIN Planet ON Shipment.Planet = Planet.PlanetID AND Shipment.ShipmentID = Package.Shipment AND Employee.EmployeeID = Shipment.Manager WHERE Weight BETWEEN 1 AND 10 GROUP BY Recipient HAVING MIN(EmployeeID) <= 91"
"{'meaningful_joins': 'yes', 'table_exp_type': 'JOIN', 'where_type': {'basic_comparison': '>'}, 'number_of_value_exp_in_group_by': 0, 'having_type': 'none', 'orderby_type': 'ASC', 'limit_type': 'none', 'value_exp_types': ['single_exp_text'], 'distinct_type': 'none', 'min_max_depth_in_subquery': [1, 1]}",SELECT Contents FROM Client JOIN Package ON Package.Recipient = Client.AccountNumber AND Client.AccountNumber = Package.Sender WHERE  Shipment > 9 ORDER BY Contents ASC
"{'meaningful_joins': 'yes', 'table_exp_type': 'JOIN_JOIN', 'where_type': {'basic_comparison': '>='}, 'number_of_value_exp_in_group_by': 0, 'having_type': 'none', 'orderby_type': 'none', 'limit_type': 'none', 'value_exp_types': ['single_exp_number', 'single_exp_number', 'single_exp_number'], 'distinct_type': 'none', 'min_max_depth_in_subquery': [1, 1]}","SELECT Recipient, Weight, Recipient FROM Package JOIN Shipment JOIN Planet ON Shipment.Planet = Planet.PlanetID AND Shipment.ShipmentID = Package.Shipment WHERE  PlanetID >= 98"
"{'meaningful_joins': 'yes', 'table_exp_type': 'single_table', 'where_type': {'logical_operator': ['AND', 'basic_comparison', 'in_with_subquery']}, 'number_of_value_exp_in_group_by': 1, 'having_type': 'none', 'orderby_type': 'none', 'limit_type': 'without_offset', 'value_exp_types': ['agg_exp'], 'distinct_type': 'none', 'min_max_depth_in_subquery': [1, 1]}","SELECT MAX(EmployeeID), Salary FROM Employee WHERE  EmployeeID <= 98 AND Remarks IN (SELECT Remarks FROM Employee WHERE  EmployeeID >= 67) GROUP BY Salary LIMIT 7"
"{'meaningful_joins': 'yes', 'table_exp_type': 'JOIN_JOIN', 'where_type': {'basic_comparison': '<'}, 'number_of_value_exp_in_group_by': 0, 'having_type': 'none', 'orderby_type': 'ASC', 'limit_type': 'none', 'value_exp_types': ['agg_exp', 'single_exp_text'], 'distinct_type': 'none', 'min_max_depth_in_subquery': [1, 1]}","SELECT MIN(Coordinates), Contents FROM Package JOIN Shipment JOIN Planet ON Shipment.Planet = Planet.PlanetID AND Shipment.ShipmentID = Package.Shipment WHERE  Planet < 51 ORDER BY Contents ASC"
"{'meaningful_joins': 'yes', 'table_exp_type': 'single_table_with_name_changing', 'where_type': {'basic_comparison': '!='}, 'number_of_value_exp_in_group_by': 1, 'having_type': {'single': 'COUNT'}, 'orderby_type': 'DESC', 'limit_type': 'none', 'value_exp_types': ['agg_exp'], 'distinct_type': 'none', 'min_max_depth_in_subquery': [1, 1]}","SELECT MAX(i.ShipmentID), i.Planet FROM Shipment AS i WHERE  i.Planet != 22 GROUP BY i.Planet HAVING COUNT(i.Manager) = 15 ORDER BY i.Planet DESC"
"{'meaningful_joins': 'yes', 'table_exp_type': 'JOIN_JOIN', 'where_type': {'logical_operator': ['OR', 'between', 'basic_comparison']}, 'number_of_value_exp_in_group_by': 0, 'having_type': 'none', 'orderby_type': 'none', 'limit_type': 'without_offset', 'value_exp_types': ['single_exp_text'], 'distinct_type': 'none', 'min_max_depth_in_subquery': [1, 1]}",SELECT Contents FROM Package JOIN Shipment JOIN Planet ON Shipment.Planet = Planet.PlanetID AND Shipment.ShipmentID = Package.Shipment WHERE Coordinates BETWEEN 1 AND 10 OR  Coordinates >= 19 LIMIT 5
"{'meaningful_joins': 'yes', 'table_exp_type': 'single_table_with_name_changing', 'where_type': {'basic_comparison': '>'}, 'number_of_value_exp_in_group_by': 1, 'having_type': {'single': 'SUM'}, 'orderby_type': 'none', 'limit_type': 'without_offset', 'value_exp_types': ['count_distinct_exp', 'single_exp_number'], 'distinct_type': 'none', 'min_max_depth_in_subquery': [1, 1]}","SELECT COUNT(DISTINCT y.Employee), y.Planet, y.Level FROM Has_Clearance AS y WHERE  y.Planet > 78 GROUP BY y.Level HAVING SUM(y.Planet) = 89 LIMIT 6"
"{'meaningful_joins': 'yes', 'table_exp_type': 'single_table_with_name_changing', 'where_type': {'basic_comparison': '='}, 'number_of_value_exp_in_group_by': 0, 'having_type': 'none', 'orderby_type': 'none', 'limit_type': 'without_offset', 'value_exp_types': ['agg_exp'], 'distinct_type': 'none', 'min_max_depth_in_subquery': [1, 1]}",SELECT SUM(r.EmployeeID) FROM Employee AS r WHERE  r.EmployeeID = 80 LIMIT 8
"{'meaningful_joins': 'yes', 'table_exp_type': 'single_table', 'where_type': 'exists_subquery', 'number_of_value_exp_in_group_by': 0, 'having_type': 'none', 'orderby_type': 'none', 'limit_type': 'none', 'value_exp_types': ['single_exp_number', 'single_exp_number'], 'distinct_type': 'none', 'min_max_depth_in_subquery': [1, 1]}","SELECT AccountNumber, AccountNumber FROM Client WHERE EXISTS (SELECT * FROM Package WHERE Client.AccountNumber = Sender)"
"{'meaningful_joins': 'yes', 'table_exp_type': 'single_table_with_name_changing', 'where_type': 'not_in_with_subquery', 'number_of_value_exp_in_group_by': 1, 'having_type': {'single': 'MAX'}, 'orderby_type': 'none', 'limit_type': 'none', 'value_exp_types': ['count_distinct_exp', 'single_exp_number'], 'distinct_type': 'none', 'min_max_depth_in_subquery': [1, 1]}","SELECT COUNT(DISTINCT x.Planet), x.Level FROM Has_Clearance AS x WHERE Planet NOT IN (SELECT Planet FROM Has_Clearance AS r WHERE  r.Level = 7) GROUP BY x.Level HAVING MAX(x.Planet) < 69"
"{'meaningful_joins': 'yes', 'table_exp_type': 'single_table', 'where_type': {'basic_comparison': '>='}, 'number_of_value_exp_in_group_by': 0, 'having_type': 'none', 'orderby_type': 'none', 'limit_type': 'without_offset', 'value_exp_types': ['agg_exp', 'agg_exp'], 'distinct_type': 'none', 'min_max_depth_in_subquery': [1, 1]}","SELECT MAX(Manager), AVG(ShipmentID) FROM Shipment WHERE  ShipmentID >= 39 LIMIT 2"
"{'meaningful_joins': 'yes', 'table_exp_type': 'JOIN_JOIN', 'where_type': 'not_in_with_subquery', 'number_of_value_exp_in_group_by': 1, 'having_type': {'single': 'AVG'}, 'orderby_type': 'none', 'limit_type': 'without_offset', 'value_exp_types': ['count_distinct_exp'], 'distinct_type': 'none', 'min_max_depth_in_subquery': [1, 1]}","SELECT COUNT(DISTINCT Manager), Coordinates FROM Shipment JOIN Has_Clearance JOIN Planet ON Shipment.Planet = Planet.PlanetID AND Planet.PlanetID = Has_Clearance.Planet WHERE Planet NOT IN (SELECT Planet FROM Has_Clearance AS e WHERE  e.Level >= 85) GROUP BY Coordinates HAVING AVG(Manager) < 21 LIMIT 6"
"{'meaningful_joins': 'yes', 'table_exp_type': 'single_table', 'where_type': {'logical_operator': ['AND', 'between', 'in_with_subquery']}, 'number_of_value_exp_in_group_by': 0, 'having_type': 'none', 'orderby_type': 'none', 'limit_type': 'none', 'value_exp_types': ['count_distinct_exp', 'count_distinct_exp', 'single_exp_number'], 'distinct_type': 'none', 'min_max_depth_in_subquery': [1, 1]}","SELECT COUNT(DISTINCT Weight), COUNT(DISTINCT Recipient), Sender FROM Package WHERE Shipment BETWEEN 1 AND 10 AND Recipient IN (SELECT Recipient FROM Package WHERE  Weight != 87)"
"{'meaningful_joins': 'yes', 'table_exp_type': 'JOIN_JOIN', 'where_type': 'between', 'number_of_value_exp_in_group_by': 0, 'having_type': 'none', 'orderby_type': 'none', 'limit_type': 'none', 'value_exp_types': ['single_exp_number', 'single_exp_text'], 'distinct_type': 'none', 'min_max_depth_in_subquery': [1, 1]}","SELECT Coordinates, Name FROM Shipment JOIN Has_Clearance JOIN Planet ON Shipment.Planet = Planet.PlanetID AND Planet.PlanetID = Has_Clearance.Planet WHERE PlanetID BETWEEN 1 AND 10"
"{'meaningful_joins': 'yes', 'table_exp_type': 'JOIN', 'where_type': {'logical_operator': ['OR', 'basic_comparison', 'in_with_subquery']}, 'number_of_value_exp_in_group_by': 1, 'having_type': 'none', 'orderby_type': 'DESC', 'limit_type': 'none', 'value_exp_types': ['single_exp_text'], 'distinct_type': 'none', 'min_max_depth_in_subquery': [1, 1]}",SELECT Name FROM Has_Clearance JOIN Planet ON Planet.PlanetID = Has_Clearance.Planet WHERE  Level = 94 OR Name IN (SELECT Name FROM Employee AS j LIMIT 5) GROUP BY Name ORDER BY Name DESC
"{'meaningful_joins': 'yes', 'table_exp_type': 'single_table_with_name_changing', 'where_type': {'basic_comparison': '>='}, 'number_of_value_exp_in_group_by': 0, 'having_type': 'none', 'orderby_type': 'none', 'limit_type': 'none', 'value_exp_types': ['agg_exp'], 'distinct_type': 'none', 'min_max_depth_in_subquery': [1, 1]}",SELECT AVG(b.AccountNumber) FROM Client AS b WHERE  b.AccountNumber >= 64
"{'meaningful_joins': 'yes', 'table_exp_type': 'SELF JOIN', 'where_type': 'none', 'number_of_value_exp_in_group_by': 0, 'having_type': 'none', 'orderby_type': 'none', 'limit_type': 'none', 'value_exp_types': ['agg_exp', 'single_exp_text'], 'distinct_type': 'none', 'min_max_depth_in_subquery': [1, 1]}","SELECT MAX(Client.AccountNumber), x.Name FROM Client AS x JOIN Client ON Client.AccountNumber = x.AccountNumber"
"{'meaningful_joins': 'yes', 'table_exp_type': 'single_table', 'where_type': {'basic_comparison': '='}, 'number_of_value_exp_in_group_by': 1, 'having_type': {'single': 'MAX'}, 'orderby_type': 'none', 'limit_type': 'none', 'value_exp_types': ['agg_exp', 'count_distinct_exp', 'count_distinct_exp'], 'distinct_type': 'none', 'min_max_depth_in_subquery': [1, 1]}","SELECT AVG(Salary), COUNT(DISTINCT Salary), COUNT(DISTINCT EmployeeID), Name FROM Employee WHERE  Salary = 27 GROUP BY Name HAVING MAX(Salary) > 76"
"{'meaningful_joins': 'yes', 'table_exp_type': 'JOIN', 'where_type': {'basic_comparison': '='}, 'number_of_value_exp_in_group_by': 0, 'having_type': 'none', 'orderby_type': 'none', 'limit_type': 'without_offset', 'value_exp_types': ['single_exp_number', 'single_exp_number'], 'distinct_type': 'none', 'min_max_depth_in_subquery': [1, 1]}","SELECT ShipmentID, Manager FROM Shipment JOIN Planet ON Shipment.Planet = Planet.PlanetID WHERE  PlanetID = 23 LIMIT 3"
"{'meaningful_joins': 'yes', 'table_exp_type': 'SELF JOIN', 'where_type': 'none', 'number_of_value_exp_in_group_by': 0, 'having_type': 'none', 'orderby_type': 'ASC', 'limit_type': 'without_offset', 'value_exp_types': ['single_exp_number', 'single_exp_number'], 'distinct_type': 'none', 'min_max_depth_in_subquery': [1, 1]}","SELECT h.Manager, Shipment.Planet FROM Shipment AS h JOIN Shipment ON Shipment.ShipmentID = h.ShipmentID ORDER BY h.Manager ASC LIMIT 4"
"{'meaningful_joins': 'yes', 'table_exp_type': 'JOIN_JOIN_JOIN', 'where_type': 'between', 'number_of_value_exp_in_group_by': 0, 'having_type': 'none', 'orderby_type': 'DESC', 'limit_type': 'none', 'value_exp_types': ['single_exp_number'], 'distinct_type': 'none', 'min_max_depth_in_subquery': [1, 1]}",SELECT EmployeeID FROM Employee JOIN Shipment JOIN Has_Clearance JOIN Planet ON Shipment.Planet = Planet.PlanetID AND Planet.PlanetID = Has_Clearance.Planet AND Employee.EmployeeID = Shipment.Manager AND Has_Clearance.Employee = Employee.EmployeeID WHERE Salary BETWEEN 1 AND 10 ORDER BY EmployeeID DESC
"{'meaningful_joins': 'yes', 'table_exp_type': 'JOIN_JOIN_JOIN', 'where_type': {'logical_operator': ['AND', 'between', 'basic_comparison']}, 'number_of_value_exp_in_group_by': 1, 'having_type': 'none', 'orderby_type': 'ASC', 'limit_type': 'without_offset', 'value_exp_types': ['single_exp_number', 'single_exp_text'], 'distinct_type': 'none', 'min_max_depth_in_subquery': [1, 1]}","SELECT Weight, Planet.Name, PackageNumber FROM Package JOIN Shipment JOIN Employee JOIN Planet ON Shipment.Planet = Planet.PlanetID AND Shipment.ShipmentID = Package.Shipment AND Employee.EmployeeID = Shipment.Manager WHERE Planet BETWEEN 1 AND 10 AND  PackageNumber >= 58 GROUP BY PackageNumber ORDER BY Weight ASC LIMIT 6"
