Specification,query
"{'meaningful_joins': 'yes', 'table_exp_type': 'single_table', 'where_type': {'basic_comparison': '<'}, 'number_of_value_exp_in_group_by': 0, 'having_type': 'none', 'orderby_type': 'none', 'limit_type': 'none', 'value_exp_types': ['count_distinct_exp', 'single_exp_text'], 'distinct_type': 'none', 'min_max_depth_in_subquery': [1, 1]}","SELECT COUNT(DISTINCT characteristic_name), other_characteristic_details FROM Characteristics WHERE  characteristic_id < 39"
"{'meaningful_joins': 'yes', 'table_exp_type': 'JOIN_JOIN', 'where_type': {'basic_comparison': '<'}, 'number_of_value_exp_in_group_by': 0, 'having_type': 'none', 'orderby_type': 'none', 'limit_type': 'without_offset', 'value_exp_types': ['count_distinct_exp', 'single_exp_number'], 'distinct_type': 'none', 'min_max_depth_in_subquery': [1, 1]}","SELECT COUNT(DISTINCT Product_Characteristics.product_id), Product_Characteristics.product_id FROM Product_Characteristics JOIN Products JOIN Ref_Colors ON Products.color_code = Ref_Colors.color_code AND Products.product_id = Product_Characteristics.product_id WHERE  Product_Characteristics.product_id < 19 LIMIT 10"
"{'meaningful_joins': 'yes', 'table_exp_type': 'SELF JOIN', 'where_type': {'basic_comparison': '>='}, 'number_of_value_exp_in_group_by': 0, 'having_type': 'none', 'orderby_type': 'ASC', 'limit_type': 'without_offset', 'value_exp_types': ['single_exp_text', 'single_exp_text'], 'distinct_type': 'none', 'min_max_depth_in_subquery': [1, 1]}","SELECT Characteristics.characteristic_type_code, Characteristics.other_characteristic_details FROM Characteristics JOIN Characteristics AS t ON Characteristics.characteristic_id = t.characteristic_id WHERE  t.characteristic_id >= 61 ORDER BY Characteristics.characteristic_type_code ASC LIMIT 1"
"{'meaningful_joins': 'yes', 'table_exp_type': 'single_table', 'where_type': {'logical_operator': ['OR', 'between', 'basic_comparison']}, 'number_of_value_exp_in_group_by': 0, 'having_type': 'none', 'orderby_type': 'ASC', 'limit_type': 'without_offset', 'value_exp_types': ['count_distinct_exp', 'single_exp_number', 'single_exp_text'], 'distinct_type': 'none', 'min_max_depth_in_subquery': [1, 1]}","SELECT COUNT(DISTINCT characteristic_name), characteristic_id, characteristic_type_code FROM Characteristics WHERE characteristic_id BETWEEN 1 AND 10 OR  characteristic_id = 71 ORDER BY characteristic_id ASC LIMIT 9"
"{'meaningful_joins': 'yes', 'table_exp_type': 'SELF JOIN', 'where_type': 'comparison_with_subquery', 'number_of_value_exp_in_group_by': 0, 'having_type': 'none', 'orderby_type': 'none', 'limit_type': 'none', 'value_exp_types': ['count_distinct_exp'], 'distinct_type': 'none', 'min_max_depth_in_subquery': [1, 1]}",SELECT COUNT(DISTINCT h.unit_of_measure) FROM Ref_Product_Categories AS h JOIN Ref_Product_Categories ON Ref_Product_Categories.product_category_code = h.product_category_code WHERE product_category_description < (SELECT MAX(product_category_description) FROM Ref_Product_Categories AS s)
"{'meaningful_joins': 'yes', 'table_exp_type': 'single_table', 'where_type': {'logical_operator': ['AND', 'basic_comparison', 'not_in_with_subquery']}, 'number_of_value_exp_in_group_by': 1, 'having_type': {'single': 'SUM'}, 'orderby_type': 'none', 'limit_type': 'none', 'value_exp_types': ['single_exp_number', 'single_exp_number', 'single_exp_number'], 'distinct_type': 'none', 'min_max_depth_in_subquery': [1, 1]}","SELECT characteristic_id, characteristic_id, characteristic_id, characteristic_data_type FROM Characteristics WHERE  characteristic_id < 41 AND characteristic_data_type NOT IN (SELECT characteristic_data_type FROM Characteristics AS u WHERE  u.characteristic_id < 38 LIMIT 7) GROUP BY characteristic_data_type HAVING SUM(characteristic_id) >= 52"
"{'meaningful_joins': 'yes', 'table_exp_type': 'JOIN', 'where_type': {'basic_comparison': '<'}, 'number_of_value_exp_in_group_by': 0, 'having_type': 'none', 'orderby_type': 'DESC', 'limit_type': 'without_offset', 'value_exp_types': ['single_exp_number', 'single_exp_number'], 'distinct_type': 'none', 'min_max_depth_in_subquery': [1, 1]}","SELECT product_id, product_id FROM Products JOIN Ref_Colors ON Products.color_code = Ref_Colors.color_code WHERE  product_id < 10 ORDER BY product_id DESC LIMIT 2"
"{'meaningful_joins': 'yes', 'table_exp_type': 'JOIN', 'where_type': {'basic_comparison': '>='}, 'number_of_value_exp_in_group_by': 1, 'having_type': 'none', 'orderby_type': 'DESC', 'limit_type': 'none', 'value_exp_types': ['agg_exp', 'count_distinct_exp'], 'distinct_type': 'none', 'min_max_depth_in_subquery': [1, 1]}","SELECT AVG(product_id), COUNT(DISTINCT Products.product_category_code), color_code FROM Products JOIN Ref_Product_Categories ON Ref_Product_Categories.product_category_code = Products.product_category_code WHERE  product_id >= 34 GROUP BY color_code ORDER BY color_code DESC"
"{'meaningful_joins': 'yes', 'table_exp_type': 'JOIN', 'where_type': {'basic_comparison': '>='}, 'number_of_value_exp_in_group_by': 0, 'having_type': 'none', 'orderby_type': 'DESC', 'limit_type': 'none', 'value_exp_types': ['count_distinct_exp', 'single_exp_text'], 'distinct_type': 'none', 'min_max_depth_in_subquery': [1, 1]}","SELECT COUNT(DISTINCT typical_buying_price), product_name FROM Products JOIN Ref_Product_Categories ON Ref_Product_Categories.product_category_code = Products.product_category_code WHERE  product_id >= 82 ORDER BY product_name DESC"
"{'meaningful_joins': 'yes', 'table_exp_type': 'SELF JOIN', 'where_type': {'logical_operator': ['AND', 'between', 'in_with_subquery']}, 'number_of_value_exp_in_group_by': 1, 'having_type': {'single': 'COUNT'}, 'orderby_type': 'DESC', 'limit_type': 'none', 'value_exp_types': ['count_distinct_exp'], 'distinct_type': 'none', 'min_max_depth_in_subquery': [1, 1]}","SELECT COUNT(DISTINCT Characteristics.characteristic_name), l.characteristic_type_code FROM Characteristics JOIN Characteristics AS l ON Characteristics.characteristic_id = l.characteristic_id WHERE Characteristics.characteristic_id BETWEEN 1 AND 10 AND characteristic_data_type IN (SELECT characteristic_data_type FROM Characteristics AS z) GROUP BY l.characteristic_type_code HAVING COUNT(l.characteristic_id) = 87 ORDER BY l.characteristic_type_code DESC"
"{'meaningful_joins': 'yes', 'table_exp_type': 'JOIN', 'where_type': {'basic_comparison': '!='}, 'number_of_value_exp_in_group_by': 1, 'having_type': 'none', 'orderby_type': 'ASC', 'limit_type': 'none', 'value_exp_types': ['single_exp_text', 'single_exp_text'], 'distinct_type': 'none', 'min_max_depth_in_subquery': [1, 1]}","SELECT typical_selling_price, Ref_Product_Categories.product_category_code, product_name FROM Products JOIN Ref_Product_Categories ON Ref_Product_Categories.product_category_code = Products.product_category_code WHERE  product_id != 99 GROUP BY product_name ORDER BY product_name ASC"
"{'meaningful_joins': 'yes', 'table_exp_type': 'JOIN', 'where_type': {'logical_operator': ['OR', 'basic_comparison', 'not_in_with_subquery']}, 'number_of_value_exp_in_group_by': 1, 'having_type': 'none', 'orderby_type': 'DESC', 'limit_type': 'none', 'value_exp_types': ['single_exp_number'], 'distinct_type': 'none', 'min_max_depth_in_subquery': [1, 1]}","SELECT product_id, typical_selling_price FROM Products JOIN Ref_Product_Categories ON Ref_Product_Categories.product_category_code = Products.product_category_code WHERE  product_id = 19 OR other_product_details NOT IN (SELECT other_product_details FROM Products WHERE product_id BETWEEN 1 AND 10 OR  product_id <= 11 LIMIT 4) GROUP BY typical_selling_price ORDER BY typical_selling_price DESC"
"{'meaningful_joins': 'yes', 'table_exp_type': 'JOIN', 'where_type': {'logical_operator': ['AND', 'between', 'in_with_subquery']}, 'number_of_value_exp_in_group_by': 0, 'having_type': 'none', 'orderby_type': 'none', 'limit_type': 'none', 'value_exp_types': ['agg_exp', 'single_exp_number'], 'distinct_type': 'none', 'min_max_depth_in_subquery': [1, 1]}","SELECT MAX(product_id), product_id FROM Products JOIN Ref_Colors ON Products.color_code = Ref_Colors.color_code WHERE product_id BETWEEN 1 AND 10 AND product_description IN (SELECT product_description FROM Products AS z WHERE  z.product_id != 59)"
"{'meaningful_joins': 'yes', 'table_exp_type': 'single_table', 'where_type': {'basic_comparison': '>='}, 'number_of_value_exp_in_group_by': 1, 'having_type': 'none', 'orderby_type': 'ASC', 'limit_type': 'none', 'value_exp_types': ['single_exp_number'], 'distinct_type': 'none', 'min_max_depth_in_subquery': [1, 1]}","SELECT characteristic_id, other_characteristic_details FROM Characteristics WHERE  characteristic_id >= 90 GROUP BY other_characteristic_details ORDER BY other_characteristic_details ASC"
"{'meaningful_joins': 'yes', 'table_exp_type': 'SELF JOIN', 'where_type': {'basic_comparison': '<'}, 'number_of_value_exp_in_group_by': 0, 'having_type': 'none', 'orderby_type': 'none', 'limit_type': 'none', 'value_exp_types': ['agg_exp', 'agg_exp'], 'distinct_type': 'none', 'min_max_depth_in_subquery': [1, 1]}","SELECT COUNT(Characteristics.characteristic_id), AVG(Characteristics.characteristic_id) FROM Characteristics JOIN Characteristics AS d ON Characteristics.characteristic_id = d.characteristic_id WHERE  d.characteristic_id < 13"
"{'meaningful_joins': 'yes', 'table_exp_type': 'JOIN_JOIN_JOIN', 'where_type': 'comparison_with_subquery', 'number_of_value_exp_in_group_by': 0, 'having_type': 'none', 'orderby_type': 'none', 'limit_type': 'none', 'value_exp_types': ['single_exp_text', 'single_exp_text'], 'distinct_type': 'none', 'min_max_depth_in_subquery': [1, 1]}","SELECT unit_of_measure, typical_buying_price FROM Product_Characteristics JOIN Ref_Product_Categories JOIN Products JOIN Ref_Colors ON Products.color_code = Ref_Colors.color_code AND Products.product_id = Product_Characteristics.product_id AND Ref_Product_Categories.product_category_code = Products.product_category_code WHERE characteristic_id < (SELECT SUM(characteristic_id) FROM Characteristics)"
"{'meaningful_joins': 'yes', 'table_exp_type': 'single_table_with_name_changing', 'where_type': {'basic_comparison': '>'}, 'number_of_value_exp_in_group_by': 1, 'having_type': 'none', 'orderby_type': 'none', 'limit_type': 'none', 'value_exp_types': ['agg_exp', 'single_exp_number'], 'distinct_type': 'none', 'min_max_depth_in_subquery': [1, 1]}","SELECT AVG(g.product_id), g.product_id, g.color_code FROM Products AS g WHERE  g.product_id > 76 GROUP BY g.color_code"
