Specification,query
"{'meaningful_joins': 'yes', 'table_exp_type': 'JOIN', 'where_type': {'basic_comparison': '!='}, 'number_of_value_exp_in_group_by': 0, 'having_type': 'none', 'orderby_type': 'none', 'limit_type': 'without_offset', 'value_exp_types': ['agg_exp', 'count_distinct_exp', 'single_exp_number'], 'distinct_type': 'none', 'min_max_depth_in_subquery': [1, 1]}","SELECT MAX(Products_for_Hire.product_id), COUNT(DISTINCT View_Product_Availability.product_id), Products_for_Hire.product_id FROM View_Product_Availability JOIN Products_for_Hire ON Products_for_Hire.product_id = View_Product_Availability.product_id WHERE  Products_for_Hire.product_id != 96 LIMIT 8"
"{'meaningful_joins': 'yes', 'table_exp_type': 'JOIN_JOIN', 'where_type': {'basic_comparison': '<'}, 'number_of_value_exp_in_group_by': 0, 'having_type': 'none', 'orderby_type': 'none', 'limit_type': 'none', 'value_exp_types': ['single_exp_text'], 'distinct_type': 'none', 'min_max_depth_in_subquery': [1, 1]}",SELECT product_type_code FROM Products_Booked JOIN View_Product_Availability JOIN Products_for_Hire ON Products_Booked.product_id = Products_for_Hire.product_id AND Products_for_Hire.product_id = View_Product_Availability.product_id WHERE  booked_amount < 40
"{'meaningful_joins': 'yes', 'table_exp_type': 'JOIN_JOIN_JOIN', 'where_type': {'basic_comparison': '='}, 'number_of_value_exp_in_group_by': 0, 'having_type': 'none', 'orderby_type': 'none', 'limit_type': 'none', 'value_exp_types': ['single_exp_text', 'single_exp_text'], 'distinct_type': 'none', 'min_max_depth_in_subquery': [1, 1]}","SELECT available_yn, available_yn FROM Products_Booked JOIN Bookings JOIN View_Product_Availability JOIN Products_for_Hire ON Bookings.booking_id = View_Product_Availability.booking_id AND Products_Booked.product_id = Products_for_Hire.product_id AND Products_for_Hire.product_id = View_Product_Availability.product_id WHERE  amount_of_discount = 97"
"{'meaningful_joins': 'yes', 'table_exp_type': 'single_table_with_name_changing', 'where_type': 'not_in_with_subquery', 'number_of_value_exp_in_group_by': 1, 'having_type': 'none', 'orderby_type': 'DESC', 'limit_type': 'none', 'value_exp_types': ['count_distinct_exp', 'single_exp_text'], 'distinct_type': 'none', 'min_max_depth_in_subquery': [1, 1]}","SELECT COUNT(DISTINCT p.product_name), p.product_name, p.product_description FROM Products_for_Hire AS p WHERE product_id NOT IN (SELECT product_id FROM Products_Booked AS s WHERE s.booked_count BETWEEN 1 AND 10 OR  s.booking_id != 85) GROUP BY p.product_description ORDER BY p.product_description DESC"
"{'meaningful_joins': 'yes', 'table_exp_type': 'JOIN', 'where_type': {'basic_comparison': '='}, 'number_of_value_exp_in_group_by': 1, 'having_type': {'single': 'MAX'}, 'orderby_type': 'none', 'limit_type': 'none', 'value_exp_types': ['agg_exp', 'count_distinct_exp'], 'distinct_type': 'none', 'min_max_depth_in_subquery': [1, 1]}","SELECT SUM(amount_of_refund), COUNT(DISTINCT amount_payable), available_yn FROM Bookings JOIN View_Product_Availability ON Bookings.booking_id = View_Product_Availability.booking_id WHERE  Bookings.booking_id = 81 GROUP BY available_yn HAVING MAX(amount_payable) > 78"
"{'meaningful_joins': 'yes', 'table_exp_type': 'single_table_with_name_changing', 'where_type': {'logical_operator': ['AND', 'between', 'comparison_with_subquery']}, 'number_of_value_exp_in_group_by': 0, 'having_type': 'none', 'orderby_type': 'none', 'limit_type': 'without_offset', 'value_exp_types': ['agg_exp', 'count_distinct_exp', 'single_exp_text'], 'distinct_type': 'none', 'min_max_depth_in_subquery': [1, 1]}","SELECT AVG(d.product_id), COUNT(DISTINCT d.product_type_code), d.product_description FROM Products_for_Hire AS d WHERE d.daily_hire_cost BETWEEN 1 AND 10 AND product_id != (SELECT AVG(product_id) FROM Products_for_Hire LIMIT 4) LIMIT 7"
"{'meaningful_joins': 'yes', 'table_exp_type': 'JOIN', 'where_type': {'basic_comparison': '<'}, 'number_of_value_exp_in_group_by': 1, 'having_type': 'none', 'orderby_type': 'DESC', 'limit_type': 'none', 'value_exp_types': ['single_exp_text', 'single_exp_text'], 'distinct_type': 'none', 'min_max_depth_in_subquery': [1, 1]}","SELECT count_hired, last_name, coupon_id FROM Bookings JOIN Customers ON Bookings.customer_id = Customers.customer_id WHERE  Customers.customer_id < 60 GROUP BY coupon_id ORDER BY coupon_id DESC"
"{'meaningful_joins': 'yes', 'table_exp_type': 'JOIN_JOIN', 'where_type': {'basic_comparison': '<='}, 'number_of_value_exp_in_group_by': 0, 'having_type': 'none', 'orderby_type': 'none', 'limit_type': 'without_offset', 'value_exp_types': ['agg_exp'], 'distinct_type': 'none', 'min_max_depth_in_subquery': [1, 1]}",SELECT MAX(Bookings.customer_id) FROM Bookings JOIN Discount_Coupons JOIN Customers ON Bookings.customer_id = Customers.customer_id AND Customers.coupon_id = Discount_Coupons.coupon_id WHERE  Customers.coupon_id <= 86 LIMIT 9
"{'meaningful_joins': 'yes', 'table_exp_type': 'single_table', 'where_type': 'exists_subquery', 'number_of_value_exp_in_group_by': 0, 'having_type': 'none', 'orderby_type': 'none', 'limit_type': 'none', 'value_exp_types': ['count_distinct_exp'], 'distinct_type': 'none', 'min_max_depth_in_subquery': [1, 1]}",SELECT COUNT(DISTINCT coupon_id) FROM Discount_Coupons WHERE EXISTS (SELECT * FROM Customers WHERE Discount_Coupons.coupon_id = coupon_id LIMIT 6)
"{'meaningful_joins': 'yes', 'table_exp_type': 'single_table_with_name_changing', 'where_type': {'logical_operator': ['OR', 'between', 'basic_comparison']}, 'number_of_value_exp_in_group_by': 0, 'having_type': 'none', 'orderby_type': 'none', 'limit_type': 'none', 'value_exp_types': ['count_distinct_exp', 'count_distinct_exp'], 'distinct_type': 'none', 'min_max_depth_in_subquery': [1, 1]}","SELECT COUNT(DISTINCT n.amount_outstanding), COUNT(DISTINCT n.booking_start_date) FROM Bookings AS n WHERE n.customer_id BETWEEN 1 AND 10 OR  n.amount_outstanding < 43"
"{'meaningful_joins': 'yes', 'table_exp_type': 'single_table_with_name_changing', 'where_type': {'basic_comparison': '!='}, 'number_of_value_exp_in_group_by': 1, 'having_type': 'none', 'orderby_type': 'DESC', 'limit_type': 'none', 'value_exp_types': ['single_exp_number', 'single_exp_number'], 'distinct_type': 'none', 'min_max_depth_in_subquery': [1, 1]}","SELECT o.coupon_id, o.customer_id, o.good_or_bad_customer FROM Customers AS o WHERE  o.coupon_id != 19 GROUP BY o.good_or_bad_customer ORDER BY o.coupon_id DESC"
"{'meaningful_joins': 'yes', 'table_exp_type': 'single_table_with_name_changing', 'where_type': {'basic_comparison': '>'}, 'number_of_value_exp_in_group_by': 1, 'having_type': 'none', 'orderby_type': 'ASC', 'limit_type': 'none', 'value_exp_types': ['agg_exp', 'single_exp_number'], 'distinct_type': 'none', 'min_max_depth_in_subquery': [1, 1]}","SELECT MIN(e.booking_id), e.customer_id FROM Payments AS e WHERE  e.booking_id > 56 GROUP BY e.customer_id ORDER BY e.customer_id ASC"
"{'meaningful_joins': 'yes', 'table_exp_type': 'JOIN', 'where_type': {'logical_operator': ['OR', 'between', 'basic_comparison']}, 'number_of_value_exp_in_group_by': 1, 'having_type': {'single': 'MAX'}, 'orderby_type': 'none', 'limit_type': 'none', 'value_exp_types': ['count_distinct_exp'], 'distinct_type': 'none', 'min_max_depth_in_subquery': [1, 1]}","SELECT COUNT(DISTINCT amount_paid_in_full_yn), Payments.customer_id FROM Customers JOIN Payments ON Payments.customer_id = Customers.customer_id WHERE booking_id BETWEEN 1 AND 10 OR  payment_id > 87 GROUP BY Payments.customer_id HAVING MAX(Payments.customer_id) <= 13"
"{'meaningful_joins': 'yes', 'table_exp_type': 'JOIN', 'where_type': 'none', 'number_of_value_exp_in_group_by': 0, 'having_type': 'none', 'orderby_type': 'none', 'limit_type': 'none', 'value_exp_types': ['agg_exp', 'single_exp_number'], 'distinct_type': 'none', 'min_max_depth_in_subquery': [1, 1]}","SELECT COUNT(daily_hire_cost), Products_for_Hire.product_id FROM Products_Booked JOIN Products_for_Hire ON Products_Booked.product_id = Products_for_Hire.product_id"
"{'meaningful_joins': 'yes', 'table_exp_type': 'single_table_with_name_changing', 'where_type': 'none', 'number_of_value_exp_in_group_by': 1, 'having_type': 'none', 'orderby_type': 'none', 'limit_type': 'none', 'value_exp_types': ['agg_exp'], 'distinct_type': 'none', 'min_max_depth_in_subquery': [1, 1]}","SELECT COUNT(a.booking_id), a.product_id FROM Products_Booked AS a GROUP BY a.product_id"
"{'meaningful_joins': 'yes', 'table_exp_type': 'JOIN', 'where_type': {'basic_comparison': '<'}, 'number_of_value_exp_in_group_by': 1, 'having_type': 'none', 'orderby_type': 'none', 'limit_type': 'none', 'value_exp_types': ['agg_exp', 'single_exp_text'], 'distinct_type': 'none', 'min_max_depth_in_subquery': [1, 1]}","SELECT AVG(coupon_amount), last_name, good_or_bad_customer FROM Customers JOIN Discount_Coupons ON Customers.coupon_id = Discount_Coupons.coupon_id WHERE  coupon_amount < 14 GROUP BY good_or_bad_customer"
"{'meaningful_joins': 'yes', 'table_exp_type': 'single_table', 'where_type': 'exists_subquery', 'number_of_value_exp_in_group_by': 0, 'having_type': 'none', 'orderby_type': 'none', 'limit_type': 'without_offset', 'value_exp_types': ['count_distinct_exp', 'single_exp_number'], 'distinct_type': 'none', 'min_max_depth_in_subquery': [1, 1]}","SELECT COUNT(DISTINCT product_name), daily_hire_cost FROM Products_for_Hire WHERE EXISTS (SELECT * FROM Products_Booked WHERE Products_for_Hire.product_id = product_id) LIMIT 10"
"{'meaningful_joins': 'yes', 'table_exp_type': 'single_table_with_name_changing', 'where_type': {'logical_operator': ['OR', 'basic_comparison', 'in_with_subquery']}, 'number_of_value_exp_in_group_by': 0, 'having_type': 'none', 'orderby_type': 'none', 'limit_type': 'none', 'value_exp_types': ['agg_exp', 'agg_exp', 'count_distinct_exp'], 'distinct_type': 'none', 'min_max_depth_in_subquery': [1, 1]}","SELECT MAX(g.customer_id), MIN(g.booking_id), COUNT(DISTINCT g.amount_due) FROM Payments AS g WHERE  g.amount_paid <= 35 OR amount_paid IN (SELECT amount_paid FROM Payments AS g WHERE g.booking_id BETWEEN 1 AND 10 LIMIT 8)"
"{'meaningful_joins': 'yes', 'table_exp_type': 'single_table_with_name_changing', 'where_type': {'basic_comparison': '<='}, 'number_of_value_exp_in_group_by': 0, 'having_type': 'none', 'orderby_type': 'DESC', 'limit_type': 'without_offset', 'value_exp_types': ['single_exp_text'], 'distinct_type': 'none', 'min_max_depth_in_subquery': [1, 1]}",SELECT d.returned_late_yn FROM Products_Booked AS d WHERE  d.product_id <= 80 ORDER BY d.returned_late_yn DESC LIMIT 4
"{'meaningful_joins': 'yes', 'table_exp_type': 'single_table', 'where_type': {'logical_operator': ['OR', 'basic_comparison', 'comparison_with_subquery']}, 'number_of_value_exp_in_group_by': 1, 'having_type': 'none', 'orderby_type': 'none', 'limit_type': 'none', 'value_exp_types': ['single_exp_number'], 'distinct_type': 'none', 'min_max_depth_in_subquery': [1, 1]}",SELECT daily_hire_cost FROM Products_for_Hire WHERE  daily_hire_cost != 7 OR product_description > (SELECT AVG(product_description) FROM Products_for_Hire WHERE  daily_hire_cost != 3) GROUP BY daily_hire_cost
"{'meaningful_joins': 'yes', 'table_exp_type': 'JOIN', 'where_type': {'basic_comparison': '>='}, 'number_of_value_exp_in_group_by': 0, 'having_type': 'none', 'orderby_type': 'DESC', 'limit_type': 'without_offset', 'value_exp_types': ['single_exp_text'], 'distinct_type': 'none', 'min_max_depth_in_subquery': [1, 1]}",SELECT first_name FROM Bookings JOIN Customers ON Bookings.customer_id = Customers.customer_id WHERE  Bookings.customer_id >= 40 ORDER BY first_name DESC LIMIT 3
"{'meaningful_joins': 'yes', 'table_exp_type': 'single_table_with_name_changing', 'where_type': 'none', 'number_of_value_exp_in_group_by': 1, 'having_type': 'none', 'orderby_type': 'ASC', 'limit_type': 'without_offset', 'value_exp_types': ['agg_exp', 'single_exp_text', 'single_exp_text'], 'distinct_type': 'none', 'min_max_depth_in_subquery': [1, 1]}","SELECT MAX(d.product_id), d.product_type_code, d.product_description, d.product_name FROM Products_for_Hire AS d GROUP BY d.product_name ORDER BY d.product_type_code ASC LIMIT 6"
"{'meaningful_joins': 'yes', 'table_exp_type': 'JOIN', 'where_type': {'logical_operator': ['AND', 'basic_comparison', 'exists_subquery']}, 'number_of_value_exp_in_group_by': 0, 'having_type': 'none', 'orderby_type': 'none', 'limit_type': 'without_offset', 'value_exp_types': ['single_exp_number', 'single_exp_text'], 'distinct_type': 'none', 'min_max_depth_in_subquery': [1, 1]}","SELECT Customers.coupon_id, last_name FROM Customers JOIN Discount_Coupons ON Customers.coupon_id = Discount_Coupons.coupon_id WHERE  coupon_amount != 82 AND EXISTS (SELECT * FROM Customers AS v WHERE  v.coupon_id < 52 AND Discount_Coupons.coupon_id = v.coupon_id) LIMIT 10"
"{'meaningful_joins': 'yes', 'table_exp_type': 'single_table', 'where_type': {'basic_comparison': '>'}, 'number_of_value_exp_in_group_by': 0, 'having_type': 'none', 'orderby_type': 'ASC', 'limit_type': 'without_offset', 'value_exp_types': ['single_exp_text'], 'distinct_type': 'none', 'min_max_depth_in_subquery': [1, 1]}",SELECT product_description FROM Products_for_Hire WHERE  product_id > 59 ORDER BY product_description ASC LIMIT 5
"{'meaningful_joins': 'yes', 'table_exp_type': 'JOIN_JOIN_JOIN', 'where_type': {'basic_comparison': '!='}, 'number_of_value_exp_in_group_by': 0, 'having_type': 'none', 'orderby_type': 'none', 'limit_type': 'none', 'value_exp_types': ['agg_exp', 'agg_exp', 'single_exp_number'], 'distinct_type': 'none', 'min_max_depth_in_subquery': [1, 1]}","SELECT MAX(View_Product_Availability.booking_id), COUNT(Payments.customer_id), View_Product_Availability.booking_id FROM Bookings JOIN View_Product_Availability JOIN Customers JOIN Payments ON Bookings.customer_id = Customers.customer_id AND Bookings.booking_id = View_Product_Availability.booking_id AND Payments.customer_id = Customers.customer_id WHERE  amount_outstanding != 54"
"{'meaningful_joins': 'yes', 'table_exp_type': 'single_table', 'where_type': 'not_exists_subquery', 'number_of_value_exp_in_group_by': 1, 'having_type': 'none', 'orderby_type': 'none', 'limit_type': 'none', 'value_exp_types': ['agg_exp'], 'distinct_type': 'none', 'min_max_depth_in_subquery': [1, 1]}","SELECT COUNT(product_id), booking_id FROM View_Product_Availability WHERE EXISTS (SELECT * FROM Bookings AS h WHERE View_Product_Availability.status_date = h.booking_id) GROUP BY booking_id"
"{'meaningful_joins': 'yes', 'table_exp_type': 'JOIN_JOIN', 'where_type': 'not_in_with_subquery', 'number_of_value_exp_in_group_by': 1, 'having_type': 'none', 'orderby_type': 'DESC', 'limit_type': 'without_offset', 'value_exp_types': ['agg_exp'], 'distinct_type': 'none', 'min_max_depth_in_subquery': [1, 1]}","SELECT MAX(amount_payable), date_became_customer FROM Bookings JOIN Customers JOIN Payments ON Bookings.customer_id = Customers.customer_id AND Payments.customer_id = Customers.customer_id WHERE booking_status_code NOT IN (SELECT booking_status_code FROM Bookings WHERE  amount_outstanding = 74) GROUP BY date_became_customer ORDER BY date_became_customer DESC LIMIT 9"
"{'meaningful_joins': 'yes', 'table_exp_type': 'JOIN_JOIN_JOIN', 'where_type': 'not_exists_subquery', 'number_of_value_exp_in_group_by': 0, 'having_type': 'none', 'orderby_type': 'none', 'limit_type': 'none', 'value_exp_types': ['single_exp_text'], 'distinct_type': 'none', 'min_max_depth_in_subquery': [1, 1]}",SELECT returned_late_yn FROM Products_Booked JOIN Bookings JOIN View_Product_Availability JOIN Products_for_Hire ON Bookings.booking_id = View_Product_Availability.booking_id AND Products_Booked.product_id = Products_for_Hire.product_id AND Products_for_Hire.product_id = View_Product_Availability.product_id WHERE EXISTS (SELECT * FROM Products_for_Hire WHERE  daily_hire_cost = 38 AND View_Product_Availability.status_date = product_id LIMIT 2)
"{'meaningful_joins': 'yes', 'table_exp_type': 'JOIN', 'where_type': 'not_exists_subquery', 'number_of_value_exp_in_group_by': 1, 'having_type': 'none', 'orderby_type': 'DESC', 'limit_type': 'none', 'value_exp_types': ['count_distinct_exp', 'count_distinct_exp', 'count_distinct_exp'], 'distinct_type': 'none', 'min_max_depth_in_subquery': [1, 1]}","SELECT COUNT(DISTINCT date_last_hire), COUNT(DISTINCT Discount_Coupons.coupon_id), COUNT(DISTINCT date_issued), date_last_hire FROM Customers JOIN Discount_Coupons ON Customers.coupon_id = Discount_Coupons.coupon_id WHERE EXISTS (SELECT * FROM Customers WHERE  customer_id < 80 AND Discount_Coupons.coupon_id = coupon_id) GROUP BY date_last_hire ORDER BY date_last_hire DESC"
"{'meaningful_joins': 'yes', 'table_exp_type': 'JOIN_JOIN', 'where_type': 'not_exists_subquery', 'number_of_value_exp_in_group_by': 1, 'having_type': 'none', 'orderby_type': 'none', 'limit_type': 'none', 'value_exp_types': ['single_exp_number', 'single_exp_text', 'single_exp_text'], 'distinct_type': 'none', 'min_max_depth_in_subquery': [1, 1]}","SELECT View_Product_Availability.product_id, product_description, product_description, Products_Booked.product_id FROM Products_Booked JOIN View_Product_Availability JOIN Products_for_Hire ON Products_Booked.product_id = Products_for_Hire.product_id AND Products_for_Hire.product_id = View_Product_Availability.product_id WHERE EXISTS (SELECT * FROM Products_Booked AS v WHERE Products_for_Hire.product_id = v.product_id LIMIT 8) GROUP BY Products_Booked.product_id"
"{'meaningful_joins': 'yes', 'table_exp_type': 'JOIN_JOIN', 'where_type': 'comparison_with_subquery', 'number_of_value_exp_in_group_by': 0, 'having_type': 'none', 'orderby_type': 'none', 'limit_type': 'none', 'value_exp_types': ['single_exp_number'], 'distinct_type': 'none', 'min_max_depth_in_subquery': [1, 1]}",SELECT amount_payable FROM Bookings JOIN View_Product_Availability JOIN Customers ON Bookings.customer_id = Customers.customer_id AND Bookings.booking_id = View_Product_Availability.booking_id WHERE date_last_hire < (SELECT SUM(date_last_hire) FROM Customers AS c WHERE  c.customer_id != 85)
"{'meaningful_joins': 'yes', 'table_exp_type': 'JOIN', 'where_type': 'none', 'number_of_value_exp_in_group_by': 0, 'having_type': 'none', 'orderby_type': 'ASC', 'limit_type': 'without_offset', 'value_exp_types': ['single_exp_number', 'single_exp_text'], 'distinct_type': 'none', 'min_max_depth_in_subquery': [1, 1]}","SELECT Customers.coupon_id, first_name FROM Customers JOIN Discount_Coupons ON Customers.coupon_id = Discount_Coupons.coupon_id ORDER BY Customers.coupon_id ASC LIMIT 3"
"{'meaningful_joins': 'yes', 'table_exp_type': 'SELF JOIN', 'where_type': {'basic_comparison': '='}, 'number_of_value_exp_in_group_by': 0, 'having_type': 'none', 'orderby_type': 'ASC', 'limit_type': 'none', 'value_exp_types': ['single_exp_text'], 'distinct_type': 'none', 'min_max_depth_in_subquery': [1, 1]}",SELECT z.available_yn FROM View_Product_Availability AS z JOIN View_Product_Availability ON View_Product_Availability.status_date = z.status_date WHERE  View_Product_Availability.product_id = 26 ORDER BY z.available_yn ASC
"{'meaningful_joins': 'yes', 'table_exp_type': 'single_table', 'where_type': {'logical_operator': ['AND', 'basic_comparison', 'not_exists_subquery']}, 'number_of_value_exp_in_group_by': 0, 'having_type': 'none', 'orderby_type': 'none', 'limit_type': 'none', 'value_exp_types': ['single_exp_text'], 'distinct_type': 'none', 'min_max_depth_in_subquery': [1, 1]}",SELECT amount_paid_in_full_yn FROM Payments WHERE  payment_id <= 15 AND EXISTS (SELECT * FROM Customers AS e WHERE  e.coupon_id > 67 AND Payments.payment_id = e.customer_id)
"{'meaningful_joins': 'yes', 'table_exp_type': 'single_table', 'where_type': 'comparison_with_subquery', 'number_of_value_exp_in_group_by': 0, 'having_type': 'none', 'orderby_type': 'none', 'limit_type': 'none', 'value_exp_types': ['agg_exp', 'single_exp_number'], 'distinct_type': 'none', 'min_max_depth_in_subquery': [1, 1]}","SELECT COUNT(amount_payable), amount_outstanding FROM Bookings WHERE amount_of_refund != (SELECT MIN(amount_of_refund) FROM Bookings WHERE  customer_id = 81)"
