Specification,query
"{'meaningful_joins': 'yes', 'table_exp_type': 'single_table', 'where_type': {'basic_comparison': '<='}, 'number_of_value_exp_in_group_by': 0, 'having_type': 'none', 'orderby_type': 'none', 'limit_type': 'without_offset', 'value_exp_types': ['single_exp_number'], 'distinct_type': 'none', 'min_max_depth_in_subquery': [1, 1]}",SELECT catalog_level_number FROM Catalog_Structure WHERE  catalog_level_number <= 80 LIMIT 6
"{'meaningful_joins': 'yes', 'table_exp_type': 'single_table', 'where_type': {'logical_operator': ['OR', 'between', 'not_exists_subquery']}, 'number_of_value_exp_in_group_by': 1, 'having_type': 'none', 'orderby_type': 'none', 'limit_type': 'without_offset', 'value_exp_types': ['count_distinct_exp', 'single_exp_number', 'single_exp_number'], 'distinct_type': 'none', 'min_max_depth_in_subquery': [1, 1]}","SELECT COUNT(DISTINCT catalog_level_name), catalog_id, catalog_id, catalog_level_name FROM Catalog_Structure WHERE catalog_level_number BETWEEN 1 AND 10 OR EXISTS (SELECT * FROM Catalog_Contents_Additional_Attributes AS v WHERE Catalog_Structure.catalog_level_number = v.catalog_level_number LIMIT 8) GROUP BY catalog_level_name LIMIT 8"
"{'meaningful_joins': 'yes', 'table_exp_type': 'single_table_with_name_changing', 'where_type': {'basic_comparison': '<'}, 'number_of_value_exp_in_group_by': 0, 'having_type': 'none', 'orderby_type': 'none', 'limit_type': 'without_offset', 'value_exp_types': ['count_distinct_exp', 'single_exp_number', 'single_exp_text'], 'distinct_type': 'none', 'min_max_depth_in_subquery': [1, 1]}","SELECT COUNT(DISTINCT c.catalog_id), c.catalog_id, c.catalog_level_name FROM Catalog_Structure AS c WHERE  c.catalog_level_number < 10 LIMIT 1"
"{'meaningful_joins': 'yes', 'table_exp_type': 'single_table_with_name_changing', 'where_type': 'between', 'number_of_value_exp_in_group_by': 0, 'having_type': 'none', 'orderby_type': 'ASC', 'limit_type': 'none', 'value_exp_types': ['single_exp_number'], 'distinct_type': 'none', 'min_max_depth_in_subquery': [1, 1]}",SELECT a.catalog_id FROM Catalog_Structure AS a WHERE a.catalog_level_number BETWEEN 1 AND 10 ORDER BY a.catalog_id ASC
"{'meaningful_joins': 'yes', 'table_exp_type': 'single_table_with_name_changing', 'where_type': 'none', 'number_of_value_exp_in_group_by': 0, 'having_type': 'none', 'orderby_type': 'none', 'limit_type': 'none', 'value_exp_types': ['agg_exp', 'single_exp_number', 'single_exp_text'], 'distinct_type': 'none', 'min_max_depth_in_subquery': [1, 1]}","SELECT COUNT(o.previous_entry_id), o.next_entry_id, o.height FROM Catalog_Contents AS o"
"{'meaningful_joins': 'yes', 'table_exp_type': 'JOIN_JOIN', 'where_type': {'basic_comparison': '>'}, 'number_of_value_exp_in_group_by': 0, 'having_type': 'none', 'orderby_type': 'DESC', 'limit_type': 'without_offset', 'value_exp_types': ['count_distinct_exp', 'single_exp_text'], 'distinct_type': 'none', 'min_max_depth_in_subquery': [1, 1]}","SELECT COUNT(DISTINCT catalog_entry_id), catalog_name FROM Catalogs JOIN Catalog_Structure JOIN Catalog_Contents_Additional_Attributes ON Catalog_Structure.catalog_id = Catalogs.catalog_id AND Catalog_Structure.catalog_level_number = Catalog_Contents_Additional_Attributes.catalog_level_number WHERE  Catalog_Structure.catalog_level_number > 20 ORDER BY catalog_name DESC LIMIT 2"
"{'meaningful_joins': 'yes', 'table_exp_type': 'JOIN', 'where_type': 'not_in_with_subquery', 'number_of_value_exp_in_group_by': 1, 'having_type': 'none', 'orderby_type': 'ASC', 'limit_type': 'none', 'value_exp_types': ['single_exp_text'], 'distinct_type': 'none', 'min_max_depth_in_subquery': [1, 1]}","SELECT length, width FROM Catalog_Structure JOIN Catalog_Contents ON Catalog_Contents.catalog_level_number = Catalog_Structure.catalog_level_number WHERE price_in_pounds NOT IN (SELECT price_in_pounds FROM Catalog_Contents AS c) GROUP BY width ORDER BY length ASC"
"{'meaningful_joins': 'yes', 'table_exp_type': 'single_table_with_name_changing', 'where_type': 'none', 'number_of_value_exp_in_group_by': 0, 'having_type': 'none', 'orderby_type': 'none', 'limit_type': 'without_offset', 'value_exp_types': ['agg_exp', 'single_exp_number'], 'distinct_type': 'none', 'min_max_depth_in_subquery': [1, 1]}","SELECT MAX(z.catalog_id), z.catalog_id FROM Catalog_Structure AS z LIMIT 10"
"{'meaningful_joins': 'yes', 'table_exp_type': 'JOIN', 'where_type': {'basic_comparison': '='}, 'number_of_value_exp_in_group_by': 1, 'having_type': 'none', 'orderby_type': 'none', 'limit_type': 'without_offset', 'value_exp_types': ['single_exp_text'], 'distinct_type': 'none', 'min_max_depth_in_subquery': [1, 1]}","SELECT catalog_level_name, date_of_publication FROM Catalogs JOIN Catalog_Structure ON Catalog_Structure.catalog_id = Catalogs.catalog_id WHERE  Catalog_Structure.catalog_id = 14 GROUP BY date_of_publication LIMIT 3"
"{'meaningful_joins': 'yes', 'table_exp_type': 'single_table_with_name_changing', 'where_type': 'none', 'number_of_value_exp_in_group_by': 0, 'having_type': 'none', 'orderby_type': 'none', 'limit_type': 'without_offset', 'value_exp_types': ['count_distinct_exp', 'count_distinct_exp', 'single_exp_text'], 'distinct_type': 'none', 'min_max_depth_in_subquery': [1, 1]}","SELECT COUNT(DISTINCT n.catalog_id), COUNT(DISTINCT n.catalog_id), n.catalog_level_name FROM Catalog_Structure AS n LIMIT 9"
"{'meaningful_joins': 'yes', 'table_exp_type': 'JOIN', 'where_type': {'basic_comparison': '<='}, 'number_of_value_exp_in_group_by': 0, 'having_type': 'none', 'orderby_type': 'ASC', 'limit_type': 'without_offset', 'value_exp_types': ['agg_exp', 'single_exp_number'], 'distinct_type': 'none', 'min_max_depth_in_subquery': [1, 1]}","SELECT MIN(catalog_entry_id), Catalog_Contents_Additional_Attributes.catalog_level_number FROM Catalog_Structure JOIN Catalog_Contents_Additional_Attributes ON Catalog_Structure.catalog_level_number = Catalog_Contents_Additional_Attributes.catalog_level_number WHERE  catalog_id <= 71 ORDER BY Catalog_Contents_Additional_Attributes.catalog_level_number ASC LIMIT 6"
"{'meaningful_joins': 'yes', 'table_exp_type': 'single_table', 'where_type': 'exists_subquery', 'number_of_value_exp_in_group_by': 0, 'having_type': 'none', 'orderby_type': 'ASC', 'limit_type': 'none', 'value_exp_types': ['single_exp_number'], 'distinct_type': 'none', 'min_max_depth_in_subquery': [1, 1]}",SELECT price_in_pounds FROM Catalog_Contents WHERE EXISTS (SELECT * FROM Catalog_Structure AS a WHERE  a.catalog_level_number = 92 AND Catalog_Contents.catalog_entry_id = a.catalog_level_number) ORDER BY price_in_pounds ASC
"{'meaningful_joins': 'yes', 'table_exp_type': 'JOIN', 'where_type': {'basic_comparison': '<'}, 'number_of_value_exp_in_group_by': 0, 'having_type': 'none', 'orderby_type': 'none', 'limit_type': 'without_offset', 'value_exp_types': ['count_distinct_exp', 'single_exp_number'], 'distinct_type': 'none', 'min_max_depth_in_subquery': [1, 1]}","SELECT COUNT(DISTINCT catalog_publisher), Catalog_Structure.catalog_id FROM Catalogs JOIN Catalog_Structure ON Catalog_Structure.catalog_id = Catalogs.catalog_id WHERE  Catalog_Structure.catalog_id < 86 LIMIT 9"
"{'meaningful_joins': 'yes', 'table_exp_type': 'single_table_with_name_changing', 'where_type': {'basic_comparison': '>'}, 'number_of_value_exp_in_group_by': 0, 'having_type': 'none', 'orderby_type': 'none', 'limit_type': 'none', 'value_exp_types': ['single_exp_number', 'single_exp_number'], 'distinct_type': 'none', 'min_max_depth_in_subquery': [1, 1]}","SELECT u.catalog_id, u.catalog_id FROM Catalog_Structure AS u WHERE  u.catalog_id > 89"
"{'meaningful_joins': 'yes', 'table_exp_type': 'single_table', 'where_type': {'logical_operator': ['OR', 'between', 'exists_subquery']}, 'number_of_value_exp_in_group_by': 0, 'having_type': 'none', 'orderby_type': 'DESC', 'limit_type': 'without_offset', 'value_exp_types': ['single_exp_text', 'single_exp_text'], 'distinct_type': 'none', 'min_max_depth_in_subquery': [1, 1]}","SELECT length, catalog_entry_name FROM Catalog_Contents WHERE next_entry_id BETWEEN 1 AND 10 OR EXISTS (SELECT * FROM Catalog_Structure AS j WHERE  j.catalog_id <= 58 AND Catalog_Contents.catalog_entry_id = j.catalog_level_number LIMIT 2) ORDER BY catalog_entry_name DESC LIMIT 3"
"{'meaningful_joins': 'yes', 'table_exp_type': 'single_table_with_name_changing', 'where_type': {'basic_comparison': '<='}, 'number_of_value_exp_in_group_by': 1, 'having_type': 'none', 'orderby_type': 'none', 'limit_type': 'without_offset', 'value_exp_types': ['agg_exp', 'single_exp_text', 'single_exp_text'], 'distinct_type': 'none', 'min_max_depth_in_subquery': [1, 1]}","SELECT AVG(m.attribute_id), m.attribute_name, m.attribute_data_type FROM Attribute_Definitions AS m WHERE  m.attribute_id <= 96 GROUP BY m.attribute_name LIMIT 9"
"{'meaningful_joins': 'yes', 'table_exp_type': 'single_table_with_name_changing', 'where_type': 'in_with_subquery', 'number_of_value_exp_in_group_by': 1, 'having_type': 'none', 'orderby_type': 'ASC', 'limit_type': 'none', 'value_exp_types': ['single_exp_text'], 'distinct_type': 'none', 'min_max_depth_in_subquery': [1, 1]}","SELECT k.catalog_entry_name, k.capacity FROM Catalog_Contents AS k WHERE width IN (SELECT width FROM Catalog_Contents) GROUP BY k.capacity ORDER BY k.capacity ASC"
"{'meaningful_joins': 'yes', 'table_exp_type': 'SELF JOIN', 'where_type': {'basic_comparison': '!='}, 'number_of_value_exp_in_group_by': 0, 'having_type': 'none', 'orderby_type': 'none', 'limit_type': 'none', 'value_exp_types': ['single_exp_text', 'single_exp_text'], 'distinct_type': 'none', 'min_max_depth_in_subquery': [1, 1]}","SELECT Catalog_Contents.capacity, e.width FROM Catalog_Contents JOIN Catalog_Contents AS e ON Catalog_Contents.catalog_entry_id = e.catalog_entry_id WHERE  e.catalog_entry_id != 96"
"{'meaningful_joins': 'yes', 'table_exp_type': 'JOIN', 'where_type': {'basic_comparison': '>='}, 'number_of_value_exp_in_group_by': 0, 'having_type': 'none', 'orderby_type': 'none', 'limit_type': 'none', 'value_exp_types': ['single_exp_text'], 'distinct_type': 'none', 'min_max_depth_in_subquery': [1, 1]}",SELECT product_stock_number FROM Catalog_Structure JOIN Catalog_Contents ON Catalog_Contents.catalog_level_number = Catalog_Structure.catalog_level_number WHERE  price_in_euros >= 50
"{'meaningful_joins': 'yes', 'table_exp_type': 'single_table', 'where_type': {'basic_comparison': '!='}, 'number_of_value_exp_in_group_by': 0, 'having_type': 'none', 'orderby_type': 'none', 'limit_type': 'none', 'value_exp_types': ['agg_exp', 'agg_exp', 'count_distinct_exp'], 'distinct_type': 'none', 'min_max_depth_in_subquery': [1, 1]}","SELECT MIN(price_in_dollars), SUM(catalog_level_number), COUNT(DISTINCT previous_entry_id) FROM Catalog_Contents WHERE  next_entry_id != 68"
"{'meaningful_joins': 'yes', 'table_exp_type': 'JOIN', 'where_type': {'basic_comparison': '>='}, 'number_of_value_exp_in_group_by': 0, 'having_type': 'none', 'orderby_type': 'none', 'limit_type': 'without_offset', 'value_exp_types': ['single_exp_number'], 'distinct_type': 'none', 'min_max_depth_in_subquery': [1, 1]}",SELECT previous_entry_id FROM Catalog_Contents JOIN Catalog_Contents_Additional_Attributes ON Catalog_Contents_Additional_Attributes.catalog_entry_id = Catalog_Contents.catalog_entry_id WHERE  price_in_pounds >= 18 LIMIT 8
"{'meaningful_joins': 'yes', 'table_exp_type': 'single_table_with_name_changing', 'where_type': {'logical_operator': ['OR', 'between', 'basic_comparison']}, 'number_of_value_exp_in_group_by': 0, 'having_type': 'none', 'orderby_type': 'none', 'limit_type': 'without_offset', 'value_exp_types': ['single_exp_number'], 'distinct_type': 'none', 'min_max_depth_in_subquery': [1, 1]}",SELECT v.catalog_entry_id FROM Catalog_Contents_Additional_Attributes AS v WHERE v.attribute_id BETWEEN 1 AND 10 OR  v.catalog_entry_id < 36 LIMIT 8
"{'meaningful_joins': 'yes', 'table_exp_type': 'single_table', 'where_type': 'in_with_subquery', 'number_of_value_exp_in_group_by': 0, 'having_type': 'none', 'orderby_type': 'ASC', 'limit_type': 'none', 'value_exp_types': ['single_exp_number'], 'distinct_type': 'none', 'min_max_depth_in_subquery': [1, 1]}",SELECT catalog_entry_id FROM Catalog_Contents_Additional_Attributes WHERE attribute_id IN (SELECT attribute_id FROM Catalog_Contents_Additional_Attributes AS g LIMIT 2) ORDER BY catalog_entry_id ASC
"{'meaningful_joins': 'yes', 'table_exp_type': 'single_table', 'where_type': {'basic_comparison': '='}, 'number_of_value_exp_in_group_by': 0, 'having_type': 'none', 'orderby_type': 'none', 'limit_type': 'none', 'value_exp_types': ['single_exp_number'], 'distinct_type': 'none', 'min_max_depth_in_subquery': [1, 1]}",SELECT catalog_level_number FROM Catalog_Structure WHERE  catalog_level_number = 61
"{'meaningful_joins': 'yes', 'table_exp_type': 'JOIN', 'where_type': {'basic_comparison': '<='}, 'number_of_value_exp_in_group_by': 1, 'having_type': 'none', 'orderby_type': 'none', 'limit_type': 'without_offset', 'value_exp_types': ['single_exp_number'], 'distinct_type': 'none', 'min_max_depth_in_subquery': [1, 1]}","SELECT price_in_euros, catalog_entry_name FROM Catalog_Structure JOIN Catalog_Contents ON Catalog_Contents.catalog_level_number = Catalog_Structure.catalog_level_number WHERE  Catalog_Structure.catalog_level_number <= 49 GROUP BY catalog_entry_name LIMIT 1"
"{'meaningful_joins': 'yes', 'table_exp_type': 'single_table', 'where_type': 'between', 'number_of_value_exp_in_group_by': 1, 'having_type': {'single': 'MIN'}, 'orderby_type': 'none', 'limit_type': 'none', 'value_exp_types': ['single_exp_text'], 'distinct_type': 'none', 'min_max_depth_in_subquery': [1, 1]}","SELECT catalog_entry_name, product_stock_number FROM Catalog_Contents WHERE price_in_pounds BETWEEN 1 AND 10 GROUP BY product_stock_number HAVING MIN(parent_entry_id) <= 37"
"{'meaningful_joins': 'yes', 'table_exp_type': 'single_table', 'where_type': {'basic_comparison': '!='}, 'number_of_value_exp_in_group_by': 0, 'having_type': 'none', 'orderby_type': 'ASC', 'limit_type': 'without_offset', 'value_exp_types': ['single_exp_number', 'single_exp_number'], 'distinct_type': 'none', 'min_max_depth_in_subquery': [1, 1]}","SELECT catalog_level_number, catalog_level_number FROM Catalog_Structure WHERE  catalog_id != 35 ORDER BY catalog_level_number ASC LIMIT 4"
