Specification,query
"{'meaningful_joins': 'yes', 'table_exp_type': 'single_table_with_name_changing', 'where_type': {'logical_operator': ['OR', 'between', 'basic_comparison']}, 'number_of_value_exp_in_group_by': 1, 'having_type': 'none', 'orderby_type': 'ASC', 'limit_type': 'without_offset', 'value_exp_types': ['single_exp_number', 'single_exp_text'], 'distinct_type': 'none', 'min_max_depth_in_subquery': [1, 1]}","SELECT s.Launch, s.Owner FROM program AS s WHERE s.Program_ID BETWEEN 1 AND 10 OR  s.Launch > 11 GROUP BY s.Owner ORDER BY s.Owner ASC LIMIT 4"
"{'meaningful_joins': 'yes', 'table_exp_type': 'single_table_with_name_changing', 'where_type': 'none', 'number_of_value_exp_in_group_by': 0, 'having_type': 'none', 'orderby_type': 'none', 'limit_type': 'none', 'value_exp_types': ['single_exp_number', 'single_exp_number'], 'distinct_type': 'none', 'min_max_depth_in_subquery': [1, 1]}","SELECT i.Channel_ID, i.Channel_ID FROM broadcast_share AS i"
"{'meaningful_joins': 'yes', 'table_exp_type': 'JOIN_JOIN', 'where_type': {'basic_comparison': '='}, 'number_of_value_exp_in_group_by': 1, 'having_type': 'none', 'orderby_type': 'none', 'limit_type': 'none', 'value_exp_types': ['agg_exp', 'count_distinct_exp', 'single_exp_text'], 'distinct_type': 'none', 'min_max_depth_in_subquery': [1, 1]}","SELECT COUNT(broadcast.Program_ID), COUNT(DISTINCT broadcast.Program_ID), Owner, Name FROM broadcast_share JOIN broadcast JOIN program ON broadcast.Program_ID = program.Program_ID AND program.Program_ID = broadcast_share.Program_ID WHERE  Share_in_percent = 39 GROUP BY Name"
"{'meaningful_joins': 'yes', 'table_exp_type': 'single_table_with_name_changing', 'where_type': {'logical_operator': ['AND', 'between', 'not_in_with_subquery']}, 'number_of_value_exp_in_group_by': 0, 'having_type': 'none', 'orderby_type': 'none', 'limit_type': 'none', 'value_exp_types': ['agg_exp', 'agg_exp'], 'distinct_type': 'none', 'min_max_depth_in_subquery': [1, 1]}","SELECT COUNT(h.Launch), COUNT(h.Program_ID) FROM program AS h WHERE h.Launch BETWEEN 1 AND 10 AND Launch NOT IN (SELECT Launch FROM program WHERE  Program_ID > 41)"
"{'meaningful_joins': 'yes', 'table_exp_type': 'single_table', 'where_type': 'not_in_with_subquery', 'number_of_value_exp_in_group_by': 0, 'having_type': 'none', 'orderby_type': 'ASC', 'limit_type': 'none', 'value_exp_types': ['agg_exp', 'single_exp_number', 'single_exp_text'], 'distinct_type': 'none', 'min_max_depth_in_subquery': [1, 1]}","SELECT COUNT(Channel_ID), Share_in_percent, Date FROM broadcast_share WHERE Program_ID NOT IN (SELECT Program_ID FROM broadcast_share AS a WHERE a.Channel_ID BETWEEN 1 AND 10) ORDER BY Date ASC"
"{'meaningful_joins': 'yes', 'table_exp_type': 'JOIN', 'where_type': {'basic_comparison': '!='}, 'number_of_value_exp_in_group_by': 1, 'having_type': {'single': 'COUNT'}, 'orderby_type': 'DESC', 'limit_type': 'none', 'value_exp_types': ['agg_exp', 'single_exp_text'], 'distinct_type': 'none', 'min_max_depth_in_subquery': [1, 1]}","SELECT COUNT(Share_in_percent), Owner, Name FROM broadcast_share JOIN program ON program.Program_ID = broadcast_share.Program_ID WHERE  broadcast_share.Program_ID != 38 GROUP BY Name HAVING COUNT(broadcast_share.Program_ID) >= 87 ORDER BY Owner DESC"
"{'meaningful_joins': 'yes', 'table_exp_type': 'JOIN', 'where_type': {'logical_operator': ['AND', 'between', 'basic_comparison']}, 'number_of_value_exp_in_group_by': 0, 'having_type': 'none', 'orderby_type': 'none', 'limit_type': 'none', 'value_exp_types': ['agg_exp', 'agg_exp'], 'distinct_type': 'none', 'min_max_depth_in_subquery': [1, 1]}","SELECT COUNT(Program_ID), AVG(broadcast.Channel_ID) FROM broadcast JOIN channel ON channel.Channel_ID = broadcast.Channel_ID WHERE Rating_in_percent BETWEEN 1 AND 10 AND  Program_ID >= 19"
"{'meaningful_joins': 'yes', 'table_exp_type': 'single_table', 'where_type': {'basic_comparison': '='}, 'number_of_value_exp_in_group_by': 0, 'having_type': 'none', 'orderby_type': 'none', 'limit_type': 'without_offset', 'value_exp_types': ['single_exp_text', 'single_exp_text'], 'distinct_type': 'none', 'min_max_depth_in_subquery': [1, 1]}","SELECT Date, Date FROM broadcast_share WHERE  Channel_ID = 76 LIMIT 1"
"{'meaningful_joins': 'yes', 'table_exp_type': 'single_table_with_name_changing', 'where_type': {'basic_comparison': '<='}, 'number_of_value_exp_in_group_by': 0, 'having_type': 'none', 'orderby_type': 'none', 'limit_type': 'none', 'value_exp_types': ['agg_exp', 'agg_exp'], 'distinct_type': 'none', 'min_max_depth_in_subquery': [1, 1]}","SELECT MIN(x.Channel_ID), MAX(x.Channel_ID) FROM broadcast_share AS x WHERE  x.Share_in_percent <= 43"
"{'meaningful_joins': 'yes', 'table_exp_type': 'JOIN_JOIN', 'where_type': 'in_with_subquery', 'number_of_value_exp_in_group_by': 0, 'having_type': 'none', 'orderby_type': 'none', 'limit_type': 'without_offset', 'value_exp_types': ['single_exp_text'], 'distinct_type': 'none', 'min_max_depth_in_subquery': [1, 1]}",SELECT channel.Owner FROM broadcast_share JOIN channel JOIN program ON program.Program_ID = broadcast_share.Program_ID AND broadcast_share.Channel_ID = channel.Channel_ID WHERE Name IN (SELECT Name FROM program WHERE Program_ID BETWEEN 1 AND 10 LIMIT 5) LIMIT 1
"{'meaningful_joins': 'yes', 'table_exp_type': 'single_table', 'where_type': {'basic_comparison': '!='}, 'number_of_value_exp_in_group_by': 0, 'having_type': 'none', 'orderby_type': 'none', 'limit_type': 'none', 'value_exp_types': ['single_exp_number', 'single_exp_number'], 'distinct_type': 'none', 'min_max_depth_in_subquery': [1, 1]}","SELECT Program_ID, Program_ID FROM program WHERE  Program_ID != 22"
"{'meaningful_joins': 'yes', 'table_exp_type': 'single_table_with_name_changing', 'where_type': {'basic_comparison': '!='}, 'number_of_value_exp_in_group_by': 0, 'having_type': 'none', 'orderby_type': 'none', 'limit_type': 'none', 'value_exp_types': ['agg_exp'], 'distinct_type': 'none', 'min_max_depth_in_subquery': [1, 1]}",SELECT SUM(t.Channel_ID) FROM broadcast AS t WHERE  t.Channel_ID != 35
"{'meaningful_joins': 'yes', 'table_exp_type': 'single_table_with_name_changing', 'where_type': {'logical_operator': ['AND', 'between', 'in_with_subquery']}, 'number_of_value_exp_in_group_by': 1, 'having_type': 'none', 'orderby_type': 'none', 'limit_type': 'none', 'value_exp_types': ['single_exp_number', 'single_exp_text'], 'distinct_type': 'none', 'min_max_depth_in_subquery': [1, 1]}","SELECT y.Program_ID, y.Time_of_day FROM broadcast AS y WHERE y.Program_ID BETWEEN 1 AND 10 AND Program_ID IN (SELECT Program_ID FROM broadcast WHERE  Program_ID <= 81) GROUP BY y.Time_of_day"
"{'meaningful_joins': 'yes', 'table_exp_type': 'SELF JOIN', 'where_type': {'basic_comparison': '='}, 'number_of_value_exp_in_group_by': 0, 'having_type': 'none', 'orderby_type': 'DESC', 'limit_type': 'none', 'value_exp_types': ['single_exp_number'], 'distinct_type': 'none', 'min_max_depth_in_subquery': [1, 1]}",SELECT f.Program_ID FROM broadcast_share JOIN broadcast_share AS f ON broadcast_share.Channel_ID = f.Channel_ID WHERE  broadcast_share.Channel_ID = 14 ORDER BY f.Program_ID DESC
"{'meaningful_joins': 'yes', 'table_exp_type': 'JOIN', 'where_type': 'not_exists_subquery', 'number_of_value_exp_in_group_by': 0, 'having_type': 'none', 'orderby_type': 'DESC', 'limit_type': 'none', 'value_exp_types': ['single_exp_number'], 'distinct_type': 'none', 'min_max_depth_in_subquery': [1, 1]}",SELECT broadcast_share.Program_ID FROM broadcast_share JOIN program ON program.Program_ID = broadcast_share.Program_ID WHERE EXISTS (SELECT * FROM broadcast_share WHERE  Channel_ID != 57 AND program.Program_ID = Program_ID) ORDER BY broadcast_share.Program_ID DESC
"{'meaningful_joins': 'yes', 'table_exp_type': 'single_table', 'where_type': {'basic_comparison': '!='}, 'number_of_value_exp_in_group_by': 0, 'having_type': 'none', 'orderby_type': 'DESC', 'limit_type': 'none', 'value_exp_types': ['single_exp_number', 'single_exp_number'], 'distinct_type': 'none', 'min_max_depth_in_subquery': [1, 1]}","SELECT Launch, Program_ID FROM program WHERE  Program_ID != 54 ORDER BY Launch DESC"
"{'meaningful_joins': 'yes', 'table_exp_type': 'single_table_with_name_changing', 'where_type': 'in_with_subquery', 'number_of_value_exp_in_group_by': 0, 'having_type': 'none', 'orderby_type': 'DESC', 'limit_type': 'none', 'value_exp_types': ['single_exp_number', 'single_exp_text'], 'distinct_type': 'none', 'min_max_depth_in_subquery': [1, 1]}","SELECT n.Launch, n.Name FROM program AS n WHERE Name IN (SELECT Name FROM program AS b) ORDER BY n.Launch DESC"
"{'meaningful_joins': 'yes', 'table_exp_type': 'single_table', 'where_type': 'between', 'number_of_value_exp_in_group_by': 1, 'having_type': {'single': 'MAX'}, 'orderby_type': 'none', 'limit_type': 'without_offset', 'value_exp_types': ['count_distinct_exp', 'single_exp_number'], 'distinct_type': 'none', 'min_max_depth_in_subquery': [1, 1]}","SELECT COUNT(DISTINCT Channel_ID), Program_ID FROM broadcast_share WHERE Share_in_percent BETWEEN 1 AND 10 GROUP BY Program_ID HAVING MAX(Share_in_percent) >= 36 LIMIT 1"
"{'meaningful_joins': 'yes', 'table_exp_type': 'SELF JOIN', 'where_type': {'logical_operator': ['AND', 'between', 'comparison_with_subquery']}, 'number_of_value_exp_in_group_by': 1, 'having_type': 'none', 'orderby_type': 'ASC', 'limit_type': 'none', 'value_exp_types': ['single_exp_number'], 'distinct_type': 'none', 'min_max_depth_in_subquery': [1, 1]}","SELECT program.Program_ID, z.Origin FROM program AS z JOIN program ON program.Program_ID = z.Program_ID WHERE z.Program_ID BETWEEN 1 AND 10 AND Origin >= (SELECT SUM(Origin) FROM program WHERE Launch BETWEEN 1 AND 10 LIMIT 7) GROUP BY z.Origin ORDER BY program.Program_ID ASC"
"{'meaningful_joins': 'yes', 'table_exp_type': 'single_table_with_name_changing', 'where_type': {'basic_comparison': '<='}, 'number_of_value_exp_in_group_by': 0, 'having_type': 'none', 'orderby_type': 'DESC', 'limit_type': 'none', 'value_exp_types': ['single_exp_text'], 'distinct_type': 'none', 'min_max_depth_in_subquery': [1, 1]}",SELECT p.Owner FROM program AS p WHERE  p.Program_ID <= 87 ORDER BY p.Owner DESC
"{'meaningful_joins': 'yes', 'table_exp_type': 'JOIN_JOIN', 'where_type': 'not_exists_subquery', 'number_of_value_exp_in_group_by': 1, 'having_type': 'none', 'orderby_type': 'none', 'limit_type': 'none', 'value_exp_types': ['single_exp_text', 'single_exp_text'], 'distinct_type': 'none', 'min_max_depth_in_subquery': [1, 1]}","SELECT Time_of_day, Owner, broadcast.Program_ID FROM broadcast_share JOIN broadcast JOIN program ON broadcast.Program_ID = program.Program_ID AND program.Program_ID = broadcast_share.Program_ID WHERE EXISTS (SELECT * FROM channel WHERE Channel_ID BETWEEN 1 AND 10 AND broadcast.Channel_ID = Channel_ID LIMIT 2) GROUP BY broadcast.Program_ID"
"{'meaningful_joins': 'yes', 'table_exp_type': 'JOIN', 'where_type': 'between', 'number_of_value_exp_in_group_by': 0, 'having_type': 'none', 'orderby_type': 'ASC', 'limit_type': 'without_offset', 'value_exp_types': ['single_exp_number'], 'distinct_type': 'none', 'min_max_depth_in_subquery': [1, 1]}",SELECT Share_in_percent FROM broadcast_share JOIN program ON program.Program_ID = broadcast_share.Program_ID WHERE Launch BETWEEN 1 AND 10 ORDER BY Share_in_percent ASC LIMIT 1
"{'meaningful_joins': 'yes', 'table_exp_type': 'JOIN_JOIN', 'where_type': {'basic_comparison': '='}, 'number_of_value_exp_in_group_by': 0, 'having_type': 'none', 'orderby_type': 'none', 'limit_type': 'without_offset', 'value_exp_types': ['single_exp_number', 'single_exp_text'], 'distinct_type': 'none', 'min_max_depth_in_subquery': [1, 1]}","SELECT broadcast.Channel_ID, program.Name FROM broadcast JOIN channel JOIN program ON broadcast.Program_ID = program.Program_ID AND channel.Channel_ID = broadcast.Channel_ID WHERE  broadcast.Program_ID = 74 LIMIT 8"
"{'meaningful_joins': 'yes', 'table_exp_type': 'single_table', 'where_type': {'basic_comparison': '>'}, 'number_of_value_exp_in_group_by': 0, 'having_type': 'none', 'orderby_type': 'none', 'limit_type': 'none', 'value_exp_types': ['agg_exp', 'agg_exp'], 'distinct_type': 'none', 'min_max_depth_in_subquery': [1, 1]}","SELECT SUM(Rating_in_percent), SUM(Channel_ID) FROM channel WHERE  Share_in_percent > 97"
"{'meaningful_joins': 'yes', 'table_exp_type': 'single_table', 'where_type': {'basic_comparison': '='}, 'number_of_value_exp_in_group_by': 1, 'having_type': {'single': 'MIN'}, 'orderby_type': 'ASC', 'limit_type': 'without_offset', 'value_exp_types': ['count_distinct_exp'], 'distinct_type': 'none', 'min_max_depth_in_subquery': [1, 1]}","SELECT COUNT(DISTINCT Time_of_day), Program_ID FROM broadcast WHERE  Program_ID = 44 GROUP BY Program_ID HAVING MIN(Channel_ID) = 50 ORDER BY Program_ID ASC LIMIT 5"
"{'meaningful_joins': 'yes', 'table_exp_type': 'JOIN_JOIN_JOIN', 'where_type': {'basic_comparison': '>='}, 'number_of_value_exp_in_group_by': 0, 'having_type': 'none', 'orderby_type': 'none', 'limit_type': 'none', 'value_exp_types': ['single_exp_text'], 'distinct_type': 'none', 'min_max_depth_in_subquery': [1, 1]}",SELECT channel.Owner FROM broadcast_share JOIN broadcast JOIN channel JOIN program ON broadcast.Program_ID = program.Program_ID AND program.Program_ID = broadcast_share.Program_ID AND channel.Channel_ID = broadcast.Channel_ID AND broadcast_share.Channel_ID = channel.Channel_ID WHERE  Launch >= 14
"{'meaningful_joins': 'yes', 'table_exp_type': 'SELF JOIN', 'where_type': {'logical_operator': ['OR', 'between', 'basic_comparison']}, 'number_of_value_exp_in_group_by': 0, 'having_type': 'none', 'orderby_type': 'none', 'limit_type': 'none', 'value_exp_types': ['count_distinct_exp', 'single_exp_number', 'single_exp_number'], 'distinct_type': 'none', 'min_max_depth_in_subquery': [1, 1]}","SELECT COUNT(DISTINCT channel.Channel_ID), s.Channel_ID, channel.Rating_in_percent FROM channel JOIN channel AS s ON channel.Channel_ID = s.Channel_ID WHERE channel.Channel_ID BETWEEN 1 AND 10 OR  channel.Rating_in_percent = 35"
"{'meaningful_joins': 'yes', 'table_exp_type': 'single_table', 'where_type': {'logical_operator': ['OR', 'between', 'not_exists_subquery']}, 'number_of_value_exp_in_group_by': 1, 'having_type': {'single': 'MAX'}, 'orderby_type': 'none', 'limit_type': 'none', 'value_exp_types': ['single_exp_number', 'single_exp_number'], 'distinct_type': 'none', 'min_max_depth_in_subquery': [1, 1]}","SELECT Program_ID, Launch, Name FROM program WHERE Launch BETWEEN 1 AND 10 OR EXISTS (SELECT * FROM broadcast_share WHERE  Share_in_percent != 8 AND program.Program_ID = Program_ID) GROUP BY Name HAVING MAX(Program_ID) = 15"
"{'meaningful_joins': 'yes', 'table_exp_type': 'single_table_with_name_changing', 'where_type': {'logical_operator': ['OR', 'between', 'basic_comparison']}, 'number_of_value_exp_in_group_by': 0, 'having_type': 'none', 'orderby_type': 'none', 'limit_type': 'none', 'value_exp_types': ['single_exp_text', 'single_exp_text'], 'distinct_type': 'none', 'min_max_depth_in_subquery': [1, 1]}","SELECT i.Date, i.Date FROM broadcast_share AS i WHERE i.Program_ID BETWEEN 1 AND 10 OR  i.Channel_ID >= 10"
"{'meaningful_joins': 'yes', 'table_exp_type': 'single_table', 'where_type': {'basic_comparison': '='}, 'number_of_value_exp_in_group_by': 0, 'having_type': 'none', 'orderby_type': 'none', 'limit_type': 'none', 'value_exp_types': ['single_exp_number', 'single_exp_number', 'single_exp_number'], 'distinct_type': 'none', 'min_max_depth_in_subquery': [1, 1]}","SELECT Program_ID, Program_ID, Program_ID FROM program WHERE  Program_ID = 10"
"{'meaningful_joins': 'yes', 'table_exp_type': 'SELF JOIN', 'where_type': {'logical_operator': ['OR', 'between', 'not_in_with_subquery']}, 'number_of_value_exp_in_group_by': 0, 'having_type': 'none', 'orderby_type': 'none', 'limit_type': 'none', 'value_exp_types': ['single_exp_text'], 'distinct_type': 'none', 'min_max_depth_in_subquery': [1, 1]}",SELECT program.Owner FROM program AS a JOIN program ON program.Program_ID = a.Program_ID WHERE program.Program_ID BETWEEN 1 AND 10 OR Name NOT IN (SELECT Name FROM program)
