Specification,query
"{'meaningful_joins': 'yes', 'table_exp_type': 'SELF JOIN', 'where_type': {'basic_comparison': '='}, 'number_of_value_exp_in_group_by': 1, 'having_type': 'none', 'orderby_type': 'ASC', 'limit_type': 'without_offset', 'value_exp_types': ['agg_exp'], 'distinct_type': 'none', 'min_max_depth_in_subquery': [1, 1]}","SELECT MAX(x.sequence_length), protein.sequence_identity_to_human_protein FROM protein AS x JOIN protein ON protein.common_name = x.common_name WHERE  x.sequence_length = 93 GROUP BY protein.sequence_identity_to_human_protein ORDER BY protein.sequence_identity_to_human_protein ASC LIMIT 8"
"{'meaningful_joins': 'yes', 'table_exp_type': 'single_table_with_name_changing', 'where_type': {'basic_comparison': '='}, 'number_of_value_exp_in_group_by': 1, 'having_type': {'single': 'MIN'}, 'orderby_type': 'DESC', 'limit_type': 'without_offset', 'value_exp_types': ['single_exp_number', 'single_exp_number'], 'distinct_type': 'none', 'min_max_depth_in_subquery': [1, 1]}","SELECT m.Floors, m.Height_feet, m.Name FROM building AS m WHERE  m.Floors = 82 GROUP BY m.Name HAVING MIN(m.Floors) >= 29 ORDER BY m.Name DESC LIMIT 5"
"{'meaningful_joins': 'yes', 'table_exp_type': 'JOIN_JOIN', 'where_type': {'logical_operator': ['AND', 'basic_comparison', 'not_exists_subquery']}, 'number_of_value_exp_in_group_by': 0, 'having_type': 'none', 'orderby_type': 'none', 'limit_type': 'none', 'value_exp_types': ['single_exp_text', 'single_exp_text'], 'distinct_type': 'none', 'min_max_depth_in_subquery': [1, 1]}","SELECT Institution.building_id, Location FROM building JOIN protein JOIN Institution ON Institution.building_id = building.building_id AND protein.Institution_id = Institution.Institution_id WHERE  Founded >= 40 AND EXISTS (SELECT * FROM Institution WHERE  Enrollment <= 41 AND protein.common_name = Institution_id)"
"{'meaningful_joins': 'yes', 'table_exp_type': 'JOIN', 'where_type': {'logical_operator': ['AND', 'between', 'basic_comparison']}, 'number_of_value_exp_in_group_by': 1, 'having_type': {'single': 'MIN'}, 'orderby_type': 'none', 'limit_type': 'without_offset', 'value_exp_types': ['single_exp_number', 'single_exp_number', 'single_exp_text'], 'distinct_type': 'none', 'min_max_depth_in_subquery': [1, 1]}","SELECT divergence_from_human_lineage, divergence_from_human_lineage, Type FROM protein JOIN Institution ON protein.Institution_id = Institution.Institution_id WHERE sequence_length BETWEEN 1 AND 10 AND  sequence_length < 51 GROUP BY Type HAVING MIN(Enrollment) <= 84 LIMIT 7"
"{'meaningful_joins': 'yes', 'table_exp_type': 'single_table_with_name_changing', 'where_type': {'basic_comparison': '<='}, 'number_of_value_exp_in_group_by': 0, 'having_type': 'none', 'orderby_type': 'none', 'limit_type': 'none', 'value_exp_types': ['single_exp_number'], 'distinct_type': 'none', 'min_max_depth_in_subquery': [1, 1]}",SELECT r.sequence_length FROM protein AS r WHERE  r.divergence_from_human_lineage <= 94
"{'meaningful_joins': 'yes', 'table_exp_type': 'JOIN_JOIN', 'where_type': {'logical_operator': ['AND', 'between', 'basic_comparison']}, 'number_of_value_exp_in_group_by': 1, 'having_type': 'none', 'orderby_type': 'none', 'limit_type': 'none', 'value_exp_types': ['single_exp_text'], 'distinct_type': 'none', 'min_max_depth_in_subquery': [1, 1]}","SELECT building.building_id, sequence_length FROM building JOIN protein JOIN Institution ON Institution.building_id = building.building_id AND protein.Institution_id = Institution.Institution_id WHERE Founded BETWEEN 1 AND 10 AND  Founded > 66 GROUP BY sequence_length"
"{'meaningful_joins': 'yes', 'table_exp_type': 'SELF JOIN', 'where_type': 'none', 'number_of_value_exp_in_group_by': 1, 'having_type': 'none', 'orderby_type': 'none', 'limit_type': 'without_offset', 'value_exp_types': ['count_distinct_exp'], 'distinct_type': 'none', 'min_max_depth_in_subquery': [1, 1]}","SELECT COUNT(DISTINCT protein.Institution_id), l.divergence_from_human_lineage FROM protein AS l JOIN protein ON protein.common_name = l.common_name GROUP BY l.divergence_from_human_lineage LIMIT 7"
"{'meaningful_joins': 'yes', 'table_exp_type': 'single_table_with_name_changing', 'where_type': {'basic_comparison': '>'}, 'number_of_value_exp_in_group_by': 1, 'having_type': {'single': 'SUM'}, 'orderby_type': 'none', 'limit_type': 'none', 'value_exp_types': ['single_exp_number'], 'distinct_type': 'none', 'min_max_depth_in_subquery': [1, 1]}","SELECT q.divergence_from_human_lineage, q.sequence_identity_to_human_protein FROM protein AS q WHERE  q.sequence_length > 32 GROUP BY q.sequence_identity_to_human_protein HAVING SUM(q.divergence_from_human_lineage) >= 14"
"{'meaningful_joins': 'yes', 'table_exp_type': 'single_table_with_name_changing', 'where_type': {'basic_comparison': '!='}, 'number_of_value_exp_in_group_by': 1, 'having_type': {'single': 'SUM'}, 'orderby_type': 'none', 'limit_type': 'none', 'value_exp_types': ['count_distinct_exp', 'single_exp_number'], 'distinct_type': 'none', 'min_max_depth_in_subquery': [1, 1]}","SELECT COUNT(DISTINCT t.accession_number), t.sequence_length, t.divergence_from_human_lineage FROM protein AS t WHERE  t.sequence_length != 59 GROUP BY t.divergence_from_human_lineage HAVING SUM(t.divergence_from_human_lineage) <= 50"
"{'meaningful_joins': 'yes', 'table_exp_type': 'single_table_with_name_changing', 'where_type': {'basic_comparison': '>='}, 'number_of_value_exp_in_group_by': 1, 'having_type': {'single': 'MIN'}, 'orderby_type': 'DESC', 'limit_type': 'without_offset', 'value_exp_types': ['single_exp_text', 'single_exp_text'], 'distinct_type': 'none', 'min_max_depth_in_subquery': [1, 1]}","SELECT v.Years_as_tallest, v.building_id, v.Floors FROM building AS v WHERE  v.Floors >= 81 GROUP BY v.Floors HAVING MIN(v.Floors) >= 34 ORDER BY v.Floors DESC LIMIT 7"
"{'meaningful_joins': 'yes', 'table_exp_type': 'JOIN', 'where_type': {'basic_comparison': '>='}, 'number_of_value_exp_in_group_by': 0, 'having_type': 'none', 'orderby_type': 'none', 'limit_type': 'none', 'value_exp_types': ['single_exp_number', 'single_exp_number'], 'distinct_type': 'none', 'min_max_depth_in_subquery': [1, 1]}","SELECT divergence_from_human_lineage, Founded FROM protein JOIN Institution ON protein.Institution_id = Institution.Institution_id WHERE  sequence_length >= 19"
"{'meaningful_joins': 'yes', 'table_exp_type': 'SELF JOIN', 'where_type': {'basic_comparison': '>'}, 'number_of_value_exp_in_group_by': 0, 'having_type': 'none', 'orderby_type': 'none', 'limit_type': 'without_offset', 'value_exp_types': ['single_exp_text'], 'distinct_type': 'none', 'min_max_depth_in_subquery': [1, 1]}",SELECT Institution.Institution FROM Institution AS y JOIN Institution ON Institution.Institution_id = y.Institution_id WHERE  y.Founded > 45 LIMIT 9
"{'meaningful_joins': 'yes', 'table_exp_type': 'JOIN', 'where_type': {'basic_comparison': '<='}, 'number_of_value_exp_in_group_by': 0, 'having_type': 'none', 'orderby_type': 'none', 'limit_type': 'none', 'value_exp_types': ['agg_exp'], 'distinct_type': 'none', 'min_max_depth_in_subquery': [1, 1]}",SELECT AVG(Enrollment) FROM building JOIN Institution ON Institution.building_id = building.building_id WHERE  Floors <= 71
"{'meaningful_joins': 'yes', 'table_exp_type': 'JOIN_JOIN', 'where_type': {'logical_operator': ['AND', 'between', 'comparison_with_subquery']}, 'number_of_value_exp_in_group_by': 0, 'having_type': 'none', 'orderby_type': 'DESC', 'limit_type': 'none', 'value_exp_types': ['single_exp_text'], 'distinct_type': 'none', 'min_max_depth_in_subquery': [1, 1]}",SELECT protein_name FROM building JOIN protein JOIN Institution ON Institution.building_id = building.building_id AND protein.Institution_id = Institution.Institution_id WHERE Founded BETWEEN 1 AND 10 AND divergence_from_human_lineage > (SELECT MAX(divergence_from_human_lineage) FROM protein WHERE  sequence_length <= 65) ORDER BY protein_name DESC
"{'meaningful_joins': 'yes', 'table_exp_type': 'single_table_with_name_changing', 'where_type': {'basic_comparison': '='}, 'number_of_value_exp_in_group_by': 0, 'having_type': 'none', 'orderby_type': 'ASC', 'limit_type': 'none', 'value_exp_types': ['single_exp_text'], 'distinct_type': 'none', 'min_max_depth_in_subquery': [1, 1]}",SELECT v.Institution_id FROM protein AS v WHERE  v.divergence_from_human_lineage = 57 ORDER BY v.Institution_id ASC
"{'meaningful_joins': 'yes', 'table_exp_type': 'SELF JOIN', 'where_type': {'basic_comparison': '>='}, 'number_of_value_exp_in_group_by': 1, 'having_type': {'single': 'COUNT'}, 'orderby_type': 'none', 'limit_type': 'none', 'value_exp_types': ['agg_exp', 'single_exp_number'], 'distinct_type': 'none', 'min_max_depth_in_subquery': [1, 1]}","SELECT MIN(s.Floors), building.Floors, building.Name FROM building JOIN building AS s ON building.building_id = s.building_id WHERE  building.Floors >= 7 GROUP BY building.Name HAVING COUNT(building.Floors) <= 10"
"{'meaningful_joins': 'yes', 'table_exp_type': 'single_table_with_name_changing', 'where_type': {'logical_operator': ['OR', 'between', 'basic_comparison']}, 'number_of_value_exp_in_group_by': 0, 'having_type': 'none', 'orderby_type': 'none', 'limit_type': 'without_offset', 'value_exp_types': ['single_exp_number'], 'distinct_type': 'none', 'min_max_depth_in_subquery': [1, 1]}",SELECT x.Founded FROM Institution AS x WHERE x.Enrollment BETWEEN 1 AND 10 OR  x.Enrollment = 1 LIMIT 3
"{'meaningful_joins': 'yes', 'table_exp_type': 'single_table', 'where_type': {'basic_comparison': '<'}, 'number_of_value_exp_in_group_by': 0, 'having_type': 'none', 'orderby_type': 'DESC', 'limit_type': 'none', 'value_exp_types': ['agg_exp', 'single_exp_text'], 'distinct_type': 'none', 'min_max_depth_in_subquery': [1, 1]}","SELECT COUNT(divergence_from_human_lineage), accession_number FROM protein WHERE  sequence_length < 23 ORDER BY accession_number DESC"
"{'meaningful_joins': 'yes', 'table_exp_type': 'JOIN_JOIN', 'where_type': {'logical_operator': ['OR', 'between', 'exists_subquery']}, 'number_of_value_exp_in_group_by': 1, 'having_type': {'single': 'MAX'}, 'orderby_type': 'none', 'limit_type': 'none', 'value_exp_types': ['agg_exp'], 'distinct_type': 'none', 'min_max_depth_in_subquery': [1, 1]}","SELECT MAX(divergence_from_human_lineage), Institution.building_id FROM building JOIN protein JOIN Institution ON Institution.building_id = building.building_id AND protein.Institution_id = Institution.Institution_id WHERE Floors BETWEEN 1 AND 10 OR EXISTS (SELECT * FROM Institution AS n WHERE n.Founded BETWEEN 1 AND 10 AND protein.common_name = n.Institution_id) GROUP BY Institution.building_id HAVING MAX(Floors) > 77"
"{'meaningful_joins': 'yes', 'table_exp_type': 'single_table', 'where_type': 'none', 'number_of_value_exp_in_group_by': 0, 'having_type': 'none', 'orderby_type': 'none', 'limit_type': 'without_offset', 'value_exp_types': ['single_exp_number', 'single_exp_number'], 'distinct_type': 'none', 'min_max_depth_in_subquery': [1, 1]}","SELECT sequence_length, divergence_from_human_lineage FROM protein LIMIT 4"
"{'meaningful_joins': 'yes', 'table_exp_type': 'single_table', 'where_type': {'logical_operator': ['OR', 'basic_comparison', 'not_exists_subquery']}, 'number_of_value_exp_in_group_by': 0, 'having_type': 'none', 'orderby_type': 'none', 'limit_type': 'none', 'value_exp_types': ['single_exp_number'], 'distinct_type': 'none', 'min_max_depth_in_subquery': [1, 1]}",SELECT Floors FROM building WHERE  Floors = 5 OR EXISTS (SELECT * FROM Institution WHERE Founded BETWEEN 1 AND 10 AND building.building_id = building_id)
"{'meaningful_joins': 'yes', 'table_exp_type': 'JOIN_JOIN', 'where_type': {'logical_operator': ['AND', 'between', 'basic_comparison']}, 'number_of_value_exp_in_group_by': 1, 'having_type': 'none', 'orderby_type': 'none', 'limit_type': 'none', 'value_exp_types': ['agg_exp', 'single_exp_number'], 'distinct_type': 'none', 'min_max_depth_in_subquery': [1, 1]}","SELECT MAX(sequence_length), sequence_length, protein_name FROM building JOIN protein JOIN Institution ON Institution.building_id = building.building_id AND protein.Institution_id = Institution.Institution_id WHERE Floors BETWEEN 1 AND 10 AND  divergence_from_human_lineage <= 79 GROUP BY protein_name"
"{'meaningful_joins': 'yes', 'table_exp_type': 'single_table', 'where_type': {'basic_comparison': '<'}, 'number_of_value_exp_in_group_by': 0, 'having_type': 'none', 'orderby_type': 'ASC', 'limit_type': 'without_offset', 'value_exp_types': ['single_exp_number', 'single_exp_text', 'single_exp_text'], 'distinct_type': 'none', 'min_max_depth_in_subquery': [1, 1]}","SELECT Floors, Name, Name FROM building WHERE  Floors < 0 ORDER BY Floors ASC LIMIT 6"
"{'meaningful_joins': 'yes', 'table_exp_type': 'single_table_with_name_changing', 'where_type': {'basic_comparison': '<='}, 'number_of_value_exp_in_group_by': 1, 'having_type': {'single': 'AVG'}, 'orderby_type': 'none', 'limit_type': 'without_offset', 'value_exp_types': ['single_exp_text'], 'distinct_type': 'none', 'min_max_depth_in_subquery': [1, 1]}","SELECT b.Type, b.Institution FROM Institution AS b WHERE  b.Founded <= 88 GROUP BY b.Institution HAVING AVG(b.Enrollment) > 83 LIMIT 2"
"{'meaningful_joins': 'yes', 'table_exp_type': 'JOIN_JOIN', 'where_type': {'logical_operator': ['AND', 'between', 'basic_comparison']}, 'number_of_value_exp_in_group_by': 0, 'having_type': 'none', 'orderby_type': 'none', 'limit_type': 'without_offset', 'value_exp_types': ['single_exp_text', 'single_exp_text'], 'distinct_type': 'none', 'min_max_depth_in_subquery': [1, 1]}","SELECT Street_address, Primary_Conference FROM building JOIN protein JOIN Institution ON Institution.building_id = building.building_id AND protein.Institution_id = Institution.Institution_id WHERE Floors BETWEEN 1 AND 10 AND  divergence_from_human_lineage <= 40 LIMIT 8"
"{'meaningful_joins': 'yes', 'table_exp_type': 'single_table', 'where_type': {'logical_operator': ['AND', 'between', 'in_with_subquery']}, 'number_of_value_exp_in_group_by': 0, 'having_type': 'none', 'orderby_type': 'none', 'limit_type': 'none', 'value_exp_types': ['count_distinct_exp'], 'distinct_type': 'none', 'min_max_depth_in_subquery': [1, 1]}",SELECT COUNT(DISTINCT Height_feet) FROM building WHERE Floors BETWEEN 1 AND 10 AND building_id IN (SELECT building_id FROM Institution AS v WHERE v.Founded BETWEEN 1 AND 10)
"{'meaningful_joins': 'yes', 'table_exp_type': 'single_table_with_name_changing', 'where_type': {'basic_comparison': '>'}, 'number_of_value_exp_in_group_by': 0, 'having_type': 'none', 'orderby_type': 'DESC', 'limit_type': 'without_offset', 'value_exp_types': ['single_exp_number'], 'distinct_type': 'none', 'min_max_depth_in_subquery': [1, 1]}",SELECT u.Enrollment FROM Institution AS u WHERE  u.Enrollment > 10 ORDER BY u.Enrollment DESC LIMIT 9
"{'meaningful_joins': 'yes', 'table_exp_type': 'single_table', 'where_type': {'basic_comparison': '<='}, 'number_of_value_exp_in_group_by': 0, 'having_type': 'none', 'orderby_type': 'none', 'limit_type': 'without_offset', 'value_exp_types': ['single_exp_number'], 'distinct_type': 'none', 'min_max_depth_in_subquery': [1, 1]}",SELECT divergence_from_human_lineage FROM protein WHERE  sequence_length <= 28 LIMIT 4
"{'meaningful_joins': 'yes', 'table_exp_type': 'single_table', 'where_type': {'basic_comparison': '<='}, 'number_of_value_exp_in_group_by': 0, 'having_type': 'none', 'orderby_type': 'none', 'limit_type': 'none', 'value_exp_types': ['single_exp_text', 'single_exp_text'], 'distinct_type': 'none', 'min_max_depth_in_subquery': [1, 1]}","SELECT accession_number, sequence_identity_to_human_protein FROM protein WHERE  sequence_length <= 62"
"{'meaningful_joins': 'yes', 'table_exp_type': 'single_table', 'where_type': {'logical_operator': ['AND', 'between', 'basic_comparison']}, 'number_of_value_exp_in_group_by': 0, 'having_type': 'none', 'orderby_type': 'DESC', 'limit_type': 'without_offset', 'value_exp_types': ['single_exp_number', 'single_exp_text'], 'distinct_type': 'none', 'min_max_depth_in_subquery': [1, 1]}","SELECT sequence_length, Institution_id FROM protein WHERE sequence_length BETWEEN 1 AND 10 AND  sequence_length <= 61 ORDER BY sequence_length DESC LIMIT 3"
"{'meaningful_joins': 'yes', 'table_exp_type': 'single_table_with_name_changing', 'where_type': {'basic_comparison': '!='}, 'number_of_value_exp_in_group_by': 0, 'having_type': 'none', 'orderby_type': 'none', 'limit_type': 'none', 'value_exp_types': ['single_exp_number', 'single_exp_number'], 'distinct_type': 'none', 'min_max_depth_in_subquery': [1, 1]}","SELECT j.divergence_from_human_lineage, j.sequence_length FROM protein AS j WHERE  j.divergence_from_human_lineage != 33"
"{'meaningful_joins': 'yes', 'table_exp_type': 'JOIN', 'where_type': 'between', 'number_of_value_exp_in_group_by': 0, 'having_type': 'none', 'orderby_type': 'ASC', 'limit_type': 'without_offset', 'value_exp_types': ['agg_exp', 'single_exp_text'], 'distinct_type': 'none', 'min_max_depth_in_subquery': [1, 1]}","SELECT COUNT(Enrollment), Institution_id FROM building JOIN Institution ON Institution.building_id = building.building_id WHERE Floors BETWEEN 1 AND 10 ORDER BY Institution_id ASC LIMIT 5"
"{'meaningful_joins': 'yes', 'table_exp_type': 'JOIN_JOIN', 'where_type': {'basic_comparison': '<='}, 'number_of_value_exp_in_group_by': 0, 'having_type': 'none', 'orderby_type': 'none', 'limit_type': 'without_offset', 'value_exp_types': ['single_exp_text'], 'distinct_type': 'none', 'min_max_depth_in_subquery': [1, 1]}",SELECT protein.Institution_id FROM building JOIN protein JOIN Institution ON Institution.building_id = building.building_id AND protein.Institution_id = Institution.Institution_id WHERE  sequence_length <= 43 LIMIT 7
