Specification,query
"{'meaningful_joins': 'yes', 'table_exp_type': 'single_table_with_name_changing', 'where_type': {'logical_operator': ['OR', 'between', 'basic_comparison']}, 'number_of_value_exp_in_group_by': 1, 'having_type': {'single': 'MAX'}, 'orderby_type': 'none', 'limit_type': 'none', 'value_exp_types': ['single_exp_text', 'single_exp_text'], 'distinct_type': 'none', 'min_max_depth_in_subquery': [1, 1]}","SELECT q.ObjectNumber, q.Location, q.Railway FROM railway AS q WHERE q.Railway_ID BETWEEN 1 AND 10 OR  q.Railway_ID > 70 GROUP BY q.Railway HAVING MAX(q.Railway_ID) < 53"
"{'meaningful_joins': 'yes', 'table_exp_type': 'JOIN_JOIN', 'where_type': {'logical_operator': ['OR', 'between', 'exists_subquery']}, 'number_of_value_exp_in_group_by': 0, 'having_type': 'none', 'orderby_type': 'DESC', 'limit_type': 'none', 'value_exp_types': ['single_exp_text'], 'distinct_type': 'none', 'min_max_depth_in_subquery': [1, 1]}",SELECT Built FROM railway_manage JOIN railway JOIN train ON railway.Railway_ID = train.Railway_ID AND railway_manage.Railway_ID = railway.Railway_ID WHERE Train_ID BETWEEN 1 AND 10 OR EXISTS (SELECT * FROM manager WHERE railway_manage.Railway_ID = Manager_ID) ORDER BY Built DESC
"{'meaningful_joins': 'yes', 'table_exp_type': 'single_table_with_name_changing', 'where_type': {'logical_operator': ['OR', 'between', 'in_with_subquery']}, 'number_of_value_exp_in_group_by': 1, 'having_type': 'none', 'orderby_type': 'ASC', 'limit_type': 'none', 'value_exp_types': ['single_exp_text', 'single_exp_text'], 'distinct_type': 'none', 'min_max_depth_in_subquery': [1, 1]}","SELECT w.From_Year, w.From_Year FROM railway_manage AS w WHERE w.Railway_ID BETWEEN 1 AND 10 OR From_Year IN (SELECT From_Year FROM railway_manage WHERE Manager_ID BETWEEN 1 AND 10 AND  Railway_ID <= 65) GROUP BY w.From_Year ORDER BY w.From_Year ASC"
"{'meaningful_joins': 'yes', 'table_exp_type': 'single_table', 'where_type': {'basic_comparison': '<='}, 'number_of_value_exp_in_group_by': 0, 'having_type': 'none', 'orderby_type': 'none', 'limit_type': 'none', 'value_exp_types': ['single_exp_number'], 'distinct_type': 'none', 'min_max_depth_in_subquery': [1, 1]}",SELECT Railway_ID FROM railway WHERE  Railway_ID <= 54
"{'meaningful_joins': 'yes', 'table_exp_type': 'single_table', 'where_type': {'basic_comparison': '<'}, 'number_of_value_exp_in_group_by': 0, 'having_type': 'none', 'orderby_type': 'none', 'limit_type': 'without_offset', 'value_exp_types': ['single_exp_number', 'single_exp_number'], 'distinct_type': 'none', 'min_max_depth_in_subquery': [1, 1]}","SELECT Railway_ID, Manager_ID FROM railway_manage WHERE  Manager_ID < 21 LIMIT 9"
"{'meaningful_joins': 'yes', 'table_exp_type': 'JOIN', 'where_type': {'logical_operator': ['OR', 'between', 'in_with_subquery']}, 'number_of_value_exp_in_group_by': 0, 'having_type': 'none', 'orderby_type': 'none', 'limit_type': 'without_offset', 'value_exp_types': ['single_exp_number', 'single_exp_text'], 'distinct_type': 'none', 'min_max_depth_in_subquery': [1, 1]}","SELECT Railway_ID, Country FROM manager JOIN railway_manage ON manager.Manager_ID = railway_manage.Manager_ID WHERE Age BETWEEN 1 AND 10 OR Age IN (SELECT Age FROM manager AS x LIMIT 1) LIMIT 9"
"{'meaningful_joins': 'yes', 'table_exp_type': 'JOIN', 'where_type': {'logical_operator': ['OR', 'basic_comparison', 'exists_subquery']}, 'number_of_value_exp_in_group_by': 0, 'having_type': 'none', 'orderby_type': 'none', 'limit_type': 'without_offset', 'value_exp_types': ['single_exp_number', 'single_exp_number'], 'distinct_type': 'none', 'min_max_depth_in_subquery': [1, 1]}","SELECT railway.Railway_ID, railway.Railway_ID FROM railway JOIN train ON railway.Railway_ID = train.Railway_ID WHERE  train.Railway_ID >= 17 OR EXISTS (SELECT * FROM train WHERE  Railway_ID <= 60 AND railway.Railway_ID = Railway_ID) LIMIT 8"
"{'meaningful_joins': 'yes', 'table_exp_type': 'JOIN', 'where_type': 'none', 'number_of_value_exp_in_group_by': 0, 'having_type': 'none', 'orderby_type': 'none', 'limit_type': 'without_offset', 'value_exp_types': ['agg_exp', 'single_exp_text'], 'distinct_type': 'none', 'min_max_depth_in_subquery': [1, 1]}","SELECT MAX(railway.Railway_ID), ObjectNumber FROM railway_manage JOIN railway ON railway_manage.Railway_ID = railway.Railway_ID LIMIT 2"
"{'meaningful_joins': 'yes', 'table_exp_type': 'single_table', 'where_type': {'basic_comparison': '!='}, 'number_of_value_exp_in_group_by': 0, 'having_type': 'none', 'orderby_type': 'ASC', 'limit_type': 'none', 'value_exp_types': ['single_exp_text', 'single_exp_text'], 'distinct_type': 'none', 'min_max_depth_in_subquery': [1, 1]}","SELECT Name, Working_year_starts FROM manager WHERE  Level != 17 ORDER BY Name ASC"
"{'meaningful_joins': 'yes', 'table_exp_type': 'single_table_with_name_changing', 'where_type': {'basic_comparison': '>='}, 'number_of_value_exp_in_group_by': 0, 'having_type': 'none', 'orderby_type': 'none', 'limit_type': 'none', 'value_exp_types': ['single_exp_number'], 'distinct_type': 'none', 'min_max_depth_in_subquery': [1, 1]}",SELECT b.Train_ID FROM train AS b WHERE  b.Railway_ID >= 14
"{'meaningful_joins': 'yes', 'table_exp_type': 'single_table_with_name_changing', 'where_type': 'not_in_with_subquery', 'number_of_value_exp_in_group_by': 0, 'having_type': 'none', 'orderby_type': 'none', 'limit_type': 'without_offset', 'value_exp_types': ['count_distinct_exp'], 'distinct_type': 'none', 'min_max_depth_in_subquery': [1, 1]}",SELECT COUNT(DISTINCT w.Train_Num) FROM train AS w WHERE Train_ID NOT IN (SELECT Train_ID FROM train AS c WHERE  c.Railway_ID < 6) LIMIT 4
"{'meaningful_joins': 'yes', 'table_exp_type': 'JOIN_JOIN', 'where_type': {'logical_operator': ['OR', 'between', 'basic_comparison']}, 'number_of_value_exp_in_group_by': 1, 'having_type': {'single': 'COUNT'}, 'orderby_type': 'ASC', 'limit_type': 'without_offset', 'value_exp_types': ['agg_exp', 'single_exp_number'], 'distinct_type': 'none', 'min_max_depth_in_subquery': [1, 1]}","SELECT MIN(Age), manager.Manager_ID, railway_manage.Manager_ID FROM manager JOIN railway_manage JOIN railway ON railway_manage.Railway_ID = railway.Railway_ID AND manager.Manager_ID = railway_manage.Manager_ID WHERE railway.Railway_ID BETWEEN 1 AND 10 OR  railway_manage.Railway_ID != 48 GROUP BY railway_manage.Manager_ID HAVING COUNT(railway_manage.Manager_ID) > 95 ORDER BY manager.Manager_ID ASC LIMIT 1"
"{'meaningful_joins': 'yes', 'table_exp_type': 'SELF JOIN', 'where_type': {'logical_operator': ['AND', 'between', 'basic_comparison']}, 'number_of_value_exp_in_group_by': 0, 'having_type': 'none', 'orderby_type': 'none', 'limit_type': 'none', 'value_exp_types': ['agg_exp'], 'distinct_type': 'none', 'min_max_depth_in_subquery': [1, 1]}",SELECT MAX(n.Level) FROM manager JOIN manager AS n ON manager.Manager_ID = n.Manager_ID WHERE n.Age BETWEEN 1 AND 10 AND  n.Manager_ID >= 86
"{'meaningful_joins': 'yes', 'table_exp_type': 'single_table_with_name_changing', 'where_type': {'basic_comparison': '>'}, 'number_of_value_exp_in_group_by': 0, 'having_type': 'none', 'orderby_type': 'none', 'limit_type': 'without_offset', 'value_exp_types': ['single_exp_text'], 'distinct_type': 'none', 'min_max_depth_in_subquery': [1, 1]}",SELECT d.Wheels FROM railway AS d WHERE  d.Railway_ID > 9 LIMIT 2
"{'meaningful_joins': 'yes', 'table_exp_type': 'single_table', 'where_type': {'logical_operator': ['AND', 'between', 'comparison_with_subquery']}, 'number_of_value_exp_in_group_by': 0, 'having_type': 'none', 'orderby_type': 'DESC', 'limit_type': 'none', 'value_exp_types': ['agg_exp', 'single_exp_number'], 'distinct_type': 'none', 'min_max_depth_in_subquery': [1, 1]}","SELECT MIN(Manager_ID), Railway_ID FROM railway_manage WHERE Railway_ID BETWEEN 1 AND 10 AND From_Year <= (SELECT SUM(From_Year) FROM railway_manage WHERE Manager_ID BETWEEN 1 AND 10 OR  Railway_ID = 39) ORDER BY Railway_ID DESC"
"{'meaningful_joins': 'yes', 'table_exp_type': 'single_table', 'where_type': {'logical_operator': ['OR', 'between', 'exists_subquery']}, 'number_of_value_exp_in_group_by': 1, 'having_type': {'single': 'AVG'}, 'orderby_type': 'none', 'limit_type': 'none', 'value_exp_types': ['single_exp_text'], 'distinct_type': 'none', 'min_max_depth_in_subquery': [1, 1]}","SELECT From_Year, Manager_ID FROM railway_manage WHERE Railway_ID BETWEEN 1 AND 10 OR EXISTS (SELECT * FROM railway AS d WHERE  d.Railway_ID != 37 AND railway_manage.Railway_ID = d.Railway_ID LIMIT 1) GROUP BY Manager_ID HAVING AVG(Railway_ID) = 85"
"{'meaningful_joins': 'yes', 'table_exp_type': 'JOIN_JOIN', 'where_type': {'logical_operator': ['OR', 'basic_comparison', 'not_in_with_subquery']}, 'number_of_value_exp_in_group_by': 1, 'having_type': 'none', 'orderby_type': 'DESC', 'limit_type': 'none', 'value_exp_types': ['agg_exp', 'single_exp_text'], 'distinct_type': 'none', 'min_max_depth_in_subquery': [1, 1]}","SELECT SUM(Manager_ID), Builder, Name FROM railway_manage JOIN railway JOIN train ON railway.Railway_ID = train.Railway_ID AND railway_manage.Railway_ID = railway.Railway_ID WHERE  railway_manage.Railway_ID = 100 OR From_Year NOT IN (SELECT From_Year FROM railway_manage AS e WHERE e.Manager_ID BETWEEN 1 AND 10 OR  e.Manager_ID != 43) GROUP BY Name ORDER BY Name DESC"
"{'meaningful_joins': 'yes', 'table_exp_type': 'JOIN', 'where_type': 'none', 'number_of_value_exp_in_group_by': 0, 'having_type': 'none', 'orderby_type': 'ASC', 'limit_type': 'without_offset', 'value_exp_types': ['single_exp_number', 'single_exp_text'], 'distinct_type': 'none', 'min_max_depth_in_subquery': [1, 1]}","SELECT railway_manage.Railway_ID, Built FROM railway_manage JOIN railway ON railway_manage.Railway_ID = railway.Railway_ID ORDER BY railway_manage.Railway_ID ASC LIMIT 8"
"{'meaningful_joins': 'yes', 'table_exp_type': 'single_table_with_name_changing', 'where_type': {'basic_comparison': '<='}, 'number_of_value_exp_in_group_by': 1, 'having_type': 'none', 'orderby_type': 'none', 'limit_type': 'none', 'value_exp_types': ['agg_exp', 'single_exp_number', 'single_exp_text'], 'distinct_type': 'none', 'min_max_depth_in_subquery': [1, 1]}","SELECT MAX(f.Level), f.Age, f.Country FROM manager AS f WHERE  f.Age <= 80 GROUP BY f.Country"
"{'meaningful_joins': 'yes', 'table_exp_type': 'single_table', 'where_type': {'basic_comparison': '!='}, 'number_of_value_exp_in_group_by': 0, 'having_type': 'none', 'orderby_type': 'none', 'limit_type': 'none', 'value_exp_types': ['agg_exp', 'single_exp_text'], 'distinct_type': 'none', 'min_max_depth_in_subquery': [1, 1]}","SELECT AVG(Railway_ID), From_Year FROM railway_manage WHERE  Manager_ID != 76"
"{'meaningful_joins': 'yes', 'table_exp_type': 'JOIN', 'where_type': {'logical_operator': ['AND', 'between', 'basic_comparison']}, 'number_of_value_exp_in_group_by': 1, 'having_type': {'single': 'AVG'}, 'orderby_type': 'none', 'limit_type': 'none', 'value_exp_types': ['count_distinct_exp', 'single_exp_text'], 'distinct_type': 'none', 'min_max_depth_in_subquery': [1, 1]}","SELECT COUNT(DISTINCT manager.Manager_ID), Working_year_starts FROM manager JOIN railway_manage ON manager.Manager_ID = railway_manage.Manager_ID WHERE Railway_ID BETWEEN 1 AND 10 AND  Age = 4 GROUP BY Working_year_starts HAVING AVG(manager.Manager_ID) > 95"
"{'meaningful_joins': 'yes', 'table_exp_type': 'SELF JOIN', 'where_type': 'none', 'number_of_value_exp_in_group_by': 0, 'having_type': 'none', 'orderby_type': 'none', 'limit_type': 'without_offset', 'value_exp_types': ['agg_exp'], 'distinct_type': 'none', 'min_max_depth_in_subquery': [1, 1]}",SELECT AVG(railway_manage.Manager_ID) FROM railway_manage JOIN railway_manage AS j ON railway_manage.Railway_ID = j.Railway_ID LIMIT 2
"{'meaningful_joins': 'yes', 'table_exp_type': 'JOIN_JOIN', 'where_type': {'logical_operator': ['AND', 'between', 'basic_comparison']}, 'number_of_value_exp_in_group_by': 1, 'having_type': 'none', 'orderby_type': 'none', 'limit_type': 'none', 'value_exp_types': ['count_distinct_exp'], 'distinct_type': 'none', 'min_max_depth_in_subquery': [1, 1]}","SELECT COUNT(DISTINCT ObjectNumber), Arrival FROM railway_manage JOIN railway JOIN train ON railway.Railway_ID = train.Railway_ID AND railway_manage.Railway_ID = railway.Railway_ID WHERE Train_ID BETWEEN 1 AND 10 AND  Train_ID <= 84 GROUP BY Arrival"
"{'meaningful_joins': 'yes', 'table_exp_type': 'JOIN', 'where_type': {'basic_comparison': '<'}, 'number_of_value_exp_in_group_by': 0, 'having_type': 'none', 'orderby_type': 'ASC', 'limit_type': 'none', 'value_exp_types': ['agg_exp', 'single_exp_number'], 'distinct_type': 'none', 'min_max_depth_in_subquery': [1, 1]}","SELECT SUM(manager.Manager_ID), manager.Manager_ID FROM manager JOIN railway_manage ON manager.Manager_ID = railway_manage.Manager_ID WHERE  Railway_ID < 88 ORDER BY manager.Manager_ID ASC"
"{'meaningful_joins': 'yes', 'table_exp_type': 'single_table', 'where_type': 'between', 'number_of_value_exp_in_group_by': 0, 'having_type': 'none', 'orderby_type': 'ASC', 'limit_type': 'none', 'value_exp_types': ['single_exp_number'], 'distinct_type': 'none', 'min_max_depth_in_subquery': [1, 1]}",SELECT Manager_ID FROM manager WHERE Age BETWEEN 1 AND 10 ORDER BY Manager_ID ASC
"{'meaningful_joins': 'yes', 'table_exp_type': 'JOIN_JOIN_JOIN', 'where_type': {'basic_comparison': '='}, 'number_of_value_exp_in_group_by': 0, 'having_type': 'none', 'orderby_type': 'ASC', 'limit_type': 'none', 'value_exp_types': ['single_exp_number', 'single_exp_text'], 'distinct_type': 'none', 'min_max_depth_in_subquery': [1, 1]}","SELECT Level, From_Year FROM manager JOIN railway_manage JOIN railway JOIN train ON railway.Railway_ID = train.Railway_ID AND railway_manage.Railway_ID = railway.Railway_ID AND manager.Manager_ID = railway_manage.Manager_ID WHERE  railway.Railway_ID = 48 ORDER BY From_Year ASC"
"{'meaningful_joins': 'yes', 'table_exp_type': 'SELF JOIN', 'where_type': {'logical_operator': ['OR', 'between', 'basic_comparison']}, 'number_of_value_exp_in_group_by': 0, 'having_type': 'none', 'orderby_type': 'ASC', 'limit_type': 'none', 'value_exp_types': ['single_exp_text', 'single_exp_text'], 'distinct_type': 'none', 'min_max_depth_in_subquery': [1, 1]}","SELECT train.Arrival, v.Train_Num FROM train AS v JOIN train ON train.Train_ID = v.Train_ID WHERE v.Train_ID BETWEEN 1 AND 10 OR  v.Railway_ID > 74 ORDER BY train.Arrival ASC"
"{'meaningful_joins': 'yes', 'table_exp_type': 'JOIN_JOIN', 'where_type': {'logical_operator': ['OR', 'basic_comparison', 'not_exists_subquery']}, 'number_of_value_exp_in_group_by': 0, 'having_type': 'none', 'orderby_type': 'none', 'limit_type': 'none', 'value_exp_types': ['agg_exp', 'single_exp_number'], 'distinct_type': 'none', 'min_max_depth_in_subquery': [1, 1]}","SELECT MIN(train.Railway_ID), Train_ID FROM railway_manage JOIN railway JOIN train ON railway.Railway_ID = train.Railway_ID AND railway_manage.Railway_ID = railway.Railway_ID WHERE  train.Railway_ID >= 20 OR EXISTS (SELECT * FROM railway WHERE Railway_ID BETWEEN 1 AND 10 AND train.Train_ID = Railway_ID)"
"{'meaningful_joins': 'yes', 'table_exp_type': 'single_table_with_name_changing', 'where_type': 'not_in_with_subquery', 'number_of_value_exp_in_group_by': 0, 'having_type': 'none', 'orderby_type': 'DESC', 'limit_type': 'none', 'value_exp_types': ['agg_exp', 'single_exp_text'], 'distinct_type': 'none', 'min_max_depth_in_subquery': [1, 1]}","SELECT SUM(t.Railway_ID), t.From FROM train AS t WHERE Railway_ID NOT IN (SELECT Railway_ID FROM train AS p WHERE  p.Railway_ID < 0 LIMIT 5) ORDER BY t.From DESC"
"{'meaningful_joins': 'yes', 'table_exp_type': 'single_table_with_name_changing', 'where_type': {'basic_comparison': '!='}, 'number_of_value_exp_in_group_by': 0, 'having_type': 'none', 'orderby_type': 'none', 'limit_type': 'none', 'value_exp_types': ['agg_exp', 'count_distinct_exp'], 'distinct_type': 'none', 'min_max_depth_in_subquery': [1, 1]}","SELECT MIN(t.Level), COUNT(DISTINCT t.Name) FROM manager AS t WHERE  t.Age != 58"
"{'meaningful_joins': 'yes', 'table_exp_type': 'JOIN_JOIN_JOIN', 'where_type': 'exists_subquery', 'number_of_value_exp_in_group_by': 0, 'having_type': 'none', 'orderby_type': 'none', 'limit_type': 'none', 'value_exp_types': ['agg_exp', 'agg_exp'], 'distinct_type': 'none', 'min_max_depth_in_subquery': [1, 1]}","SELECT COUNT(manager.Manager_ID), COUNT(railway.Railway_ID) FROM manager JOIN railway_manage JOIN railway JOIN train ON railway.Railway_ID = train.Railway_ID AND railway_manage.Railway_ID = railway.Railway_ID AND manager.Manager_ID = railway_manage.Manager_ID WHERE EXISTS (SELECT * FROM railway WHERE Railway_ID BETWEEN 1 AND 10 AND railway_manage.Railway_ID = Railway_ID)"
