Specification,query
"{'meaningful_joins': 'yes', 'table_exp_type': 'JOIN', 'where_type': {'basic_comparison': '>'}, 'number_of_value_exp_in_group_by': 1, 'having_type': {'single': 'SUM'}, 'orderby_type': 'DESC', 'limit_type': 'without_offset', 'value_exp_types': ['single_exp_number'], 'distinct_type': 'none', 'min_max_depth_in_subquery': [1, 1]}","SELECT agreed_selling_price, date_on_market FROM Ref_Property_Types JOIN Properties ON Properties.property_type_code = Ref_Property_Types.property_type_code WHERE  agreed_selling_price > 22 GROUP BY date_on_market HAVING SUM(vendor_requested_price) <= 21 ORDER BY date_on_market DESC LIMIT 8"
"{'meaningful_joins': 'yes', 'table_exp_type': 'single_table', 'where_type': {'basic_comparison': '>='}, 'number_of_value_exp_in_group_by': 0, 'having_type': 'none', 'orderby_type': 'DESC', 'limit_type': 'none', 'value_exp_types': ['single_exp_text', 'single_exp_text'], 'distinct_type': 'none', 'min_max_depth_in_subquery': [1, 1]}","SELECT property_feature_description, property_feature_description FROM Other_Property_Features WHERE  property_id >= 70 ORDER BY property_feature_description DESC"
"{'meaningful_joins': 'yes', 'table_exp_type': 'JOIN', 'where_type': {'logical_operator': ['AND', 'basic_comparison', 'in_with_subquery']}, 'number_of_value_exp_in_group_by': 1, 'having_type': {'single': 'SUM'}, 'orderby_type': 'none', 'limit_type': 'without_offset', 'value_exp_types': ['single_exp_number'], 'distinct_type': 'none', 'min_max_depth_in_subquery': [1, 1]}","SELECT feature_id, Other_Available_Features.feature_type_code FROM Other_Available_Features JOIN Ref_Feature_Types ON Other_Available_Features.feature_type_code = Ref_Feature_Types.feature_type_code WHERE  feature_id <= 2 AND feature_type_code IN (SELECT feature_type_code FROM Other_Available_Features AS e) GROUP BY Other_Available_Features.feature_type_code HAVING SUM(feature_id) >= 1 LIMIT 1"
"{'meaningful_joins': 'yes', 'table_exp_type': 'SELF JOIN', 'where_type': {'logical_operator': ['OR', 'between', 'basic_comparison']}, 'number_of_value_exp_in_group_by': 1, 'having_type': {'single': 'MAX'}, 'orderby_type': 'DESC', 'limit_type': 'none', 'value_exp_types': ['single_exp_number', 'single_exp_text'], 'distinct_type': 'none', 'min_max_depth_in_subquery': [1, 1]}","SELECT Other_Available_Features.feature_id, Other_Available_Features.feature_name FROM Other_Available_Features AS r JOIN Other_Available_Features ON Other_Available_Features.feature_id = r.feature_id WHERE r.feature_id BETWEEN 1 AND 10 OR  Other_Available_Features.feature_id < 3 GROUP BY Other_Available_Features.feature_name HAVING MAX(Other_Available_Features.feature_id) = 60 ORDER BY Other_Available_Features.feature_name DESC"
"{'meaningful_joins': 'yes', 'table_exp_type': 'single_table', 'where_type': {'logical_operator': ['OR', 'between', 'basic_comparison']}, 'number_of_value_exp_in_group_by': 1, 'having_type': {'single': 'AVG'}, 'orderby_type': 'none', 'limit_type': 'none', 'value_exp_types': ['agg_exp', 'single_exp_number', 'single_exp_number'], 'distinct_type': 'none', 'min_max_depth_in_subquery': [1, 1]}","SELECT MAX(feature_id), feature_id, feature_id, feature_type_code FROM Other_Available_Features WHERE feature_id BETWEEN 1 AND 10 OR  feature_id >= 70 GROUP BY feature_type_code HAVING AVG(feature_id) = 72"
"{'meaningful_joins': 'yes', 'table_exp_type': 'SELF JOIN', 'where_type': {'basic_comparison': '<='}, 'number_of_value_exp_in_group_by': 0, 'having_type': 'none', 'orderby_type': 'none', 'limit_type': 'none', 'value_exp_types': ['single_exp_number', 'single_exp_text'], 'distinct_type': 'none', 'min_max_depth_in_subquery': [1, 1]}","SELECT v.feature_id, v.feature_name FROM Other_Available_Features JOIN Other_Available_Features AS v ON Other_Available_Features.feature_id = v.feature_id WHERE  Other_Available_Features.feature_id <= 69"
"{'meaningful_joins': 'yes', 'table_exp_type': 'JOIN_JOIN', 'where_type': 'none', 'number_of_value_exp_in_group_by': 0, 'having_type': 'none', 'orderby_type': 'none', 'limit_type': 'none', 'value_exp_types': ['single_exp_number', 'single_exp_number'], 'distinct_type': 'none', 'min_max_depth_in_subquery': [1, 1]}","SELECT vendor_requested_price, Other_Property_Features.feature_id FROM Other_Available_Features JOIN Other_Property_Features JOIN Properties ON Other_Available_Features.feature_id = Other_Property_Features.feature_id AND Other_Property_Features.property_id = Properties.property_id"
"{'meaningful_joins': 'yes', 'table_exp_type': 'JOIN', 'where_type': {'logical_operator': ['AND', 'basic_comparison', 'in_with_subquery']}, 'number_of_value_exp_in_group_by': 0, 'having_type': 'none', 'orderby_type': 'ASC', 'limit_type': 'none', 'value_exp_types': ['single_exp_number', 'single_exp_number'], 'distinct_type': 'none', 'min_max_depth_in_subquery': [1, 1]}","SELECT Other_Property_Features.feature_id, property_id FROM Other_Available_Features JOIN Other_Property_Features ON Other_Available_Features.feature_id = Other_Property_Features.feature_id WHERE  property_id = 29 AND feature_id IN (SELECT feature_id FROM Other_Available_Features AS c WHERE c.feature_id BETWEEN 1 AND 10 OR  c.feature_id != 82) ORDER BY property_id ASC"
"{'meaningful_joins': 'yes', 'table_exp_type': 'JOIN', 'where_type': {'basic_comparison': '>='}, 'number_of_value_exp_in_group_by': 0, 'having_type': 'none', 'orderby_type': 'none', 'limit_type': 'none', 'value_exp_types': ['single_exp_number'], 'distinct_type': 'none', 'min_max_depth_in_subquery': [1, 1]}",SELECT feature_id FROM Other_Available_Features JOIN Ref_Feature_Types ON Other_Available_Features.feature_type_code = Ref_Feature_Types.feature_type_code WHERE  feature_id >= 52
"{'meaningful_joins': 'yes', 'table_exp_type': 'JOIN', 'where_type': {'logical_operator': ['AND', 'basic_comparison', 'not_in_with_subquery']}, 'number_of_value_exp_in_group_by': 0, 'having_type': 'none', 'orderby_type': 'none', 'limit_type': 'without_offset', 'value_exp_types': ['single_exp_text', 'single_exp_text'], 'distinct_type': 'none', 'min_max_depth_in_subquery': [1, 1]}","SELECT other_property_details, property_type_description FROM Ref_Property_Types JOIN Properties ON Properties.property_type_code = Ref_Property_Types.property_type_code WHERE  property_id != 30 AND shp_feature_2 NOT IN (SELECT shp_feature_2 FROM Properties AS u LIMIT 6) LIMIT 10"
"{'meaningful_joins': 'yes', 'table_exp_type': 'JOIN', 'where_type': {'basic_comparison': '>'}, 'number_of_value_exp_in_group_by': 1, 'having_type': 'none', 'orderby_type': 'DESC', 'limit_type': 'without_offset', 'value_exp_types': ['single_exp_text', 'single_exp_text'], 'distinct_type': 'none', 'min_max_depth_in_subquery': [1, 1]}","SELECT Other_Available_Features.feature_type_code, feature_name FROM Other_Available_Features JOIN Ref_Feature_Types ON Other_Available_Features.feature_type_code = Ref_Feature_Types.feature_type_code WHERE  feature_id > 2 GROUP BY Other_Available_Features.feature_type_code ORDER BY feature_name DESC LIMIT 2"
"{'meaningful_joins': 'yes', 'table_exp_type': 'single_table', 'where_type': {'basic_comparison': '>'}, 'number_of_value_exp_in_group_by': 0, 'having_type': 'none', 'orderby_type': 'none', 'limit_type': 'none', 'value_exp_types': ['agg_exp'], 'distinct_type': 'none', 'min_max_depth_in_subquery': [1, 1]}",SELECT MIN(property_id) FROM Other_Property_Features WHERE  feature_id > 13
"{'meaningful_joins': 'yes', 'table_exp_type': 'single_table', 'where_type': {'basic_comparison': '>'}, 'number_of_value_exp_in_group_by': 0, 'having_type': 'none', 'orderby_type': 'DESC', 'limit_type': 'none', 'value_exp_types': ['count_distinct_exp', 'single_exp_number'], 'distinct_type': 'none', 'min_max_depth_in_subquery': [1, 1]}","SELECT COUNT(DISTINCT property_feature_description), feature_id FROM Other_Property_Features WHERE  property_id > 99 ORDER BY feature_id DESC"
"{'meaningful_joins': 'yes', 'table_exp_type': 'JOIN_JOIN', 'where_type': {'basic_comparison': '>='}, 'number_of_value_exp_in_group_by': 0, 'having_type': 'none', 'orderby_type': 'none', 'limit_type': 'none', 'value_exp_types': ['agg_exp', 'single_exp_text'], 'distinct_type': 'none', 'min_max_depth_in_subquery': [1, 1]}","SELECT SUM(property_id), Ref_Feature_Types.feature_type_code FROM Other_Available_Features JOIN Ref_Feature_Types JOIN Other_Property_Features ON Other_Available_Features.feature_type_code = Ref_Feature_Types.feature_type_code AND Other_Available_Features.feature_id = Other_Property_Features.feature_id WHERE  property_id >= 49"
"{'meaningful_joins': 'yes', 'table_exp_type': 'JOIN', 'where_type': {'basic_comparison': '='}, 'number_of_value_exp_in_group_by': 0, 'having_type': 'none', 'orderby_type': 'ASC', 'limit_type': 'none', 'value_exp_types': ['single_exp_number'], 'distinct_type': 'none', 'min_max_depth_in_subquery': [1, 1]}",SELECT buyer_offered_price FROM Ref_Property_Types JOIN Properties ON Properties.property_type_code = Ref_Property_Types.property_type_code WHERE  buyer_offered_price = 43 ORDER BY buyer_offered_price ASC
"{'meaningful_joins': 'yes', 'table_exp_type': 'single_table_with_name_changing', 'where_type': {'logical_operator': ['AND', 'between', 'not_in_with_subquery']}, 'number_of_value_exp_in_group_by': 0, 'having_type': 'none', 'orderby_type': 'ASC', 'limit_type': 'none', 'value_exp_types': ['single_exp_number', 'single_exp_text'], 'distinct_type': 'none', 'min_max_depth_in_subquery': [1, 1]}","SELECT y.feature_id, y.feature_description FROM Other_Available_Features AS y WHERE y.feature_id BETWEEN 1 AND 10 AND feature_description NOT IN (SELECT feature_description FROM Other_Available_Features WHERE feature_id BETWEEN 1 AND 10 OR  feature_id <= 5) ORDER BY y.feature_id ASC"
"{'meaningful_joins': 'yes', 'table_exp_type': 'JOIN', 'where_type': {'logical_operator': ['AND', 'basic_comparison', 'in_with_subquery']}, 'number_of_value_exp_in_group_by': 0, 'having_type': 'none', 'orderby_type': 'DESC', 'limit_type': 'none', 'value_exp_types': ['agg_exp', 'agg_exp', 'single_exp_number'], 'distinct_type': 'none', 'min_max_depth_in_subquery': [1, 1]}","SELECT MAX(feature_id), SUM(feature_id), feature_id FROM Other_Available_Features JOIN Ref_Feature_Types ON Other_Available_Features.feature_type_code = Ref_Feature_Types.feature_type_code WHERE  feature_id > 12 AND feature_id IN (SELECT feature_id FROM Other_Available_Features WHERE feature_id BETWEEN 1 AND 10 LIMIT 7) ORDER BY feature_id DESC"
"{'meaningful_joins': 'yes', 'table_exp_type': 'single_table', 'where_type': {'logical_operator': ['OR', 'between', 'basic_comparison']}, 'number_of_value_exp_in_group_by': 0, 'having_type': 'none', 'orderby_type': 'DESC', 'limit_type': 'none', 'value_exp_types': ['single_exp_number'], 'distinct_type': 'none', 'min_max_depth_in_subquery': [1, 1]}",SELECT property_id FROM Properties WHERE property_id BETWEEN 1 AND 10 OR  room_count > 65 ORDER BY property_id DESC
"{'meaningful_joins': 'yes', 'table_exp_type': 'JOIN_JOIN', 'where_type': {'basic_comparison': '<='}, 'number_of_value_exp_in_group_by': 0, 'having_type': 'none', 'orderby_type': 'none', 'limit_type': 'without_offset', 'value_exp_types': ['count_distinct_exp'], 'distinct_type': 'none', 'min_max_depth_in_subquery': [1, 1]}",SELECT COUNT(DISTINCT hse_feature_2) FROM Other_Available_Features JOIN Other_Property_Features JOIN Properties ON Other_Available_Features.feature_id = Other_Property_Features.feature_id AND Other_Property_Features.property_id = Properties.property_id WHERE  Properties.property_id <= 41 LIMIT 6
"{'meaningful_joins': 'yes', 'table_exp_type': 'single_table', 'where_type': 'none', 'number_of_value_exp_in_group_by': 0, 'having_type': 'none', 'orderby_type': 'none', 'limit_type': 'without_offset', 'value_exp_types': ['count_distinct_exp', 'single_exp_text'], 'distinct_type': 'none', 'min_max_depth_in_subquery': [1, 1]}","SELECT COUNT(DISTINCT property_type_code), property_type_code FROM Ref_Property_Types LIMIT 10"
