Specification,query
"{'meaningful_joins': 'yes', 'table_exp_type': 'JOIN', 'where_type': {'basic_comparison': '='}, 'number_of_value_exp_in_group_by': 0, 'having_type': 'none', 'orderby_type': 'none', 'limit_type': 'none', 'value_exp_types': ['single_exp_number', 'single_exp_number'], 'distinct_type': 'none', 'min_max_depth_in_subquery': [1, 1]}","SELECT ID, ID FROM GEOGRAPHIC JOIN RESTAURANT ON GEOGRAPHIC.CITY_NAME = RESTAURANT.CITY_NAME WHERE  ID = 52"
"{'meaningful_joins': 'yes', 'table_exp_type': 'single_table_with_name_changing', 'where_type': 'none', 'number_of_value_exp_in_group_by': 0, 'having_type': 'none', 'orderby_type': 'ASC', 'limit_type': 'none', 'value_exp_types': ['single_exp_number', 'single_exp_number'], 'distinct_type': 'none', 'min_max_depth_in_subquery': [1, 1]}","SELECT d.ID, d.ID FROM RESTAURANT AS d ORDER BY d.ID ASC"
"{'meaningful_joins': 'yes', 'table_exp_type': 'JOIN', 'where_type': {'basic_comparison': '<'}, 'number_of_value_exp_in_group_by': 0, 'having_type': 'none', 'orderby_type': 'none', 'limit_type': 'none', 'value_exp_types': ['single_exp_number'], 'distinct_type': 'none', 'min_max_depth_in_subquery': [1, 1]}",SELECT ID FROM GEOGRAPHIC JOIN RESTAURANT ON GEOGRAPHIC.CITY_NAME = RESTAURANT.CITY_NAME WHERE  RATING < 63
"{'meaningful_joins': 'yes', 'table_exp_type': 'JOIN_JOIN', 'where_type': {'basic_comparison': '>'}, 'number_of_value_exp_in_group_by': 0, 'having_type': 'none', 'orderby_type': 'ASC', 'limit_type': 'without_offset', 'value_exp_types': ['single_exp_number', 'single_exp_text'], 'distinct_type': 'none', 'min_max_depth_in_subquery': [1, 1]}","SELECT RATING, RESTAURANT.CITY_NAME FROM GEOGRAPHIC JOIN RESTAURANT JOIN LOCATION ON GEOGRAPHIC.CITY_NAME = RESTAURANT.CITY_NAME AND LOCATION.CITY_NAME = GEOGRAPHIC.CITY_NAME WHERE  RESTAURANT_ID > 65 ORDER BY RESTAURANT.CITY_NAME ASC LIMIT 3"
"{'meaningful_joins': 'yes', 'table_exp_type': 'JOIN', 'where_type': {'basic_comparison': '='}, 'number_of_value_exp_in_group_by': 0, 'having_type': 'none', 'orderby_type': 'none', 'limit_type': 'without_offset', 'value_exp_types': ['agg_exp', 'single_exp_text'], 'distinct_type': 'none', 'min_max_depth_in_subquery': [1, 1]}","SELECT AVG(RATING), RESTAURANT.CITY_NAME FROM GEOGRAPHIC JOIN RESTAURANT ON GEOGRAPHIC.CITY_NAME = RESTAURANT.CITY_NAME WHERE  RATING = 84 LIMIT 4"
"{'meaningful_joins': 'yes', 'table_exp_type': 'single_table', 'where_type': {'basic_comparison': '='}, 'number_of_value_exp_in_group_by': 0, 'having_type': 'none', 'orderby_type': 'none', 'limit_type': 'none', 'value_exp_types': ['agg_exp', 'agg_exp', 'agg_exp'], 'distinct_type': 'none', 'min_max_depth_in_subquery': [1, 1]}","SELECT MAX(ID), SUM(RATING), COUNT(RATING) FROM RESTAURANT WHERE  RATING = 59"
"{'meaningful_joins': 'yes', 'table_exp_type': 'single_table_with_name_changing', 'where_type': {'basic_comparison': '!='}, 'number_of_value_exp_in_group_by': 1, 'having_type': {'single': 'MIN'}, 'orderby_type': 'none', 'limit_type': 'none', 'value_exp_types': ['agg_exp', 'single_exp_text'], 'distinct_type': 'none', 'min_max_depth_in_subquery': [1, 1]}","SELECT AVG(k.RESTAURANT_ID), k.CITY_NAME FROM LOCATION AS k WHERE  k.RESTAURANT_ID != 79 GROUP BY k.CITY_NAME HAVING MIN(k.RESTAURANT_ID) >= 5"
"{'meaningful_joins': 'yes', 'table_exp_type': 'single_table_with_name_changing', 'where_type': {'basic_comparison': '>'}, 'number_of_value_exp_in_group_by': 0, 'having_type': 'none', 'orderby_type': 'none', 'limit_type': 'without_offset', 'value_exp_types': ['agg_exp', 'agg_exp'], 'distinct_type': 'none', 'min_max_depth_in_subquery': [1, 1]}","SELECT SUM(r.RATING), MAX(r.RATING) FROM RESTAURANT AS r WHERE  r.RATING > 81 LIMIT 9"
"{'meaningful_joins': 'yes', 'table_exp_type': 'single_table_with_name_changing', 'where_type': {'basic_comparison': '<='}, 'number_of_value_exp_in_group_by': 0, 'having_type': 'none', 'orderby_type': 'none', 'limit_type': 'none', 'value_exp_types': ['single_exp_text'], 'distinct_type': 'none', 'min_max_depth_in_subquery': [1, 1]}",SELECT e.CITY_NAME FROM RESTAURANT AS e WHERE  e.ID <= 13
"{'meaningful_joins': 'yes', 'table_exp_type': 'single_table', 'where_type': {'logical_operator': ['AND', 'between', 'basic_comparison']}, 'number_of_value_exp_in_group_by': 0, 'having_type': 'none', 'orderby_type': 'DESC', 'limit_type': 'without_offset', 'value_exp_types': ['agg_exp', 'single_exp_number'], 'distinct_type': 'none', 'min_max_depth_in_subquery': [1, 1]}","SELECT COUNT(RATING), RATING FROM RESTAURANT WHERE RATING BETWEEN 1 AND 10 AND  RATING != 61 ORDER BY RATING DESC LIMIT 4"
"{'meaningful_joins': 'yes', 'table_exp_type': 'JOIN_JOIN', 'where_type': {'basic_comparison': '<='}, 'number_of_value_exp_in_group_by': 1, 'having_type': 'none', 'orderby_type': 'none', 'limit_type': 'none', 'value_exp_types': ['single_exp_text'], 'distinct_type': 'none', 'min_max_depth_in_subquery': [1, 1]}","SELECT COUNTY, RESTAURANT.CITY_NAME FROM GEOGRAPHIC JOIN RESTAURANT JOIN LOCATION ON GEOGRAPHIC.CITY_NAME = RESTAURANT.CITY_NAME AND LOCATION.CITY_NAME = GEOGRAPHIC.CITY_NAME WHERE  RESTAURANT_ID <= 94 GROUP BY RESTAURANT.CITY_NAME"
"{'meaningful_joins': 'yes', 'table_exp_type': 'JOIN', 'where_type': 'exists_subquery', 'number_of_value_exp_in_group_by': 0, 'having_type': 'none', 'orderby_type': 'none', 'limit_type': 'without_offset', 'value_exp_types': ['agg_exp', 'single_exp_text'], 'distinct_type': 'none', 'min_max_depth_in_subquery': [1, 1]}","SELECT MAX(RATING), GEOGRAPHIC.CITY_NAME FROM GEOGRAPHIC JOIN RESTAURANT ON GEOGRAPHIC.CITY_NAME = RESTAURANT.CITY_NAME WHERE EXISTS (SELECT * FROM RESTAURANT WHERE  RATING >= 63 AND GEOGRAPHIC.CITY_NAME = CITY_NAME LIMIT 5) LIMIT 3"
"{'meaningful_joins': 'yes', 'table_exp_type': 'JOIN', 'where_type': 'in_with_subquery', 'number_of_value_exp_in_group_by': 0, 'having_type': 'none', 'orderby_type': 'none', 'limit_type': 'none', 'value_exp_types': ['single_exp_number', 'single_exp_text'], 'distinct_type': 'none', 'min_max_depth_in_subquery': [1, 1]}","SELECT RATING, COUNTY FROM GEOGRAPHIC JOIN RESTAURANT ON GEOGRAPHIC.CITY_NAME = RESTAURANT.CITY_NAME WHERE CITY_NAME IN (SELECT CITY_NAME FROM RESTAURANT AS b WHERE  b.RATING > 10 LIMIT 8)"
"{'meaningful_joins': 'yes', 'table_exp_type': 'SELF JOIN', 'where_type': {'basic_comparison': '>='}, 'number_of_value_exp_in_group_by': 0, 'having_type': 'none', 'orderby_type': 'none', 'limit_type': 'without_offset', 'value_exp_types': ['count_distinct_exp'], 'distinct_type': 'none', 'min_max_depth_in_subquery': [1, 1]}",SELECT COUNT(DISTINCT LOCATION.RESTAURANT_ID) FROM LOCATION JOIN LOCATION AS g ON LOCATION.RESTAURANT_ID = g.RESTAURANT_ID WHERE  LOCATION.HOUSE_NUMBER >= 6 LIMIT 5
"{'meaningful_joins': 'yes', 'table_exp_type': 'single_table', 'where_type': {'logical_operator': ['AND', 'basic_comparison', 'not_in_with_subquery']}, 'number_of_value_exp_in_group_by': 0, 'having_type': 'none', 'orderby_type': 'none', 'limit_type': 'without_offset', 'value_exp_types': ['single_exp_text', 'single_exp_text'], 'distinct_type': 'none', 'min_max_depth_in_subquery': [1, 1]}","SELECT CITY_NAME, STREET_NAME FROM LOCATION WHERE  RESTAURANT_ID > 96 AND CITY_NAME NOT IN (SELECT CITY_NAME FROM LOCATION AS m WHERE  m.RESTAURANT_ID < 52) LIMIT 10"
"{'meaningful_joins': 'yes', 'table_exp_type': 'JOIN', 'where_type': {'logical_operator': ['AND', 'basic_comparison', 'exists_subquery']}, 'number_of_value_exp_in_group_by': 1, 'having_type': 'none', 'orderby_type': 'none', 'limit_type': 'without_offset', 'value_exp_types': ['agg_exp', 'agg_exp', 'single_exp_text'], 'distinct_type': 'none', 'min_max_depth_in_subquery': [1, 1]}","SELECT COUNT(ID), MAX(ID), FOOD_TYPE, NAME FROM GEOGRAPHIC JOIN RESTAURANT ON GEOGRAPHIC.CITY_NAME = RESTAURANT.CITY_NAME WHERE  ID > 74 AND EXISTS (SELECT * FROM RESTAURANT AS b WHERE  b.ID = 86 AND GEOGRAPHIC.CITY_NAME = b.CITY_NAME LIMIT 5) GROUP BY NAME LIMIT 2"
"{'meaningful_joins': 'yes', 'table_exp_type': 'JOIN', 'where_type': {'basic_comparison': '>='}, 'number_of_value_exp_in_group_by': 0, 'having_type': 'none', 'orderby_type': 'ASC', 'limit_type': 'none', 'value_exp_types': ['single_exp_number'], 'distinct_type': 'none', 'min_max_depth_in_subquery': [1, 1]}",SELECT HOUSE_NUMBER FROM GEOGRAPHIC JOIN LOCATION ON LOCATION.CITY_NAME = GEOGRAPHIC.CITY_NAME WHERE  HOUSE_NUMBER >= 26 ORDER BY HOUSE_NUMBER ASC
"{'meaningful_joins': 'yes', 'table_exp_type': 'single_table', 'where_type': {'basic_comparison': '<'}, 'number_of_value_exp_in_group_by': 0, 'having_type': 'none', 'orderby_type': 'none', 'limit_type': 'none', 'value_exp_types': ['single_exp_number'], 'distinct_type': 'none', 'min_max_depth_in_subquery': [1, 1]}",SELECT RESTAURANT_ID FROM LOCATION WHERE  RESTAURANT_ID < 1
"{'meaningful_joins': 'yes', 'table_exp_type': 'single_table', 'where_type': {'logical_operator': ['OR', 'between', 'basic_comparison']}, 'number_of_value_exp_in_group_by': 0, 'having_type': 'none', 'orderby_type': 'DESC', 'limit_type': 'none', 'value_exp_types': ['agg_exp', 'single_exp_number'], 'distinct_type': 'none', 'min_max_depth_in_subquery': [1, 1]}","SELECT MAX(RATING), RATING FROM RESTAURANT WHERE ID BETWEEN 1 AND 10 OR  ID != 53 ORDER BY RATING DESC"
"{'meaningful_joins': 'yes', 'table_exp_type': 'single_table', 'where_type': {'basic_comparison': '!='}, 'number_of_value_exp_in_group_by': 0, 'having_type': 'none', 'orderby_type': 'none', 'limit_type': 'none', 'value_exp_types': ['single_exp_number'], 'distinct_type': 'none', 'min_max_depth_in_subquery': [1, 1]}",SELECT RESTAURANT_ID FROM LOCATION WHERE  HOUSE_NUMBER != 14
"{'meaningful_joins': 'yes', 'table_exp_type': 'single_table', 'where_type': {'logical_operator': ['OR', 'between', 'basic_comparison']}, 'number_of_value_exp_in_group_by': 0, 'having_type': 'none', 'orderby_type': 'DESC', 'limit_type': 'none', 'value_exp_types': ['single_exp_number'], 'distinct_type': 'none', 'min_max_depth_in_subquery': [1, 1]}",SELECT HOUSE_NUMBER FROM LOCATION WHERE RESTAURANT_ID BETWEEN 1 AND 10 OR  RESTAURANT_ID < 73 ORDER BY HOUSE_NUMBER DESC
"{'meaningful_joins': 'yes', 'table_exp_type': 'single_table_with_name_changing', 'where_type': {'logical_operator': ['AND', 'basic_comparison', 'not_in_with_subquery']}, 'number_of_value_exp_in_group_by': 0, 'having_type': 'none', 'orderby_type': 'none', 'limit_type': 'none', 'value_exp_types': ['single_exp_number', 'single_exp_number', 'single_exp_text'], 'distinct_type': 'none', 'min_max_depth_in_subquery': [1, 1]}","SELECT k.RATING, k.ID, k.CITY_NAME FROM RESTAURANT AS k WHERE  k.ID != 54 AND NAME NOT IN (SELECT NAME FROM RESTAURANT AS q WHERE q.ID BETWEEN 1 AND 10 OR  q.RATING > 30 LIMIT 3)"
"{'meaningful_joins': 'yes', 'table_exp_type': 'single_table_with_name_changing', 'where_type': {'basic_comparison': '<='}, 'number_of_value_exp_in_group_by': 0, 'having_type': 'none', 'orderby_type': 'none', 'limit_type': 'none', 'value_exp_types': ['count_distinct_exp'], 'distinct_type': 'none', 'min_max_depth_in_subquery': [1, 1]}",SELECT COUNT(DISTINCT j.STREET_NAME) FROM LOCATION AS j WHERE  j.RESTAURANT_ID <= 85
"{'meaningful_joins': 'yes', 'table_exp_type': 'JOIN', 'where_type': {'basic_comparison': '<'}, 'number_of_value_exp_in_group_by': 1, 'having_type': 'none', 'orderby_type': 'none', 'limit_type': 'none', 'value_exp_types': ['single_exp_number', 'single_exp_text'], 'distinct_type': 'none', 'min_max_depth_in_subquery': [1, 1]}","SELECT ID, COUNTY, RESTAURANT.CITY_NAME FROM GEOGRAPHIC JOIN RESTAURANT ON GEOGRAPHIC.CITY_NAME = RESTAURANT.CITY_NAME WHERE  RATING < 9 GROUP BY RESTAURANT.CITY_NAME"
"{'meaningful_joins': 'yes', 'table_exp_type': 'SELF JOIN', 'where_type': {'logical_operator': ['OR', 'between', 'basic_comparison']}, 'number_of_value_exp_in_group_by': 1, 'having_type': 'none', 'orderby_type': 'none', 'limit_type': 'without_offset', 'value_exp_types': ['agg_exp'], 'distinct_type': 'none', 'min_max_depth_in_subquery': [1, 1]}","SELECT AVG(RESTAURANT.ID), RESTAURANT.CITY_NAME FROM RESTAURANT JOIN RESTAURANT AS i ON RESTAURANT.ID = i.ID WHERE RESTAURANT.ID BETWEEN 1 AND 10 OR  i.ID < 59 GROUP BY RESTAURANT.CITY_NAME LIMIT 7"
