Specification,query
"{'meaningful_joins': 'yes', 'table_exp_type': 'JOIN', 'where_type': {'logical_operator': ['OR', 'basic_comparison', 'exists_subquery']}, 'number_of_value_exp_in_group_by': 0, 'having_type': 'none', 'orderby_type': 'none', 'limit_type': 'without_offset', 'value_exp_types': ['agg_exp', 'count_distinct_exp'], 'distinct_type': 'none', 'min_max_depth_in_subquery': [1, 1]}","SELECT SUM(Restaurant.ResID), COUNT(DISTINCT Rating) FROM Type_Of_Restaurant JOIN Restaurant ON Restaurant.ResID = Type_Of_Restaurant.ResID WHERE  Restaurant.ResID > 89 OR EXISTS (SELECT * FROM Restaurant_Type WHERE  ResTypeID < 74 AND Type_Of_Restaurant.ResTypeID = ResTypeID) LIMIT 1"
"{'meaningful_joins': 'yes', 'table_exp_type': 'JOIN', 'where_type': {'basic_comparison': '='}, 'number_of_value_exp_in_group_by': 0, 'having_type': 'none', 'orderby_type': 'ASC', 'limit_type': 'none', 'value_exp_types': ['single_exp_number', 'single_exp_number'], 'distinct_type': 'none', 'min_max_depth_in_subquery': [1, 1]}","SELECT Type_Of_Restaurant.ResID, Type_Of_Restaurant.ResID FROM Type_Of_Restaurant JOIN Restaurant ON Restaurant.ResID = Type_Of_Restaurant.ResID WHERE  Restaurant.ResID = 85 ORDER BY Type_Of_Restaurant.ResID ASC"
"{'meaningful_joins': 'yes', 'table_exp_type': 'single_table_with_name_changing', 'where_type': 'comparison_with_subquery', 'number_of_value_exp_in_group_by': 1, 'having_type': {'single': 'MAX'}, 'orderby_type': 'none', 'limit_type': 'without_offset', 'value_exp_types': ['agg_exp', 'count_distinct_exp'], 'distinct_type': 'none', 'min_max_depth_in_subquery': [1, 1]}","SELECT AVG(w.ResID), COUNT(DISTINCT w.ResID), w.ResID FROM Type_Of_Restaurant AS w WHERE ResID = (SELECT SUM(ResID) FROM Visits_Restaurant AS n WHERE  n.StuID > 93) GROUP BY w.ResID HAVING MAX(w.ResID) >= 47 LIMIT 7"
"{'meaningful_joins': 'yes', 'table_exp_type': 'SELF JOIN', 'where_type': {'basic_comparison': '>'}, 'number_of_value_exp_in_group_by': 0, 'having_type': 'none', 'orderby_type': 'DESC', 'limit_type': 'without_offset', 'value_exp_types': ['single_exp_number'], 'distinct_type': 'none', 'min_max_depth_in_subquery': [1, 1]}",SELECT g.ResTypeID FROM Type_Of_Restaurant JOIN Type_Of_Restaurant AS g ON Type_Of_Restaurant.ResTypeID = g.ResTypeID WHERE  g.ResTypeID > 96 ORDER BY g.ResTypeID DESC LIMIT 8
"{'meaningful_joins': 'yes', 'table_exp_type': 'single_table', 'where_type': {'basic_comparison': '>'}, 'number_of_value_exp_in_group_by': 1, 'having_type': 'none', 'orderby_type': 'DESC', 'limit_type': 'without_offset', 'value_exp_types': ['single_exp_number'], 'distinct_type': 'none', 'min_max_depth_in_subquery': [1, 1]}","SELECT Advisor, Fname FROM Student WHERE  StuID > 66 GROUP BY Fname ORDER BY Fname DESC LIMIT 5"
"{'meaningful_joins': 'yes', 'table_exp_type': 'SELF JOIN', 'where_type': 'none', 'number_of_value_exp_in_group_by': 0, 'having_type': 'none', 'orderby_type': 'none', 'limit_type': 'none', 'value_exp_types': ['agg_exp', 'single_exp_number'], 'distinct_type': 'none', 'min_max_depth_in_subquery': [1, 1]}","SELECT SUM(v.ResID), v.ResID FROM Restaurant JOIN Restaurant AS v ON Restaurant.ResID = v.ResID"
"{'meaningful_joins': 'yes', 'table_exp_type': 'single_table', 'where_type': 'not_in_with_subquery', 'number_of_value_exp_in_group_by': 0, 'having_type': 'none', 'orderby_type': 'DESC', 'limit_type': 'none', 'value_exp_types': ['single_exp_text', 'single_exp_text'], 'distinct_type': 'none', 'min_max_depth_in_subquery': [1, 1]}","SELECT ResTypeDescription, ResTypeName FROM Restaurant_Type WHERE ResTypeDescription NOT IN (SELECT ResTypeDescription FROM Restaurant_Type AS n WHERE n.ResTypeID BETWEEN 1 AND 10) ORDER BY ResTypeDescription DESC"
"{'meaningful_joins': 'yes', 'table_exp_type': 'single_table_with_name_changing', 'where_type': {'logical_operator': ['AND', 'basic_comparison', 'not_in_with_subquery']}, 'number_of_value_exp_in_group_by': 0, 'having_type': 'none', 'orderby_type': 'none', 'limit_type': 'none', 'value_exp_types': ['agg_exp', 'single_exp_number'], 'distinct_type': 'none', 'min_max_depth_in_subquery': [1, 1]}","SELECT AVG(o.ResTypeID), o.ResID FROM Type_Of_Restaurant AS o WHERE  o.ResID = 60 AND ResTypeID NOT IN (SELECT ResTypeID FROM Restaurant_Type WHERE  ResTypeID != 17)"
"{'meaningful_joins': 'yes', 'table_exp_type': 'single_table', 'where_type': {'logical_operator': ['AND', 'between', 'not_exists_subquery']}, 'number_of_value_exp_in_group_by': 0, 'having_type': 'none', 'orderby_type': 'DESC', 'limit_type': 'without_offset', 'value_exp_types': ['single_exp_text'], 'distinct_type': 'none', 'min_max_depth_in_subquery': [1, 1]}",SELECT city_code FROM Student WHERE Advisor BETWEEN 1 AND 10 AND EXISTS (SELECT * FROM Visits_Restaurant AS j WHERE  j.Spent != 89 AND Student.StuID = j.StuID) ORDER BY city_code DESC LIMIT 3
"{'meaningful_joins': 'yes', 'table_exp_type': 'JOIN', 'where_type': 'exists_subquery', 'number_of_value_exp_in_group_by': 0, 'having_type': 'none', 'orderby_type': 'ASC', 'limit_type': 'without_offset', 'value_exp_types': ['single_exp_number', 'single_exp_number'], 'distinct_type': 'none', 'min_max_depth_in_subquery': [1, 1]}","SELECT Age, ResID FROM Student JOIN Visits_Restaurant ON Student.StuID = Visits_Restaurant.StuID WHERE EXISTS (SELECT * FROM Visits_Restaurant WHERE Student.StuID = StuID) ORDER BY Age ASC LIMIT 3"
"{'meaningful_joins': 'yes', 'table_exp_type': 'JOIN', 'where_type': {'basic_comparison': '<'}, 'number_of_value_exp_in_group_by': 0, 'having_type': 'none', 'orderby_type': 'none', 'limit_type': 'without_offset', 'value_exp_types': ['single_exp_text'], 'distinct_type': 'none', 'min_max_depth_in_subquery': [1, 1]}",SELECT Address FROM Type_Of_Restaurant JOIN Restaurant ON Restaurant.ResID = Type_Of_Restaurant.ResID WHERE  ResTypeID < 68 LIMIT 5
"{'meaningful_joins': 'yes', 'table_exp_type': 'single_table_with_name_changing', 'where_type': 'between', 'number_of_value_exp_in_group_by': 0, 'having_type': 'none', 'orderby_type': 'none', 'limit_type': 'none', 'value_exp_types': ['agg_exp', 'count_distinct_exp', 'count_distinct_exp'], 'distinct_type': 'none', 'min_max_depth_in_subquery': [1, 1]}","SELECT MIN(r.ResTypeID), COUNT(DISTINCT r.ResTypeID), COUNT(DISTINCT r.ResTypeDescription) FROM Restaurant_Type AS r WHERE r.ResTypeID BETWEEN 1 AND 10"
"{'meaningful_joins': 'yes', 'table_exp_type': 'single_table_with_name_changing', 'where_type': {'basic_comparison': '>='}, 'number_of_value_exp_in_group_by': 0, 'having_type': 'none', 'orderby_type': 'ASC', 'limit_type': 'none', 'value_exp_types': ['count_distinct_exp', 'single_exp_text'], 'distinct_type': 'none', 'min_max_depth_in_subquery': [1, 1]}","SELECT COUNT(DISTINCT s.ResTypeDescription), s.ResTypeDescription FROM Restaurant_Type AS s WHERE  s.ResTypeID >= 44 ORDER BY s.ResTypeDescription ASC"
"{'meaningful_joins': 'yes', 'table_exp_type': 'JOIN', 'where_type': 'none', 'number_of_value_exp_in_group_by': 0, 'having_type': 'none', 'orderby_type': 'none', 'limit_type': 'without_offset', 'value_exp_types': ['agg_exp', 'agg_exp'], 'distinct_type': 'none', 'min_max_depth_in_subquery': [1, 1]}","SELECT MAX(ResID), SUM(Restaurant_Type.ResTypeID) FROM Restaurant_Type JOIN Type_Of_Restaurant ON Type_Of_Restaurant.ResTypeID = Restaurant_Type.ResTypeID LIMIT 9"
"{'meaningful_joins': 'yes', 'table_exp_type': 'JOIN_JOIN', 'where_type': 'none', 'number_of_value_exp_in_group_by': 0, 'having_type': 'none', 'orderby_type': 'DESC', 'limit_type': 'without_offset', 'value_exp_types': ['count_distinct_exp', 'single_exp_text', 'single_exp_text'], 'distinct_type': 'none', 'min_max_depth_in_subquery': [1, 1]}","SELECT COUNT(DISTINCT Rating), ResTypeDescription, ResName FROM Restaurant_Type JOIN Type_Of_Restaurant JOIN Restaurant ON Type_Of_Restaurant.ResTypeID = Restaurant_Type.ResTypeID AND Restaurant.ResID = Type_Of_Restaurant.ResID ORDER BY ResName DESC LIMIT 8"
"{'meaningful_joins': 'yes', 'table_exp_type': 'single_table_with_name_changing', 'where_type': {'basic_comparison': '='}, 'number_of_value_exp_in_group_by': 0, 'having_type': 'none', 'orderby_type': 'none', 'limit_type': 'none', 'value_exp_types': ['single_exp_text', 'single_exp_text'], 'distinct_type': 'none', 'min_max_depth_in_subquery': [1, 1]}","SELECT m.ResTypeDescription, m.ResTypeName FROM Restaurant_Type AS m WHERE  m.ResTypeID = 76"
"{'meaningful_joins': 'yes', 'table_exp_type': 'single_table', 'where_type': 'none', 'number_of_value_exp_in_group_by': 0, 'having_type': 'none', 'orderby_type': 'DESC', 'limit_type': 'none', 'value_exp_types': ['single_exp_text'], 'distinct_type': 'none', 'min_max_depth_in_subquery': [1, 1]}",SELECT ResTypeDescription FROM Restaurant_Type ORDER BY ResTypeDescription DESC
"{'meaningful_joins': 'yes', 'table_exp_type': 'JOIN_JOIN_JOIN', 'where_type': {'logical_operator': ['OR', 'between', 'basic_comparison']}, 'number_of_value_exp_in_group_by': 0, 'having_type': 'none', 'orderby_type': 'none', 'limit_type': 'none', 'value_exp_types': ['agg_exp', 'agg_exp'], 'distinct_type': 'none', 'min_max_depth_in_subquery': [1, 1]}","SELECT MAX(Type_Of_Restaurant.ResID), MIN(Rating) FROM Restaurant_Type JOIN Type_Of_Restaurant JOIN Restaurant JOIN Visits_Restaurant ON Type_Of_Restaurant.ResTypeID = Restaurant_Type.ResTypeID AND Restaurant.ResID = Type_Of_Restaurant.ResID AND Visits_Restaurant.ResID = Restaurant.ResID WHERE Restaurant.ResID BETWEEN 1 AND 10 OR  Type_Of_Restaurant.ResID != 6"
"{'meaningful_joins': 'yes', 'table_exp_type': 'single_table', 'where_type': {'basic_comparison': '!='}, 'number_of_value_exp_in_group_by': 1, 'having_type': {'single': 'MAX'}, 'orderby_type': 'none', 'limit_type': 'none', 'value_exp_types': ['agg_exp', 'single_exp_number'], 'distinct_type': 'none', 'min_max_depth_in_subquery': [1, 1]}","SELECT MIN(ResID), ResID, Rating FROM Restaurant WHERE  ResID != 49 GROUP BY Rating HAVING MAX(ResID) <= 57"
"{'meaningful_joins': 'yes', 'table_exp_type': 'single_table', 'where_type': {'logical_operator': ['AND', 'between', 'in_with_subquery']}, 'number_of_value_exp_in_group_by': 0, 'having_type': 'none', 'orderby_type': 'none', 'limit_type': 'without_offset', 'value_exp_types': ['count_distinct_exp', 'single_exp_number'], 'distinct_type': 'none', 'min_max_depth_in_subquery': [1, 1]}","SELECT COUNT(DISTINCT ResID), ResTypeID FROM Type_Of_Restaurant WHERE ResTypeID BETWEEN 1 AND 10 AND ResTypeID IN (SELECT ResTypeID FROM Type_Of_Restaurant AS d WHERE  d.ResID != 94 LIMIT 10) LIMIT 8"
"{'meaningful_joins': 'yes', 'table_exp_type': 'single_table', 'where_type': {'basic_comparison': '!='}, 'number_of_value_exp_in_group_by': 0, 'having_type': 'none', 'orderby_type': 'DESC', 'limit_type': 'none', 'value_exp_types': ['agg_exp', 'single_exp_number'], 'distinct_type': 'none', 'min_max_depth_in_subquery': [1, 1]}","SELECT AVG(Age), Advisor FROM Student WHERE  Age != 69 ORDER BY Advisor DESC"
"{'meaningful_joins': 'yes', 'table_exp_type': 'JOIN_JOIN', 'where_type': {'basic_comparison': '='}, 'number_of_value_exp_in_group_by': 0, 'having_type': 'none', 'orderby_type': 'none', 'limit_type': 'none', 'value_exp_types': ['single_exp_number', 'single_exp_number'], 'distinct_type': 'none', 'min_max_depth_in_subquery': [1, 1]}","SELECT Visits_Restaurant.StuID, Spent FROM Restaurant JOIN Visits_Restaurant JOIN Student ON Visits_Restaurant.ResID = Restaurant.ResID AND Student.StuID = Visits_Restaurant.StuID WHERE  Student.StuID = 27"
