Specification,query
"{'meaningful_joins': 'yes', 'table_exp_type': 'SELF JOIN', 'where_type': {'basic_comparison': '<='}, 'number_of_value_exp_in_group_by': 1, 'having_type': {'single': 'SUM'}, 'orderby_type': 'none', 'limit_type': 'without_offset', 'value_exp_types': ['count_distinct_exp'], 'distinct_type': 'none', 'min_max_depth_in_subquery': [1, 1]}","SELECT COUNT(DISTINCT p.donator_name), p.donator_name FROM endowment AS p JOIN endowment ON endowment.endowment_id = p.endowment_id WHERE  p.endowment_id <= 69 GROUP BY p.donator_name HAVING SUM(endowment.endowment_id) >= 98 LIMIT 4"
"{'meaningful_joins': 'yes', 'table_exp_type': 'JOIN', 'where_type': {'logical_operator': ['OR', 'between', 'in_with_subquery']}, 'number_of_value_exp_in_group_by': 0, 'having_type': 'none', 'orderby_type': 'none', 'limit_type': 'none', 'value_exp_types': ['single_exp_number'], 'distinct_type': 'none', 'min_max_depth_in_subquery': [1, 1]}",SELECT Enrollment FROM School JOIN endowment ON endowment.School_id = School.School_id WHERE Enrollment BETWEEN 1 AND 10 OR IHSAA_Class IN (SELECT IHSAA_Class FROM School WHERE  Enrollment > 28)
"{'meaningful_joins': 'yes', 'table_exp_type': 'single_table', 'where_type': {'basic_comparison': '<='}, 'number_of_value_exp_in_group_by': 1, 'having_type': {'single': 'COUNT'}, 'orderby_type': 'none', 'limit_type': 'none', 'value_exp_types': ['agg_exp', 'agg_exp', 'agg_exp'], 'distinct_type': 'none', 'min_max_depth_in_subquery': [1, 1]}","SELECT AVG(endowment_id), MIN(School_id), COUNT(endowment_id), amount FROM endowment WHERE  School_id <= 67 GROUP BY amount HAVING COUNT(endowment_id) >= 96"
"{'meaningful_joins': 'yes', 'table_exp_type': 'SELF JOIN', 'where_type': 'not_exists_subquery', 'number_of_value_exp_in_group_by': 1, 'having_type': 'none', 'orderby_type': 'none', 'limit_type': 'none', 'value_exp_types': ['single_exp_number', 'single_exp_text'], 'distinct_type': 'none', 'min_max_depth_in_subquery': [1, 1]}","SELECT e.endowment_id, endowment.donator_name, e.amount FROM endowment AS e JOIN endowment ON endowment.endowment_id = e.endowment_id WHERE EXISTS (SELECT * FROM School AS d WHERE  d.Enrollment >= 0 AND endowment.endowment_id = d.School_id LIMIT 10) GROUP BY e.amount"
"{'meaningful_joins': 'yes', 'table_exp_type': 'single_table', 'where_type': 'comparison_with_subquery', 'number_of_value_exp_in_group_by': 0, 'having_type': 'none', 'orderby_type': 'none', 'limit_type': 'none', 'value_exp_types': ['single_exp_number'], 'distinct_type': 'none', 'min_max_depth_in_subquery': [1, 1]}",SELECT School_id FROM endowment WHERE School_id <= (SELECT MAX(School_id) FROM School AS p WHERE p.Enrollment BETWEEN 1 AND 10 LIMIT 9)
"{'meaningful_joins': 'yes', 'table_exp_type': 'single_table', 'where_type': {'basic_comparison': '>'}, 'number_of_value_exp_in_group_by': 0, 'having_type': 'none', 'orderby_type': 'none', 'limit_type': 'none', 'value_exp_types': ['single_exp_number'], 'distinct_type': 'none', 'min_max_depth_in_subquery': [1, 1]}",SELECT Enrollment FROM School WHERE  Enrollment > 24
"{'meaningful_joins': 'yes', 'table_exp_type': 'single_table_with_name_changing', 'where_type': 'between', 'number_of_value_exp_in_group_by': 1, 'having_type': {'single': 'SUM'}, 'orderby_type': 'none', 'limit_type': 'none', 'value_exp_types': ['single_exp_text'], 'distinct_type': 'none', 'min_max_depth_in_subquery': [1, 1]}","SELECT y.IHSAA_Football_Class, y.County FROM School AS y WHERE y.Enrollment BETWEEN 1 AND 10 GROUP BY y.County HAVING SUM(y.Enrollment) <= 29"
"{'meaningful_joins': 'yes', 'table_exp_type': 'single_table', 'where_type': {'basic_comparison': '>'}, 'number_of_value_exp_in_group_by': 1, 'having_type': {'single': 'MIN'}, 'orderby_type': 'none', 'limit_type': 'none', 'value_exp_types': ['single_exp_text', 'single_exp_text'], 'distinct_type': 'none', 'min_max_depth_in_subquery': [1, 1]}","SELECT Budget_invested_percent, Budget_invested_percent, total_budget_percent_invested FROM budget WHERE  Year > 49 GROUP BY total_budget_percent_invested HAVING MIN(total_budget_percent_budgeted) > 49"
"{'meaningful_joins': 'yes', 'table_exp_type': 'single_table', 'where_type': {'logical_operator': ['OR', 'between', 'basic_comparison']}, 'number_of_value_exp_in_group_by': 1, 'having_type': {'single': 'MIN'}, 'orderby_type': 'none', 'limit_type': 'none', 'value_exp_types': ['agg_exp'], 'distinct_type': 'none', 'min_max_depth_in_subquery': [1, 1]}","SELECT AVG(Budgeted), Budget_invested_percent FROM budget WHERE School_id BETWEEN 1 AND 10 OR  School_id < 40 GROUP BY Budget_invested_percent HAVING MIN(Budgeted) >= 56"
"{'meaningful_joins': 'yes', 'table_exp_type': 'single_table_with_name_changing', 'where_type': 'none', 'number_of_value_exp_in_group_by': 0, 'having_type': 'none', 'orderby_type': 'ASC', 'limit_type': 'without_offset', 'value_exp_types': ['single_exp_text'], 'distinct_type': 'none', 'min_max_depth_in_subquery': [1, 1]}",SELECT q.Mascot FROM School AS q ORDER BY q.Mascot ASC LIMIT 10
"{'meaningful_joins': 'yes', 'table_exp_type': 'single_table', 'where_type': {'basic_comparison': '<'}, 'number_of_value_exp_in_group_by': 1, 'having_type': {'single': 'MIN'}, 'orderby_type': 'none', 'limit_type': 'without_offset', 'value_exp_types': ['single_exp_text'], 'distinct_type': 'none', 'min_max_depth_in_subquery': [1, 1]}","SELECT Budget_invested_percent, Year FROM budget WHERE  total_budget_percent_invested < 73 GROUP BY Year HAVING MIN(total_budget_percent_invested) > 18 LIMIT 2"
"{'meaningful_joins': 'yes', 'table_exp_type': 'JOIN', 'where_type': 'in_with_subquery', 'number_of_value_exp_in_group_by': 0, 'having_type': 'none', 'orderby_type': 'DESC', 'limit_type': 'none', 'value_exp_types': ['single_exp_text'], 'distinct_type': 'none', 'min_max_depth_in_subquery': [1, 1]}",SELECT School.School_id FROM School JOIN endowment ON endowment.School_id = School.School_id WHERE donator_name IN (SELECT donator_name FROM endowment AS y WHERE y.School_id BETWEEN 1 AND 10) ORDER BY School.School_id DESC
"{'meaningful_joins': 'yes', 'table_exp_type': 'single_table_with_name_changing', 'where_type': 'none', 'number_of_value_exp_in_group_by': 0, 'having_type': 'none', 'orderby_type': 'none', 'limit_type': 'none', 'value_exp_types': ['count_distinct_exp'], 'distinct_type': 'none', 'min_max_depth_in_subquery': [1, 1]}",SELECT COUNT(DISTINCT y.total_budget_percent_invested) FROM budget AS y
"{'meaningful_joins': 'yes', 'table_exp_type': 'JOIN', 'where_type': {'basic_comparison': '>='}, 'number_of_value_exp_in_group_by': 1, 'having_type': 'none', 'orderby_type': 'none', 'limit_type': 'without_offset', 'value_exp_types': ['single_exp_number', 'single_exp_text'], 'distinct_type': 'none', 'min_max_depth_in_subquery': [1, 1]}","SELECT Invested, IHSAA_Football_Class, total_budget_percent_invested FROM School JOIN budget ON School.School_id = budget.School_id WHERE  total_budget_percent_budgeted >= 24 GROUP BY total_budget_percent_invested LIMIT 1"
"{'meaningful_joins': 'yes', 'table_exp_type': 'single_table_with_name_changing', 'where_type': {'basic_comparison': '>'}, 'number_of_value_exp_in_group_by': 1, 'having_type': 'none', 'orderby_type': 'ASC', 'limit_type': 'none', 'value_exp_types': ['count_distinct_exp', 'single_exp_number'], 'distinct_type': 'none', 'min_max_depth_in_subquery': [1, 1]}","SELECT COUNT(DISTINCT c.IHSAA_Football_Class), c.Enrollment, c.County FROM School AS c WHERE  c.Enrollment > 17 GROUP BY c.County ORDER BY c.County ASC"
"{'meaningful_joins': 'yes', 'table_exp_type': 'single_table_with_name_changing', 'where_type': {'logical_operator': ['OR', 'between', 'basic_comparison']}, 'number_of_value_exp_in_group_by': 1, 'having_type': {'single': 'AVG'}, 'orderby_type': 'none', 'limit_type': 'none', 'value_exp_types': ['agg_exp', 'single_exp_number'], 'distinct_type': 'none', 'min_max_depth_in_subquery': [1, 1]}","SELECT AVG(i.Budgeted), i.Year, i.total_budget_percent_invested FROM budget AS i WHERE i.total_budget_percent_budgeted BETWEEN 1 AND 10 OR  i.total_budget_percent_invested = 68 GROUP BY i.total_budget_percent_invested HAVING AVG(i.total_budget_percent_budgeted) < 27"
"{'meaningful_joins': 'yes', 'table_exp_type': 'single_table_with_name_changing', 'where_type': {'logical_operator': ['AND', 'between', 'basic_comparison']}, 'number_of_value_exp_in_group_by': 0, 'having_type': 'none', 'orderby_type': 'ASC', 'limit_type': 'none', 'value_exp_types': ['agg_exp', 'single_exp_number', 'single_exp_number'], 'distinct_type': 'none', 'min_max_depth_in_subquery': [1, 1]}","SELECT COUNT(v.School_id), v.School_id, v.endowment_id FROM endowment AS v WHERE v.amount BETWEEN 1 AND 10 AND  v.endowment_id = 74 ORDER BY v.endowment_id ASC"
"{'meaningful_joins': 'yes', 'table_exp_type': 'SELF JOIN', 'where_type': {'logical_operator': ['OR', 'basic_comparison', 'comparison_with_subquery']}, 'number_of_value_exp_in_group_by': 0, 'having_type': 'none', 'orderby_type': 'ASC', 'limit_type': 'none', 'value_exp_types': ['single_exp_number'], 'distinct_type': 'none', 'min_max_depth_in_subquery': [1, 1]}",SELECT School.Enrollment FROM School AS i JOIN School ON School.School_id = i.School_id WHERE  School.Enrollment = 62 OR IHSAA_Football_Class = (SELECT AVG(IHSAA_Football_Class) FROM School WHERE Enrollment BETWEEN 1 AND 10 AND  Enrollment <= 84) ORDER BY School.Enrollment ASC
"{'meaningful_joins': 'yes', 'table_exp_type': 'JOIN_JOIN', 'where_type': {'logical_operator': ['OR', 'between', 'exists_subquery']}, 'number_of_value_exp_in_group_by': 1, 'having_type': 'none', 'orderby_type': 'none', 'limit_type': 'none', 'value_exp_types': ['single_exp_number', 'single_exp_text'], 'distinct_type': 'none', 'min_max_depth_in_subquery': [1, 1]}","SELECT Enrollment, Budget_invested_percent, amount FROM School JOIN budget JOIN endowment ON School.School_id = budget.School_id AND endowment.School_id = School.School_id WHERE endowment_id BETWEEN 1 AND 10 OR EXISTS (SELECT * FROM endowment AS m WHERE School.School_id = m.School_id) GROUP BY amount"
"{'meaningful_joins': 'yes', 'table_exp_type': 'SELF JOIN', 'where_type': {'basic_comparison': '>'}, 'number_of_value_exp_in_group_by': 1, 'having_type': 'none', 'orderby_type': 'none', 'limit_type': 'none', 'value_exp_types': ['single_exp_text'], 'distinct_type': 'none', 'min_max_depth_in_subquery': [1, 1]}","SELECT r.Budget_invested_percent, budget.Budgeted FROM budget AS r JOIN budget ON budget.School_id = r.School_id WHERE  r.School_id > 78 GROUP BY budget.Budgeted"
"{'meaningful_joins': 'yes', 'table_exp_type': 'single_table_with_name_changing', 'where_type': 'comparison_with_subquery', 'number_of_value_exp_in_group_by': 0, 'having_type': 'none', 'orderby_type': 'ASC', 'limit_type': 'none', 'value_exp_types': ['agg_exp', 'single_exp_text'], 'distinct_type': 'none', 'min_max_depth_in_subquery': [1, 1]}","SELECT MAX(d.School_id), d.donator_name FROM endowment AS d WHERE endowment_id < (SELECT MAX(endowment_id) FROM endowment AS z LIMIT 9) ORDER BY d.donator_name ASC"
"{'meaningful_joins': 'yes', 'table_exp_type': 'single_table', 'where_type': 'none', 'number_of_value_exp_in_group_by': 0, 'having_type': 'none', 'orderby_type': 'none', 'limit_type': 'none', 'value_exp_types': ['agg_exp', 'single_exp_number'], 'distinct_type': 'none', 'min_max_depth_in_subquery': [1, 1]}","SELECT MAX(total_budget_percent_budgeted), Budgeted FROM budget"
"{'meaningful_joins': 'yes', 'table_exp_type': 'JOIN_JOIN', 'where_type': {'logical_operator': ['OR', 'basic_comparison', 'exists_subquery']}, 'number_of_value_exp_in_group_by': 1, 'having_type': {'single': 'MIN'}, 'orderby_type': 'none', 'limit_type': 'without_offset', 'value_exp_types': ['agg_exp', 'single_exp_number'], 'distinct_type': 'none', 'min_max_depth_in_subquery': [1, 1]}","SELECT SUM(Invested), amount, IHSAA_Football_Class FROM School JOIN budget JOIN endowment ON School.School_id = budget.School_id AND endowment.School_id = School.School_id WHERE  total_budget_percent_invested != 22 OR EXISTS (SELECT * FROM School AS l WHERE  l.Enrollment > 54 AND budget.School_id = l.School_id) GROUP BY IHSAA_Football_Class HAVING MIN(total_budget_percent_invested) < 73 LIMIT 3"
"{'meaningful_joins': 'yes', 'table_exp_type': 'SELF JOIN', 'where_type': {'logical_operator': ['OR', 'between', 'exists_subquery']}, 'number_of_value_exp_in_group_by': 0, 'having_type': 'none', 'orderby_type': 'none', 'limit_type': 'none', 'value_exp_types': ['single_exp_text', 'single_exp_text'], 'distinct_type': 'none', 'min_max_depth_in_subquery': [1, 1]}","SELECT l.Mascot, l.Mascot FROM School JOIN School AS l ON School.School_id = l.School_id WHERE l.Enrollment BETWEEN 1 AND 10 OR EXISTS (SELECT * FROM budget WHERE  School_id = 90 AND School.School_id = School_id)"
"{'meaningful_joins': 'yes', 'table_exp_type': 'single_table_with_name_changing', 'where_type': {'logical_operator': ['AND', 'basic_comparison', 'in_with_subquery']}, 'number_of_value_exp_in_group_by': 0, 'having_type': 'none', 'orderby_type': 'DESC', 'limit_type': 'none', 'value_exp_types': ['single_exp_number'], 'distinct_type': 'none', 'min_max_depth_in_subquery': [1, 1]}",SELECT z.amount FROM endowment AS z WHERE  z.amount != 1 AND endowment_id IN (SELECT endowment_id FROM endowment WHERE endowment_id BETWEEN 1 AND 10 OR  School_id = 15) ORDER BY z.amount DESC
"{'meaningful_joins': 'yes', 'table_exp_type': 'JOIN', 'where_type': {'logical_operator': ['AND', 'between', 'not_in_with_subquery']}, 'number_of_value_exp_in_group_by': 1, 'having_type': {'single': 'AVG'}, 'orderby_type': 'DESC', 'limit_type': 'none', 'value_exp_types': ['single_exp_text'], 'distinct_type': 'none', 'min_max_depth_in_subquery': [1, 1]}","SELECT Mascot, donator_name FROM School JOIN endowment ON endowment.School_id = School.School_id WHERE endowment_id BETWEEN 1 AND 10 AND IHSAA_Football_Class NOT IN (SELECT IHSAA_Football_Class FROM School WHERE Enrollment BETWEEN 1 AND 10 OR  Enrollment <= 87) GROUP BY donator_name HAVING AVG(Enrollment) < 86 ORDER BY Mascot DESC"
"{'meaningful_joins': 'yes', 'table_exp_type': 'JOIN_JOIN', 'where_type': 'none', 'number_of_value_exp_in_group_by': 0, 'having_type': 'none', 'orderby_type': 'none', 'limit_type': 'none', 'value_exp_types': ['single_exp_number', 'single_exp_text'], 'distinct_type': 'none', 'min_max_depth_in_subquery': [1, 1]}","SELECT total_budget_percent_invested, School.School_id FROM School JOIN budget JOIN endowment ON School.School_id = budget.School_id AND endowment.School_id = School.School_id"
"{'meaningful_joins': 'yes', 'table_exp_type': 'single_table', 'where_type': {'basic_comparison': '!='}, 'number_of_value_exp_in_group_by': 0, 'having_type': 'none', 'orderby_type': 'none', 'limit_type': 'none', 'value_exp_types': ['agg_exp', 'single_exp_number'], 'distinct_type': 'none', 'min_max_depth_in_subquery': [1, 1]}","SELECT MIN(Budgeted), Invested FROM budget WHERE  Budgeted != 20"
"{'meaningful_joins': 'yes', 'table_exp_type': 'JOIN', 'where_type': {'logical_operator': ['OR', 'between', 'basic_comparison']}, 'number_of_value_exp_in_group_by': 0, 'having_type': 'none', 'orderby_type': 'none', 'limit_type': 'none', 'value_exp_types': ['single_exp_number'], 'distinct_type': 'none', 'min_max_depth_in_subquery': [1, 1]}",SELECT endowment_id FROM School JOIN endowment ON endowment.School_id = School.School_id WHERE amount BETWEEN 1 AND 10 OR  Enrollment = 95
"{'meaningful_joins': 'yes', 'table_exp_type': 'JOIN', 'where_type': 'exists_subquery', 'number_of_value_exp_in_group_by': 1, 'having_type': 'none', 'orderby_type': 'none', 'limit_type': 'none', 'value_exp_types': ['count_distinct_exp'], 'distinct_type': 'none', 'min_max_depth_in_subquery': [1, 1]}","SELECT COUNT(DISTINCT Enrollment), total_budget_percent_budgeted FROM School JOIN budget ON School.School_id = budget.School_id WHERE EXISTS (SELECT * FROM budget WHERE  Budgeted < 21 AND School.School_id = School_id LIMIT 4) GROUP BY total_budget_percent_budgeted"
"{'meaningful_joins': 'yes', 'table_exp_type': 'JOIN', 'where_type': {'basic_comparison': '='}, 'number_of_value_exp_in_group_by': 0, 'having_type': 'none', 'orderby_type': 'none', 'limit_type': 'none', 'value_exp_types': ['agg_exp', 'single_exp_text'], 'distinct_type': 'none', 'min_max_depth_in_subquery': [1, 1]}","SELECT COUNT(Enrollment), IHSAA_Class FROM School JOIN budget ON School.School_id = budget.School_id WHERE  Budgeted = 4"
"{'meaningful_joins': 'yes', 'table_exp_type': 'JOIN', 'where_type': 'not_in_with_subquery', 'number_of_value_exp_in_group_by': 0, 'having_type': 'none', 'orderby_type': 'none', 'limit_type': 'without_offset', 'value_exp_types': ['count_distinct_exp', 'single_exp_number'], 'distinct_type': 'none', 'min_max_depth_in_subquery': [1, 1]}","SELECT COUNT(DISTINCT County), Enrollment FROM School JOIN endowment ON endowment.School_id = School.School_id WHERE County NOT IN (SELECT County FROM School AS v WHERE  v.Enrollment != 11) LIMIT 9"
"{'meaningful_joins': 'yes', 'table_exp_type': 'JOIN', 'where_type': {'basic_comparison': '='}, 'number_of_value_exp_in_group_by': 0, 'having_type': 'none', 'orderby_type': 'DESC', 'limit_type': 'none', 'value_exp_types': ['single_exp_number', 'single_exp_text'], 'distinct_type': 'none', 'min_max_depth_in_subquery': [1, 1]}","SELECT Enrollment, School.School_id FROM School JOIN budget ON School.School_id = budget.School_id WHERE  Invested = 85 ORDER BY Enrollment DESC"
"{'meaningful_joins': 'yes', 'table_exp_type': 'single_table_with_name_changing', 'where_type': 'between', 'number_of_value_exp_in_group_by': 0, 'having_type': 'none', 'orderby_type': 'none', 'limit_type': 'none', 'value_exp_types': ['single_exp_number', 'single_exp_text'], 'distinct_type': 'none', 'min_max_depth_in_subquery': [1, 1]}","SELECT h.Budgeted, h.Budget_invested_percent FROM budget AS h WHERE h.Budgeted BETWEEN 1 AND 10"
