Specification,query
"{'meaningful_joins': 'yes', 'table_exp_type': 'single_table', 'where_type': {'logical_operator': ['AND', 'between', 'in_with_subquery']}, 'number_of_value_exp_in_group_by': 0, 'having_type': 'none', 'orderby_type': 'DESC', 'limit_type': 'none', 'value_exp_types': ['agg_exp', 'count_distinct_exp', 'single_exp_number'], 'distinct_type': 'none', 'min_max_depth_in_subquery': [1, 1]}","SELECT MAX(School_ID), COUNT(DISTINCT School_ID), School_ID FROM school WHERE School_ID BETWEEN 1 AND 10 AND Location IN (SELECT Location FROM school WHERE  School_ID = 59) ORDER BY School_ID DESC"
"{'meaningful_joins': 'yes', 'table_exp_type': 'single_table', 'where_type': 'not_in_with_subquery', 'number_of_value_exp_in_group_by': 0, 'having_type': 'none', 'orderby_type': 'none', 'limit_type': 'without_offset', 'value_exp_types': ['count_distinct_exp', 'single_exp_text'], 'distinct_type': 'none', 'min_max_depth_in_subquery': [1, 1]}","SELECT COUNT(DISTINCT Driver_ID), If_full_time FROM school_bus WHERE School_ID NOT IN (SELECT School_ID FROM school AS u) LIMIT 4"
"{'meaningful_joins': 'yes', 'table_exp_type': 'JOIN_JOIN', 'where_type': {'logical_operator': ['AND', 'basic_comparison', 'exists_subquery']}, 'number_of_value_exp_in_group_by': 1, 'having_type': 'none', 'orderby_type': 'none', 'limit_type': 'none', 'value_exp_types': ['agg_exp', 'agg_exp', 'count_distinct_exp'], 'distinct_type': 'none', 'min_max_depth_in_subquery': [1, 1]}","SELECT COUNT(driver.Driver_ID), COUNT(Age), COUNT(DISTINCT Location), Party FROM school_bus JOIN school JOIN driver ON school_bus.Driver_ID = driver.Driver_ID AND school.School_ID = school_bus.School_ID WHERE  Age != 30 AND EXISTS (SELECT * FROM driver WHERE  Age > 91 AND school_bus.School_ID = Driver_ID) GROUP BY Party"
"{'meaningful_joins': 'yes', 'table_exp_type': 'JOIN_JOIN', 'where_type': 'exists_subquery', 'number_of_value_exp_in_group_by': 1, 'having_type': {'single': 'AVG'}, 'orderby_type': 'none', 'limit_type': 'none', 'value_exp_types': ['single_exp_text'], 'distinct_type': 'none', 'min_max_depth_in_subquery': [1, 1]}","SELECT Party, school_bus.Driver_ID FROM school_bus JOIN school JOIN driver ON school_bus.Driver_ID = driver.Driver_ID AND school.School_ID = school_bus.School_ID WHERE EXISTS (SELECT * FROM school_bus WHERE school.School_ID = School_ID) GROUP BY school_bus.Driver_ID HAVING AVG(driver.Driver_ID) >= 81"
"{'meaningful_joins': 'yes', 'table_exp_type': 'JOIN_JOIN', 'where_type': {'basic_comparison': '='}, 'number_of_value_exp_in_group_by': 0, 'having_type': 'none', 'orderby_type': 'none', 'limit_type': 'none', 'value_exp_types': ['single_exp_number'], 'distinct_type': 'none', 'min_max_depth_in_subquery': [1, 1]}",SELECT school_bus.School_ID FROM school_bus JOIN school JOIN driver ON school_bus.Driver_ID = driver.Driver_ID AND school.School_ID = school_bus.School_ID WHERE  school.School_ID = 75
"{'meaningful_joins': 'yes', 'table_exp_type': 'single_table_with_name_changing', 'where_type': {'logical_operator': ['OR', 'between', 'basic_comparison']}, 'number_of_value_exp_in_group_by': 0, 'having_type': 'none', 'orderby_type': 'none', 'limit_type': 'none', 'value_exp_types': ['single_exp_number', 'single_exp_number'], 'distinct_type': 'none', 'min_max_depth_in_subquery': [1, 1]}","SELECT w.School_ID, w.Years_Working FROM school_bus AS w WHERE w.Driver_ID BETWEEN 1 AND 10 OR  w.Driver_ID > 35"
"{'meaningful_joins': 'yes', 'table_exp_type': 'SELF JOIN', 'where_type': {'basic_comparison': '<='}, 'number_of_value_exp_in_group_by': 0, 'having_type': 'none', 'orderby_type': 'none', 'limit_type': 'without_offset', 'value_exp_types': ['count_distinct_exp', 'count_distinct_exp', 'count_distinct_exp'], 'distinct_type': 'none', 'min_max_depth_in_subquery': [1, 1]}","SELECT COUNT(DISTINCT g.Home_city), COUNT(DISTINCT driver.Party), COUNT(DISTINCT g.Party) FROM driver AS g JOIN driver ON driver.Driver_ID = g.Driver_ID WHERE  g.Age <= 21 LIMIT 8"
"{'meaningful_joins': 'yes', 'table_exp_type': 'single_table_with_name_changing', 'where_type': {'logical_operator': ['OR', 'between', 'basic_comparison']}, 'number_of_value_exp_in_group_by': 0, 'having_type': 'none', 'orderby_type': 'none', 'limit_type': 'without_offset', 'value_exp_types': ['single_exp_text', 'single_exp_text'], 'distinct_type': 'none', 'min_max_depth_in_subquery': [1, 1]}","SELECT w.If_full_time, w.If_full_time FROM school_bus AS w WHERE w.School_ID BETWEEN 1 AND 10 OR  w.Driver_ID <= 35 LIMIT 10"
"{'meaningful_joins': 'yes', 'table_exp_type': 'single_table_with_name_changing', 'where_type': 'none', 'number_of_value_exp_in_group_by': 0, 'having_type': 'none', 'orderby_type': 'none', 'limit_type': 'none', 'value_exp_types': ['count_distinct_exp', 'single_exp_number'], 'distinct_type': 'none', 'min_max_depth_in_subquery': [1, 1]}","SELECT COUNT(DISTINCT r.School_ID), r.Years_Working FROM school_bus AS r"
"{'meaningful_joins': 'yes', 'table_exp_type': 'single_table', 'where_type': {'logical_operator': ['AND', 'between', 'exists_subquery']}, 'number_of_value_exp_in_group_by': 0, 'having_type': 'none', 'orderby_type': 'none', 'limit_type': 'none', 'value_exp_types': ['single_exp_text'], 'distinct_type': 'none', 'min_max_depth_in_subquery': [1, 1]}",SELECT Party FROM driver WHERE Age BETWEEN 1 AND 10 AND EXISTS (SELECT * FROM school_bus AS y WHERE driver.Driver_ID = y.Driver_ID)
"{'meaningful_joins': 'yes', 'table_exp_type': 'JOIN', 'where_type': {'logical_operator': ['AND', 'between', 'exists_subquery']}, 'number_of_value_exp_in_group_by': 0, 'having_type': 'none', 'orderby_type': 'none', 'limit_type': 'none', 'value_exp_types': ['single_exp_number'], 'distinct_type': 'none', 'min_max_depth_in_subquery': [1, 1]}",SELECT Years_Working FROM school_bus JOIN driver ON school_bus.Driver_ID = driver.Driver_ID WHERE school_bus.Driver_ID BETWEEN 1 AND 10 AND EXISTS (SELECT * FROM school_bus AS v WHERE  v.Driver_ID = 49 AND driver.Driver_ID = v.Driver_ID LIMIT 7)
"{'meaningful_joins': 'yes', 'table_exp_type': 'JOIN_JOIN', 'where_type': {'logical_operator': ['OR', 'between', 'not_exists_subquery']}, 'number_of_value_exp_in_group_by': 1, 'having_type': 'none', 'orderby_type': 'none', 'limit_type': 'without_offset', 'value_exp_types': ['agg_exp', 'count_distinct_exp', 'count_distinct_exp'], 'distinct_type': 'none', 'min_max_depth_in_subquery': [1, 1]}","SELECT SUM(school_bus.Driver_ID), COUNT(DISTINCT driver.Driver_ID), COUNT(DISTINCT If_full_time), Age FROM school_bus JOIN school JOIN driver ON school_bus.Driver_ID = driver.Driver_ID AND school.School_ID = school_bus.School_ID WHERE school_bus.Driver_ID BETWEEN 1 AND 10 OR EXISTS (SELECT * FROM school_bus AS g WHERE  g.School_ID >= 85 AND driver.Driver_ID = g.Driver_ID LIMIT 1) GROUP BY Age LIMIT 9"
"{'meaningful_joins': 'yes', 'table_exp_type': 'SELF JOIN', 'where_type': 'none', 'number_of_value_exp_in_group_by': 1, 'having_type': 'none', 'orderby_type': 'none', 'limit_type': 'without_offset', 'value_exp_types': ['agg_exp', 'agg_exp'], 'distinct_type': 'none', 'min_max_depth_in_subquery': [1, 1]}","SELECT MAX(u.School_ID), SUM(u.School_ID), u.Grade FROM school JOIN school AS u ON school.School_ID = u.School_ID GROUP BY u.Grade LIMIT 8"
"{'meaningful_joins': 'yes', 'table_exp_type': 'JOIN_JOIN', 'where_type': 'none', 'number_of_value_exp_in_group_by': 0, 'having_type': 'none', 'orderby_type': 'ASC', 'limit_type': 'none', 'value_exp_types': ['single_exp_number'], 'distinct_type': 'none', 'min_max_depth_in_subquery': [1, 1]}",SELECT school_bus.School_ID FROM school_bus JOIN school JOIN driver ON school_bus.Driver_ID = driver.Driver_ID AND school.School_ID = school_bus.School_ID ORDER BY school_bus.School_ID ASC
"{'meaningful_joins': 'yes', 'table_exp_type': 'JOIN', 'where_type': 'none', 'number_of_value_exp_in_group_by': 0, 'having_type': 'none', 'orderby_type': 'none', 'limit_type': 'without_offset', 'value_exp_types': ['agg_exp', 'single_exp_number'], 'distinct_type': 'none', 'min_max_depth_in_subquery': [1, 1]}","SELECT AVG(school_bus.Driver_ID), driver.Driver_ID FROM school_bus JOIN driver ON school_bus.Driver_ID = driver.Driver_ID LIMIT 5"
"{'meaningful_joins': 'yes', 'table_exp_type': 'JOIN', 'where_type': {'basic_comparison': '!='}, 'number_of_value_exp_in_group_by': 0, 'having_type': 'none', 'orderby_type': 'DESC', 'limit_type': 'none', 'value_exp_types': ['agg_exp', 'single_exp_number'], 'distinct_type': 'none', 'min_max_depth_in_subquery': [1, 1]}","SELECT COUNT(Age), driver.Driver_ID FROM school_bus JOIN driver ON school_bus.Driver_ID = driver.Driver_ID WHERE  school_bus.Driver_ID != 99 ORDER BY driver.Driver_ID DESC"
"{'meaningful_joins': 'yes', 'table_exp_type': 'JOIN_JOIN', 'where_type': {'logical_operator': ['AND', 'between', 'basic_comparison']}, 'number_of_value_exp_in_group_by': 1, 'having_type': 'none', 'orderby_type': 'none', 'limit_type': 'without_offset', 'value_exp_types': ['single_exp_number', 'single_exp_number'], 'distinct_type': 'none', 'min_max_depth_in_subquery': [1, 1]}","SELECT school_bus.School_ID, driver.Driver_ID, Home_city FROM school_bus JOIN school JOIN driver ON school_bus.Driver_ID = driver.Driver_ID AND school.School_ID = school_bus.School_ID WHERE driver.Driver_ID BETWEEN 1 AND 10 AND  school_bus.Driver_ID > 23 GROUP BY Home_city LIMIT 1"
"{'meaningful_joins': 'yes', 'table_exp_type': 'single_table', 'where_type': 'comparison_with_subquery', 'number_of_value_exp_in_group_by': 0, 'having_type': 'none', 'orderby_type': 'none', 'limit_type': 'none', 'value_exp_types': ['count_distinct_exp', 'single_exp_number'], 'distinct_type': 'none', 'min_max_depth_in_subquery': [1, 1]}","SELECT COUNT(DISTINCT Driver_ID), Years_Working FROM school_bus WHERE School_ID <= (SELECT SUM(School_ID) FROM school_bus WHERE  School_ID = 85)"
"{'meaningful_joins': 'yes', 'table_exp_type': 'JOIN', 'where_type': {'logical_operator': ['OR', 'between', 'not_in_with_subquery']}, 'number_of_value_exp_in_group_by': 1, 'having_type': {'single': 'MAX'}, 'orderby_type': 'DESC', 'limit_type': 'none', 'value_exp_types': ['single_exp_text', 'single_exp_text'], 'distinct_type': 'none', 'min_max_depth_in_subquery': [1, 1]}","SELECT Name, Party, If_full_time FROM school_bus JOIN driver ON school_bus.Driver_ID = driver.Driver_ID WHERE school_bus.Driver_ID BETWEEN 1 AND 10 OR Party NOT IN (SELECT Party FROM driver WHERE  Age != 77) GROUP BY If_full_time HAVING MAX(driver.Driver_ID) >= 13 ORDER BY If_full_time DESC"
"{'meaningful_joins': 'yes', 'table_exp_type': 'JOIN', 'where_type': {'logical_operator': ['AND', 'between', 'in_with_subquery']}, 'number_of_value_exp_in_group_by': 0, 'having_type': 'none', 'orderby_type': 'none', 'limit_type': 'none', 'value_exp_types': ['single_exp_number', 'single_exp_text'], 'distinct_type': 'none', 'min_max_depth_in_subquery': [1, 1]}","SELECT school.School_ID, Type FROM school_bus JOIN school ON school.School_ID = school_bus.School_ID WHERE Years_Working BETWEEN 1 AND 10 AND Type IN (SELECT Type FROM school AS n)"
"{'meaningful_joins': 'yes', 'table_exp_type': 'JOIN', 'where_type': {'logical_operator': ['OR', 'basic_comparison', 'in_with_subquery']}, 'number_of_value_exp_in_group_by': 0, 'having_type': 'none', 'orderby_type': 'none', 'limit_type': 'without_offset', 'value_exp_types': ['single_exp_number'], 'distinct_type': 'none', 'min_max_depth_in_subquery': [1, 1]}",SELECT Years_Working FROM school_bus JOIN driver ON school_bus.Driver_ID = driver.Driver_ID WHERE  school_bus.Driver_ID <= 29 OR Driver_ID IN (SELECT Driver_ID FROM driver WHERE Age BETWEEN 1 AND 10 AND  Age = 71 LIMIT 4) LIMIT 2
"{'meaningful_joins': 'yes', 'table_exp_type': 'JOIN', 'where_type': 'between', 'number_of_value_exp_in_group_by': 1, 'having_type': 'none', 'orderby_type': 'none', 'limit_type': 'none', 'value_exp_types': ['agg_exp', 'single_exp_text'], 'distinct_type': 'none', 'min_max_depth_in_subquery': [1, 1]}","SELECT MAX(Age), Home_city, If_full_time FROM school_bus JOIN driver ON school_bus.Driver_ID = driver.Driver_ID WHERE School_ID BETWEEN 1 AND 10 GROUP BY If_full_time"
"{'meaningful_joins': 'yes', 'table_exp_type': 'single_table_with_name_changing', 'where_type': {'logical_operator': ['AND', 'between', 'basic_comparison']}, 'number_of_value_exp_in_group_by': 0, 'having_type': 'none', 'orderby_type': 'none', 'limit_type': 'none', 'value_exp_types': ['single_exp_number', 'single_exp_text'], 'distinct_type': 'none', 'min_max_depth_in_subquery': [1, 1]}","SELECT y.School_ID, y.School FROM school AS y WHERE y.School_ID BETWEEN 1 AND 10 AND  y.School_ID < 44"
"{'meaningful_joins': 'yes', 'table_exp_type': 'single_table', 'where_type': {'basic_comparison': '='}, 'number_of_value_exp_in_group_by': 0, 'having_type': 'none', 'orderby_type': 'none', 'limit_type': 'none', 'value_exp_types': ['agg_exp', 'single_exp_text'], 'distinct_type': 'none', 'min_max_depth_in_subquery': [1, 1]}","SELECT MAX(School_ID), Type FROM school WHERE  School_ID = 19"
"{'meaningful_joins': 'yes', 'table_exp_type': 'JOIN_JOIN', 'where_type': 'in_with_subquery', 'number_of_value_exp_in_group_by': 1, 'having_type': {'single': 'SUM'}, 'orderby_type': 'none', 'limit_type': 'without_offset', 'value_exp_types': ['single_exp_text', 'single_exp_text'], 'distinct_type': 'none', 'min_max_depth_in_subquery': [1, 1]}","SELECT Grade, Grade, Type FROM school_bus JOIN school JOIN driver ON school_bus.Driver_ID = driver.Driver_ID AND school.School_ID = school_bus.School_ID WHERE Name IN (SELECT Name FROM driver AS z WHERE z.Age BETWEEN 1 AND 10) GROUP BY Type HAVING SUM(school_bus.Driver_ID) < 63 LIMIT 1"
"{'meaningful_joins': 'yes', 'table_exp_type': 'single_table_with_name_changing', 'where_type': {'basic_comparison': '<'}, 'number_of_value_exp_in_group_by': 1, 'having_type': 'none', 'orderby_type': 'ASC', 'limit_type': 'none', 'value_exp_types': ['single_exp_text'], 'distinct_type': 'none', 'min_max_depth_in_subquery': [1, 1]}","SELECT v.If_full_time, v.Driver_ID FROM school_bus AS v WHERE  v.School_ID < 86 GROUP BY v.Driver_ID ORDER BY v.If_full_time ASC"
"{'meaningful_joins': 'yes', 'table_exp_type': 'single_table_with_name_changing', 'where_type': {'basic_comparison': '!='}, 'number_of_value_exp_in_group_by': 1, 'having_type': {'single': 'AVG'}, 'orderby_type': 'ASC', 'limit_type': 'none', 'value_exp_types': ['count_distinct_exp', 'single_exp_text'], 'distinct_type': 'none', 'min_max_depth_in_subquery': [1, 1]}","SELECT COUNT(DISTINCT c.School_ID), c.School, c.Grade FROM school AS c WHERE  c.School_ID != 83 GROUP BY c.Grade HAVING AVG(c.School_ID) > 77 ORDER BY c.Grade ASC"
"{'meaningful_joins': 'yes', 'table_exp_type': 'single_table_with_name_changing', 'where_type': {'logical_operator': ['AND', 'between', 'basic_comparison']}, 'number_of_value_exp_in_group_by': 0, 'having_type': 'none', 'orderby_type': 'none', 'limit_type': 'none', 'value_exp_types': ['agg_exp', 'agg_exp', 'single_exp_text'], 'distinct_type': 'none', 'min_max_depth_in_subquery': [1, 1]}","SELECT SUM(n.Years_Working), AVG(n.School_ID), n.If_full_time FROM school_bus AS n WHERE n.School_ID BETWEEN 1 AND 10 AND  n.Years_Working != 30"
"{'meaningful_joins': 'yes', 'table_exp_type': 'JOIN_JOIN', 'where_type': {'basic_comparison': '>'}, 'number_of_value_exp_in_group_by': 0, 'having_type': 'none', 'orderby_type': 'none', 'limit_type': 'without_offset', 'value_exp_types': ['single_exp_text', 'single_exp_text'], 'distinct_type': 'none', 'min_max_depth_in_subquery': [1, 1]}","SELECT If_full_time, Type FROM school_bus JOIN school JOIN driver ON school_bus.Driver_ID = driver.Driver_ID AND school.School_ID = school_bus.School_ID WHERE  school_bus.School_ID > 63 LIMIT 9"
"{'meaningful_joins': 'yes', 'table_exp_type': 'single_table_with_name_changing', 'where_type': {'basic_comparison': '!='}, 'number_of_value_exp_in_group_by': 0, 'having_type': 'none', 'orderby_type': 'none', 'limit_type': 'without_offset', 'value_exp_types': ['agg_exp', 'count_distinct_exp'], 'distinct_type': 'none', 'min_max_depth_in_subquery': [1, 1]}","SELECT COUNT(h.Driver_ID), COUNT(DISTINCT h.Name) FROM driver AS h WHERE  h.Age != 63 LIMIT 7"
"{'meaningful_joins': 'yes', 'table_exp_type': 'JOIN_JOIN', 'where_type': {'logical_operator': ['OR', 'between', 'comparison_with_subquery']}, 'number_of_value_exp_in_group_by': 0, 'having_type': 'none', 'orderby_type': 'none', 'limit_type': 'none', 'value_exp_types': ['single_exp_text', 'single_exp_text'], 'distinct_type': 'none', 'min_max_depth_in_subquery': [1, 1]}","SELECT School, Name FROM school_bus JOIN school JOIN driver ON school_bus.Driver_ID = driver.Driver_ID AND school.School_ID = school_bus.School_ID WHERE Age BETWEEN 1 AND 10 OR Grade > (SELECT MIN(Grade) FROM school WHERE School_ID BETWEEN 1 AND 10 OR  School_ID = 48)"
