Specification,query
"{'meaningful_joins': 'yes', 'table_exp_type': 'JOIN', 'where_type': {'basic_comparison': '<='}, 'number_of_value_exp_in_group_by': 0, 'having_type': 'none', 'orderby_type': 'none', 'limit_type': 'none', 'value_exp_types': ['count_distinct_exp', 'single_exp_text', 'single_exp_text'], 'distinct_type': 'none', 'min_max_depth_in_subquery': [1, 1]}","SELECT COUNT(DISTINCT Level), Card_Number, Name FROM member JOIN purchase ON purchase.Member_ID = member.Member_ID WHERE  purchase.Member_ID <= 44"
"{'meaningful_joins': 'yes', 'table_exp_type': 'JOIN_JOIN_JOIN', 'where_type': 'in_with_subquery', 'number_of_value_exp_in_group_by': 1, 'having_type': {'single': 'COUNT'}, 'orderby_type': 'none', 'limit_type': 'without_offset', 'value_exp_types': ['single_exp_number', 'single_exp_text'], 'distinct_type': 'none', 'min_max_depth_in_subquery': [1, 1]}","SELECT Level, Card_Number, membership_register_branch.Branch_ID FROM membership_register_branch JOIN branch JOIN member JOIN purchase ON membership_register_branch.Branch_ID = branch.Branch_ID AND branch.Branch_ID = purchase.Branch_ID AND member.Member_ID = membership_register_branch.Member_ID AND purchase.Member_ID = member.Member_ID WHERE Branch_ID IN (SELECT Branch_ID FROM membership_register_branch AS k) GROUP BY membership_register_branch.Branch_ID HAVING COUNT(Level) = 35 LIMIT 5"
"{'meaningful_joins': 'yes', 'table_exp_type': 'SELF JOIN', 'where_type': {'basic_comparison': '>='}, 'number_of_value_exp_in_group_by': 0, 'having_type': 'none', 'orderby_type': 'none', 'limit_type': 'none', 'value_exp_types': ['single_exp_text'], 'distinct_type': 'none', 'min_max_depth_in_subquery': [1, 1]}",SELECT membership_register_branch.Register_Year FROM membership_register_branch JOIN membership_register_branch AS g ON membership_register_branch.Member_ID = g.Member_ID WHERE  membership_register_branch.Member_ID >= 11
"{'meaningful_joins': 'yes', 'table_exp_type': 'JOIN_JOIN', 'where_type': {'logical_operator': ['AND', 'basic_comparison', 'comparison_with_subquery']}, 'number_of_value_exp_in_group_by': 0, 'having_type': 'none', 'orderby_type': 'none', 'limit_type': 'none', 'value_exp_types': ['agg_exp', 'single_exp_text'], 'distinct_type': 'none', 'min_max_depth_in_subquery': [1, 1]}","SELECT MAX(purchase.Member_ID), membership_amount FROM membership_register_branch JOIN branch JOIN purchase ON membership_register_branch.Branch_ID = branch.Branch_ID AND branch.Branch_ID = purchase.Branch_ID WHERE  membership_register_branch.Member_ID <= 44 AND Year < (SELECT AVG(Year) FROM purchase AS t WHERE t.Member_ID BETWEEN 1 AND 10)"
"{'meaningful_joins': 'yes', 'table_exp_type': 'JOIN', 'where_type': {'basic_comparison': '>'}, 'number_of_value_exp_in_group_by': 1, 'having_type': 'none', 'orderby_type': 'none', 'limit_type': 'none', 'value_exp_types': ['count_distinct_exp'], 'distinct_type': 'none', 'min_max_depth_in_subquery': [1, 1]}","SELECT COUNT(DISTINCT Year), Branch_ID FROM member JOIN purchase ON purchase.Member_ID = member.Member_ID WHERE  Level > 31 GROUP BY Branch_ID"
"{'meaningful_joins': 'yes', 'table_exp_type': 'JOIN_JOIN_JOIN', 'where_type': {'logical_operator': ['OR', 'between', 'basic_comparison']}, 'number_of_value_exp_in_group_by': 1, 'having_type': {'single': 'COUNT'}, 'orderby_type': 'ASC', 'limit_type': 'none', 'value_exp_types': ['single_exp_text'], 'distinct_type': 'none', 'min_max_depth_in_subquery': [1, 1]}","SELECT branch.Branch_ID, Total_pounds FROM membership_register_branch JOIN branch JOIN member JOIN purchase ON membership_register_branch.Branch_ID = branch.Branch_ID AND branch.Branch_ID = purchase.Branch_ID AND member.Member_ID = membership_register_branch.Member_ID AND purchase.Member_ID = member.Member_ID WHERE membership_register_branch.Member_ID BETWEEN 1 AND 10 OR  Level < 43 GROUP BY Total_pounds HAVING COUNT(Total_pounds) <= 86 ORDER BY branch.Branch_ID ASC"
"{'meaningful_joins': 'yes', 'table_exp_type': 'JOIN', 'where_type': {'logical_operator': ['AND', 'between', 'exists_subquery']}, 'number_of_value_exp_in_group_by': 1, 'having_type': 'none', 'orderby_type': 'none', 'limit_type': 'none', 'value_exp_types': ['single_exp_number', 'single_exp_number'], 'distinct_type': 'none', 'min_max_depth_in_subquery': [1, 1]}","SELECT member.Member_ID, membership_register_branch.Member_ID, Branch_ID FROM membership_register_branch JOIN member ON member.Member_ID = membership_register_branch.Member_ID WHERE membership_register_branch.Member_ID BETWEEN 1 AND 10 AND EXISTS (SELECT * FROM membership_register_branch WHERE member.Member_ID = Member_ID) GROUP BY Branch_ID"
"{'meaningful_joins': 'yes', 'table_exp_type': 'JOIN', 'where_type': 'in_with_subquery', 'number_of_value_exp_in_group_by': 0, 'having_type': 'none', 'orderby_type': 'none', 'limit_type': 'none', 'value_exp_types': ['single_exp_text'], 'distinct_type': 'none', 'min_max_depth_in_subquery': [1, 1]}",SELECT branch.Branch_ID FROM membership_register_branch JOIN branch ON membership_register_branch.Branch_ID = branch.Branch_ID WHERE Open_year IN (SELECT Open_year FROM branch WHERE Branch_ID BETWEEN 1 AND 10)
"{'meaningful_joins': 'yes', 'table_exp_type': 'SELF JOIN', 'where_type': {'basic_comparison': '!='}, 'number_of_value_exp_in_group_by': 0, 'having_type': 'none', 'orderby_type': 'ASC', 'limit_type': 'none', 'value_exp_types': ['count_distinct_exp', 'single_exp_text'], 'distinct_type': 'none', 'min_max_depth_in_subquery': [1, 1]}","SELECT COUNT(DISTINCT u.Branch_ID), membership_register_branch.Register_Year FROM membership_register_branch JOIN membership_register_branch AS u ON membership_register_branch.Member_ID = u.Member_ID WHERE  u.Member_ID != 46 ORDER BY membership_register_branch.Register_Year ASC"
"{'meaningful_joins': 'yes', 'table_exp_type': 'JOIN_JOIN_JOIN', 'where_type': {'basic_comparison': '<='}, 'number_of_value_exp_in_group_by': 0, 'having_type': 'none', 'orderby_type': 'DESC', 'limit_type': 'none', 'value_exp_types': ['single_exp_number'], 'distinct_type': 'none', 'min_max_depth_in_subquery': [1, 1]}",SELECT membership_register_branch.Member_ID FROM membership_register_branch JOIN branch JOIN member JOIN purchase ON membership_register_branch.Branch_ID = branch.Branch_ID AND branch.Branch_ID = purchase.Branch_ID AND member.Member_ID = membership_register_branch.Member_ID AND purchase.Member_ID = member.Member_ID WHERE  Total_pounds <= 99 ORDER BY membership_register_branch.Member_ID DESC
"{'meaningful_joins': 'yes', 'table_exp_type': 'JOIN_JOIN_JOIN', 'where_type': {'basic_comparison': '>'}, 'number_of_value_exp_in_group_by': 0, 'having_type': 'none', 'orderby_type': 'none', 'limit_type': 'none', 'value_exp_types': ['agg_exp', 'agg_exp', 'single_exp_text'], 'distinct_type': 'none', 'min_max_depth_in_subquery': [1, 1]}","SELECT AVG(membership_register_branch.Member_ID), MIN(purchase.Member_ID), membership_register_branch.Branch_ID FROM membership_register_branch JOIN branch JOIN member JOIN purchase ON membership_register_branch.Branch_ID = branch.Branch_ID AND branch.Branch_ID = purchase.Branch_ID AND member.Member_ID = membership_register_branch.Member_ID AND purchase.Member_ID = member.Member_ID WHERE  Level > 90"
"{'meaningful_joins': 'yes', 'table_exp_type': 'single_table', 'where_type': {'basic_comparison': '<='}, 'number_of_value_exp_in_group_by': 0, 'having_type': 'none', 'orderby_type': 'DESC', 'limit_type': 'none', 'value_exp_types': ['agg_exp', 'single_exp_number'], 'distinct_type': 'none', 'min_max_depth_in_subquery': [1, 1]}","SELECT SUM(Branch_ID), Branch_ID FROM branch WHERE  Branch_ID <= 38 ORDER BY Branch_ID DESC"
"{'meaningful_joins': 'yes', 'table_exp_type': 'JOIN_JOIN_JOIN', 'where_type': {'logical_operator': ['AND', 'basic_comparison', 'not_exists_subquery']}, 'number_of_value_exp_in_group_by': 0, 'having_type': 'none', 'orderby_type': 'ASC', 'limit_type': 'none', 'value_exp_types': ['single_exp_number', 'single_exp_number'], 'distinct_type': 'none', 'min_max_depth_in_subquery': [1, 1]}","SELECT Total_pounds, Total_pounds FROM membership_register_branch JOIN branch JOIN member JOIN purchase ON membership_register_branch.Branch_ID = branch.Branch_ID AND branch.Branch_ID = purchase.Branch_ID AND member.Member_ID = membership_register_branch.Member_ID AND purchase.Member_ID = member.Member_ID WHERE  purchase.Member_ID = 25 AND EXISTS (SELECT * FROM branch AS n WHERE n.Branch_ID BETWEEN 1 AND 10 AND purchase.Member_ID = n.Branch_ID LIMIT 9) ORDER BY Total_pounds ASC"
"{'meaningful_joins': 'yes', 'table_exp_type': 'JOIN_JOIN_JOIN', 'where_type': {'basic_comparison': '!='}, 'number_of_value_exp_in_group_by': 0, 'having_type': 'none', 'orderby_type': 'none', 'limit_type': 'without_offset', 'value_exp_types': ['single_exp_number', 'single_exp_text'], 'distinct_type': 'none', 'min_max_depth_in_subquery': [1, 1]}","SELECT Level, membership_register_branch.Branch_ID FROM membership_register_branch JOIN branch JOIN member JOIN purchase ON membership_register_branch.Branch_ID = branch.Branch_ID AND branch.Branch_ID = purchase.Branch_ID AND member.Member_ID = membership_register_branch.Member_ID AND purchase.Member_ID = member.Member_ID WHERE  purchase.Member_ID != 21 LIMIT 7"
"{'meaningful_joins': 'yes', 'table_exp_type': 'single_table_with_name_changing', 'where_type': {'basic_comparison': '='}, 'number_of_value_exp_in_group_by': 1, 'having_type': {'single': 'COUNT'}, 'orderby_type': 'DESC', 'limit_type': 'without_offset', 'value_exp_types': ['single_exp_text'], 'distinct_type': 'none', 'min_max_depth_in_subquery': [1, 1]}","SELECT i.City, i.membership_amount FROM branch AS i WHERE  i.Branch_ID = 67 GROUP BY i.membership_amount HAVING COUNT(i.Branch_ID) >= 45 ORDER BY i.membership_amount DESC LIMIT 5"
"{'meaningful_joins': 'yes', 'table_exp_type': 'JOIN', 'where_type': {'basic_comparison': '<'}, 'number_of_value_exp_in_group_by': 0, 'having_type': 'none', 'orderby_type': 'none', 'limit_type': 'none', 'value_exp_types': ['single_exp_number', 'single_exp_number', 'single_exp_number'], 'distinct_type': 'none', 'min_max_depth_in_subquery': [1, 1]}","SELECT Member_ID, Member_ID, Member_ID FROM membership_register_branch JOIN branch ON membership_register_branch.Branch_ID = branch.Branch_ID WHERE  Member_ID < 68"
"{'meaningful_joins': 'yes', 'table_exp_type': 'single_table', 'where_type': {'basic_comparison': '>'}, 'number_of_value_exp_in_group_by': 1, 'having_type': 'none', 'orderby_type': 'ASC', 'limit_type': 'none', 'value_exp_types': ['agg_exp'], 'distinct_type': 'none', 'min_max_depth_in_subquery': [1, 1]}","SELECT MIN(Level), Level FROM member WHERE  Member_ID > 77 GROUP BY Level ORDER BY Level ASC"
"{'meaningful_joins': 'yes', 'table_exp_type': 'JOIN', 'where_type': {'basic_comparison': '>='}, 'number_of_value_exp_in_group_by': 0, 'having_type': 'none', 'orderby_type': 'DESC', 'limit_type': 'none', 'value_exp_types': ['single_exp_number', 'single_exp_text'], 'distinct_type': 'none', 'min_max_depth_in_subquery': [1, 1]}","SELECT Member_ID, membership_amount FROM branch JOIN purchase ON branch.Branch_ID = purchase.Branch_ID WHERE  Total_pounds >= 63 ORDER BY membership_amount DESC"
"{'meaningful_joins': 'yes', 'table_exp_type': 'single_table_with_name_changing', 'where_type': {'basic_comparison': '<='}, 'number_of_value_exp_in_group_by': 0, 'having_type': 'none', 'orderby_type': 'none', 'limit_type': 'none', 'value_exp_types': ['single_exp_number'], 'distinct_type': 'none', 'min_max_depth_in_subquery': [1, 1]}",SELECT u.Total_pounds FROM purchase AS u WHERE  u.Total_pounds <= 36
"{'meaningful_joins': 'yes', 'table_exp_type': 'JOIN_JOIN_JOIN', 'where_type': {'basic_comparison': '<'}, 'number_of_value_exp_in_group_by': 1, 'having_type': {'single': 'AVG'}, 'orderby_type': 'none', 'limit_type': 'without_offset', 'value_exp_types': ['single_exp_text'], 'distinct_type': 'none', 'min_max_depth_in_subquery': [1, 1]}","SELECT membership_amount, Register_Year FROM membership_register_branch JOIN branch JOIN member JOIN purchase ON membership_register_branch.Branch_ID = branch.Branch_ID AND branch.Branch_ID = purchase.Branch_ID AND member.Member_ID = membership_register_branch.Member_ID AND purchase.Member_ID = member.Member_ID WHERE  Total_pounds < 91 GROUP BY Register_Year HAVING AVG(purchase.Member_ID) < 88 LIMIT 10"
"{'meaningful_joins': 'yes', 'table_exp_type': 'JOIN_JOIN', 'where_type': 'comparison_with_subquery', 'number_of_value_exp_in_group_by': 0, 'having_type': 'none', 'orderby_type': 'DESC', 'limit_type': 'without_offset', 'value_exp_types': ['single_exp_number', 'single_exp_text'], 'distinct_type': 'none', 'min_max_depth_in_subquery': [1, 1]}","SELECT member.Member_ID, branch.Name FROM membership_register_branch JOIN branch JOIN member ON membership_register_branch.Branch_ID = branch.Branch_ID AND member.Member_ID = membership_register_branch.Member_ID WHERE Branch_ID >= (SELECT SUM(Branch_ID) FROM purchase WHERE  Total_pounds <= 31) ORDER BY member.Member_ID DESC LIMIT 7"
"{'meaningful_joins': 'yes', 'table_exp_type': 'JOIN', 'where_type': {'logical_operator': ['AND', 'between', 'in_with_subquery']}, 'number_of_value_exp_in_group_by': 0, 'having_type': 'none', 'orderby_type': 'DESC', 'limit_type': 'without_offset', 'value_exp_types': ['single_exp_number'], 'distinct_type': 'none', 'min_max_depth_in_subquery': [1, 1]}",SELECT member.Member_ID FROM membership_register_branch JOIN member ON member.Member_ID = membership_register_branch.Member_ID WHERE membership_register_branch.Member_ID BETWEEN 1 AND 10 AND Hometown IN (SELECT Hometown FROM member WHERE  Level <= 23) ORDER BY member.Member_ID DESC LIMIT 7
"{'meaningful_joins': 'yes', 'table_exp_type': 'single_table', 'where_type': 'none', 'number_of_value_exp_in_group_by': 0, 'having_type': 'none', 'orderby_type': 'none', 'limit_type': 'without_offset', 'value_exp_types': ['single_exp_number', 'single_exp_text'], 'distinct_type': 'none', 'min_max_depth_in_subquery': [1, 1]}","SELECT Member_ID, Register_Year FROM membership_register_branch LIMIT 10"
"{'meaningful_joins': 'yes', 'table_exp_type': 'JOIN', 'where_type': 'not_in_with_subquery', 'number_of_value_exp_in_group_by': 1, 'having_type': 'none', 'orderby_type': 'DESC', 'limit_type': 'none', 'value_exp_types': ['agg_exp', 'count_distinct_exp'], 'distinct_type': 'none', 'min_max_depth_in_subquery': [1, 1]}","SELECT SUM(Level), COUNT(DISTINCT membership_register_branch.Member_ID), Branch_ID FROM membership_register_branch JOIN member ON member.Member_ID = membership_register_branch.Member_ID WHERE Branch_ID NOT IN (SELECT Branch_ID FROM branch AS b WHERE  b.Branch_ID != 9) GROUP BY Branch_ID ORDER BY Branch_ID DESC"
"{'meaningful_joins': 'yes', 'table_exp_type': 'single_table_with_name_changing', 'where_type': 'in_with_subquery', 'number_of_value_exp_in_group_by': 0, 'having_type': 'none', 'orderby_type': 'none', 'limit_type': 'none', 'value_exp_types': ['agg_exp', 'single_exp_text'], 'distinct_type': 'none', 'min_max_depth_in_subquery': [1, 1]}","SELECT MIN(y.Member_ID), y.Branch_ID FROM membership_register_branch AS y WHERE Register_Year IN (SELECT Register_Year FROM membership_register_branch AS g WHERE  g.Member_ID >= 6)"
"{'meaningful_joins': 'yes', 'table_exp_type': 'single_table_with_name_changing', 'where_type': {'logical_operator': ['OR', 'between', 'in_with_subquery']}, 'number_of_value_exp_in_group_by': 0, 'having_type': 'none', 'orderby_type': 'none', 'limit_type': 'none', 'value_exp_types': ['count_distinct_exp', 'single_exp_number', 'single_exp_text'], 'distinct_type': 'none', 'min_max_depth_in_subquery': [1, 1]}","SELECT COUNT(DISTINCT x.Total_pounds), x.Member_ID, x.Branch_ID FROM purchase AS x WHERE x.Total_pounds BETWEEN 1 AND 10 OR Year IN (SELECT Year FROM purchase WHERE Total_pounds BETWEEN 1 AND 10)"
"{'meaningful_joins': 'yes', 'table_exp_type': 'JOIN_JOIN_JOIN', 'where_type': {'basic_comparison': '>'}, 'number_of_value_exp_in_group_by': 0, 'having_type': 'none', 'orderby_type': 'DESC', 'limit_type': 'none', 'value_exp_types': ['single_exp_number', 'single_exp_number'], 'distinct_type': 'none', 'min_max_depth_in_subquery': [1, 1]}","SELECT purchase.Member_ID, Total_pounds FROM membership_register_branch JOIN branch JOIN member JOIN purchase ON membership_register_branch.Branch_ID = branch.Branch_ID AND branch.Branch_ID = purchase.Branch_ID AND member.Member_ID = membership_register_branch.Member_ID AND purchase.Member_ID = member.Member_ID WHERE  member.Member_ID > 85 ORDER BY Total_pounds DESC"
"{'meaningful_joins': 'yes', 'table_exp_type': 'single_table', 'where_type': {'basic_comparison': '>'}, 'number_of_value_exp_in_group_by': 1, 'having_type': 'none', 'orderby_type': 'none', 'limit_type': 'none', 'value_exp_types': ['single_exp_number'], 'distinct_type': 'none', 'min_max_depth_in_subquery': [1, 1]}","SELECT Member_ID, Level FROM member WHERE  Member_ID > 60 GROUP BY Level"
"{'meaningful_joins': 'yes', 'table_exp_type': 'single_table', 'where_type': {'basic_comparison': '!='}, 'number_of_value_exp_in_group_by': 1, 'having_type': 'none', 'orderby_type': 'ASC', 'limit_type': 'none', 'value_exp_types': ['single_exp_number', 'single_exp_number'], 'distinct_type': 'none', 'min_max_depth_in_subquery': [1, 1]}","SELECT Member_ID, Level, Name FROM member WHERE  Level != 85 GROUP BY Name ORDER BY Level ASC"
"{'meaningful_joins': 'yes', 'table_exp_type': 'SELF JOIN', 'where_type': {'basic_comparison': '>='}, 'number_of_value_exp_in_group_by': 1, 'having_type': {'single': 'AVG'}, 'orderby_type': 'none', 'limit_type': 'none', 'value_exp_types': ['agg_exp', 'single_exp_number'], 'distinct_type': 'none', 'min_max_depth_in_subquery': [1, 1]}","SELECT MIN(member.Member_ID), member.Member_ID, member.Level FROM member JOIN member AS e ON member.Member_ID = e.Member_ID WHERE  member.Level >= 68 GROUP BY member.Level HAVING AVG(e.Member_ID) >= 22"
"{'meaningful_joins': 'yes', 'table_exp_type': 'single_table', 'where_type': {'logical_operator': ['OR', 'between', 'in_with_subquery']}, 'number_of_value_exp_in_group_by': 0, 'having_type': 'none', 'orderby_type': 'DESC', 'limit_type': 'none', 'value_exp_types': ['single_exp_number'], 'distinct_type': 'none', 'min_max_depth_in_subquery': [1, 1]}",SELECT Member_ID FROM purchase WHERE Member_ID BETWEEN 1 AND 10 OR Total_pounds IN (SELECT Total_pounds FROM purchase AS p WHERE  p.Member_ID <= 66) ORDER BY Member_ID DESC
"{'meaningful_joins': 'yes', 'table_exp_type': 'single_table_with_name_changing', 'where_type': 'none', 'number_of_value_exp_in_group_by': 1, 'having_type': {'single': 'AVG'}, 'orderby_type': 'none', 'limit_type': 'none', 'value_exp_types': ['single_exp_number'], 'distinct_type': 'none', 'min_max_depth_in_subquery': [1, 1]}","SELECT k.Member_ID, k.Branch_ID FROM membership_register_branch AS k GROUP BY k.Branch_ID HAVING AVG(k.Member_ID) = 12"
"{'meaningful_joins': 'yes', 'table_exp_type': 'JOIN', 'where_type': 'between', 'number_of_value_exp_in_group_by': 0, 'having_type': 'none', 'orderby_type': 'ASC', 'limit_type': 'none', 'value_exp_types': ['single_exp_number', 'single_exp_number'], 'distinct_type': 'none', 'min_max_depth_in_subquery': [1, 1]}","SELECT Member_ID, Member_ID FROM membership_register_branch JOIN branch ON membership_register_branch.Branch_ID = branch.Branch_ID WHERE Member_ID BETWEEN 1 AND 10 ORDER BY Member_ID ASC"
"{'meaningful_joins': 'yes', 'table_exp_type': 'single_table', 'where_type': 'between', 'number_of_value_exp_in_group_by': 0, 'having_type': 'none', 'orderby_type': 'none', 'limit_type': 'none', 'value_exp_types': ['single_exp_number'], 'distinct_type': 'none', 'min_max_depth_in_subquery': [1, 1]}",SELECT Level FROM member WHERE Level BETWEEN 1 AND 10
"{'meaningful_joins': 'yes', 'table_exp_type': 'single_table', 'where_type': {'logical_operator': ['AND', 'basic_comparison', 'not_exists_subquery']}, 'number_of_value_exp_in_group_by': 0, 'having_type': 'none', 'orderby_type': 'none', 'limit_type': 'without_offset', 'value_exp_types': ['single_exp_text'], 'distinct_type': 'none', 'min_max_depth_in_subquery': [1, 1]}",SELECT Branch_ID FROM membership_register_branch WHERE  Member_ID <= 45 AND EXISTS (SELECT * FROM member AS k WHERE  k.Level != 18 AND membership_register_branch.Member_ID = k.Member_ID) LIMIT 4
