Specification,query
"{'meaningful_joins': 'yes', 'table_exp_type': 'single_table_with_name_changing', 'where_type': {'basic_comparison': '>='}, 'number_of_value_exp_in_group_by': 0, 'having_type': 'none', 'orderby_type': 'none', 'limit_type': 'without_offset', 'value_exp_types': ['agg_exp', 'single_exp_text'], 'distinct_type': 'none', 'min_max_depth_in_subquery': [1, 1]}","SELECT MIN(a.Finance_ID), a.Other_Details FROM Finances AS a WHERE  a.Finance_ID >= 5 LIMIT 5"
"{'meaningful_joins': 'yes', 'table_exp_type': 'JOIN_JOIN', 'where_type': {'logical_operator': ['OR', 'between', 'exists_subquery']}, 'number_of_value_exp_in_group_by': 0, 'having_type': 'none', 'orderby_type': 'none', 'limit_type': 'none', 'value_exp_types': ['single_exp_number', 'single_exp_text'], 'distinct_type': 'none', 'min_max_depth_in_subquery': [1, 1]}","SELECT Events.Finance_ID, Event_Type_Code FROM Assets_in_Events JOIN Finances JOIN Events ON Events.Finance_ID = Finances.Finance_ID AND Events.Event_ID = Assets_in_Events.Event_ID AND Assets_in_Events.Event_ID = Events.Event_ID WHERE Finances.Finance_ID BETWEEN 1 AND 10 OR EXISTS (SELECT * FROM Addresses AS t WHERE Events.Event_ID = t.Address_ID)"
"{'meaningful_joins': 'yes', 'table_exp_type': 'single_table_with_name_changing', 'where_type': {'basic_comparison': '<'}, 'number_of_value_exp_in_group_by': 0, 'having_type': 'none', 'orderby_type': 'none', 'limit_type': 'none', 'value_exp_types': ['agg_exp', 'single_exp_text'], 'distinct_type': 'none', 'min_max_depth_in_subquery': [1, 1]}","SELECT MIN(g.Location_ID), g.Other_Details FROM Locations AS g WHERE  g.Location_ID < 6"
"{'meaningful_joins': 'yes', 'table_exp_type': 'SELF JOIN', 'where_type': {'logical_operator': ['AND', 'between', 'basic_comparison']}, 'number_of_value_exp_in_group_by': 1, 'having_type': {'single': 'SUM'}, 'orderby_type': 'none', 'limit_type': 'none', 'value_exp_types': ['agg_exp', 'agg_exp'], 'distinct_type': 'none', 'min_max_depth_in_subquery': [1, 1]}","SELECT COUNT(l.Asset_ID), MAX(Assets.Asset_ID), Assets.Other_Details FROM Assets AS l JOIN Assets ON Assets.Asset_ID = l.Asset_ID WHERE l.Asset_ID BETWEEN 1 AND 10 AND  Assets.Asset_ID = 90 GROUP BY Assets.Other_Details HAVING SUM(Assets.Asset_ID) <= 54"
"{'meaningful_joins': 'yes', 'table_exp_type': 'JOIN', 'where_type': {'logical_operator': ['OR', 'between', 'basic_comparison']}, 'number_of_value_exp_in_group_by': 0, 'having_type': 'none', 'orderby_type': 'none', 'limit_type': 'none', 'value_exp_types': ['single_exp_number', 'single_exp_text'], 'distinct_type': 'none', 'min_max_depth_in_subquery': [1, 1]}","SELECT Location_ID, Event_Type_Code FROM Assets_in_Events JOIN Events ON Events.Event_ID = Assets_in_Events.Event_ID AND Assets_in_Events.Event_ID = Events.Event_ID WHERE Events.Event_ID BETWEEN 1 AND 10 OR  Finance_ID >= 65"
"{'meaningful_joins': 'yes', 'table_exp_type': 'single_table_with_name_changing', 'where_type': {'logical_operator': ['AND', 'between', 'basic_comparison']}, 'number_of_value_exp_in_group_by': 1, 'having_type': 'none', 'orderby_type': 'none', 'limit_type': 'without_offset', 'value_exp_types': ['count_distinct_exp', 'single_exp_number'], 'distinct_type': 'none', 'min_max_depth_in_subquery': [1, 1]}","SELECT COUNT(DISTINCT f.Location_ID), f.Location_ID, f.Other_Details FROM Locations AS f WHERE f.Location_ID BETWEEN 1 AND 10 AND  f.Location_ID >= 98 GROUP BY f.Other_Details LIMIT 4"
"{'meaningful_joins': 'yes', 'table_exp_type': 'JOIN_JOIN_JOIN', 'where_type': {'logical_operator': ['AND', 'between', 'basic_comparison']}, 'number_of_value_exp_in_group_by': 1, 'having_type': {'single': 'AVG'}, 'orderby_type': 'ASC', 'limit_type': 'none', 'value_exp_types': ['single_exp_text', 'single_exp_text'], 'distinct_type': 'none', 'min_max_depth_in_subquery': [1, 1]}","SELECT Event_Type_Code, address_details FROM Addresses JOIN Locations JOIN Assets_in_Events JOIN Events ON Events.Location_ID = Locations.Location_ID AND Events.Event_ID = Assets_in_Events.Event_ID AND Assets_in_Events.Event_ID = Events.Event_ID AND Addresses.Address_ID = Events.Address_ID WHERE Channel_ID BETWEEN 1 AND 10 AND  Locations.Location_ID > 57 GROUP BY address_details HAVING AVG(Events.Address_ID) > 56 ORDER BY address_details ASC"
"{'meaningful_joins': 'yes', 'table_exp_type': 'single_table', 'where_type': {'basic_comparison': '<'}, 'number_of_value_exp_in_group_by': 0, 'having_type': 'none', 'orderby_type': 'none', 'limit_type': 'none', 'value_exp_types': ['single_exp_number', 'single_exp_number', 'single_exp_text'], 'distinct_type': 'none', 'min_max_depth_in_subquery': [1, 1]}","SELECT Party_ID, Party_ID, Role_Code FROM Parties_in_Events WHERE  Party_ID < 52"
"{'meaningful_joins': 'yes', 'table_exp_type': 'single_table', 'where_type': {'logical_operator': ['AND', 'basic_comparison', 'not_in_with_subquery']}, 'number_of_value_exp_in_group_by': 1, 'having_type': {'single': 'MIN'}, 'orderby_type': 'none', 'limit_type': 'none', 'value_exp_types': ['agg_exp', 'single_exp_text'], 'distinct_type': 'none', 'min_max_depth_in_subquery': [1, 1]}","SELECT AVG(Channel_ID), Other_Details FROM Channels WHERE  Channel_ID < 95 AND Channel_ID NOT IN (SELECT Channel_ID FROM Events AS w WHERE w.Event_ID BETWEEN 1 AND 10 LIMIT 8) GROUP BY Other_Details HAVING MIN(Channel_ID) = 77"
"{'meaningful_joins': 'yes', 'table_exp_type': 'single_table', 'where_type': 'between', 'number_of_value_exp_in_group_by': 0, 'having_type': 'none', 'orderby_type': 'DESC', 'limit_type': 'none', 'value_exp_types': ['single_exp_number', 'single_exp_number'], 'distinct_type': 'none', 'min_max_depth_in_subquery': [1, 1]}","SELECT Asset_ID, Asset_ID FROM Assets_in_Events WHERE Asset_ID BETWEEN 1 AND 10 ORDER BY Asset_ID DESC"
"{'meaningful_joins': 'yes', 'table_exp_type': 'single_table_with_name_changing', 'where_type': {'basic_comparison': '>='}, 'number_of_value_exp_in_group_by': 0, 'having_type': 'none', 'orderby_type': 'none', 'limit_type': 'none', 'value_exp_types': ['count_distinct_exp', 'single_exp_number'], 'distinct_type': 'none', 'min_max_depth_in_subquery': [1, 1]}","SELECT COUNT(DISTINCT a.Product_in_Event_ID), a.Product_in_Event_ID FROM Products_in_Events AS a WHERE  a.Product_in_Event_ID >= 38"
"{'meaningful_joins': 'yes', 'table_exp_type': 'JOIN', 'where_type': 'not_in_with_subquery', 'number_of_value_exp_in_group_by': 1, 'having_type': 'none', 'orderby_type': 'none', 'limit_type': 'none', 'value_exp_types': ['agg_exp', 'single_exp_text'], 'distinct_type': 'none', 'min_max_depth_in_subquery': [1, 1]}","SELECT COUNT(Event_ID), Role_Code FROM Parties JOIN Parties_in_Events ON Parties.Party_ID = Parties_in_Events.Party_ID WHERE Party_ID NOT IN (SELECT Party_ID FROM Parties_in_Events AS x WHERE x.Party_ID BETWEEN 1 AND 10 AND  x.Party_ID >= 20) GROUP BY Role_Code"
"{'meaningful_joins': 'yes', 'table_exp_type': 'JOIN_JOIN_JOIN', 'where_type': {'basic_comparison': '>'}, 'number_of_value_exp_in_group_by': 0, 'having_type': 'none', 'orderby_type': 'none', 'limit_type': 'none', 'value_exp_types': ['agg_exp', 'agg_exp'], 'distinct_type': 'none', 'min_max_depth_in_subquery': [1, 1]}","SELECT AVG(Events.Address_ID), COUNT(Assets_in_Events.Event_ID) FROM Addresses JOIN Locations JOIN Assets_in_Events JOIN Events ON Events.Location_ID = Locations.Location_ID AND Events.Event_ID = Assets_in_Events.Event_ID AND Assets_in_Events.Event_ID = Events.Event_ID AND Addresses.Address_ID = Events.Address_ID WHERE  Events.Address_ID > 45"
"{'meaningful_joins': 'yes', 'table_exp_type': 'SELF JOIN', 'where_type': 'none', 'number_of_value_exp_in_group_by': 0, 'having_type': 'none', 'orderby_type': 'none', 'limit_type': 'none', 'value_exp_types': ['agg_exp', 'single_exp_number'], 'distinct_type': 'none', 'min_max_depth_in_subquery': [1, 1]}","SELECT MIN(l.Asset_ID), Assets.Asset_ID FROM Assets AS l JOIN Assets ON Assets.Asset_ID = l.Asset_ID"
"{'meaningful_joins': 'yes', 'table_exp_type': 'single_table_with_name_changing', 'where_type': 'none', 'number_of_value_exp_in_group_by': 0, 'having_type': 'none', 'orderby_type': 'ASC', 'limit_type': 'none', 'value_exp_types': ['single_exp_number', 'single_exp_text'], 'distinct_type': 'none', 'min_max_depth_in_subquery': [1, 1]}","SELECT f.Event_ID, f.Role_Code FROM Parties_in_Events AS f ORDER BY f.Event_ID ASC"
"{'meaningful_joins': 'yes', 'table_exp_type': 'single_table', 'where_type': 'none', 'number_of_value_exp_in_group_by': 1, 'having_type': {'single': 'COUNT'}, 'orderby_type': 'DESC', 'limit_type': 'none', 'value_exp_types': ['single_exp_text'], 'distinct_type': 'none', 'min_max_depth_in_subquery': [1, 1]}",SELECT Role_Code FROM Parties_in_Events GROUP BY Role_Code HAVING COUNT(Event_ID) > 75 ORDER BY Role_Code DESC
"{'meaningful_joins': 'yes', 'table_exp_type': 'single_table', 'where_type': 'comparison_with_subquery', 'number_of_value_exp_in_group_by': 0, 'having_type': 'none', 'orderby_type': 'none', 'limit_type': 'without_offset', 'value_exp_types': ['count_distinct_exp', 'single_exp_number'], 'distinct_type': 'none', 'min_max_depth_in_subquery': [1, 1]}","SELECT COUNT(DISTINCT Event_ID), Event_ID FROM Parties_in_Events WHERE Party_ID >= (SELECT AVG(Party_ID) FROM Parties_in_Events AS s) LIMIT 10"
"{'meaningful_joins': 'yes', 'table_exp_type': 'single_table', 'where_type': {'basic_comparison': '='}, 'number_of_value_exp_in_group_by': 0, 'having_type': 'none', 'orderby_type': 'none', 'limit_type': 'none', 'value_exp_types': ['count_distinct_exp', 'single_exp_number'], 'distinct_type': 'none', 'min_max_depth_in_subquery': [1, 1]}","SELECT COUNT(DISTINCT Event_ID), Event_ID FROM Agreements WHERE  Event_ID = 51"
"{'meaningful_joins': 'yes', 'table_exp_type': 'single_table_with_name_changing', 'where_type': {'basic_comparison': '<='}, 'number_of_value_exp_in_group_by': 0, 'having_type': 'none', 'orderby_type': 'none', 'limit_type': 'none', 'value_exp_types': ['single_exp_number', 'single_exp_text'], 'distinct_type': 'none', 'min_max_depth_in_subquery': [1, 1]}","SELECT x.Channel_ID, x.Other_Details FROM Channels AS x WHERE  x.Channel_ID <= 34"
"{'meaningful_joins': 'yes', 'table_exp_type': 'single_table_with_name_changing', 'where_type': {'basic_comparison': '<='}, 'number_of_value_exp_in_group_by': 0, 'having_type': 'none', 'orderby_type': 'ASC', 'limit_type': 'none', 'value_exp_types': ['agg_exp', 'single_exp_text'], 'distinct_type': 'none', 'min_max_depth_in_subquery': [1, 1]}","SELECT COUNT(i.Party_ID), i.Party_Details FROM Parties AS i WHERE  i.Party_ID <= 23 ORDER BY i.Party_Details ASC"
"{'meaningful_joins': 'yes', 'table_exp_type': 'JOIN_JOIN', 'where_type': 'none', 'number_of_value_exp_in_group_by': 1, 'having_type': {'single': 'SUM'}, 'orderby_type': 'none', 'limit_type': 'none', 'value_exp_types': ['count_distinct_exp', 'single_exp_text'], 'distinct_type': 'none', 'min_max_depth_in_subquery': [1, 1]}","SELECT COUNT(DISTINCT Event_ID), Other_Details, Events.Address_ID FROM Addresses JOIN Finances JOIN Events ON Events.Finance_ID = Finances.Finance_ID AND Addresses.Address_ID = Events.Address_ID GROUP BY Events.Address_ID HAVING SUM(Addresses.Address_ID) < 36"
"{'meaningful_joins': 'yes', 'table_exp_type': 'single_table', 'where_type': 'not_in_with_subquery', 'number_of_value_exp_in_group_by': 1, 'having_type': 'none', 'orderby_type': 'none', 'limit_type': 'without_offset', 'value_exp_types': ['count_distinct_exp', 'single_exp_number', 'single_exp_number'], 'distinct_type': 'none', 'min_max_depth_in_subquery': [1, 1]}","SELECT COUNT(DISTINCT Other_Details), Location_ID, Location_ID, Other_Details FROM Locations WHERE Other_Details NOT IN (SELECT Other_Details FROM Locations AS d WHERE d.Location_ID BETWEEN 1 AND 10) GROUP BY Other_Details LIMIT 9"
"{'meaningful_joins': 'yes', 'table_exp_type': 'JOIN_JOIN', 'where_type': 'in_with_subquery', 'number_of_value_exp_in_group_by': 1, 'having_type': {'single': 'MAX'}, 'orderby_type': 'DESC', 'limit_type': 'none', 'value_exp_types': ['agg_exp', 'single_exp_text'], 'distinct_type': 'none', 'min_max_depth_in_subquery': [1, 1]}","SELECT MAX(Location_ID), Party_Details, Channel_ID FROM Parties JOIN Parties_in_Events JOIN Events ON Parties_in_Events.Event_ID = Events.Event_ID AND Parties.Party_ID = Parties_in_Events.Party_ID WHERE Event_ID IN (SELECT Event_ID FROM Products_in_Events WHERE Product_in_Event_ID BETWEEN 1 AND 10) GROUP BY Channel_ID HAVING MAX(Parties_in_Events.Party_ID) >= 81 ORDER BY Party_Details DESC"
"{'meaningful_joins': 'yes', 'table_exp_type': 'JOIN_JOIN_JOIN', 'where_type': {'basic_comparison': '>='}, 'number_of_value_exp_in_group_by': 0, 'having_type': 'none', 'orderby_type': 'none', 'limit_type': 'none', 'value_exp_types': ['single_exp_text', 'single_exp_text'], 'distinct_type': 'none', 'min_max_depth_in_subquery': [1, 1]}","SELECT Role_Code, Other_Details FROM Parties_in_Events JOIN Assets_in_Events JOIN Finances JOIN Events ON Events.Finance_ID = Finances.Finance_ID AND Events.Event_ID = Assets_in_Events.Event_ID AND Parties_in_Events.Event_ID = Events.Event_ID AND Assets_in_Events.Event_ID = Events.Event_ID WHERE  Asset_ID >= 5"
"{'meaningful_joins': 'yes', 'table_exp_type': 'JOIN_JOIN', 'where_type': {'basic_comparison': '>='}, 'number_of_value_exp_in_group_by': 1, 'having_type': {'single': 'AVG'}, 'orderby_type': 'none', 'limit_type': 'without_offset', 'value_exp_types': ['single_exp_number'], 'distinct_type': 'none', 'min_max_depth_in_subquery': [1, 1]}","SELECT Parties.Party_ID, Parties_in_Events.Event_ID FROM Parties JOIN Parties_in_Events JOIN Events ON Parties_in_Events.Event_ID = Events.Event_ID AND Parties.Party_ID = Parties_in_Events.Party_ID WHERE  Location_ID >= 82 GROUP BY Parties_in_Events.Event_ID HAVING AVG(Finance_ID) > 71 LIMIT 10"
"{'meaningful_joins': 'yes', 'table_exp_type': 'single_table', 'where_type': {'basic_comparison': '<='}, 'number_of_value_exp_in_group_by': 1, 'having_type': {'single': 'MAX'}, 'orderby_type': 'DESC', 'limit_type': 'none', 'value_exp_types': ['count_distinct_exp', 'single_exp_number', 'single_exp_number'], 'distinct_type': 'none', 'min_max_depth_in_subquery': [1, 1]}","SELECT COUNT(DISTINCT Product_in_Event_ID), Product_ID, Event_ID FROM Products_in_Events WHERE  Product_in_Event_ID <= 66 GROUP BY Product_ID HAVING MAX(Product_ID) < 48 ORDER BY Product_ID DESC"
"{'meaningful_joins': 'yes', 'table_exp_type': 'single_table', 'where_type': {'basic_comparison': '='}, 'number_of_value_exp_in_group_by': 0, 'having_type': 'none', 'orderby_type': 'ASC', 'limit_type': 'without_offset', 'value_exp_types': ['single_exp_text', 'single_exp_text'], 'distinct_type': 'none', 'min_max_depth_in_subquery': [1, 1]}","SELECT Other_Details, Other_Details FROM Assets WHERE  Asset_ID = 95 ORDER BY Other_Details ASC LIMIT 2"
"{'meaningful_joins': 'yes', 'table_exp_type': 'single_table_with_name_changing', 'where_type': {'basic_comparison': '>'}, 'number_of_value_exp_in_group_by': 1, 'having_type': {'single': 'AVG'}, 'orderby_type': 'DESC', 'limit_type': 'none', 'value_exp_types': ['single_exp_text', 'single_exp_text'], 'distinct_type': 'none', 'min_max_depth_in_subquery': [1, 1]}","SELECT d.Other_Details, d.Other_Details FROM Finances AS d WHERE  d.Finance_ID > 46 GROUP BY d.Other_Details HAVING AVG(d.Finance_ID) <= 20 ORDER BY d.Other_Details DESC"
"{'meaningful_joins': 'yes', 'table_exp_type': 'single_table', 'where_type': {'logical_operator': ['AND', 'basic_comparison', 'not_in_with_subquery']}, 'number_of_value_exp_in_group_by': 1, 'having_type': 'none', 'orderby_type': 'none', 'limit_type': 'none', 'value_exp_types': ['agg_exp', 'count_distinct_exp'], 'distinct_type': 'none', 'min_max_depth_in_subquery': [1, 1]}","SELECT MIN(Asset_ID), COUNT(DISTINCT Other_Details), Other_Details FROM Assets WHERE  Asset_ID != 12 AND Other_Details NOT IN (SELECT Other_Details FROM Locations AS w) GROUP BY Other_Details"
"{'meaningful_joins': 'yes', 'table_exp_type': 'single_table_with_name_changing', 'where_type': 'none', 'number_of_value_exp_in_group_by': 1, 'having_type': 'none', 'orderby_type': 'none', 'limit_type': 'without_offset', 'value_exp_types': ['agg_exp', 'count_distinct_exp'], 'distinct_type': 'none', 'min_max_depth_in_subquery': [1, 1]}","SELECT COUNT(d.Channel_ID), COUNT(DISTINCT d.Other_Details), d.Other_Details FROM Channels AS d GROUP BY d.Other_Details LIMIT 7"
"{'meaningful_joins': 'yes', 'table_exp_type': 'single_table_with_name_changing', 'where_type': {'logical_operator': ['OR', 'basic_comparison', 'not_in_with_subquery']}, 'number_of_value_exp_in_group_by': 1, 'having_type': {'single': 'SUM'}, 'orderby_type': 'ASC', 'limit_type': 'none', 'value_exp_types': ['agg_exp', 'single_exp_number', 'single_exp_number'], 'distinct_type': 'none', 'min_max_depth_in_subquery': [1, 1]}","SELECT SUM(y.Asset_ID), y.Asset_ID, y.Asset_ID, y.Other_Details FROM Assets AS y WHERE  y.Asset_ID = 39 OR Other_Details NOT IN (SELECT Other_Details FROM Assets AS n WHERE  n.Asset_ID = 65) GROUP BY y.Other_Details HAVING SUM(y.Asset_ID) = 41 ORDER BY y.Asset_ID ASC"
"{'meaningful_joins': 'yes', 'table_exp_type': 'JOIN_JOIN_JOIN', 'where_type': {'basic_comparison': '='}, 'number_of_value_exp_in_group_by': 0, 'having_type': 'none', 'orderby_type': 'none', 'limit_type': 'without_offset', 'value_exp_types': ['count_distinct_exp', 'single_exp_number'], 'distinct_type': 'none', 'min_max_depth_in_subquery': [1, 1]}","SELECT COUNT(DISTINCT Events.Location_ID), Events.Location_ID FROM Locations JOIN Parties_in_Events JOIN Finances JOIN Events ON Events.Finance_ID = Finances.Finance_ID AND Events.Location_ID = Locations.Location_ID AND Parties_in_Events.Event_ID = Events.Event_ID WHERE  Finances.Finance_ID = 79 LIMIT 7"
"{'meaningful_joins': 'yes', 'table_exp_type': 'single_table', 'where_type': {'basic_comparison': '>'}, 'number_of_value_exp_in_group_by': 0, 'having_type': 'none', 'orderby_type': 'none', 'limit_type': 'none', 'value_exp_types': ['count_distinct_exp'], 'distinct_type': 'none', 'min_max_depth_in_subquery': [1, 1]}",SELECT COUNT(DISTINCT Other_Details) FROM Locations WHERE  Location_ID > 41
"{'meaningful_joins': 'yes', 'table_exp_type': 'single_table', 'where_type': {'basic_comparison': '>='}, 'number_of_value_exp_in_group_by': 0, 'having_type': 'none', 'orderby_type': 'ASC', 'limit_type': 'none', 'value_exp_types': ['single_exp_number'], 'distinct_type': 'none', 'min_max_depth_in_subquery': [1, 1]}",SELECT Party_ID FROM Parties_in_Events WHERE  Event_ID >= 65 ORDER BY Party_ID ASC
