Specification,query
"{'meaningful_joins': 'yes', 'table_exp_type': 'single_table', 'where_type': 'between', 'number_of_value_exp_in_group_by': 0, 'having_type': 'none', 'orderby_type': 'none', 'limit_type': 'none', 'value_exp_types': ['single_exp_number'], 'distinct_type': 'none', 'min_max_depth_in_subquery': [1, 1]}",SELECT Number_city_affected FROM affected_region WHERE Number_city_affected BETWEEN 1 AND 10
"{'meaningful_joins': 'yes', 'table_exp_type': 'single_table', 'where_type': {'logical_operator': ['OR', 'basic_comparison', 'not_exists_subquery']}, 'number_of_value_exp_in_group_by': 1, 'having_type': {'single': 'MIN'}, 'orderby_type': 'ASC', 'limit_type': 'none', 'value_exp_types': ['agg_exp', 'single_exp_number'], 'distinct_type': 'none', 'min_max_depth_in_subquery': [1, 1]}","SELECT COUNT(Region_id), Storm_ID FROM affected_region WHERE  Number_city_affected != 37 OR EXISTS (SELECT * FROM storm AS u WHERE u.Max_speed BETWEEN 1 AND 10 AND affected_region.Region_id = u.Storm_ID) GROUP BY Storm_ID HAVING MIN(Storm_ID) = 31 ORDER BY Storm_ID ASC"
"{'meaningful_joins': 'yes', 'table_exp_type': 'JOIN_JOIN', 'where_type': {'logical_operator': ['AND', 'between', 'basic_comparison']}, 'number_of_value_exp_in_group_by': 0, 'having_type': 'none', 'orderby_type': 'ASC', 'limit_type': 'without_offset', 'value_exp_types': ['single_exp_number'], 'distinct_type': 'none', 'min_max_depth_in_subquery': [1, 1]}",SELECT storm.Storm_ID FROM affected_region JOIN storm JOIN region ON affected_region.Storm_ID = storm.Storm_ID AND region.Region_id = affected_region.Region_id WHERE storm.Storm_ID BETWEEN 1 AND 10 AND  Damage_millions_USD > 38 ORDER BY storm.Storm_ID ASC LIMIT 6
"{'meaningful_joins': 'yes', 'table_exp_type': 'single_table', 'where_type': {'basic_comparison': '<'}, 'number_of_value_exp_in_group_by': 1, 'having_type': {'single': 'MAX'}, 'orderby_type': 'none', 'limit_type': 'none', 'value_exp_types': ['agg_exp', 'single_exp_text'], 'distinct_type': 'none', 'min_max_depth_in_subquery': [1, 1]}","SELECT COUNT(Storm_ID), Name, Damage_millions_USD FROM storm WHERE  Damage_millions_USD < 91 GROUP BY Damage_millions_USD HAVING MAX(Number_Deaths) > 16"
"{'meaningful_joins': 'yes', 'table_exp_type': 'JOIN', 'where_type': 'exists_subquery', 'number_of_value_exp_in_group_by': 1, 'having_type': {'single': 'SUM'}, 'orderby_type': 'ASC', 'limit_type': 'none', 'value_exp_types': ['single_exp_text'], 'distinct_type': 'none', 'min_max_depth_in_subquery': [1, 1]}","SELECT Dates_active, Name FROM affected_region JOIN storm ON affected_region.Storm_ID = storm.Storm_ID WHERE EXISTS (SELECT * FROM storm WHERE affected_region.Region_id = Storm_ID LIMIT 10) GROUP BY Name HAVING SUM(Max_speed) <= 20 ORDER BY Dates_active ASC"
"{'meaningful_joins': 'yes', 'table_exp_type': 'single_table', 'where_type': 'not_exists_subquery', 'number_of_value_exp_in_group_by': 1, 'having_type': {'single': 'AVG'}, 'orderby_type': 'DESC', 'limit_type': 'none', 'value_exp_types': ['single_exp_text', 'single_exp_text'], 'distinct_type': 'none', 'min_max_depth_in_subquery': [1, 1]}","SELECT Dates_active, Dates_active, Damage_millions_USD FROM storm WHERE EXISTS (SELECT * FROM affected_region WHERE  Number_city_affected < 86 AND storm.Storm_ID = Storm_ID) GROUP BY Damage_millions_USD HAVING AVG(Damage_millions_USD) < 98 ORDER BY Dates_active DESC"
"{'meaningful_joins': 'yes', 'table_exp_type': 'JOIN', 'where_type': {'basic_comparison': '<='}, 'number_of_value_exp_in_group_by': 1, 'having_type': 'none', 'orderby_type': 'none', 'limit_type': 'none', 'value_exp_types': ['single_exp_number'], 'distinct_type': 'none', 'min_max_depth_in_subquery': [1, 1]}",SELECT Number_city_affected FROM affected_region JOIN region ON region.Region_id = affected_region.Region_id WHERE  Number_city_affected <= 65 GROUP BY Number_city_affected
"{'meaningful_joins': 'yes', 'table_exp_type': 'single_table', 'where_type': {'basic_comparison': '<='}, 'number_of_value_exp_in_group_by': 0, 'having_type': 'none', 'orderby_type': 'DESC', 'limit_type': 'without_offset', 'value_exp_types': ['single_exp_text', 'single_exp_text'], 'distinct_type': 'none', 'min_max_depth_in_subquery': [1, 1]}","SELECT Name, Dates_active FROM storm WHERE  Number_Deaths <= 90 ORDER BY Dates_active DESC LIMIT 8"
"{'meaningful_joins': 'yes', 'table_exp_type': 'single_table_with_name_changing', 'where_type': 'not_in_with_subquery', 'number_of_value_exp_in_group_by': 1, 'having_type': 'none', 'orderby_type': 'DESC', 'limit_type': 'without_offset', 'value_exp_types': ['single_exp_text', 'single_exp_text'], 'distinct_type': 'none', 'min_max_depth_in_subquery': [1, 1]}","SELECT f.Dates_active, f.Name, f.Number_Deaths FROM storm AS f WHERE Number_Deaths NOT IN (SELECT Number_Deaths FROM storm LIMIT 9) GROUP BY f.Number_Deaths ORDER BY f.Dates_active DESC LIMIT 4"
"{'meaningful_joins': 'yes', 'table_exp_type': 'single_table_with_name_changing', 'where_type': 'between', 'number_of_value_exp_in_group_by': 1, 'having_type': {'single': 'COUNT'}, 'orderby_type': 'ASC', 'limit_type': 'none', 'value_exp_types': ['single_exp_number', 'single_exp_text'], 'distinct_type': 'none', 'min_max_depth_in_subquery': [1, 1]}","SELECT u.Damage_millions_USD, u.Dates_active, u.Max_speed FROM storm AS u WHERE u.Max_speed BETWEEN 1 AND 10 GROUP BY u.Max_speed HAVING COUNT(u.Number_Deaths) <= 92 ORDER BY u.Damage_millions_USD ASC"
"{'meaningful_joins': 'yes', 'table_exp_type': 'single_table', 'where_type': {'basic_comparison': '>='}, 'number_of_value_exp_in_group_by': 1, 'having_type': {'single': 'COUNT'}, 'orderby_type': 'none', 'limit_type': 'none', 'value_exp_types': ['agg_exp', 'count_distinct_exp'], 'distinct_type': 'none', 'min_max_depth_in_subquery': [1, 1]}","SELECT AVG(Region_id), COUNT(DISTINCT Region_name), Region_name FROM region WHERE  Region_id >= 1 GROUP BY Region_name HAVING COUNT(Region_id) = 4"
"{'meaningful_joins': 'yes', 'table_exp_type': 'single_table', 'where_type': {'basic_comparison': '<'}, 'number_of_value_exp_in_group_by': 0, 'having_type': 'none', 'orderby_type': 'none', 'limit_type': 'without_offset', 'value_exp_types': ['count_distinct_exp'], 'distinct_type': 'none', 'min_max_depth_in_subquery': [1, 1]}",SELECT COUNT(DISTINCT Max_speed) FROM storm WHERE  Storm_ID < 94 LIMIT 6
"{'meaningful_joins': 'yes', 'table_exp_type': 'single_table_with_name_changing', 'where_type': {'logical_operator': ['OR', 'between', 'basic_comparison']}, 'number_of_value_exp_in_group_by': 0, 'having_type': 'none', 'orderby_type': 'none', 'limit_type': 'without_offset', 'value_exp_types': ['single_exp_number', 'single_exp_number'], 'distinct_type': 'none', 'min_max_depth_in_subquery': [1, 1]}","SELECT r.Storm_ID, r.Damage_millions_USD FROM storm AS r WHERE r.Number_Deaths BETWEEN 1 AND 10 OR  r.Number_Deaths != 74 LIMIT 6"
"{'meaningful_joins': 'yes', 'table_exp_type': 'single_table_with_name_changing', 'where_type': {'basic_comparison': '>'}, 'number_of_value_exp_in_group_by': 1, 'having_type': 'none', 'orderby_type': 'none', 'limit_type': 'without_offset', 'value_exp_types': ['count_distinct_exp', 'single_exp_number', 'single_exp_number'], 'distinct_type': 'none', 'min_max_depth_in_subquery': [1, 1]}","SELECT COUNT(DISTINCT l.Dates_active), l.Number_Deaths, l.Max_speed, l.Damage_millions_USD FROM storm AS l WHERE  l.Damage_millions_USD > 31 GROUP BY l.Damage_millions_USD LIMIT 7"
"{'meaningful_joins': 'yes', 'table_exp_type': 'single_table', 'where_type': {'logical_operator': ['OR', 'between', 'exists_subquery']}, 'number_of_value_exp_in_group_by': 0, 'having_type': 'none', 'orderby_type': 'ASC', 'limit_type': 'without_offset', 'value_exp_types': ['count_distinct_exp', 'single_exp_text'], 'distinct_type': 'none', 'min_max_depth_in_subquery': [1, 1]}","SELECT COUNT(DISTINCT Max_speed), Name FROM storm WHERE Damage_millions_USD BETWEEN 1 AND 10 OR EXISTS (SELECT * FROM affected_region WHERE Number_city_affected BETWEEN 1 AND 10 AND storm.Storm_ID = Storm_ID) ORDER BY Name ASC LIMIT 4"
"{'meaningful_joins': 'yes', 'table_exp_type': 'single_table_with_name_changing', 'where_type': {'logical_operator': ['OR', 'between', 'comparison_with_subquery']}, 'number_of_value_exp_in_group_by': 0, 'having_type': 'none', 'orderby_type': 'DESC', 'limit_type': 'none', 'value_exp_types': ['agg_exp', 'single_exp_number'], 'distinct_type': 'none', 'min_max_depth_in_subquery': [1, 1]}","SELECT SUM(k.Storm_ID), k.Number_Deaths FROM storm AS k WHERE k.Storm_ID BETWEEN 1 AND 10 OR Number_Deaths >= (SELECT MIN(Number_Deaths) FROM storm WHERE Number_Deaths BETWEEN 1 AND 10 AND  Number_Deaths > 34 LIMIT 9) ORDER BY k.Number_Deaths DESC"
"{'meaningful_joins': 'yes', 'table_exp_type': 'single_table', 'where_type': {'logical_operator': ['AND', 'between', 'basic_comparison']}, 'number_of_value_exp_in_group_by': 1, 'having_type': 'none', 'orderby_type': 'none', 'limit_type': 'without_offset', 'value_exp_types': ['agg_exp', 'count_distinct_exp', 'count_distinct_exp'], 'distinct_type': 'none', 'min_max_depth_in_subquery': [1, 1]}","SELECT AVG(Region_id), COUNT(DISTINCT Number_city_affected), COUNT(DISTINCT Region_id), Number_city_affected FROM affected_region WHERE Region_id BETWEEN 1 AND 10 AND  Number_city_affected <= 38 GROUP BY Number_city_affected LIMIT 8"
"{'meaningful_joins': 'yes', 'table_exp_type': 'SELF JOIN', 'where_type': {'basic_comparison': '<='}, 'number_of_value_exp_in_group_by': 0, 'having_type': 'none', 'orderby_type': 'ASC', 'limit_type': 'none', 'value_exp_types': ['agg_exp', 'count_distinct_exp', 'single_exp_number'], 'distinct_type': 'none', 'min_max_depth_in_subquery': [1, 1]}","SELECT MIN(region.Region_id), COUNT(DISTINCT x.Region_id), x.Region_id FROM region AS x JOIN region ON region.Region_id = x.Region_id WHERE  region.Region_id <= 30 ORDER BY x.Region_id ASC"
"{'meaningful_joins': 'yes', 'table_exp_type': 'single_table', 'where_type': {'logical_operator': ['OR', 'basic_comparison', 'not_exists_subquery']}, 'number_of_value_exp_in_group_by': 1, 'having_type': 'none', 'orderby_type': 'none', 'limit_type': 'without_offset', 'value_exp_types': ['agg_exp'], 'distinct_type': 'none', 'min_max_depth_in_subquery': [1, 1]}","SELECT MIN(Region_id), Region_name FROM region WHERE  Region_id != 23 OR EXISTS (SELECT * FROM affected_region AS r WHERE r.Storm_ID BETWEEN 1 AND 10 AND  r.Region_id <= 61 AND region.Region_id = r.Region_id) GROUP BY Region_name LIMIT 7"
"{'meaningful_joins': 'yes', 'table_exp_type': 'single_table_with_name_changing', 'where_type': {'basic_comparison': '<'}, 'number_of_value_exp_in_group_by': 0, 'having_type': 'none', 'orderby_type': 'none', 'limit_type': 'none', 'value_exp_types': ['single_exp_text'], 'distinct_type': 'none', 'min_max_depth_in_subquery': [1, 1]}",SELECT a.Name FROM storm AS a WHERE  a.Number_Deaths < 19
"{'meaningful_joins': 'yes', 'table_exp_type': 'single_table_with_name_changing', 'where_type': {'basic_comparison': '<'}, 'number_of_value_exp_in_group_by': 0, 'having_type': 'none', 'orderby_type': 'ASC', 'limit_type': 'none', 'value_exp_types': ['agg_exp', 'single_exp_number'], 'distinct_type': 'none', 'min_max_depth_in_subquery': [1, 1]}","SELECT SUM(c.Region_id), c.Region_id FROM affected_region AS c WHERE  c.Storm_ID < 30 ORDER BY c.Region_id ASC"
"{'meaningful_joins': 'yes', 'table_exp_type': 'single_table', 'where_type': {'logical_operator': ['OR', 'between', 'not_in_with_subquery']}, 'number_of_value_exp_in_group_by': 0, 'having_type': 'none', 'orderby_type': 'ASC', 'limit_type': 'none', 'value_exp_types': ['agg_exp', 'single_exp_text'], 'distinct_type': 'none', 'min_max_depth_in_subquery': [1, 1]}","SELECT COUNT(Region_id), Region_name FROM region WHERE Region_id BETWEEN 1 AND 10 OR Region_code NOT IN (SELECT Region_code FROM region WHERE  Region_id >= 60) ORDER BY Region_name ASC"
"{'meaningful_joins': 'yes', 'table_exp_type': 'JOIN_JOIN', 'where_type': 'none', 'number_of_value_exp_in_group_by': 0, 'having_type': 'none', 'orderby_type': 'DESC', 'limit_type': 'without_offset', 'value_exp_types': ['single_exp_text', 'single_exp_text'], 'distinct_type': 'none', 'min_max_depth_in_subquery': [1, 1]}","SELECT Region_name, Name FROM affected_region JOIN storm JOIN region ON affected_region.Storm_ID = storm.Storm_ID AND region.Region_id = affected_region.Region_id ORDER BY Name DESC LIMIT 2"
"{'meaningful_joins': 'yes', 'table_exp_type': 'single_table_with_name_changing', 'where_type': {'basic_comparison': '='}, 'number_of_value_exp_in_group_by': 0, 'having_type': 'none', 'orderby_type': 'none', 'limit_type': 'without_offset', 'value_exp_types': ['single_exp_text', 'single_exp_text'], 'distinct_type': 'none', 'min_max_depth_in_subquery': [1, 1]}","SELECT s.Region_code, s.Region_code FROM region AS s WHERE  s.Region_id = 82 LIMIT 8"
"{'meaningful_joins': 'yes', 'table_exp_type': 'single_table', 'where_type': {'basic_comparison': '!='}, 'number_of_value_exp_in_group_by': 1, 'having_type': {'single': 'COUNT'}, 'orderby_type': 'ASC', 'limit_type': 'without_offset', 'value_exp_types': ['single_exp_number'], 'distinct_type': 'none', 'min_max_depth_in_subquery': [1, 1]}","SELECT Number_city_affected, Storm_ID FROM affected_region WHERE  Region_id != 48 GROUP BY Storm_ID HAVING COUNT(Storm_ID) = 82 ORDER BY Storm_ID ASC LIMIT 4"
"{'meaningful_joins': 'yes', 'table_exp_type': 'single_table', 'where_type': {'basic_comparison': '<'}, 'number_of_value_exp_in_group_by': 1, 'having_type': 'none', 'orderby_type': 'none', 'limit_type': 'none', 'value_exp_types': ['agg_exp', 'single_exp_number'], 'distinct_type': 'none', 'min_max_depth_in_subquery': [1, 1]}","SELECT COUNT(Storm_ID), Storm_ID, Name FROM storm WHERE  Max_speed < 71 GROUP BY Name"
"{'meaningful_joins': 'yes', 'table_exp_type': 'JOIN_JOIN', 'where_type': 'not_exists_subquery', 'number_of_value_exp_in_group_by': 1, 'having_type': 'none', 'orderby_type': 'DESC', 'limit_type': 'none', 'value_exp_types': ['agg_exp', 'single_exp_number', 'single_exp_text'], 'distinct_type': 'none', 'min_max_depth_in_subquery': [1, 1]}","SELECT MAX(storm.Storm_ID), affected_region.Region_id, Region_name, Dates_active FROM affected_region JOIN storm JOIN region ON affected_region.Storm_ID = storm.Storm_ID AND region.Region_id = affected_region.Region_id WHERE EXISTS (SELECT * FROM affected_region AS r WHERE  r.Storm_ID <= 21 AND region.Region_id = r.Region_id) GROUP BY Dates_active ORDER BY affected_region.Region_id DESC"
"{'meaningful_joins': 'yes', 'table_exp_type': 'JOIN_JOIN', 'where_type': {'basic_comparison': '>'}, 'number_of_value_exp_in_group_by': 0, 'having_type': 'none', 'orderby_type': 'none', 'limit_type': 'without_offset', 'value_exp_types': ['agg_exp'], 'distinct_type': 'none', 'min_max_depth_in_subquery': [1, 1]}",SELECT SUM(Number_Deaths) FROM affected_region JOIN storm JOIN region ON affected_region.Storm_ID = storm.Storm_ID AND region.Region_id = affected_region.Region_id WHERE  Number_Deaths > 76 LIMIT 5
"{'meaningful_joins': 'yes', 'table_exp_type': 'JOIN_JOIN', 'where_type': {'basic_comparison': '!='}, 'number_of_value_exp_in_group_by': 1, 'having_type': {'single': 'MIN'}, 'orderby_type': 'ASC', 'limit_type': 'none', 'value_exp_types': ['agg_exp'], 'distinct_type': 'none', 'min_max_depth_in_subquery': [1, 1]}","SELECT SUM(Max_speed), Max_speed FROM affected_region JOIN storm JOIN region ON affected_region.Storm_ID = storm.Storm_ID AND region.Region_id = affected_region.Region_id WHERE  Number_Deaths != 72 GROUP BY Max_speed HAVING MIN(storm.Storm_ID) < 96 ORDER BY Max_speed ASC"
"{'meaningful_joins': 'yes', 'table_exp_type': 'JOIN_JOIN', 'where_type': {'basic_comparison': '<'}, 'number_of_value_exp_in_group_by': 0, 'having_type': 'none', 'orderby_type': 'ASC', 'limit_type': 'without_offset', 'value_exp_types': ['agg_exp', 'single_exp_text'], 'distinct_type': 'none', 'min_max_depth_in_subquery': [1, 1]}","SELECT AVG(Damage_millions_USD), Dates_active FROM affected_region JOIN storm JOIN region ON affected_region.Storm_ID = storm.Storm_ID AND region.Region_id = affected_region.Region_id WHERE  Damage_millions_USD < 98 ORDER BY Dates_active ASC LIMIT 6"
"{'meaningful_joins': 'yes', 'table_exp_type': 'JOIN', 'where_type': 'in_with_subquery', 'number_of_value_exp_in_group_by': 1, 'having_type': 'none', 'orderby_type': 'none', 'limit_type': 'none', 'value_exp_types': ['single_exp_number'], 'distinct_type': 'none', 'min_max_depth_in_subquery': [1, 1]}","SELECT affected_region.Region_id, Region_code FROM affected_region JOIN region ON region.Region_id = affected_region.Region_id WHERE Number_city_affected IN (SELECT Number_city_affected FROM affected_region AS w) GROUP BY Region_code"
"{'meaningful_joins': 'yes', 'table_exp_type': 'single_table', 'where_type': 'between', 'number_of_value_exp_in_group_by': 1, 'having_type': 'none', 'orderby_type': 'ASC', 'limit_type': 'none', 'value_exp_types': ['single_exp_number'], 'distinct_type': 'none', 'min_max_depth_in_subquery': [1, 1]}",SELECT Storm_ID FROM affected_region WHERE Region_id BETWEEN 1 AND 10 GROUP BY Storm_ID ORDER BY Storm_ID ASC
"{'meaningful_joins': 'yes', 'table_exp_type': 'JOIN', 'where_type': {'logical_operator': ['OR', 'basic_comparison', 'comparison_with_subquery']}, 'number_of_value_exp_in_group_by': 1, 'having_type': {'single': 'SUM'}, 'orderby_type': 'none', 'limit_type': 'none', 'value_exp_types': ['agg_exp'], 'distinct_type': 'none', 'min_max_depth_in_subquery': [1, 1]}","SELECT COUNT(region.Region_id), Region_code FROM affected_region JOIN region ON region.Region_id = affected_region.Region_id WHERE  region.Region_id = 37 OR Region_code > (SELECT SUM(Region_code) FROM region WHERE  Region_id >= 8) GROUP BY Region_code HAVING SUM(affected_region.Region_id) < 31"
"{'meaningful_joins': 'yes', 'table_exp_type': 'JOIN', 'where_type': 'comparison_with_subquery', 'number_of_value_exp_in_group_by': 0, 'having_type': 'none', 'orderby_type': 'none', 'limit_type': 'none', 'value_exp_types': ['single_exp_number'], 'distinct_type': 'none', 'min_max_depth_in_subquery': [1, 1]}",SELECT Number_Deaths FROM affected_region JOIN storm ON affected_region.Storm_ID = storm.Storm_ID WHERE Number_city_affected != (SELECT MAX(Number_city_affected) FROM affected_region WHERE Storm_ID BETWEEN 1 AND 10 AND  Number_city_affected >= 20 LIMIT 7)
"{'meaningful_joins': 'yes', 'table_exp_type': 'single_table', 'where_type': {'logical_operator': ['AND', 'between', 'in_with_subquery']}, 'number_of_value_exp_in_group_by': 0, 'having_type': 'none', 'orderby_type': 'none', 'limit_type': 'none', 'value_exp_types': ['single_exp_text', 'single_exp_text', 'single_exp_text'], 'distinct_type': 'none', 'min_max_depth_in_subquery': [1, 1]}","SELECT Name, Dates_active, Name FROM storm WHERE Damage_millions_USD BETWEEN 1 AND 10 AND Name IN (SELECT Name FROM storm AS m LIMIT 9)"
