Specification,query
"{'meaningful_joins': 'yes', 'table_exp_type': 'single_table', 'where_type': {'basic_comparison': '<='}, 'number_of_value_exp_in_group_by': 0, 'having_type': 'none', 'orderby_type': 'none', 'limit_type': 'without_offset', 'value_exp_types': ['agg_exp', 'single_exp_text'], 'distinct_type': 'none', 'min_max_depth_in_subquery': [1, 1]}","SELECT MIN(address_id), line_1 FROM Addresses WHERE  address_id <= 87 LIMIT 3"
"{'meaningful_joins': 'yes', 'table_exp_type': 'single_table_with_name_changing', 'where_type': {'basic_comparison': '!='}, 'number_of_value_exp_in_group_by': 0, 'having_type': 'none', 'orderby_type': 'none', 'limit_type': 'none', 'value_exp_types': ['agg_exp', 'single_exp_text'], 'distinct_type': 'none', 'min_max_depth_in_subquery': [1, 1]}","SELECT SUM(n.candidate_id), n.asessment_outcome_code FROM Candidate_Assessments AS n WHERE  n.candidate_id != 46"
"{'meaningful_joins': 'yes', 'table_exp_type': 'SELF JOIN', 'where_type': {'basic_comparison': '>'}, 'number_of_value_exp_in_group_by': 0, 'having_type': 'none', 'orderby_type': 'none', 'limit_type': 'none', 'value_exp_types': ['count_distinct_exp', 'single_exp_text'], 'distinct_type': 'none', 'min_max_depth_in_subquery': [1, 1]}","SELECT COUNT(DISTINCT g.student_details), g.student_details FROM Students AS g JOIN Students ON Students.student_id = g.student_id WHERE  Students.student_id > 53"
"{'meaningful_joins': 'yes', 'table_exp_type': 'JOIN_JOIN_JOIN', 'where_type': {'logical_operator': ['OR', 'between', 'basic_comparison']}, 'number_of_value_exp_in_group_by': 0, 'having_type': 'none', 'orderby_type': 'none', 'limit_type': 'none', 'value_exp_types': ['count_distinct_exp'], 'distinct_type': 'none', 'min_max_depth_in_subquery': [1, 1]}",SELECT COUNT(DISTINCT Courses.course_id) FROM Student_Course_Registrations JOIN Courses JOIN Students JOIN Student_Course_Attendance ON Student_Course_Registrations.course_id = Courses.course_id AND Student_Course_Registrations.student_id = Student_Course_Attendance.student_id AND Students.student_id = Student_Course_Registrations.student_id AND Student_Course_Attendance.course_id = Student_Course_Registrations.course_id WHERE Student_Course_Attendance.course_id BETWEEN 1 AND 10 OR  Courses.course_id != 59
"{'meaningful_joins': 'yes', 'table_exp_type': 'JOIN_JOIN_JOIN', 'where_type': {'basic_comparison': '!='}, 'number_of_value_exp_in_group_by': 1, 'having_type': {'single': 'SUM'}, 'orderby_type': 'none', 'limit_type': 'none', 'value_exp_types': ['count_distinct_exp'], 'distinct_type': 'none', 'min_max_depth_in_subquery': [1, 1]}","SELECT COUNT(DISTINCT Student_Course_Registrations.student_id), date_of_attendance FROM Student_Course_Registrations JOIN Courses JOIN Students JOIN Student_Course_Attendance ON Student_Course_Registrations.course_id = Courses.course_id AND Student_Course_Registrations.student_id = Student_Course_Attendance.student_id AND Students.student_id = Student_Course_Registrations.student_id AND Student_Course_Attendance.course_id = Student_Course_Registrations.course_id WHERE  Courses.course_id != 86 GROUP BY date_of_attendance HAVING SUM(Students.student_id) = 26"
"{'meaningful_joins': 'yes', 'table_exp_type': 'single_table_with_name_changing', 'where_type': {'basic_comparison': '!='}, 'number_of_value_exp_in_group_by': 0, 'having_type': 'none', 'orderby_type': 'ASC', 'limit_type': 'none', 'value_exp_types': ['agg_exp', 'single_exp_number'], 'distinct_type': 'none', 'min_max_depth_in_subquery': [1, 1]}","SELECT MAX(t.student_id), t.student_id FROM Students AS t WHERE  t.student_id != 94 ORDER BY t.student_id ASC"
"{'meaningful_joins': 'yes', 'table_exp_type': 'JOIN_JOIN', 'where_type': 'none', 'number_of_value_exp_in_group_by': 0, 'having_type': 'none', 'orderby_type': 'none', 'limit_type': 'none', 'value_exp_types': ['count_distinct_exp'], 'distinct_type': 'none', 'min_max_depth_in_subquery': [1, 1]}",SELECT COUNT(DISTINCT Student_Course_Attendance.student_id) FROM Student_Course_Registrations JOIN Courses JOIN Student_Course_Attendance ON Student_Course_Registrations.course_id = Courses.course_id AND Student_Course_Registrations.student_id = Student_Course_Attendance.student_id AND Student_Course_Attendance.course_id = Student_Course_Registrations.course_id
"{'meaningful_joins': 'yes', 'table_exp_type': 'JOIN', 'where_type': {'basic_comparison': '!='}, 'number_of_value_exp_in_group_by': 0, 'having_type': 'none', 'orderby_type': 'none', 'limit_type': 'none', 'value_exp_types': ['single_exp_number', 'single_exp_number'], 'distinct_type': 'none', 'min_max_depth_in_subquery': [1, 1]}","SELECT candidate_id, person_id FROM Candidates JOIN People ON People.person_id = Candidates.candidate_id WHERE  candidate_id != 100"
"{'meaningful_joins': 'yes', 'table_exp_type': 'JOIN', 'where_type': 'comparison_with_subquery', 'number_of_value_exp_in_group_by': 0, 'having_type': 'none', 'orderby_type': 'DESC', 'limit_type': 'none', 'value_exp_types': ['single_exp_text', 'single_exp_text'], 'distinct_type': 'none', 'min_max_depth_in_subquery': [1, 1]}","SELECT asessment_outcome_code, asessment_outcome_code FROM Candidate_Assessments JOIN Candidates ON Candidates.candidate_id = Candidate_Assessments.candidate_id WHERE assessment_date < (SELECT MIN(assessment_date) FROM Candidate_Assessments WHERE  candidate_id <= 16) ORDER BY asessment_outcome_code DESC"
"{'meaningful_joins': 'yes', 'table_exp_type': 'JOIN_JOIN', 'where_type': {'basic_comparison': '<='}, 'number_of_value_exp_in_group_by': 0, 'having_type': 'none', 'orderby_type': 'none', 'limit_type': 'none', 'value_exp_types': ['count_distinct_exp', 'count_distinct_exp', 'count_distinct_exp'], 'distinct_type': 'none', 'min_max_depth_in_subquery': [1, 1]}","SELECT COUNT(DISTINCT course_description), COUNT(DISTINCT date_of_attendance), COUNT(DISTINCT Student_Course_Attendance.course_id) FROM Student_Course_Registrations JOIN Courses JOIN Student_Course_Attendance ON Student_Course_Registrations.course_id = Courses.course_id AND Student_Course_Registrations.student_id = Student_Course_Attendance.student_id AND Student_Course_Attendance.course_id = Student_Course_Registrations.course_id WHERE  Student_Course_Registrations.course_id <= 4"
"{'meaningful_joins': 'yes', 'table_exp_type': 'SELF JOIN', 'where_type': {'basic_comparison': '<='}, 'number_of_value_exp_in_group_by': 1, 'having_type': 'none', 'orderby_type': 'none', 'limit_type': 'none', 'value_exp_types': ['single_exp_number', 'single_exp_text'], 'distinct_type': 'none', 'min_max_depth_in_subquery': [1, 1]}","SELECT y.student_id, Students.student_details FROM Students AS y JOIN Students ON Students.student_id = y.student_id WHERE  y.student_id <= 14 GROUP BY Students.student_details"
"{'meaningful_joins': 'yes', 'table_exp_type': 'single_table', 'where_type': {'logical_operator': ['OR', 'between', 'basic_comparison']}, 'number_of_value_exp_in_group_by': 0, 'having_type': 'none', 'orderby_type': 'none', 'limit_type': 'none', 'value_exp_types': ['count_distinct_exp'], 'distinct_type': 'none', 'min_max_depth_in_subquery': [1, 1]}",SELECT COUNT(DISTINCT city) FROM Addresses WHERE address_id BETWEEN 1 AND 10 OR  address_id = 11
"{'meaningful_joins': 'yes', 'table_exp_type': 'JOIN', 'where_type': {'basic_comparison': '>='}, 'number_of_value_exp_in_group_by': 1, 'having_type': 'none', 'orderby_type': 'ASC', 'limit_type': 'none', 'value_exp_types': ['single_exp_number'], 'distinct_type': 'none', 'min_max_depth_in_subquery': [1, 1]}","SELECT person_id, password FROM Candidates JOIN People ON People.person_id = Candidates.candidate_id WHERE  person_id >= 72 GROUP BY password ORDER BY password ASC"
"{'meaningful_joins': 'yes', 'table_exp_type': 'JOIN_JOIN_JOIN', 'where_type': 'none', 'number_of_value_exp_in_group_by': 0, 'having_type': 'none', 'orderby_type': 'none', 'limit_type': 'without_offset', 'value_exp_types': ['count_distinct_exp'], 'distinct_type': 'none', 'min_max_depth_in_subquery': [1, 1]}",SELECT COUNT(DISTINCT Students.student_id) FROM Student_Course_Registrations JOIN Courses JOIN Students JOIN Student_Course_Attendance ON Student_Course_Registrations.course_id = Courses.course_id AND Student_Course_Registrations.student_id = Student_Course_Attendance.student_id AND Students.student_id = Student_Course_Registrations.student_id AND Student_Course_Attendance.course_id = Student_Course_Registrations.course_id LIMIT 10
"{'meaningful_joins': 'yes', 'table_exp_type': 'single_table_with_name_changing', 'where_type': {'basic_comparison': '!='}, 'number_of_value_exp_in_group_by': 0, 'having_type': 'none', 'orderby_type': 'none', 'limit_type': 'none', 'value_exp_types': ['single_exp_number'], 'distinct_type': 'none', 'min_max_depth_in_subquery': [1, 1]}",SELECT f.person_address_id FROM People_Addresses AS f WHERE  f.person_id != 59
"{'meaningful_joins': 'yes', 'table_exp_type': 'JOIN_JOIN', 'where_type': {'basic_comparison': '<='}, 'number_of_value_exp_in_group_by': 0, 'having_type': 'none', 'orderby_type': 'ASC', 'limit_type': 'none', 'value_exp_types': ['single_exp_number'], 'distinct_type': 'none', 'min_max_depth_in_subquery': [1, 1]}",SELECT Student_Course_Attendance.student_id FROM Student_Course_Registrations JOIN Students JOIN Student_Course_Attendance ON Student_Course_Registrations.student_id = Student_Course_Attendance.student_id AND Students.student_id = Student_Course_Registrations.student_id AND Student_Course_Attendance.course_id = Student_Course_Registrations.course_id WHERE  Students.student_id <= 62 ORDER BY Student_Course_Attendance.student_id ASC
"{'meaningful_joins': 'yes', 'table_exp_type': 'JOIN', 'where_type': {'logical_operator': ['AND', 'between', 'basic_comparison']}, 'number_of_value_exp_in_group_by': 1, 'having_type': 'none', 'orderby_type': 'none', 'limit_type': 'none', 'value_exp_types': ['single_exp_text'], 'distinct_type': 'none', 'min_max_depth_in_subquery': [1, 1]}","SELECT course_description, course_name FROM Student_Course_Registrations JOIN Courses ON Student_Course_Registrations.course_id = Courses.course_id WHERE Courses.course_id BETWEEN 1 AND 10 AND  student_id != 76 GROUP BY course_name"
"{'meaningful_joins': 'yes', 'table_exp_type': 'single_table_with_name_changing', 'where_type': {'logical_operator': ['OR', 'between', 'basic_comparison']}, 'number_of_value_exp_in_group_by': 0, 'having_type': 'none', 'orderby_type': 'DESC', 'limit_type': 'none', 'value_exp_types': ['single_exp_text'], 'distinct_type': 'none', 'min_max_depth_in_subquery': [1, 1]}",SELECT g.email_address FROM People AS g WHERE g.person_id BETWEEN 1 AND 10 OR  g.person_id < 81 ORDER BY g.email_address DESC
"{'meaningful_joins': 'yes', 'table_exp_type': 'JOIN_JOIN', 'where_type': {'logical_operator': ['OR', 'between', 'basic_comparison']}, 'number_of_value_exp_in_group_by': 0, 'having_type': 'none', 'orderby_type': 'DESC', 'limit_type': 'none', 'value_exp_types': ['count_distinct_exp', 'single_exp_text'], 'distinct_type': 'none', 'min_max_depth_in_subquery': [1, 1]}","SELECT COUNT(DISTINCT other_details), course_name FROM Student_Course_Registrations JOIN Courses JOIN Student_Course_Attendance ON Student_Course_Registrations.course_id = Courses.course_id AND Student_Course_Registrations.student_id = Student_Course_Attendance.student_id AND Student_Course_Attendance.course_id = Student_Course_Registrations.course_id WHERE Courses.course_id BETWEEN 1 AND 10 OR  Student_Course_Attendance.course_id < 53 ORDER BY course_name DESC"
"{'meaningful_joins': 'yes', 'table_exp_type': 'SELF JOIN', 'where_type': {'basic_comparison': '>='}, 'number_of_value_exp_in_group_by': 0, 'having_type': 'none', 'orderby_type': 'none', 'limit_type': 'without_offset', 'value_exp_types': ['agg_exp'], 'distinct_type': 'none', 'min_max_depth_in_subquery': [1, 1]}",SELECT SUM(Candidate_Assessments.candidate_id) FROM Candidate_Assessments JOIN Candidate_Assessments AS d ON Candidate_Assessments.candidate_id = d.candidate_id WHERE  d.candidate_id >= 53 LIMIT 8
"{'meaningful_joins': 'yes', 'table_exp_type': 'JOIN', 'where_type': {'logical_operator': ['AND', 'between', 'exists_subquery']}, 'number_of_value_exp_in_group_by': 1, 'having_type': {'single': 'COUNT'}, 'orderby_type': 'none', 'limit_type': 'none', 'value_exp_types': ['agg_exp', 'count_distinct_exp', 'count_distinct_exp'], 'distinct_type': 'none', 'min_max_depth_in_subquery': [1, 1]}","SELECT AVG(person_id), COUNT(DISTINCT email_address), COUNT(DISTINCT last_name), cell_mobile_number FROM Candidates JOIN People ON People.person_id = Candidates.candidate_id WHERE person_id BETWEEN 1 AND 10 AND EXISTS (SELECT * FROM Candidates WHERE candidate_id BETWEEN 1 AND 10 AND People.person_id = candidate_id LIMIT 2) GROUP BY cell_mobile_number HAVING COUNT(candidate_id) = 16"
"{'meaningful_joins': 'yes', 'table_exp_type': 'JOIN', 'where_type': {'logical_operator': ['AND', 'between', 'basic_comparison']}, 'number_of_value_exp_in_group_by': 0, 'having_type': 'none', 'orderby_type': 'none', 'limit_type': 'without_offset', 'value_exp_types': ['agg_exp', 'agg_exp', 'agg_exp'], 'distinct_type': 'none', 'min_max_depth_in_subquery': [1, 1]}","SELECT MIN(candidate_id), AVG(person_id), AVG(candidate_id) FROM Candidates JOIN People ON People.person_id = Candidates.candidate_id WHERE candidate_id BETWEEN 1 AND 10 AND  candidate_id <= 2 LIMIT 3"
"{'meaningful_joins': 'yes', 'table_exp_type': 'single_table_with_name_changing', 'where_type': {'basic_comparison': '='}, 'number_of_value_exp_in_group_by': 0, 'having_type': 'none', 'orderby_type': 'none', 'limit_type': 'none', 'value_exp_types': ['single_exp_number', 'single_exp_number'], 'distinct_type': 'none', 'min_max_depth_in_subquery': [1, 1]}","SELECT u.student_id, u.student_id FROM Students AS u WHERE  u.student_id = 24"
"{'meaningful_joins': 'yes', 'table_exp_type': 'JOIN', 'where_type': {'basic_comparison': '<'}, 'number_of_value_exp_in_group_by': 1, 'having_type': 'none', 'orderby_type': 'none', 'limit_type': 'none', 'value_exp_types': ['single_exp_number'], 'distinct_type': 'none', 'min_max_depth_in_subquery': [1, 1]}",SELECT Student_Course_Registrations.course_id FROM Student_Course_Registrations JOIN Student_Course_Attendance ON Student_Course_Registrations.student_id = Student_Course_Attendance.student_id AND Student_Course_Attendance.course_id = Student_Course_Registrations.course_id WHERE  Student_Course_Registrations.course_id < 81 GROUP BY Student_Course_Registrations.course_id
"{'meaningful_joins': 'yes', 'table_exp_type': 'single_table_with_name_changing', 'where_type': {'logical_operator': ['OR', 'between', 'not_in_with_subquery']}, 'number_of_value_exp_in_group_by': 0, 'having_type': 'none', 'orderby_type': 'none', 'limit_type': 'without_offset', 'value_exp_types': ['single_exp_text'], 'distinct_type': 'none', 'min_max_depth_in_subquery': [1, 1]}",SELECT m.student_details FROM Students AS m WHERE m.student_id BETWEEN 1 AND 10 OR student_details NOT IN (SELECT student_details FROM Students AS j WHERE  j.student_id = 13) LIMIT 2
"{'meaningful_joins': 'yes', 'table_exp_type': 'JOIN', 'where_type': {'logical_operator': ['AND', 'basic_comparison', 'not_in_with_subquery']}, 'number_of_value_exp_in_group_by': 0, 'having_type': 'none', 'orderby_type': 'DESC', 'limit_type': 'none', 'value_exp_types': ['single_exp_number'], 'distinct_type': 'none', 'min_max_depth_in_subquery': [1, 1]}",SELECT Student_Course_Attendance.course_id FROM Student_Course_Registrations JOIN Student_Course_Attendance ON Student_Course_Registrations.student_id = Student_Course_Attendance.student_id AND Student_Course_Attendance.course_id = Student_Course_Registrations.course_id WHERE  Student_Course_Attendance.course_id <= 92 AND date_of_attendance NOT IN (SELECT date_of_attendance FROM Student_Course_Attendance WHERE  student_id < 19 LIMIT 6) ORDER BY Student_Course_Attendance.course_id DESC
"{'meaningful_joins': 'yes', 'table_exp_type': 'JOIN_JOIN', 'where_type': {'logical_operator': ['OR', 'between', 'basic_comparison']}, 'number_of_value_exp_in_group_by': 1, 'having_type': {'single': 'SUM'}, 'orderby_type': 'none', 'limit_type': 'none', 'value_exp_types': ['count_distinct_exp'], 'distinct_type': 'none', 'min_max_depth_in_subquery': [1, 1]}","SELECT COUNT(DISTINCT other_details), other_details FROM Student_Course_Registrations JOIN Courses JOIN Student_Course_Attendance ON Student_Course_Registrations.course_id = Courses.course_id AND Student_Course_Registrations.student_id = Student_Course_Attendance.student_id AND Student_Course_Attendance.course_id = Student_Course_Registrations.course_id WHERE Student_Course_Registrations.student_id BETWEEN 1 AND 10 OR  Student_Course_Registrations.student_id <= 11 GROUP BY other_details HAVING SUM(Courses.course_id) = 69"
