Specification,query
"{'meaningful_joins': 'yes', 'table_exp_type': 'JOIN_JOIN', 'where_type': {'logical_operator': ['AND', 'basic_comparison', 'not_in_with_subquery']}, 'number_of_value_exp_in_group_by': 0, 'having_type': 'none', 'orderby_type': 'none', 'limit_type': 'none', 'value_exp_types': ['single_exp_number', 'single_exp_text', 'single_exp_text'], 'distinct_type': 'none', 'min_max_depth_in_subquery': [1, 1]}","SELECT purchase_transaction_id, share_count, transaction_type_code FROM Transactions JOIN Purchases JOIN Investors ON Investors.investor_id = Transactions.investor_id AND Purchases.purchase_transaction_id = Transactions.transaction_id WHERE  Investors.investor_id >= 14 AND Investor_details NOT IN (SELECT Investor_details FROM Investors WHERE  investor_id = 76 LIMIT 5)"
"{'meaningful_joins': 'yes', 'table_exp_type': 'single_table_with_name_changing', 'where_type': 'comparison_with_subquery', 'number_of_value_exp_in_group_by': 0, 'having_type': 'none', 'orderby_type': 'none', 'limit_type': 'none', 'value_exp_types': ['single_exp_number'], 'distinct_type': 'none', 'min_max_depth_in_subquery': [1, 1]}",SELECT z.amount_of_transaction FROM Transactions AS z WHERE investor_id < (SELECT AVG(investor_id) FROM Lots AS p WHERE  p.investor_id >= 71 LIMIT 6)
"{'meaningful_joins': 'yes', 'table_exp_type': 'single_table_with_name_changing', 'where_type': {'basic_comparison': '<'}, 'number_of_value_exp_in_group_by': 0, 'having_type': 'none', 'orderby_type': 'none', 'limit_type': 'none', 'value_exp_types': ['count_distinct_exp', 'single_exp_text'], 'distinct_type': 'none', 'min_max_depth_in_subquery': [1, 1]}","SELECT COUNT(DISTINCT n.investor_id), n.other_details FROM Transactions AS n WHERE  n.investor_id < 41"
"{'meaningful_joins': 'yes', 'table_exp_type': 'SELF JOIN', 'where_type': 'none', 'number_of_value_exp_in_group_by': 0, 'having_type': 'none', 'orderby_type': 'none', 'limit_type': 'none', 'value_exp_types': ['agg_exp', 'agg_exp'], 'distinct_type': 'none', 'min_max_depth_in_subquery': [1, 1]}","SELECT MIN(c.sales_transaction_id), MAX(Sales.sales_transaction_id) FROM Sales AS c JOIN Sales ON Sales.sales_transaction_id = c.sales_transaction_id"
"{'meaningful_joins': 'yes', 'table_exp_type': 'single_table', 'where_type': {'basic_comparison': '='}, 'number_of_value_exp_in_group_by': 0, 'having_type': 'none', 'orderby_type': 'none', 'limit_type': 'without_offset', 'value_exp_types': ['single_exp_text'], 'distinct_type': 'none', 'min_max_depth_in_subquery': [1, 1]}",SELECT sales_details FROM Sales WHERE  sales_transaction_id = 75 LIMIT 3
"{'meaningful_joins': 'yes', 'table_exp_type': 'JOIN', 'where_type': {'basic_comparison': '>'}, 'number_of_value_exp_in_group_by': 0, 'having_type': 'none', 'orderby_type': 'none', 'limit_type': 'none', 'value_exp_types': ['single_exp_number', 'single_exp_text'], 'distinct_type': 'none', 'min_max_depth_in_subquery': [1, 1]}","SELECT investor_id, transaction_type_code FROM Transactions JOIN Transactions_Lots ON Transactions.transaction_id = Transactions_Lots.transaction_id WHERE  Transactions_Lots.transaction_id > 72"
"{'meaningful_joins': 'yes', 'table_exp_type': 'SELF JOIN', 'where_type': {'basic_comparison': '<'}, 'number_of_value_exp_in_group_by': 0, 'having_type': 'none', 'orderby_type': 'none', 'limit_type': 'none', 'value_exp_types': ['count_distinct_exp'], 'distinct_type': 'none', 'min_max_depth_in_subquery': [1, 1]}",SELECT COUNT(DISTINCT Transactions.transaction_type_code) FROM Transactions JOIN Transactions AS s ON Transactions.transaction_id = s.transaction_id WHERE  s.transaction_id < 10
"{'meaningful_joins': 'yes', 'table_exp_type': 'single_table', 'where_type': {'basic_comparison': '>='}, 'number_of_value_exp_in_group_by': 0, 'having_type': 'none', 'orderby_type': 'none', 'limit_type': 'none', 'value_exp_types': ['agg_exp', 'count_distinct_exp'], 'distinct_type': 'none', 'min_max_depth_in_subquery': [1, 1]}","SELECT COUNT(lot_id), COUNT(DISTINCT transaction_id) FROM Transactions_Lots WHERE  transaction_id >= 33"
"{'meaningful_joins': 'yes', 'table_exp_type': 'SELF JOIN', 'where_type': {'basic_comparison': '>='}, 'number_of_value_exp_in_group_by': 0, 'having_type': 'none', 'orderby_type': 'none', 'limit_type': 'without_offset', 'value_exp_types': ['single_exp_number'], 'distinct_type': 'none', 'min_max_depth_in_subquery': [1, 1]}",SELECT j.lot_id FROM Lots JOIN Lots AS j ON Lots.lot_id = j.lot_id WHERE  Lots.investor_id >= 77 LIMIT 3
"{'meaningful_joins': 'yes', 'table_exp_type': 'single_table_with_name_changing', 'where_type': 'none', 'number_of_value_exp_in_group_by': 1, 'having_type': 'none', 'orderby_type': 'none', 'limit_type': 'none', 'value_exp_types': ['single_exp_number', 'single_exp_number'], 'distinct_type': 'none', 'min_max_depth_in_subquery': [1, 1]}","SELECT e.sales_transaction_id, e.sales_transaction_id, e.sales_details FROM Sales AS e GROUP BY e.sales_details"
"{'meaningful_joins': 'yes', 'table_exp_type': 'single_table', 'where_type': {'logical_operator': ['OR', 'between', 'basic_comparison']}, 'number_of_value_exp_in_group_by': 0, 'having_type': 'none', 'orderby_type': 'none', 'limit_type': 'none', 'value_exp_types': ['single_exp_number'], 'distinct_type': 'none', 'min_max_depth_in_subquery': [1, 1]}",SELECT sales_transaction_id FROM Sales WHERE sales_transaction_id BETWEEN 1 AND 10 OR  sales_transaction_id != 88
"{'meaningful_joins': 'yes', 'table_exp_type': 'single_table_with_name_changing', 'where_type': {'logical_operator': ['OR', 'basic_comparison', 'comparison_with_subquery']}, 'number_of_value_exp_in_group_by': 0, 'having_type': 'none', 'orderby_type': 'none', 'limit_type': 'none', 'value_exp_types': ['single_exp_number'], 'distinct_type': 'none', 'min_max_depth_in_subquery': [1, 1]}",SELECT s.transaction_id FROM Transactions_Lots AS s WHERE  s.transaction_id != 28 OR transaction_id <= (SELECT AVG(transaction_id) FROM Transactions AS e WHERE  e.transaction_id < 24)
"{'meaningful_joins': 'yes', 'table_exp_type': 'single_table_with_name_changing', 'where_type': {'basic_comparison': '='}, 'number_of_value_exp_in_group_by': 1, 'having_type': {'single': 'MAX'}, 'orderby_type': 'none', 'limit_type': 'none', 'value_exp_types': ['agg_exp'], 'distinct_type': 'none', 'min_max_depth_in_subquery': [1, 1]}","SELECT MAX(v.sales_transaction_id), v.sales_details FROM Sales AS v WHERE  v.sales_transaction_id = 1 GROUP BY v.sales_details HAVING MAX(v.sales_transaction_id) <= 16"
"{'meaningful_joins': 'yes', 'table_exp_type': 'JOIN_JOIN_JOIN', 'where_type': {'logical_operator': ['AND', 'between', 'comparison_with_subquery']}, 'number_of_value_exp_in_group_by': 0, 'having_type': 'none', 'orderby_type': 'DESC', 'limit_type': 'none', 'value_exp_types': ['single_exp_number', 'single_exp_text', 'single_exp_text'], 'distinct_type': 'none', 'min_max_depth_in_subquery': [1, 1]}","SELECT Transactions.investor_id, other_details, share_count FROM Transactions JOIN Ref_Transaction_Types JOIN Transactions_Lots JOIN Investors ON Transactions.transaction_type_code = Ref_Transaction_Types.transaction_type_code AND Transactions.transaction_id = Transactions_Lots.transaction_id AND Investors.investor_id = Transactions.investor_id WHERE Transactions.transaction_id BETWEEN 1 AND 10 AND date_of_transaction >= (SELECT MIN(date_of_transaction) FROM Transactions AS w LIMIT 7) ORDER BY Transactions.investor_id DESC"
"{'meaningful_joins': 'yes', 'table_exp_type': 'single_table', 'where_type': {'basic_comparison': '<'}, 'number_of_value_exp_in_group_by': 1, 'having_type': {'single': 'MAX'}, 'orderby_type': 'none', 'limit_type': 'none', 'value_exp_types': ['count_distinct_exp', 'count_distinct_exp', 'single_exp_number'], 'distinct_type': 'none', 'min_max_depth_in_subquery': [1, 1]}","SELECT COUNT(DISTINCT lot_id), COUNT(DISTINCT lot_id), investor_id FROM Lots WHERE  lot_id < 56 GROUP BY investor_id HAVING MAX(investor_id) > 33"
"{'meaningful_joins': 'yes', 'table_exp_type': 'JOIN_JOIN', 'where_type': {'logical_operator': ['OR', 'between', 'basic_comparison']}, 'number_of_value_exp_in_group_by': 0, 'having_type': 'none', 'orderby_type': 'none', 'limit_type': 'none', 'value_exp_types': ['agg_exp', 'single_exp_text', 'single_exp_text'], 'distinct_type': 'none', 'min_max_depth_in_subquery': [1, 1]}","SELECT MIN(Transactions_Lots.transaction_id), share_count, Investor_details FROM Transactions JOIN Transactions_Lots JOIN Investors ON Transactions.transaction_id = Transactions_Lots.transaction_id AND Investors.investor_id = Transactions.investor_id WHERE Transactions_Lots.transaction_id BETWEEN 1 AND 10 OR  Investors.investor_id < 85"
"{'meaningful_joins': 'yes', 'table_exp_type': 'single_table_with_name_changing', 'where_type': {'basic_comparison': '<'}, 'number_of_value_exp_in_group_by': 0, 'having_type': 'none', 'orderby_type': 'ASC', 'limit_type': 'none', 'value_exp_types': ['count_distinct_exp', 'single_exp_text'], 'distinct_type': 'none', 'min_max_depth_in_subquery': [1, 1]}","SELECT COUNT(DISTINCT q.purchase_details), q.purchase_details FROM Purchases AS q WHERE  q.purchase_transaction_id < 64 ORDER BY q.purchase_details ASC"
"{'meaningful_joins': 'yes', 'table_exp_type': 'single_table_with_name_changing', 'where_type': {'basic_comparison': '>='}, 'number_of_value_exp_in_group_by': 0, 'having_type': 'none', 'orderby_type': 'DESC', 'limit_type': 'without_offset', 'value_exp_types': ['single_exp_number'], 'distinct_type': 'none', 'min_max_depth_in_subquery': [1, 1]}",SELECT k.amount_of_transaction FROM Transactions AS k WHERE  k.amount_of_transaction >= 43 ORDER BY k.amount_of_transaction DESC LIMIT 7
"{'meaningful_joins': 'yes', 'table_exp_type': 'JOIN_JOIN_JOIN', 'where_type': {'basic_comparison': '!='}, 'number_of_value_exp_in_group_by': 0, 'having_type': 'none', 'orderby_type': 'none', 'limit_type': 'none', 'value_exp_types': ['single_exp_number', 'single_exp_number'], 'distinct_type': 'none', 'min_max_depth_in_subquery': [1, 1]}","SELECT Investors.investor_id, Investors.investor_id FROM Transactions JOIN Transactions_Lots JOIN Purchases JOIN Investors ON Transactions.transaction_id = Transactions_Lots.transaction_id AND Investors.investor_id = Transactions.investor_id AND Purchases.purchase_transaction_id = Transactions.transaction_id WHERE  Transactions_Lots.transaction_id != 28"
"{'meaningful_joins': 'yes', 'table_exp_type': 'JOIN', 'where_type': {'basic_comparison': '>='}, 'number_of_value_exp_in_group_by': 0, 'having_type': 'none', 'orderby_type': 'ASC', 'limit_type': 'without_offset', 'value_exp_types': ['single_exp_number'], 'distinct_type': 'none', 'min_max_depth_in_subquery': [1, 1]}",SELECT amount_of_transaction FROM Transactions JOIN Ref_Transaction_Types ON Transactions.transaction_type_code = Ref_Transaction_Types.transaction_type_code WHERE  amount_of_transaction >= 93 ORDER BY amount_of_transaction ASC LIMIT 7
"{'meaningful_joins': 'yes', 'table_exp_type': 'single_table_with_name_changing', 'where_type': {'basic_comparison': '<='}, 'number_of_value_exp_in_group_by': 0, 'having_type': 'none', 'orderby_type': 'none', 'limit_type': 'without_offset', 'value_exp_types': ['single_exp_text'], 'distinct_type': 'none', 'min_max_depth_in_subquery': [1, 1]}",SELECT p.sales_details FROM Sales AS p WHERE  p.sales_transaction_id <= 64 LIMIT 8
