Specification,query
"{'meaningful_joins': 'yes', 'table_exp_type': 'JOIN', 'where_type': 'none', 'number_of_value_exp_in_group_by': 0, 'having_type': 'none', 'orderby_type': 'none', 'limit_type': 'none', 'value_exp_types': ['single_exp_number'], 'distinct_type': 'none', 'min_max_depth_in_subquery': [1, 1]}",SELECT problem_id FROM Staff JOIN Problems ON Problems.reported_by_staff_id = Staff.staff_id AND Problems.closure_authorised_by_staff_id = Staff.staff_id
"{'meaningful_joins': 'yes', 'table_exp_type': 'JOIN_JOIN_JOIN', 'where_type': {'basic_comparison': '<'}, 'number_of_value_exp_in_group_by': 0, 'having_type': 'none', 'orderby_type': 'none', 'limit_type': 'without_offset', 'value_exp_types': ['single_exp_text', 'single_exp_text'], 'distinct_type': 'none', 'min_max_depth_in_subquery': [1, 1]}","SELECT problem_status_description, log_entry_description FROM Problem_Log JOIN Problem_Category_Codes JOIN Problems JOIN Problem_Status_Codes ON Problem_Log.problem_status_code = Problem_Status_Codes.problem_status_code AND Problems.problem_id = Problem_Log.problem_id AND Problem_Category_Codes.problem_category_code = Problem_Log.problem_category_code WHERE  reported_by_staff_id < 7 LIMIT 5"
"{'meaningful_joins': 'yes', 'table_exp_type': 'JOIN_JOIN', 'where_type': {'logical_operator': ['AND', 'between', 'in_with_subquery']}, 'number_of_value_exp_in_group_by': 1, 'having_type': 'none', 'orderby_type': 'ASC', 'limit_type': 'none', 'value_exp_types': ['single_exp_number', 'single_exp_text'], 'distinct_type': 'none', 'min_max_depth_in_subquery': [1, 1]}","SELECT problem_log_id, other_staff_details, problem_status_code FROM Problem_Log JOIN Staff JOIN Problem_Category_Codes ON Problem_Log.assigned_to_staff_id = Staff.staff_id AND Problem_Category_Codes.problem_category_code = Problem_Log.problem_category_code WHERE staff_id BETWEEN 1 AND 10 AND problem_id IN (SELECT problem_id FROM Problems AS m) GROUP BY problem_status_code ORDER BY problem_status_code ASC"
"{'meaningful_joins': 'yes', 'table_exp_type': 'JOIN', 'where_type': {'basic_comparison': '!='}, 'number_of_value_exp_in_group_by': 1, 'having_type': 'none', 'orderby_type': 'none', 'limit_type': 'without_offset', 'value_exp_types': ['single_exp_number', 'single_exp_number', 'single_exp_number'], 'distinct_type': 'none', 'min_max_depth_in_subquery': [1, 1]}","SELECT problem_log_id, assigned_to_staff_id, assigned_to_staff_id, problem_id FROM Problem_Log JOIN Problem_Category_Codes ON Problem_Category_Codes.problem_category_code = Problem_Log.problem_category_code WHERE  problem_log_id != 44 GROUP BY problem_id LIMIT 3"
"{'meaningful_joins': 'yes', 'table_exp_type': 'single_table', 'where_type': {'basic_comparison': '>='}, 'number_of_value_exp_in_group_by': 1, 'having_type': 'none', 'orderby_type': 'none', 'limit_type': 'none', 'value_exp_types': ['count_distinct_exp', 'single_exp_text'], 'distinct_type': 'none', 'min_max_depth_in_subquery': [1, 1]}","SELECT COUNT(DISTINCT reported_by_staff_id), problem_description FROM Problems WHERE  closure_authorised_by_staff_id >= 63 GROUP BY problem_description"
"{'meaningful_joins': 'yes', 'table_exp_type': 'JOIN_JOIN_JOIN', 'where_type': {'basic_comparison': '='}, 'number_of_value_exp_in_group_by': 1, 'having_type': {'single': 'AVG'}, 'orderby_type': 'none', 'limit_type': 'none', 'value_exp_types': ['agg_exp', 'single_exp_text'], 'distinct_type': 'none', 'min_max_depth_in_subquery': [1, 1]}","SELECT AVG(Problems.problem_id), Problem_Category_Codes.problem_category_code, Problem_Log.problem_status_code FROM Problem_Log JOIN Problem_Category_Codes JOIN Problems JOIN Problem_Status_Codes ON Problem_Log.problem_status_code = Problem_Status_Codes.problem_status_code AND Problems.problem_id = Problem_Log.problem_id AND Problem_Category_Codes.problem_category_code = Problem_Log.problem_category_code WHERE  problem_log_id = 28 GROUP BY Problem_Log.problem_status_code HAVING AVG(reported_by_staff_id) > 60"
"{'meaningful_joins': 'yes', 'table_exp_type': 'JOIN_JOIN', 'where_type': {'basic_comparison': '!='}, 'number_of_value_exp_in_group_by': 0, 'having_type': 'none', 'orderby_type': 'none', 'limit_type': 'without_offset', 'value_exp_types': ['agg_exp', 'count_distinct_exp'], 'distinct_type': 'none', 'min_max_depth_in_subquery': [1, 1]}","SELECT AVG(problem_log_id), COUNT(DISTINCT problem_category_code) FROM Problem_Log JOIN Problems JOIN Problem_Status_Codes ON Problem_Log.problem_status_code = Problem_Status_Codes.problem_status_code AND Problems.problem_id = Problem_Log.problem_id WHERE  closure_authorised_by_staff_id != 60 LIMIT 4"
"{'meaningful_joins': 'yes', 'table_exp_type': 'single_table_with_name_changing', 'where_type': 'none', 'number_of_value_exp_in_group_by': 0, 'having_type': 'none', 'orderby_type': 'none', 'limit_type': 'none', 'value_exp_types': ['count_distinct_exp', 'single_exp_text'], 'distinct_type': 'none', 'min_max_depth_in_subquery': [1, 1]}","SELECT COUNT(DISTINCT y.problem_status_description), y.problem_status_code FROM Problem_Status_Codes AS y"
"{'meaningful_joins': 'yes', 'table_exp_type': 'single_table_with_name_changing', 'where_type': {'basic_comparison': '<'}, 'number_of_value_exp_in_group_by': 0, 'having_type': 'none', 'orderby_type': 'none', 'limit_type': 'none', 'value_exp_types': ['single_exp_number', 'single_exp_number'], 'distinct_type': 'none', 'min_max_depth_in_subquery': [1, 1]}","SELECT y.product_id, y.product_id FROM Product AS y WHERE  y.product_id < 70"
"{'meaningful_joins': 'yes', 'table_exp_type': 'JOIN', 'where_type': {'basic_comparison': '<'}, 'number_of_value_exp_in_group_by': 1, 'having_type': {'single': 'AVG'}, 'orderby_type': 'none', 'limit_type': 'none', 'value_exp_types': ['agg_exp', 'single_exp_number'], 'distinct_type': 'none', 'min_max_depth_in_subquery': [1, 1]}","SELECT COUNT(closure_authorised_by_staff_id), reported_by_staff_id, other_staff_details FROM Staff JOIN Problems ON Problems.reported_by_staff_id = Staff.staff_id AND Problems.closure_authorised_by_staff_id = Staff.staff_id WHERE  staff_id < 50 GROUP BY other_staff_details HAVING AVG(problem_id) <= 83"
"{'meaningful_joins': 'yes', 'table_exp_type': 'JOIN_JOIN', 'where_type': 'between', 'number_of_value_exp_in_group_by': 1, 'having_type': 'none', 'orderby_type': 'none', 'limit_type': 'none', 'value_exp_types': ['single_exp_text', 'single_exp_text'], 'distinct_type': 'none', 'min_max_depth_in_subquery': [1, 1]}","SELECT product_name, staff_first_name, product_details FROM Product JOIN Staff JOIN Problems ON Problems.reported_by_staff_id = Staff.staff_id AND Problems.closure_authorised_by_staff_id = Staff.staff_id AND Product.product_id = Problems.product_id WHERE Problems.product_id BETWEEN 1 AND 10 GROUP BY product_details"
"{'meaningful_joins': 'yes', 'table_exp_type': 'single_table_with_name_changing', 'where_type': 'in_with_subquery', 'number_of_value_exp_in_group_by': 1, 'having_type': 'none', 'orderby_type': 'none', 'limit_type': 'none', 'value_exp_types': ['count_distinct_exp', 'count_distinct_exp', 'count_distinct_exp'], 'distinct_type': 'none', 'min_max_depth_in_subquery': [1, 1]}","SELECT COUNT(DISTINCT g.product_details), COUNT(DISTINCT g.product_name), COUNT(DISTINCT g.product_name), g.product_name FROM Product AS g WHERE product_details IN (SELECT product_details FROM Product WHERE  product_id != 43 LIMIT 10) GROUP BY g.product_name"
"{'meaningful_joins': 'yes', 'table_exp_type': 'single_table_with_name_changing', 'where_type': {'basic_comparison': '='}, 'number_of_value_exp_in_group_by': 0, 'having_type': 'none', 'orderby_type': 'none', 'limit_type': 'none', 'value_exp_types': ['count_distinct_exp'], 'distinct_type': 'none', 'min_max_depth_in_subquery': [1, 1]}",SELECT COUNT(DISTINCT e.other_staff_details) FROM Staff AS e WHERE  e.staff_id = 20
"{'meaningful_joins': 'yes', 'table_exp_type': 'single_table', 'where_type': {'basic_comparison': '='}, 'number_of_value_exp_in_group_by': 0, 'having_type': 'none', 'orderby_type': 'ASC', 'limit_type': 'none', 'value_exp_types': ['single_exp_text', 'single_exp_text'], 'distinct_type': 'none', 'min_max_depth_in_subquery': [1, 1]}","SELECT log_entry_description, log_entry_description FROM Problem_Log WHERE  problem_log_id = 87 ORDER BY log_entry_description ASC"
"{'meaningful_joins': 'yes', 'table_exp_type': 'JOIN_JOIN', 'where_type': {'basic_comparison': '<'}, 'number_of_value_exp_in_group_by': 0, 'having_type': 'none', 'orderby_type': 'none', 'limit_type': 'none', 'value_exp_types': ['single_exp_number', 'single_exp_text'], 'distinct_type': 'none', 'min_max_depth_in_subquery': [1, 1]}","SELECT problem_id, log_entry_description FROM Problem_Log JOIN Staff JOIN Problem_Status_Codes ON Problem_Log.problem_status_code = Problem_Status_Codes.problem_status_code AND Problem_Log.assigned_to_staff_id = Staff.staff_id WHERE  problem_id < 5"
"{'meaningful_joins': 'yes', 'table_exp_type': 'SELF JOIN', 'where_type': {'logical_operator': ['OR', 'basic_comparison', 'in_with_subquery']}, 'number_of_value_exp_in_group_by': 1, 'having_type': 'none', 'orderby_type': 'none', 'limit_type': 'none', 'value_exp_types': ['single_exp_text', 'single_exp_text'], 'distinct_type': 'none', 'min_max_depth_in_subquery': [1, 1]}","SELECT Problem_Log.log_entry_fix, Problem_Log.other_log_details, w.log_entry_description FROM Problem_Log JOIN Problem_Log AS w ON Problem_Log.problem_log_id = w.problem_log_id WHERE  w.problem_log_id != 12 OR log_entry_date IN (SELECT log_entry_date FROM Problem_Log AS a WHERE  a.assigned_to_staff_id < 25) GROUP BY w.log_entry_description"
"{'meaningful_joins': 'yes', 'table_exp_type': 'single_table', 'where_type': 'none', 'number_of_value_exp_in_group_by': 1, 'having_type': {'single': 'COUNT'}, 'orderby_type': 'none', 'limit_type': 'without_offset', 'value_exp_types': ['single_exp_text', 'single_exp_text'], 'distinct_type': 'none', 'min_max_depth_in_subquery': [1, 1]}","SELECT other_problem_details, problem_description, reported_by_staff_id FROM Problems GROUP BY reported_by_staff_id HAVING COUNT(problem_id) > 49 LIMIT 10"
"{'meaningful_joins': 'yes', 'table_exp_type': 'JOIN_JOIN', 'where_type': {'basic_comparison': '<='}, 'number_of_value_exp_in_group_by': 1, 'having_type': {'single': 'AVG'}, 'orderby_type': 'none', 'limit_type': 'none', 'value_exp_types': ['agg_exp', 'count_distinct_exp', 'single_exp_text'], 'distinct_type': 'none', 'min_max_depth_in_subquery': [1, 1]}","SELECT AVG(closure_authorised_by_staff_id), COUNT(DISTINCT product_id), problem_status_code, log_entry_description FROM Problem_Log JOIN Problem_Category_Codes JOIN Problems ON Problems.problem_id = Problem_Log.problem_id AND Problem_Category_Codes.problem_category_code = Problem_Log.problem_category_code WHERE  Problems.problem_id <= 45 GROUP BY log_entry_description HAVING AVG(assigned_to_staff_id) <= 98"
"{'meaningful_joins': 'yes', 'table_exp_type': 'SELF JOIN', 'where_type': 'comparison_with_subquery', 'number_of_value_exp_in_group_by': 0, 'having_type': 'none', 'orderby_type': 'none', 'limit_type': 'none', 'value_exp_types': ['single_exp_number', 'single_exp_text'], 'distinct_type': 'none', 'min_max_depth_in_subquery': [1, 1]}","SELECT p.product_id, Product.product_name FROM Product AS p JOIN Product ON Product.product_id = p.product_id WHERE product_details >= (SELECT MIN(product_details) FROM Product WHERE  product_id >= 41 LIMIT 5)"
"{'meaningful_joins': 'yes', 'table_exp_type': 'single_table_with_name_changing', 'where_type': {'basic_comparison': '<'}, 'number_of_value_exp_in_group_by': 0, 'having_type': 'none', 'orderby_type': 'DESC', 'limit_type': 'none', 'value_exp_types': ['single_exp_number', 'single_exp_text', 'single_exp_text'], 'distinct_type': 'none', 'min_max_depth_in_subquery': [1, 1]}","SELECT p.assigned_to_staff_id, p.log_entry_description, p.problem_status_code FROM Problem_Log AS p WHERE  p.problem_log_id < 78 ORDER BY p.log_entry_description DESC"
"{'meaningful_joins': 'yes', 'table_exp_type': 'JOIN', 'where_type': {'logical_operator': ['AND', 'basic_comparison', 'comparison_with_subquery']}, 'number_of_value_exp_in_group_by': 0, 'having_type': 'none', 'orderby_type': 'ASC', 'limit_type': 'none', 'value_exp_types': ['single_exp_number', 'single_exp_number'], 'distinct_type': 'none', 'min_max_depth_in_subquery': [1, 1]}","SELECT problem_id, problem_id FROM Problem_Log JOIN Problem_Status_Codes ON Problem_Log.problem_status_code = Problem_Status_Codes.problem_status_code WHERE  problem_log_id = 1 AND log_entry_date != (SELECT AVG(log_entry_date) FROM Problem_Log AS g WHERE  g.assigned_to_staff_id = 29) ORDER BY problem_id ASC"
"{'meaningful_joins': 'yes', 'table_exp_type': 'JOIN_JOIN_JOIN', 'where_type': {'logical_operator': ['AND', 'between', 'basic_comparison']}, 'number_of_value_exp_in_group_by': 0, 'having_type': 'none', 'orderby_type': 'none', 'limit_type': 'none', 'value_exp_types': ['count_distinct_exp'], 'distinct_type': 'none', 'min_max_depth_in_subquery': [1, 1]}",SELECT COUNT(DISTINCT Problems.problem_id) FROM Problem_Log JOIN Product JOIN Problems JOIN Problem_Status_Codes ON Problem_Log.problem_status_code = Problem_Status_Codes.problem_status_code AND Problems.problem_id = Problem_Log.problem_id AND Product.product_id = Problems.product_id WHERE Problems.product_id BETWEEN 1 AND 10 AND  assigned_to_staff_id <= 6
"{'meaningful_joins': 'yes', 'table_exp_type': 'single_table', 'where_type': 'none', 'number_of_value_exp_in_group_by': 0, 'having_type': 'none', 'orderby_type': 'DESC', 'limit_type': 'without_offset', 'value_exp_types': ['agg_exp', 'agg_exp', 'single_exp_number'], 'distinct_type': 'none', 'min_max_depth_in_subquery': [1, 1]}","SELECT AVG(problem_id), AVG(product_id), closure_authorised_by_staff_id FROM Problems ORDER BY closure_authorised_by_staff_id DESC LIMIT 2"
"{'meaningful_joins': 'yes', 'table_exp_type': 'JOIN', 'where_type': {'logical_operator': ['AND', 'between', 'comparison_with_subquery']}, 'number_of_value_exp_in_group_by': 1, 'having_type': {'single': 'MIN'}, 'orderby_type': 'none', 'limit_type': 'none', 'value_exp_types': ['count_distinct_exp'], 'distinct_type': 'none', 'min_max_depth_in_subquery': [1, 1]}","SELECT COUNT(DISTINCT problem_status_description), assigned_to_staff_id FROM Problem_Log JOIN Problem_Status_Codes ON Problem_Log.problem_status_code = Problem_Status_Codes.problem_status_code WHERE problem_log_id BETWEEN 1 AND 10 AND log_entry_description != (SELECT MIN(log_entry_description) FROM Problem_Log WHERE problem_id BETWEEN 1 AND 10 OR  problem_log_id < 16) GROUP BY assigned_to_staff_id HAVING MIN(problem_id) >= 80"
