Specification,query
"{'meaningful_joins': 'yes', 'table_exp_type': 'single_table', 'where_type': {'logical_operator': ['AND', 'between', 'in_with_subquery']}, 'number_of_value_exp_in_group_by': 0, 'having_type': 'none', 'orderby_type': 'none', 'limit_type': 'none', 'value_exp_types': ['agg_exp', 'count_distinct_exp', 'count_distinct_exp'], 'distinct_type': 'none', 'min_max_depth_in_subquery': [1, 1]}","SELECT COUNT(invoice_number), COUNT(DISTINCT invoice_date), COUNT(DISTINCT invoice_details) FROM Invoices WHERE invoice_number BETWEEN 1 AND 10 AND invoice_details IN (SELECT invoice_details FROM Invoices AS j WHERE  j.invoice_number != 88 LIMIT 9)"
"{'meaningful_joins': 'yes', 'table_exp_type': 'single_table', 'where_type': {'basic_comparison': '>='}, 'number_of_value_exp_in_group_by': 0, 'having_type': 'none', 'orderby_type': 'none', 'limit_type': 'none', 'value_exp_types': ['single_exp_number', 'single_exp_number'], 'distinct_type': 'none', 'min_max_depth_in_subquery': [1, 1]}","SELECT shipment_id, shipment_id FROM Shipment_Items WHERE  shipment_id >= 60"
"{'meaningful_joins': 'yes', 'table_exp_type': 'single_table', 'where_type': {'basic_comparison': '!='}, 'number_of_value_exp_in_group_by': 0, 'having_type': 'none', 'orderby_type': 'none', 'limit_type': 'without_offset', 'value_exp_types': ['agg_exp', 'count_distinct_exp'], 'distinct_type': 'none', 'min_max_depth_in_subquery': [1, 1]}","SELECT MAX(shipment_id), COUNT(DISTINCT order_id) FROM Shipments WHERE  order_id != 2 LIMIT 5"
"{'meaningful_joins': 'yes', 'table_exp_type': 'single_table_with_name_changing', 'where_type': {'logical_operator': ['OR', 'between', 'basic_comparison']}, 'number_of_value_exp_in_group_by': 0, 'having_type': 'none', 'orderby_type': 'DESC', 'limit_type': 'none', 'value_exp_types': ['agg_exp', 'agg_exp', 'single_exp_text'], 'distinct_type': 'none', 'min_max_depth_in_subquery': [1, 1]}","SELECT COUNT(e.product_id), MAX(e.product_id), e.product_details FROM Products AS e WHERE e.product_id BETWEEN 1 AND 10 OR  e.product_id = 59 ORDER BY e.product_details DESC"
"{'meaningful_joins': 'yes', 'table_exp_type': 'JOIN', 'where_type': {'basic_comparison': '>='}, 'number_of_value_exp_in_group_by': 1, 'having_type': {'single': 'MIN'}, 'orderby_type': 'none', 'limit_type': 'none', 'value_exp_types': ['agg_exp', 'count_distinct_exp', 'count_distinct_exp'], 'distinct_type': 'none', 'min_max_depth_in_subquery': [1, 1]}","SELECT MIN(customer_id), COUNT(DISTINCT shipment_tracking_number), COUNT(DISTINCT Shipments.order_id), date_order_placed FROM Orders JOIN Shipments ON Orders.order_id = Shipments.order_id WHERE  Shipments.order_id >= 90 GROUP BY date_order_placed HAVING MIN(customer_id) = 61"
"{'meaningful_joins': 'yes', 'table_exp_type': 'JOIN', 'where_type': {'basic_comparison': '<='}, 'number_of_value_exp_in_group_by': 1, 'having_type': 'none', 'orderby_type': 'none', 'limit_type': 'none', 'value_exp_types': ['single_exp_text', 'single_exp_text'], 'distinct_type': 'none', 'min_max_depth_in_subquery': [1, 1]}","SELECT other_shipment_details, invoice_details, invoice_date FROM Invoices JOIN Shipments ON Shipments.invoice_number = Invoices.invoice_number WHERE  Shipments.invoice_number <= 54 GROUP BY invoice_date"
"{'meaningful_joins': 'yes', 'table_exp_type': 'single_table_with_name_changing', 'where_type': {'logical_operator': ['AND', 'basic_comparison', 'not_in_with_subquery']}, 'number_of_value_exp_in_group_by': 0, 'having_type': 'none', 'orderby_type': 'none', 'limit_type': 'none', 'value_exp_types': ['agg_exp', 'agg_exp', 'count_distinct_exp'], 'distinct_type': 'none', 'min_max_depth_in_subquery': [1, 1]}","SELECT MAX(v.invoice_number), COUNT(v.invoice_number), COUNT(DISTINCT v.invoice_number) FROM Invoices AS v WHERE  v.invoice_number >= 3 AND invoice_number NOT IN (SELECT invoice_number FROM Invoices AS y WHERE  y.invoice_number > 82 LIMIT 10)"
"{'meaningful_joins': 'yes', 'table_exp_type': 'single_table_with_name_changing', 'where_type': {'basic_comparison': '!='}, 'number_of_value_exp_in_group_by': 0, 'having_type': 'none', 'orderby_type': 'none', 'limit_type': 'none', 'value_exp_types': ['single_exp_number', 'single_exp_text'], 'distinct_type': 'none', 'min_max_depth_in_subquery': [1, 1]}","SELECT i.product_id, i.product_name FROM Products AS i WHERE  i.product_id != 50"
"{'meaningful_joins': 'yes', 'table_exp_type': 'single_table', 'where_type': {'logical_operator': ['OR', 'between', 'basic_comparison']}, 'number_of_value_exp_in_group_by': 1, 'having_type': 'none', 'orderby_type': 'ASC', 'limit_type': 'none', 'value_exp_types': ['single_exp_number', 'single_exp_text'], 'distinct_type': 'none', 'min_max_depth_in_subquery': [1, 1]}","SELECT order_item_id, order_item_details FROM Order_Items WHERE order_item_id BETWEEN 1 AND 10 OR  order_id <= 81 GROUP BY order_item_details ORDER BY order_item_id ASC"
"{'meaningful_joins': 'yes', 'table_exp_type': 'JOIN', 'where_type': {'basic_comparison': '!='}, 'number_of_value_exp_in_group_by': 1, 'having_type': {'single': 'AVG'}, 'orderby_type': 'none', 'limit_type': 'none', 'value_exp_types': ['single_exp_text', 'single_exp_text'], 'distinct_type': 'none', 'min_max_depth_in_subquery': [1, 1]}","SELECT invoice_details, other_shipment_details FROM Invoices JOIN Shipments ON Shipments.invoice_number = Invoices.invoice_number WHERE  shipment_id != 48 GROUP BY other_shipment_details HAVING AVG(shipment_id) >= 94"
"{'meaningful_joins': 'yes', 'table_exp_type': 'single_table', 'where_type': {'basic_comparison': '<='}, 'number_of_value_exp_in_group_by': 1, 'having_type': {'single': 'COUNT'}, 'orderby_type': 'ASC', 'limit_type': 'none', 'value_exp_types': ['agg_exp', 'single_exp_number'], 'distinct_type': 'none', 'min_max_depth_in_subquery': [1, 1]}","SELECT SUM(customer_id), customer_id FROM Orders WHERE  order_id <= 59 GROUP BY customer_id HAVING COUNT(customer_id) >= 71 ORDER BY customer_id ASC"
"{'meaningful_joins': 'yes', 'table_exp_type': 'single_table_with_name_changing', 'where_type': {'basic_comparison': '>'}, 'number_of_value_exp_in_group_by': 1, 'having_type': {'single': 'MAX'}, 'orderby_type': 'none', 'limit_type': 'without_offset', 'value_exp_types': ['single_exp_number', 'single_exp_number'], 'distinct_type': 'none', 'min_max_depth_in_subquery': [1, 1]}","SELECT w.product_id, w.product_id, w.product_details FROM Products AS w WHERE  w.product_id > 92 GROUP BY w.product_details HAVING MAX(w.product_id) < 68 LIMIT 4"
"{'meaningful_joins': 'yes', 'table_exp_type': 'JOIN', 'where_type': 'none', 'number_of_value_exp_in_group_by': 0, 'having_type': 'none', 'orderby_type': 'ASC', 'limit_type': 'without_offset', 'value_exp_types': ['single_exp_text', 'single_exp_text'], 'distinct_type': 'none', 'min_max_depth_in_subquery': [1, 1]}","SELECT invoice_details, shipment_tracking_number FROM Invoices JOIN Shipments ON Shipments.invoice_number = Invoices.invoice_number ORDER BY invoice_details ASC LIMIT 5"
"{'meaningful_joins': 'yes', 'table_exp_type': 'JOIN_JOIN_JOIN', 'where_type': {'basic_comparison': '='}, 'number_of_value_exp_in_group_by': 0, 'having_type': 'none', 'orderby_type': 'none', 'limit_type': 'without_offset', 'value_exp_types': ['count_distinct_exp'], 'distinct_type': 'none', 'min_max_depth_in_subquery': [1, 1]}",SELECT COUNT(DISTINCT Order_Items.order_item_id) FROM Order_Items JOIN Shipment_Items JOIN Orders JOIN Shipments ON Orders.order_id = Shipments.order_id AND Order_Items.order_item_id = Shipment_Items.order_item_id AND Shipment_Items.shipment_id = Shipments.shipment_id WHERE  Shipments.order_id = 98 LIMIT 1
"{'meaningful_joins': 'yes', 'table_exp_type': 'single_table_with_name_changing', 'where_type': {'logical_operator': ['AND', 'basic_comparison', 'comparison_with_subquery']}, 'number_of_value_exp_in_group_by': 1, 'having_type': 'none', 'orderby_type': 'none', 'limit_type': 'without_offset', 'value_exp_types': ['count_distinct_exp', 'count_distinct_exp', 'single_exp_number'], 'distinct_type': 'none', 'min_max_depth_in_subquery': [1, 1]}","SELECT COUNT(DISTINCT l.order_id), COUNT(DISTINCT l.order_status), l.customer_id FROM Orders AS l WHERE  l.order_id != 22 AND order_details >= (SELECT MIN(order_details) FROM Orders WHERE  customer_id >= 3 LIMIT 5) GROUP BY l.customer_id LIMIT 8"
"{'meaningful_joins': 'yes', 'table_exp_type': 'single_table', 'where_type': {'basic_comparison': '<='}, 'number_of_value_exp_in_group_by': 0, 'having_type': 'none', 'orderby_type': 'DESC', 'limit_type': 'none', 'value_exp_types': ['single_exp_number'], 'distinct_type': 'none', 'min_max_depth_in_subquery': [1, 1]}",SELECT order_item_id FROM Order_Items WHERE  order_id <= 100 ORDER BY order_item_id DESC
"{'meaningful_joins': 'yes', 'table_exp_type': 'JOIN', 'where_type': {'basic_comparison': '!='}, 'number_of_value_exp_in_group_by': 0, 'having_type': 'none', 'orderby_type': 'none', 'limit_type': 'none', 'value_exp_types': ['agg_exp', 'single_exp_text'], 'distinct_type': 'none', 'min_max_depth_in_subquery': [1, 1]}","SELECT AVG(Orders.customer_id), order_status FROM Customers JOIN Orders ON Orders.customer_id = Customers.customer_id WHERE  order_id != 38"
"{'meaningful_joins': 'yes', 'table_exp_type': 'single_table_with_name_changing', 'where_type': {'basic_comparison': '>='}, 'number_of_value_exp_in_group_by': 1, 'having_type': {'single': 'MIN'}, 'orderby_type': 'none', 'limit_type': 'without_offset', 'value_exp_types': ['single_exp_number'], 'distinct_type': 'none', 'min_max_depth_in_subquery': [1, 1]}","SELECT k.customer_id, k.customer_name FROM Customers AS k WHERE  k.customer_id >= 29 GROUP BY k.customer_name HAVING MIN(k.customer_id) <= 24 LIMIT 7"
"{'meaningful_joins': 'yes', 'table_exp_type': 'single_table', 'where_type': 'exists_subquery', 'number_of_value_exp_in_group_by': 0, 'having_type': 'none', 'orderby_type': 'none', 'limit_type': 'without_offset', 'value_exp_types': ['agg_exp', 'single_exp_text'], 'distinct_type': 'none', 'min_max_depth_in_subquery': [1, 1]}","SELECT COUNT(shipment_id), shipment_tracking_number FROM Shipments WHERE EXISTS (SELECT * FROM Shipment_Items WHERE  shipment_id >= 11 AND Shipments.shipment_id = shipment_id) LIMIT 8"
"{'meaningful_joins': 'yes', 'table_exp_type': 'JOIN', 'where_type': {'logical_operator': ['AND', 'between', 'comparison_with_subquery']}, 'number_of_value_exp_in_group_by': 0, 'having_type': 'none', 'orderby_type': 'none', 'limit_type': 'none', 'value_exp_types': ['single_exp_text'], 'distinct_type': 'none', 'min_max_depth_in_subquery': [1, 1]}",SELECT other_shipment_details FROM Orders JOIN Shipments ON Orders.order_id = Shipments.order_id WHERE Shipments.order_id BETWEEN 1 AND 10 AND customer_id != (SELECT MIN(customer_id) FROM Orders WHERE customer_id BETWEEN 1 AND 10 OR  order_id < 62)
"{'meaningful_joins': 'yes', 'table_exp_type': 'JOIN_JOIN', 'where_type': {'logical_operator': ['OR', 'between', 'basic_comparison']}, 'number_of_value_exp_in_group_by': 0, 'having_type': 'none', 'orderby_type': 'none', 'limit_type': 'none', 'value_exp_types': ['single_exp_number', 'single_exp_number'], 'distinct_type': 'none', 'min_max_depth_in_subquery': [1, 1]}","SELECT Shipment_Items.shipment_id, order_id FROM Invoices JOIN Shipment_Items JOIN Shipments ON Shipments.invoice_number = Invoices.invoice_number AND Shipment_Items.shipment_id = Shipments.shipment_id WHERE Shipments.invoice_number BETWEEN 1 AND 10 OR  Shipments.invoice_number = 41"
"{'meaningful_joins': 'yes', 'table_exp_type': 'single_table_with_name_changing', 'where_type': {'basic_comparison': '<='}, 'number_of_value_exp_in_group_by': 0, 'having_type': 'none', 'orderby_type': 'ASC', 'limit_type': 'without_offset', 'value_exp_types': ['single_exp_number', 'single_exp_number'], 'distinct_type': 'none', 'min_max_depth_in_subquery': [1, 1]}","SELECT f.customer_id, f.customer_id FROM Customers AS f WHERE  f.customer_id <= 60 ORDER BY f.customer_id ASC LIMIT 3"
"{'meaningful_joins': 'yes', 'table_exp_type': 'JOIN_JOIN', 'where_type': {'logical_operator': ['AND', 'basic_comparison', 'exists_subquery']}, 'number_of_value_exp_in_group_by': 0, 'having_type': 'none', 'orderby_type': 'DESC', 'limit_type': 'none', 'value_exp_types': ['single_exp_number', 'single_exp_number', 'single_exp_text'], 'distinct_type': 'none', 'min_max_depth_in_subquery': [1, 1]}","SELECT Invoices.invoice_number, Shipments.order_id, other_shipment_details FROM Invoices JOIN Orders JOIN Shipments ON Orders.order_id = Shipments.order_id AND Shipments.invoice_number = Invoices.invoice_number WHERE  customer_id > 67 AND EXISTS (SELECT * FROM Shipments WHERE  shipment_id <= 48 AND Invoices.invoice_number = invoice_number) ORDER BY Shipments.order_id DESC"
"{'meaningful_joins': 'yes', 'table_exp_type': 'single_table', 'where_type': 'exists_subquery', 'number_of_value_exp_in_group_by': 0, 'having_type': 'none', 'orderby_type': 'none', 'limit_type': 'without_offset', 'value_exp_types': ['agg_exp'], 'distinct_type': 'none', 'min_max_depth_in_subquery': [1, 1]}",SELECT MAX(shipment_id) FROM Shipments WHERE EXISTS (SELECT * FROM Invoices AS p WHERE p.invoice_number BETWEEN 1 AND 10 AND Shipments.shipment_id = p.invoice_number) LIMIT 8
"{'meaningful_joins': 'yes', 'table_exp_type': 'single_table', 'where_type': {'logical_operator': ['AND', 'between', 'basic_comparison']}, 'number_of_value_exp_in_group_by': 0, 'having_type': 'none', 'orderby_type': 'DESC', 'limit_type': 'none', 'value_exp_types': ['single_exp_text'], 'distinct_type': 'none', 'min_max_depth_in_subquery': [1, 1]}",SELECT product_name FROM Products WHERE product_id BETWEEN 1 AND 10 AND  product_id >= 38 ORDER BY product_name DESC
