Specification,query
"{'meaningful_joins': 'yes', 'table_exp_type': 'single_table', 'where_type': {'logical_operator': ['OR', 'between', 'basic_comparison']}, 'number_of_value_exp_in_group_by': 1, 'having_type': 'none', 'orderby_type': 'none', 'limit_type': 'none', 'value_exp_types': ['agg_exp', 'single_exp_text', 'single_exp_text'], 'distinct_type': 'none', 'min_max_depth_in_subquery': [1, 1]}","SELECT AVG(organisation_id), organisation_type, organisation_details FROM Organisations WHERE organisation_id BETWEEN 1 AND 10 OR  organisation_id = 63 GROUP BY organisation_details"
"{'meaningful_joins': 'yes', 'table_exp_type': 'single_table_with_name_changing', 'where_type': {'basic_comparison': '='}, 'number_of_value_exp_in_group_by': 0, 'having_type': 'none', 'orderby_type': 'none', 'limit_type': 'without_offset', 'value_exp_types': ['single_exp_number'], 'distinct_type': 'none', 'min_max_depth_in_subquery': [1, 1]}",SELECT n.project_id FROM Project_Outcomes AS n WHERE  n.project_id = 14 LIMIT 10
"{'meaningful_joins': 'yes', 'table_exp_type': 'JOIN_JOIN', 'where_type': 'not_in_with_subquery', 'number_of_value_exp_in_group_by': 0, 'having_type': 'none', 'orderby_type': 'none', 'limit_type': 'none', 'value_exp_types': ['single_exp_number', 'single_exp_text'], 'distinct_type': 'none', 'min_max_depth_in_subquery': [1, 1]}","SELECT Organisations.organisation_id, organisation_type_description FROM Organisation_Types JOIN Projects JOIN Organisations ON Organisations.organisation_id = Projects.organisation_id AND Organisation_Types.organisation_type = Organisations.organisation_type WHERE organisation_details NOT IN (SELECT organisation_details FROM Organisations AS k)"
"{'meaningful_joins': 'yes', 'table_exp_type': 'single_table_with_name_changing', 'where_type': 'none', 'number_of_value_exp_in_group_by': 0, 'having_type': 'none', 'orderby_type': 'none', 'limit_type': 'without_offset', 'value_exp_types': ['single_exp_text'], 'distinct_type': 'none', 'min_max_depth_in_subquery': [1, 1]}",SELECT f.document_type_code FROM Document_Types AS f LIMIT 4
"{'meaningful_joins': 'yes', 'table_exp_type': 'single_table', 'where_type': 'none', 'number_of_value_exp_in_group_by': 0, 'having_type': 'none', 'orderby_type': 'none', 'limit_type': 'none', 'value_exp_types': ['count_distinct_exp', 'count_distinct_exp', 'single_exp_text'], 'distinct_type': 'none', 'min_max_depth_in_subquery': [1, 1]}","SELECT COUNT(DISTINCT organisation_type), COUNT(DISTINCT organisation_type), organisation_type_description FROM Organisation_Types"
"{'meaningful_joins': 'yes', 'table_exp_type': 'JOIN', 'where_type': 'in_with_subquery', 'number_of_value_exp_in_group_by': 1, 'having_type': {'single': 'AVG'}, 'orderby_type': 'ASC', 'limit_type': 'none', 'value_exp_types': ['agg_exp', 'single_exp_number'], 'distinct_type': 'none', 'min_max_depth_in_subquery': [1, 1]}","SELECT AVG(project_id), project_id, Research_Outcomes.outcome_code FROM Research_Outcomes JOIN Project_Outcomes ON Project_Outcomes.outcome_code = Research_Outcomes.outcome_code WHERE outcome_code IN (SELECT outcome_code FROM Project_Outcomes AS n LIMIT 5) GROUP BY Research_Outcomes.outcome_code HAVING AVG(project_id) < 11 ORDER BY Research_Outcomes.outcome_code ASC"
"{'meaningful_joins': 'yes', 'table_exp_type': 'single_table_with_name_changing', 'where_type': {'basic_comparison': '>'}, 'number_of_value_exp_in_group_by': 0, 'having_type': 'none', 'orderby_type': 'none', 'limit_type': 'none', 'value_exp_types': ['single_exp_text'], 'distinct_type': 'none', 'min_max_depth_in_subquery': [1, 1]}",SELECT s.organisation_type FROM Organisations AS s WHERE  s.organisation_id > 11
"{'meaningful_joins': 'yes', 'table_exp_type': 'single_table_with_name_changing', 'where_type': 'not_in_with_subquery', 'number_of_value_exp_in_group_by': 0, 'having_type': 'none', 'orderby_type': 'none', 'limit_type': 'none', 'value_exp_types': ['single_exp_number'], 'distinct_type': 'none', 'min_max_depth_in_subquery': [1, 1]}",SELECT g.project_id FROM Project_Outcomes AS g WHERE outcome_code NOT IN (SELECT outcome_code FROM Research_Outcomes AS k)
"{'meaningful_joins': 'yes', 'table_exp_type': 'JOIN', 'where_type': {'logical_operator': ['OR', 'between', 'comparison_with_subquery']}, 'number_of_value_exp_in_group_by': 0, 'having_type': 'none', 'orderby_type': 'none', 'limit_type': 'none', 'value_exp_types': ['count_distinct_exp'], 'distinct_type': 'none', 'min_max_depth_in_subquery': [1, 1]}",SELECT COUNT(DISTINCT Tasks.project_id) FROM Tasks JOIN Projects ON Projects.project_id = Tasks.project_id WHERE Projects.project_id BETWEEN 1 AND 10 OR project_id >= (SELECT MAX(project_id) FROM Project_Outcomes WHERE  project_id <= 72 LIMIT 10)
"{'meaningful_joins': 'yes', 'table_exp_type': 'single_table', 'where_type': 'none', 'number_of_value_exp_in_group_by': 1, 'having_type': {'single': 'COUNT'}, 'orderby_type': 'none', 'limit_type': 'none', 'value_exp_types': ['agg_exp', 'single_exp_number'], 'distinct_type': 'none', 'min_max_depth_in_subquery': [1, 1]}","SELECT MAX(organisation_id), organisation_id, grant_start_date FROM Grants GROUP BY grant_start_date HAVING COUNT(grant_id) < 28"
"{'meaningful_joins': 'yes', 'table_exp_type': 'JOIN', 'where_type': {'basic_comparison': '>'}, 'number_of_value_exp_in_group_by': 1, 'having_type': {'single': 'AVG'}, 'orderby_type': 'DESC', 'limit_type': 'without_offset', 'value_exp_types': ['single_exp_number', 'single_exp_number', 'single_exp_number'], 'distinct_type': 'none', 'min_max_depth_in_subquery': [1, 1]}","SELECT project_id, project_id, project_id, Research_Outcomes.outcome_code FROM Research_Outcomes JOIN Project_Outcomes ON Project_Outcomes.outcome_code = Research_Outcomes.outcome_code WHERE  project_id > 44 GROUP BY Research_Outcomes.outcome_code HAVING AVG(project_id) > 95 ORDER BY project_id DESC LIMIT 7"
"{'meaningful_joins': 'yes', 'table_exp_type': 'single_table', 'where_type': {'logical_operator': ['AND', 'between', 'basic_comparison']}, 'number_of_value_exp_in_group_by': 1, 'having_type': 'none', 'orderby_type': 'DESC', 'limit_type': 'without_offset', 'value_exp_types': ['single_exp_text'], 'distinct_type': 'none', 'min_max_depth_in_subquery': [1, 1]}","SELECT other_details, grant_end_date FROM Grants WHERE grant_id BETWEEN 1 AND 10 AND  grant_amount < 54 GROUP BY grant_end_date ORDER BY grant_end_date DESC LIMIT 4"
"{'meaningful_joins': 'yes', 'table_exp_type': 'JOIN_JOIN_JOIN', 'where_type': {'basic_comparison': '<='}, 'number_of_value_exp_in_group_by': 1, 'having_type': 'none', 'orderby_type': 'none', 'limit_type': 'without_offset', 'value_exp_types': ['single_exp_number', 'single_exp_text'], 'distinct_type': 'none', 'min_max_depth_in_subquery': [1, 1]}","SELECT Projects.organisation_id, organisation_type_description FROM Research_Staff JOIN Organisation_Types JOIN Projects JOIN Organisations ON Organisations.organisation_id = Projects.organisation_id AND Organisation_Types.organisation_type = Organisations.organisation_type AND Research_Staff.employer_organisation_id = Organisations.organisation_id WHERE  project_id <= 60 GROUP BY Projects.organisation_id LIMIT 7"
"{'meaningful_joins': 'yes', 'table_exp_type': 'SELF JOIN', 'where_type': {'basic_comparison': '!='}, 'number_of_value_exp_in_group_by': 0, 'having_type': 'none', 'orderby_type': 'none', 'limit_type': 'none', 'value_exp_types': ['agg_exp', 'count_distinct_exp'], 'distinct_type': 'none', 'min_max_depth_in_subquery': [1, 1]}","SELECT SUM(z.document_id), COUNT(DISTINCT z.other_details) FROM Documents JOIN Documents AS z ON Documents.document_id = z.document_id WHERE  Documents.grant_id != 99"
"{'meaningful_joins': 'yes', 'table_exp_type': 'single_table', 'where_type': {'logical_operator': ['AND', 'basic_comparison', 'comparison_with_subquery']}, 'number_of_value_exp_in_group_by': 0, 'having_type': 'none', 'orderby_type': 'none', 'limit_type': 'none', 'value_exp_types': ['single_exp_number', 'single_exp_number'], 'distinct_type': 'none', 'min_max_depth_in_subquery': [1, 1]}","SELECT project_id, staff_id FROM Project_Staff WHERE  staff_id <= 18 AND date_to = (SELECT MIN(date_to) FROM Project_Staff WHERE  project_id = 82)"
"{'meaningful_joins': 'yes', 'table_exp_type': 'single_table', 'where_type': 'in_with_subquery', 'number_of_value_exp_in_group_by': 0, 'having_type': 'none', 'orderby_type': 'none', 'limit_type': 'none', 'value_exp_types': ['agg_exp', 'agg_exp', 'single_exp_text'], 'distinct_type': 'none', 'min_max_depth_in_subquery': [1, 1]}","SELECT MAX(grant_id), SUM(grant_id), other_details FROM Grants WHERE grant_start_date IN (SELECT grant_start_date FROM Grants AS v LIMIT 4)"
"{'meaningful_joins': 'yes', 'table_exp_type': 'single_table_with_name_changing', 'where_type': {'basic_comparison': '!='}, 'number_of_value_exp_in_group_by': 0, 'having_type': 'none', 'orderby_type': 'none', 'limit_type': 'none', 'value_exp_types': ['count_distinct_exp', 'single_exp_number'], 'distinct_type': 'none', 'min_max_depth_in_subquery': [1, 1]}","SELECT COUNT(DISTINCT b.organisation_id), b.organisation_id FROM Projects AS b WHERE  b.project_id != 92"
"{'meaningful_joins': 'yes', 'table_exp_type': 'JOIN_JOIN', 'where_type': {'logical_operator': ['OR', 'between', 'not_in_with_subquery']}, 'number_of_value_exp_in_group_by': 0, 'having_type': 'none', 'orderby_type': 'none', 'limit_type': 'none', 'value_exp_types': ['agg_exp', 'single_exp_text'], 'distinct_type': 'none', 'min_max_depth_in_subquery': [1, 1]}","SELECT MIN(employer_organisation_id), Organisation_Types.organisation_type FROM Research_Staff JOIN Organisation_Types JOIN Organisations ON Organisation_Types.organisation_type = Organisations.organisation_type AND Research_Staff.employer_organisation_id = Organisations.organisation_id WHERE staff_id BETWEEN 1 AND 10 OR staff_id NOT IN (SELECT staff_id FROM Project_Staff AS t WHERE  t.staff_id >= 29 LIMIT 8)"
"{'meaningful_joins': 'yes', 'table_exp_type': 'JOIN_JOIN_JOIN', 'where_type': {'basic_comparison': '>='}, 'number_of_value_exp_in_group_by': 0, 'having_type': 'none', 'orderby_type': 'none', 'limit_type': 'none', 'value_exp_types': ['agg_exp', 'agg_exp', 'agg_exp'], 'distinct_type': 'none', 'min_max_depth_in_subquery': [1, 1]}","SELECT SUM(project_id), MIN(Organisations.organisation_id), COUNT(project_id) FROM Research_Staff JOIN Organisation_Types JOIN Projects JOIN Organisations ON Organisations.organisation_id = Projects.organisation_id AND Organisation_Types.organisation_type = Organisations.organisation_type AND Research_Staff.employer_organisation_id = Organisations.organisation_id WHERE  staff_id >= 90"
"{'meaningful_joins': 'yes', 'table_exp_type': 'single_table', 'where_type': {'basic_comparison': '='}, 'number_of_value_exp_in_group_by': 1, 'having_type': 'none', 'orderby_type': 'none', 'limit_type': 'none', 'value_exp_types': ['single_exp_text'], 'distinct_type': 'none', 'min_max_depth_in_subquery': [1, 1]}",SELECT other_details FROM Grants WHERE  grant_id = 4 GROUP BY other_details
"{'meaningful_joins': 'yes', 'table_exp_type': 'SELF JOIN', 'where_type': {'basic_comparison': '='}, 'number_of_value_exp_in_group_by': 1, 'having_type': {'single': 'MAX'}, 'orderby_type': 'ASC', 'limit_type': 'none', 'value_exp_types': ['agg_exp', 'single_exp_text'], 'distinct_type': 'none', 'min_max_depth_in_subquery': [1, 1]}","SELECT MIN(Project_Staff.staff_id), m.other_details, m.staff_id FROM Project_Staff JOIN Project_Staff AS m ON Project_Staff.project_id = m.project_id WHERE  m.project_id = 73 GROUP BY m.staff_id HAVING MAX(m.project_id) > 17 ORDER BY m.other_details ASC"
"{'meaningful_joins': 'yes', 'table_exp_type': 'single_table', 'where_type': {'basic_comparison': '>'}, 'number_of_value_exp_in_group_by': 0, 'having_type': 'none', 'orderby_type': 'none', 'limit_type': 'none', 'value_exp_types': ['agg_exp', 'single_exp_text'], 'distinct_type': 'none', 'min_max_depth_in_subquery': [1, 1]}","SELECT MIN(project_id), project_details FROM Projects WHERE  organisation_id > 22"
"{'meaningful_joins': 'yes', 'table_exp_type': 'single_table', 'where_type': {'logical_operator': ['OR', 'basic_comparison', 'comparison_with_subquery']}, 'number_of_value_exp_in_group_by': 0, 'having_type': 'none', 'orderby_type': 'none', 'limit_type': 'none', 'value_exp_types': ['single_exp_text', 'single_exp_text'], 'distinct_type': 'none', 'min_max_depth_in_subquery': [1, 1]}","SELECT project_details, project_details FROM Projects WHERE  organisation_id = 50 OR project_details >= (SELECT MIN(project_details) FROM Projects LIMIT 6)"
"{'meaningful_joins': 'yes', 'table_exp_type': 'JOIN_JOIN', 'where_type': {'basic_comparison': '<='}, 'number_of_value_exp_in_group_by': 0, 'having_type': 'none', 'orderby_type': 'ASC', 'limit_type': 'without_offset', 'value_exp_types': ['single_exp_number', 'single_exp_text'], 'distinct_type': 'none', 'min_max_depth_in_subquery': [1, 1]}","SELECT employer_organisation_id, Organisation_Types.organisation_type FROM Research_Staff JOIN Organisation_Types JOIN Organisations ON Organisation_Types.organisation_type = Organisations.organisation_type AND Research_Staff.employer_organisation_id = Organisations.organisation_id WHERE  organisation_id <= 30 ORDER BY employer_organisation_id ASC LIMIT 8"
