Specification,query
"{'meaningful_joins': 'yes', 'table_exp_type': 'single_table_with_name_changing', 'where_type': {'basic_comparison': '>='}, 'number_of_value_exp_in_group_by': 0, 'having_type': 'none', 'orderby_type': 'ASC', 'limit_type': 'none', 'value_exp_types': ['single_exp_text'], 'distinct_type': 'none', 'min_max_depth_in_subquery': [1, 1]}",SELECT b.RnaG_MHz FROM radio AS b WHERE  b.Radio_ID >= 65 ORDER BY b.RnaG_MHz ASC
"{'meaningful_joins': 'yes', 'table_exp_type': 'JOIN', 'where_type': {'basic_comparison': '='}, 'number_of_value_exp_in_group_by': 0, 'having_type': 'none', 'orderby_type': 'none', 'limit_type': 'without_offset', 'value_exp_types': ['single_exp_number', 'single_exp_text'], 'distinct_type': 'none', 'min_max_depth_in_subquery': [1, 1]}","SELECT city_channel_tv_show.tv_show_ID, Is_online FROM city_channel_tv_show JOIN tv_show ON city_channel_tv_show.tv_show_ID = tv_show.tv_show_ID WHERE  city_channel_tv_show.tv_show_ID = 33 LIMIT 10"
"{'meaningful_joins': 'yes', 'table_exp_type': 'SELF JOIN', 'where_type': {'logical_operator': ['OR', 'between', 'basic_comparison']}, 'number_of_value_exp_in_group_by': 1, 'having_type': {'single': 'COUNT'}, 'orderby_type': 'none', 'limit_type': 'none', 'value_exp_types': ['count_distinct_exp'], 'distinct_type': 'none', 'min_max_depth_in_subquery': [1, 1]}","SELECT COUNT(DISTINCT x.Radio_ID), x.Radio_ID FROM city_channel_radio AS x JOIN city_channel_radio ON city_channel_radio.City_channel_ID = x.City_channel_ID WHERE x.City_channel_ID BETWEEN 1 AND 10 OR  x.Radio_ID < 13 GROUP BY x.Radio_ID HAVING COUNT(city_channel_radio.City_channel_ID) = 91"
"{'meaningful_joins': 'yes', 'table_exp_type': 'single_table_with_name_changing', 'where_type': 'comparison_with_subquery', 'number_of_value_exp_in_group_by': 1, 'having_type': {'single': 'AVG'}, 'orderby_type': 'none', 'limit_type': 'without_offset', 'value_exp_types': ['agg_exp', 'single_exp_text'], 'distinct_type': 'none', 'min_max_depth_in_subquery': [1, 1]}","SELECT MIN(s.Owned_Since), s.Affiliation, s.Station_name FROM city_channel AS s WHERE Affiliation < (SELECT SUM(Affiliation) FROM city_channel AS t WHERE t.Owned_Since BETWEEN 1 AND 10 LIMIT 2) GROUP BY s.Station_name HAVING AVG(s.ID) = 79 LIMIT 1"
"{'meaningful_joins': 'yes', 'table_exp_type': 'single_table', 'where_type': {'logical_operator': ['OR', 'basic_comparison', 'exists_subquery']}, 'number_of_value_exp_in_group_by': 0, 'having_type': 'none', 'orderby_type': 'ASC', 'limit_type': 'without_offset', 'value_exp_types': ['single_exp_number', 'single_exp_text'], 'distinct_type': 'none', 'min_max_depth_in_subquery': [1, 1]}","SELECT City_channel_ID, Is_online FROM city_channel_tv_show WHERE  tv_show_ID != 87 OR EXISTS (SELECT * FROM tv_show WHERE tv_show_ID BETWEEN 1 AND 10 AND  tv_show_ID != 14 AND city_channel_tv_show.City_channel_ID = tv_show_ID) ORDER BY City_channel_ID ASC LIMIT 2"
"{'meaningful_joins': 'yes', 'table_exp_type': 'single_table_with_name_changing', 'where_type': 'none', 'number_of_value_exp_in_group_by': 0, 'having_type': 'none', 'orderby_type': 'none', 'limit_type': 'without_offset', 'value_exp_types': ['count_distinct_exp'], 'distinct_type': 'none', 'min_max_depth_in_subquery': [1, 1]}",SELECT COUNT(DISTINCT y.tv_show_ID) FROM tv_show AS y LIMIT 7
"{'meaningful_joins': 'yes', 'table_exp_type': 'JOIN_JOIN', 'where_type': {'logical_operator': ['AND', 'between', 'basic_comparison']}, 'number_of_value_exp_in_group_by': 0, 'having_type': 'none', 'orderby_type': 'ASC', 'limit_type': 'none', 'value_exp_types': ['single_exp_number'], 'distinct_type': 'none', 'min_max_depth_in_subquery': [1, 1]}",SELECT tv_show.tv_show_ID FROM city_channel_tv_show JOIN city_channel JOIN tv_show ON city_channel.ID = city_channel_tv_show.City_channel_ID AND city_channel_tv_show.tv_show_ID = tv_show.tv_show_ID WHERE ID BETWEEN 1 AND 10 AND  City_channel_ID > 98 ORDER BY tv_show.tv_show_ID ASC
"{'meaningful_joins': 'yes', 'table_exp_type': 'single_table', 'where_type': {'logical_operator': ['OR', 'between', 'basic_comparison']}, 'number_of_value_exp_in_group_by': 0, 'having_type': 'none', 'orderby_type': 'none', 'limit_type': 'none', 'value_exp_types': ['agg_exp', 'count_distinct_exp', 'single_exp_text'], 'distinct_type': 'none', 'min_max_depth_in_subquery': [1, 1]}","SELECT COUNT(Radio_ID), COUNT(DISTINCT 2FM_MHz), Radio_MHz FROM radio WHERE Radio_ID BETWEEN 1 AND 10 OR  Radio_ID >= 38"
"{'meaningful_joins': 'yes', 'table_exp_type': 'single_table', 'where_type': {'logical_operator': ['OR', 'basic_comparison', 'not_exists_subquery']}, 'number_of_value_exp_in_group_by': 0, 'having_type': 'none', 'orderby_type': 'ASC', 'limit_type': 'none', 'value_exp_types': ['single_exp_text'], 'distinct_type': 'none', 'min_max_depth_in_subquery': [1, 1]}",SELECT Is_online FROM city_channel_tv_show WHERE  tv_show_ID = 76 OR EXISTS (SELECT * FROM city_channel WHERE  Owned_Since >= 46 AND city_channel_tv_show.City_channel_ID = ID) ORDER BY Is_online ASC
"{'meaningful_joins': 'yes', 'table_exp_type': 'JOIN', 'where_type': 'in_with_subquery', 'number_of_value_exp_in_group_by': 1, 'having_type': 'none', 'orderby_type': 'none', 'limit_type': 'none', 'value_exp_types': ['single_exp_text', 'single_exp_text'], 'distinct_type': 'none', 'min_max_depth_in_subquery': [1, 1]}","SELECT 2FM_MHz, Transmitter FROM city_channel_radio JOIN radio ON city_channel_radio.Radio_ID = radio.Radio_ID WHERE ERP_kW IN (SELECT ERP_kW FROM radio AS t LIMIT 1) GROUP BY 2FM_MHz"
"{'meaningful_joins': 'yes', 'table_exp_type': 'single_table', 'where_type': {'basic_comparison': '!='}, 'number_of_value_exp_in_group_by': 1, 'having_type': 'none', 'orderby_type': 'none', 'limit_type': 'none', 'value_exp_types': ['agg_exp', 'single_exp_text'], 'distinct_type': 'none', 'min_max_depth_in_subquery': [1, 1]}","SELECT MAX(Owned_Since), Affiliation, Station_name FROM city_channel WHERE  ID != 52 GROUP BY Station_name"
"{'meaningful_joins': 'yes', 'table_exp_type': 'single_table', 'where_type': {'basic_comparison': '<='}, 'number_of_value_exp_in_group_by': 0, 'having_type': 'none', 'orderby_type': 'none', 'limit_type': 'without_offset', 'value_exp_types': ['single_exp_text', 'single_exp_text'], 'distinct_type': 'none', 'min_max_depth_in_subquery': [1, 1]}","SELECT Is_online, Is_online FROM city_channel_tv_show WHERE  City_channel_ID <= 26 LIMIT 7"
"{'meaningful_joins': 'yes', 'table_exp_type': 'single_table', 'where_type': {'logical_operator': ['OR', 'between', 'comparison_with_subquery']}, 'number_of_value_exp_in_group_by': 1, 'having_type': 'none', 'orderby_type': 'none', 'limit_type': 'none', 'value_exp_types': ['single_exp_number', 'single_exp_number'], 'distinct_type': 'none', 'min_max_depth_in_subquery': [1, 1]}","SELECT Radio_ID, Radio_ID, Transmitter FROM radio WHERE Radio_ID BETWEEN 1 AND 10 OR Lyric_FM_MHz > (SELECT AVG(Lyric_FM_MHz) FROM radio) GROUP BY Transmitter"
"{'meaningful_joins': 'yes', 'table_exp_type': 'single_table_with_name_changing', 'where_type': {'logical_operator': ['AND', 'between', 'basic_comparison']}, 'number_of_value_exp_in_group_by': 0, 'having_type': 'none', 'orderby_type': 'none', 'limit_type': 'none', 'value_exp_types': ['agg_exp', 'single_exp_text'], 'distinct_type': 'none', 'min_max_depth_in_subquery': [1, 1]}","SELECT AVG(d.City_channel_ID), d.Is_online FROM city_channel_radio AS d WHERE d.Radio_ID BETWEEN 1 AND 10 AND  d.Radio_ID = 57"
"{'meaningful_joins': 'yes', 'table_exp_type': 'JOIN', 'where_type': {'logical_operator': ['OR', 'between', 'in_with_subquery']}, 'number_of_value_exp_in_group_by': 0, 'having_type': 'none', 'orderby_type': 'ASC', 'limit_type': 'none', 'value_exp_types': ['agg_exp', 'single_exp_number', 'single_exp_text'], 'distinct_type': 'none', 'min_max_depth_in_subquery': [1, 1]}","SELECT MIN(radio.Radio_ID), radio.Radio_ID, Lyric_FM_MHz FROM city_channel_radio JOIN radio ON city_channel_radio.Radio_ID = radio.Radio_ID WHERE radio.Radio_ID BETWEEN 1 AND 10 OR Radio_ID IN (SELECT Radio_ID FROM city_channel_radio AS e LIMIT 9) ORDER BY Lyric_FM_MHz ASC"
"{'meaningful_joins': 'yes', 'table_exp_type': 'JOIN', 'where_type': {'logical_operator': ['AND', 'between', 'basic_comparison']}, 'number_of_value_exp_in_group_by': 0, 'having_type': 'none', 'orderby_type': 'ASC', 'limit_type': 'none', 'value_exp_types': ['single_exp_number'], 'distinct_type': 'none', 'min_max_depth_in_subquery': [1, 1]}",SELECT city_channel_radio.Radio_ID FROM city_channel_radio JOIN radio ON city_channel_radio.Radio_ID = radio.Radio_ID WHERE radio.Radio_ID BETWEEN 1 AND 10 AND  City_channel_ID <= 5 ORDER BY city_channel_radio.Radio_ID ASC
"{'meaningful_joins': 'yes', 'table_exp_type': 'JOIN', 'where_type': 'none', 'number_of_value_exp_in_group_by': 1, 'having_type': {'single': 'MAX'}, 'orderby_type': 'none', 'limit_type': 'none', 'value_exp_types': ['agg_exp', 'count_distinct_exp'], 'distinct_type': 'none', 'min_max_depth_in_subquery': [1, 1]}","SELECT COUNT(Owned_Since), COUNT(DISTINCT City_channel_ID), Affiliation FROM city_channel_tv_show JOIN city_channel ON city_channel.ID = city_channel_tv_show.City_channel_ID GROUP BY Affiliation HAVING MAX(Owned_Since) > 74"
"{'meaningful_joins': 'yes', 'table_exp_type': 'single_table', 'where_type': 'comparison_with_subquery', 'number_of_value_exp_in_group_by': 0, 'having_type': 'none', 'orderby_type': 'none', 'limit_type': 'none', 'value_exp_types': ['count_distinct_exp', 'single_exp_number'], 'distinct_type': 'none', 'min_max_depth_in_subquery': [1, 1]}","SELECT COUNT(DISTINCT Radio_ID), City_channel_ID FROM city_channel_radio WHERE Radio_ID < (SELECT MAX(Radio_ID) FROM radio AS q WHERE q.Radio_ID BETWEEN 1 AND 10)"
"{'meaningful_joins': 'yes', 'table_exp_type': 'JOIN', 'where_type': {'basic_comparison': '<='}, 'number_of_value_exp_in_group_by': 0, 'having_type': 'none', 'orderby_type': 'none', 'limit_type': 'none', 'value_exp_types': ['agg_exp'], 'distinct_type': 'none', 'min_max_depth_in_subquery': [1, 1]}",SELECT COUNT(city_channel_radio.Radio_ID) FROM city_channel_radio JOIN radio ON city_channel_radio.Radio_ID = radio.Radio_ID WHERE  City_channel_ID <= 77
"{'meaningful_joins': 'yes', 'table_exp_type': 'single_table_with_name_changing', 'where_type': {'logical_operator': ['AND', 'between', 'basic_comparison']}, 'number_of_value_exp_in_group_by': 0, 'having_type': 'none', 'orderby_type': 'none', 'limit_type': 'without_offset', 'value_exp_types': ['agg_exp', 'single_exp_text'], 'distinct_type': 'none', 'min_max_depth_in_subquery': [1, 1]}","SELECT AVG(h.City_channel_ID), h.Is_free FROM city_channel_tv_show AS h WHERE h.tv_show_ID BETWEEN 1 AND 10 AND  h.tv_show_ID < 67 LIMIT 9"
"{'meaningful_joins': 'yes', 'table_exp_type': 'single_table', 'where_type': {'logical_operator': ['OR', 'basic_comparison', 'not_in_with_subquery']}, 'number_of_value_exp_in_group_by': 0, 'having_type': 'none', 'orderby_type': 'DESC', 'limit_type': 'none', 'value_exp_types': ['single_exp_text', 'single_exp_text'], 'distinct_type': 'none', 'min_max_depth_in_subquery': [1, 1]}","SELECT Affiliation, City FROM city_channel WHERE  Owned_Since < 83 OR Owned_Since NOT IN (SELECT Owned_Since FROM city_channel AS k WHERE  k.ID <= 28 LIMIT 10) ORDER BY City DESC"
"{'meaningful_joins': 'yes', 'table_exp_type': 'JOIN', 'where_type': 'between', 'number_of_value_exp_in_group_by': 0, 'having_type': 'none', 'orderby_type': 'none', 'limit_type': 'without_offset', 'value_exp_types': ['single_exp_number'], 'distinct_type': 'none', 'min_max_depth_in_subquery': [1, 1]}",SELECT tv_show.tv_show_ID FROM city_channel_tv_show JOIN tv_show ON city_channel_tv_show.tv_show_ID = tv_show.tv_show_ID WHERE tv_show.tv_show_ID BETWEEN 1 AND 10 LIMIT 4
"{'meaningful_joins': 'yes', 'table_exp_type': 'SELF JOIN', 'where_type': {'logical_operator': ['OR', 'between', 'basic_comparison']}, 'number_of_value_exp_in_group_by': 0, 'having_type': 'none', 'orderby_type': 'none', 'limit_type': 'without_offset', 'value_exp_types': ['single_exp_number', 'single_exp_number'], 'distinct_type': 'none', 'min_max_depth_in_subquery': [1, 1]}","SELECT city_channel_tv_show.City_channel_ID, h.City_channel_ID FROM city_channel_tv_show JOIN city_channel_tv_show AS h ON city_channel_tv_show.City_channel_ID = h.City_channel_ID WHERE h.City_channel_ID BETWEEN 1 AND 10 OR  h.City_channel_ID != 49 LIMIT 6"
"{'meaningful_joins': 'yes', 'table_exp_type': 'JOIN_JOIN', 'where_type': 'none', 'number_of_value_exp_in_group_by': 0, 'having_type': 'none', 'orderby_type': 'none', 'limit_type': 'without_offset', 'value_exp_types': ['single_exp_number'], 'distinct_type': 'none', 'min_max_depth_in_subquery': [1, 1]}",SELECT city_channel_tv_show.tv_show_ID FROM city_channel_tv_show JOIN city_channel JOIN tv_show ON city_channel.ID = city_channel_tv_show.City_channel_ID AND city_channel_tv_show.tv_show_ID = tv_show.tv_show_ID LIMIT 6
"{'meaningful_joins': 'yes', 'table_exp_type': 'single_table', 'where_type': {'basic_comparison': '<='}, 'number_of_value_exp_in_group_by': 0, 'having_type': 'none', 'orderby_type': 'none', 'limit_type': 'none', 'value_exp_types': ['single_exp_number'], 'distinct_type': 'none', 'min_max_depth_in_subquery': [1, 1]}",SELECT City_channel_ID FROM city_channel_tv_show WHERE  City_channel_ID <= 37
"{'meaningful_joins': 'yes', 'table_exp_type': 'JOIN_JOIN', 'where_type': 'in_with_subquery', 'number_of_value_exp_in_group_by': 0, 'having_type': 'none', 'orderby_type': 'none', 'limit_type': 'none', 'value_exp_types': ['agg_exp'], 'distinct_type': 'none', 'min_max_depth_in_subquery': [1, 1]}",SELECT MAX(Owned_Since) FROM city_channel_tv_show JOIN city_channel JOIN tv_show ON city_channel.ID = city_channel_tv_show.City_channel_ID AND city_channel_tv_show.tv_show_ID = tv_show.tv_show_ID WHERE tv_show_ID IN (SELECT tv_show_ID FROM city_channel_tv_show AS k WHERE  k.City_channel_ID = 81)
"{'meaningful_joins': 'yes', 'table_exp_type': 'JOIN', 'where_type': 'between', 'number_of_value_exp_in_group_by': 1, 'having_type': 'none', 'orderby_type': 'none', 'limit_type': 'none', 'value_exp_types': ['agg_exp', 'agg_exp'], 'distinct_type': 'none', 'min_max_depth_in_subquery': [1, 1]}","SELECT AVG(tv_show.tv_show_ID), MIN(tv_show.tv_show_ID), Is_online FROM city_channel_tv_show JOIN tv_show ON city_channel_tv_show.tv_show_ID = tv_show.tv_show_ID WHERE city_channel_tv_show.tv_show_ID BETWEEN 1 AND 10 GROUP BY Is_online"
"{'meaningful_joins': 'yes', 'table_exp_type': 'single_table', 'where_type': {'logical_operator': ['AND', 'between', 'comparison_with_subquery']}, 'number_of_value_exp_in_group_by': 0, 'having_type': 'none', 'orderby_type': 'none', 'limit_type': 'none', 'value_exp_types': ['agg_exp', 'count_distinct_exp', 'single_exp_number'], 'distinct_type': 'none', 'min_max_depth_in_subquery': [1, 1]}","SELECT MAX(City_channel_ID), COUNT(DISTINCT Is_online), Radio_ID FROM city_channel_radio WHERE Radio_ID BETWEEN 1 AND 10 AND Is_online = (SELECT AVG(Is_online) FROM city_channel_tv_show AS m)"
"{'meaningful_joins': 'yes', 'table_exp_type': 'single_table_with_name_changing', 'where_type': {'basic_comparison': '='}, 'number_of_value_exp_in_group_by': 0, 'having_type': 'none', 'orderby_type': 'ASC', 'limit_type': 'none', 'value_exp_types': ['single_exp_number', 'single_exp_number', 'single_exp_text'], 'distinct_type': 'none', 'min_max_depth_in_subquery': [1, 1]}","SELECT e.tv_show_ID, e.tv_show_ID, e.tv_show_name FROM tv_show AS e WHERE  e.tv_show_ID = 68 ORDER BY e.tv_show_ID ASC"
"{'meaningful_joins': 'yes', 'table_exp_type': 'single_table', 'where_type': {'basic_comparison': '!='}, 'number_of_value_exp_in_group_by': 0, 'having_type': 'none', 'orderby_type': 'none', 'limit_type': 'without_offset', 'value_exp_types': ['count_distinct_exp', 'single_exp_number', 'single_exp_text'], 'distinct_type': 'none', 'min_max_depth_in_subquery': [1, 1]}","SELECT COUNT(DISTINCT City_channel_ID), City_channel_ID, Is_online FROM city_channel_radio WHERE  City_channel_ID != 21 LIMIT 4"
"{'meaningful_joins': 'yes', 'table_exp_type': 'single_table', 'where_type': {'basic_comparison': '<='}, 'number_of_value_exp_in_group_by': 1, 'having_type': {'single': 'COUNT'}, 'orderby_type': 'none', 'limit_type': 'without_offset', 'value_exp_types': ['count_distinct_exp', 'count_distinct_exp', 'count_distinct_exp'], 'distinct_type': 'none', 'min_max_depth_in_subquery': [1, 1]}","SELECT COUNT(DISTINCT Next_show_name), COUNT(DISTINCT tv_show_ID), COUNT(DISTINCT Original_Airdate), Sub_tittle FROM tv_show WHERE  tv_show_ID <= 11 GROUP BY Sub_tittle HAVING COUNT(tv_show_ID) = 58 LIMIT 7"
"{'meaningful_joins': 'yes', 'table_exp_type': 'single_table', 'where_type': {'basic_comparison': '>'}, 'number_of_value_exp_in_group_by': 0, 'having_type': 'none', 'orderby_type': 'ASC', 'limit_type': 'without_offset', 'value_exp_types': ['single_exp_text', 'single_exp_text'], 'distinct_type': 'none', 'min_max_depth_in_subquery': [1, 1]}","SELECT 2FM_MHz, 2FM_MHz FROM radio WHERE  Radio_ID > 85 ORDER BY 2FM_MHz ASC LIMIT 9"
