Specification,query
"{'meaningful_joins': 'yes', 'table_exp_type': 'JOIN_JOIN', 'where_type': {'basic_comparison': '>='}, 'number_of_value_exp_in_group_by': 1, 'having_type': 'none', 'orderby_type': 'ASC', 'limit_type': 'without_offset', 'value_exp_types': ['agg_exp', 'single_exp_number'], 'distinct_type': 'none', 'min_max_depth_in_subquery': [1, 1]}","SELECT SUM(Weekly_Rank), Weekly_Rank, Pixel_aspect_ratio_PAR FROM TV_Channel JOIN TV_series JOIN Cartoon ON TV_Channel.id = TV_series.Channel AND Cartoon.Channel = TV_Channel.id WHERE  Share >= 45 GROUP BY Pixel_aspect_ratio_PAR ORDER BY Pixel_aspect_ratio_PAR ASC LIMIT 8"
"{'meaningful_joins': 'yes', 'table_exp_type': 'SELF JOIN', 'where_type': {'logical_operator': ['AND', 'between', 'basic_comparison']}, 'number_of_value_exp_in_group_by': 1, 'having_type': {'single': 'MIN'}, 'orderby_type': 'ASC', 'limit_type': 'none', 'value_exp_types': ['single_exp_number', 'single_exp_text'], 'distinct_type': 'none', 'min_max_depth_in_subquery': [1, 1]}","SELECT Cartoon.id, Cartoon.Original_air_date, Cartoon.Title FROM Cartoon AS w JOIN Cartoon ON Cartoon.id = w.id WHERE Cartoon.Production_code BETWEEN 1 AND 10 AND  Cartoon.Production_code < 29 GROUP BY Cartoon.Title HAVING MIN(w.Production_code) <= 27 ORDER BY Cartoon.Original_air_date ASC"
"{'meaningful_joins': 'yes', 'table_exp_type': 'JOIN_JOIN', 'where_type': {'logical_operator': ['OR', 'between', 'basic_comparison']}, 'number_of_value_exp_in_group_by': 0, 'having_type': 'none', 'orderby_type': 'none', 'limit_type': 'none', 'value_exp_types': ['count_distinct_exp', 'single_exp_number'], 'distinct_type': 'none', 'min_max_depth_in_subquery': [1, 1]}","SELECT COUNT(DISTINCT Written_by), Share FROM TV_Channel JOIN TV_series JOIN Cartoon ON TV_Channel.id = TV_series.Channel AND Cartoon.Channel = TV_Channel.id WHERE Production_code BETWEEN 1 AND 10 OR  Production_code < 96"
"{'meaningful_joins': 'yes', 'table_exp_type': 'single_table_with_name_changing', 'where_type': {'basic_comparison': '!='}, 'number_of_value_exp_in_group_by': 0, 'having_type': 'none', 'orderby_type': 'ASC', 'limit_type': 'none', 'value_exp_types': ['single_exp_text'], 'distinct_type': 'none', 'min_max_depth_in_subquery': [1, 1]}",SELECT f.Original_air_date FROM Cartoon AS f WHERE  f.id != 34 ORDER BY f.Original_air_date ASC
"{'meaningful_joins': 'yes', 'table_exp_type': 'single_table', 'where_type': {'basic_comparison': '<='}, 'number_of_value_exp_in_group_by': 0, 'having_type': 'none', 'orderby_type': 'none', 'limit_type': 'none', 'value_exp_types': ['agg_exp', 'single_exp_text'], 'distinct_type': 'none', 'min_max_depth_in_subquery': [1, 1]}","SELECT SUM(id), Channel FROM Cartoon WHERE  Production_code <= 84"
"{'meaningful_joins': 'yes', 'table_exp_type': 'JOIN_JOIN', 'where_type': {'basic_comparison': '='}, 'number_of_value_exp_in_group_by': 0, 'having_type': 'none', 'orderby_type': 'none', 'limit_type': 'none', 'value_exp_types': ['single_exp_text', 'single_exp_text'], 'distinct_type': 'none', 'min_max_depth_in_subquery': [1, 1]}","SELECT Country, Directed_by FROM TV_Channel JOIN TV_series JOIN Cartoon ON TV_Channel.id = TV_series.Channel AND Cartoon.Channel = TV_Channel.id WHERE  Production_code = 17"
"{'meaningful_joins': 'yes', 'table_exp_type': 'JOIN', 'where_type': {'logical_operator': ['OR', 'between', 'basic_comparison']}, 'number_of_value_exp_in_group_by': 0, 'having_type': 'none', 'orderby_type': 'none', 'limit_type': 'none', 'value_exp_types': ['agg_exp', 'single_exp_number'], 'distinct_type': 'none', 'min_max_depth_in_subquery': [1, 1]}","SELECT SUM(Production_code), Production_code FROM TV_Channel JOIN Cartoon ON Cartoon.Channel = TV_Channel.id WHERE Production_code BETWEEN 1 AND 10 OR  Production_code >= 3"
"{'meaningful_joins': 'yes', 'table_exp_type': 'single_table', 'where_type': {'basic_comparison': '<'}, 'number_of_value_exp_in_group_by': 0, 'having_type': 'none', 'orderby_type': 'none', 'limit_type': 'none', 'value_exp_types': ['single_exp_number', 'single_exp_number'], 'distinct_type': 'none', 'min_max_depth_in_subquery': [1, 1]}","SELECT Production_code, Production_code FROM Cartoon WHERE  Production_code < 66"
"{'meaningful_joins': 'yes', 'table_exp_type': 'JOIN', 'where_type': {'basic_comparison': '>='}, 'number_of_value_exp_in_group_by': 0, 'having_type': 'none', 'orderby_type': 'none', 'limit_type': 'none', 'value_exp_types': ['agg_exp'], 'distinct_type': 'none', 'min_max_depth_in_subquery': [1, 1]}",SELECT COUNT(Production_code) FROM TV_Channel JOIN Cartoon ON Cartoon.Channel = TV_Channel.id WHERE  Production_code >= 65
"{'meaningful_joins': 'yes', 'table_exp_type': 'single_table_with_name_changing', 'where_type': {'basic_comparison': '<='}, 'number_of_value_exp_in_group_by': 0, 'having_type': 'none', 'orderby_type': 'none', 'limit_type': 'none', 'value_exp_types': ['count_distinct_exp'], 'distinct_type': 'none', 'min_max_depth_in_subquery': [1, 1]}",SELECT COUNT(DISTINCT s.Production_code) FROM Cartoon AS s WHERE  s.Production_code <= 64
"{'meaningful_joins': 'yes', 'table_exp_type': 'JOIN', 'where_type': {'basic_comparison': '<'}, 'number_of_value_exp_in_group_by': 1, 'having_type': {'single': 'AVG'}, 'orderby_type': 'DESC', 'limit_type': 'none', 'value_exp_types': ['single_exp_number'], 'distinct_type': 'none', 'min_max_depth_in_subquery': [1, 1]}","SELECT Production_code, Language FROM TV_Channel JOIN Cartoon ON Cartoon.Channel = TV_Channel.id WHERE  Production_code < 52 GROUP BY Language HAVING AVG(Production_code) > 21 ORDER BY Language DESC"
"{'meaningful_joins': 'yes', 'table_exp_type': 'JOIN', 'where_type': {'basic_comparison': '>='}, 'number_of_value_exp_in_group_by': 0, 'having_type': 'none', 'orderby_type': 'none', 'limit_type': 'none', 'value_exp_types': ['single_exp_number', 'single_exp_text'], 'distinct_type': 'none', 'min_max_depth_in_subquery': [1, 1]}","SELECT Share, series_name FROM TV_Channel JOIN TV_series ON TV_Channel.id = TV_series.Channel WHERE  Weekly_Rank >= 32"
"{'meaningful_joins': 'yes', 'table_exp_type': 'JOIN_JOIN', 'where_type': {'basic_comparison': '>'}, 'number_of_value_exp_in_group_by': 0, 'having_type': 'none', 'orderby_type': 'none', 'limit_type': 'none', 'value_exp_types': ['agg_exp', 'single_exp_number'], 'distinct_type': 'none', 'min_max_depth_in_subquery': [1, 1]}","SELECT MIN(Weekly_Rank), Share FROM TV_Channel JOIN TV_series JOIN Cartoon ON TV_Channel.id = TV_series.Channel AND Cartoon.Channel = TV_Channel.id WHERE  Production_code > 43"
"{'meaningful_joins': 'yes', 'table_exp_type': 'SELF JOIN', 'where_type': {'basic_comparison': '>='}, 'number_of_value_exp_in_group_by': 1, 'having_type': 'none', 'orderby_type': 'none', 'limit_type': 'none', 'value_exp_types': ['single_exp_text', 'single_exp_text', 'single_exp_text'], 'distinct_type': 'none', 'min_max_depth_in_subquery': [1, 1]}","SELECT z.Viewers_m, TV_series.18_49_Rating_Share, TV_series.Rating FROM TV_series AS z JOIN TV_series ON TV_series.id = z.id WHERE  TV_series.Weekly_Rank >= 26 GROUP BY TV_series.Rating"
"{'meaningful_joins': 'yes', 'table_exp_type': 'single_table_with_name_changing', 'where_type': {'logical_operator': ['OR', 'between', 'basic_comparison']}, 'number_of_value_exp_in_group_by': 0, 'having_type': 'none', 'orderby_type': 'ASC', 'limit_type': 'none', 'value_exp_types': ['single_exp_text', 'single_exp_text'], 'distinct_type': 'none', 'min_max_depth_in_subquery': [1, 1]}","SELECT w.Directed_by, w.Title FROM Cartoon AS w WHERE w.id BETWEEN 1 AND 10 OR  w.id != 23 ORDER BY w.Title ASC"
"{'meaningful_joins': 'yes', 'table_exp_type': 'JOIN', 'where_type': 'none', 'number_of_value_exp_in_group_by': 1, 'having_type': 'none', 'orderby_type': 'none', 'limit_type': 'without_offset', 'value_exp_types': ['agg_exp', 'agg_exp', 'agg_exp'], 'distinct_type': 'none', 'min_max_depth_in_subquery': [1, 1]}","SELECT MIN(Weekly_Rank), MAX(Weekly_Rank), MAX(Weekly_Rank), Episode FROM TV_Channel JOIN TV_series ON TV_Channel.id = TV_series.Channel GROUP BY Episode LIMIT 5"
"{'meaningful_joins': 'yes', 'table_exp_type': 'single_table_with_name_changing', 'where_type': {'basic_comparison': '='}, 'number_of_value_exp_in_group_by': 0, 'having_type': 'none', 'orderby_type': 'DESC', 'limit_type': 'without_offset', 'value_exp_types': ['single_exp_number'], 'distinct_type': 'none', 'min_max_depth_in_subquery': [1, 1]}",SELECT u.Share FROM TV_series AS u WHERE  u.Weekly_Rank = 29 ORDER BY u.Share DESC LIMIT 1
"{'meaningful_joins': 'yes', 'table_exp_type': 'JOIN', 'where_type': {'basic_comparison': '!='}, 'number_of_value_exp_in_group_by': 0, 'having_type': 'none', 'orderby_type': 'ASC', 'limit_type': 'none', 'value_exp_types': ['agg_exp', 'single_exp_number'], 'distinct_type': 'none', 'min_max_depth_in_subquery': [1, 1]}","SELECT COUNT(Production_code), Production_code FROM TV_Channel JOIN Cartoon ON Cartoon.Channel = TV_Channel.id WHERE  Production_code != 36 ORDER BY Production_code ASC"
"{'meaningful_joins': 'yes', 'table_exp_type': 'SELF JOIN', 'where_type': 'between', 'number_of_value_exp_in_group_by': 1, 'having_type': {'single': 'COUNT'}, 'orderby_type': 'DESC', 'limit_type': 'without_offset', 'value_exp_types': ['single_exp_number', 'single_exp_number'], 'distinct_type': 'none', 'min_max_depth_in_subquery': [1, 1]}","SELECT t.id, t.id, Cartoon.Production_code FROM Cartoon AS t JOIN Cartoon ON Cartoon.id = t.id WHERE Cartoon.id BETWEEN 1 AND 10 GROUP BY Cartoon.Production_code HAVING COUNT(t.id) = 63 ORDER BY Cartoon.Production_code DESC LIMIT 1"
"{'meaningful_joins': 'yes', 'table_exp_type': 'single_table', 'where_type': {'logical_operator': ['OR', 'basic_comparison', 'not_in_with_subquery']}, 'number_of_value_exp_in_group_by': 1, 'having_type': {'single': 'AVG'}, 'orderby_type': 'ASC', 'limit_type': 'none', 'value_exp_types': ['agg_exp', 'count_distinct_exp', 'single_exp_text'], 'distinct_type': 'none', 'min_max_depth_in_subquery': [1, 1]}","SELECT MAX(id), COUNT(DISTINCT id), Rating, Episode FROM TV_series WHERE  Share <= 57 OR Viewers_m NOT IN (SELECT Viewers_m FROM TV_series WHERE  Weekly_Rank != 28) GROUP BY Episode HAVING AVG(Weekly_Rank) = 68 ORDER BY Rating ASC"
