Specification,query
"{'meaningful_joins': 'yes', 'table_exp_type': 'single_table', 'where_type': 'none', 'number_of_value_exp_in_group_by': 0, 'having_type': 'none', 'orderby_type': 'none', 'limit_type': 'without_offset', 'value_exp_types': ['count_distinct_exp', 'single_exp_text'], 'distinct_type': 'none', 'min_max_depth_in_subquery': [1, 1]}","SELECT COUNT(DISTINCT Team_Name), Home_Conference FROM university LIMIT 5"
"{'meaningful_joins': 'yes', 'table_exp_type': 'SELF JOIN', 'where_type': {'basic_comparison': '='}, 'number_of_value_exp_in_group_by': 0, 'having_type': 'none', 'orderby_type': 'none', 'limit_type': 'none', 'value_exp_types': ['agg_exp', 'count_distinct_exp'], 'distinct_type': 'none', 'min_max_depth_in_subquery': [1, 1]}","SELECT MAX(g.Major_Code), COUNT(DISTINCT major.Major_Name) FROM major AS g JOIN major ON major.Major_ID = g.Major_ID WHERE  major.Major_Code = 58"
"{'meaningful_joins': 'yes', 'table_exp_type': 'single_table_with_name_changing', 'where_type': {'logical_operator': ['OR', 'between', 'basic_comparison']}, 'number_of_value_exp_in_group_by': 0, 'having_type': 'none', 'orderby_type': 'none', 'limit_type': 'without_offset', 'value_exp_types': ['count_distinct_exp'], 'distinct_type': 'none', 'min_max_depth_in_subquery': [1, 1]}",SELECT COUNT(DISTINCT s.University_Name) FROM university AS s WHERE s.Enrollment BETWEEN 1 AND 10 OR  s.Enrollment > 100 LIMIT 3
"{'meaningful_joins': 'yes', 'table_exp_type': 'SELF JOIN', 'where_type': 'not_exists_subquery', 'number_of_value_exp_in_group_by': 1, 'having_type': {'single': 'AVG'}, 'orderby_type': 'DESC', 'limit_type': 'none', 'value_exp_types': ['agg_exp'], 'distinct_type': 'none', 'min_max_depth_in_subquery': [1, 1]}","SELECT AVG(z.Major_Code), z.Major_Code FROM major AS z JOIN major ON major.Major_ID = z.Major_ID WHERE EXISTS (SELECT * FROM major_ranking AS h WHERE h.Major_ID BETWEEN 1 AND 10 AND major.Major_ID = h.Major_ID) GROUP BY z.Major_Code HAVING AVG(z.Major_Code) < 33 ORDER BY z.Major_Code DESC"
"{'meaningful_joins': 'yes', 'table_exp_type': 'single_table', 'where_type': 'between', 'number_of_value_exp_in_group_by': 1, 'having_type': {'single': 'MAX'}, 'orderby_type': 'none', 'limit_type': 'none', 'value_exp_types': ['agg_exp', 'single_exp_text'], 'distinct_type': 'none', 'min_max_depth_in_subquery': [1, 1]}","SELECT MAX(Major_ID), Major_Name, Major_Code FROM major WHERE Major_Code BETWEEN 1 AND 10 GROUP BY Major_Code HAVING MAX(Major_Code) < 28"
"{'meaningful_joins': 'yes', 'table_exp_type': 'JOIN_JOIN', 'where_type': {'logical_operator': ['OR', 'between', 'basic_comparison']}, 'number_of_value_exp_in_group_by': 0, 'having_type': 'none', 'orderby_type': 'ASC', 'limit_type': 'without_offset', 'value_exp_types': ['single_exp_number', 'single_exp_number'], 'distinct_type': 'none', 'min_max_depth_in_subquery': [1, 1]}","SELECT university.University_ID, university.University_ID FROM university JOIN major_ranking JOIN major ON university.University_ID = major_ranking.University_ID AND major_ranking.Major_ID = major.Major_ID WHERE major_ranking.University_ID BETWEEN 1 AND 10 OR  university.University_ID != 50 ORDER BY university.University_ID ASC LIMIT 9"
"{'meaningful_joins': 'yes', 'table_exp_type': 'SELF JOIN', 'where_type': {'basic_comparison': '<'}, 'number_of_value_exp_in_group_by': 1, 'having_type': {'single': 'COUNT'}, 'orderby_type': 'DESC', 'limit_type': 'none', 'value_exp_types': ['count_distinct_exp'], 'distinct_type': 'none', 'min_max_depth_in_subquery': [1, 1]}","SELECT COUNT(DISTINCT major.Major_Name), w.Major_Code FROM major AS w JOIN major ON major.Major_ID = w.Major_ID WHERE  w.Major_ID < 82 GROUP BY w.Major_Code HAVING COUNT(w.Major_ID) = 51 ORDER BY w.Major_Code DESC"
"{'meaningful_joins': 'yes', 'table_exp_type': 'single_table', 'where_type': {'logical_operator': ['AND', 'between', 'basic_comparison']}, 'number_of_value_exp_in_group_by': 0, 'having_type': 'none', 'orderby_type': 'DESC', 'limit_type': 'without_offset', 'value_exp_types': ['single_exp_number'], 'distinct_type': 'none', 'min_max_depth_in_subquery': [1, 1]}",SELECT Research_point FROM overall_ranking WHERE Citation_point BETWEEN 1 AND 10 AND  Research_point < 20 ORDER BY Research_point DESC LIMIT 7
"{'meaningful_joins': 'yes', 'table_exp_type': 'single_table_with_name_changing', 'where_type': 'between', 'number_of_value_exp_in_group_by': 1, 'having_type': {'single': 'AVG'}, 'orderby_type': 'none', 'limit_type': 'none', 'value_exp_types': ['single_exp_text', 'single_exp_text'], 'distinct_type': 'none', 'min_max_depth_in_subquery': [1, 1]}","SELECT p.Major_Name, p.Major_Name FROM major AS p WHERE p.Major_ID BETWEEN 1 AND 10 GROUP BY p.Major_Name HAVING AVG(p.Major_ID) = 3"
"{'meaningful_joins': 'yes', 'table_exp_type': 'single_table', 'where_type': {'basic_comparison': '<'}, 'number_of_value_exp_in_group_by': 1, 'having_type': 'none', 'orderby_type': 'DESC', 'limit_type': 'none', 'value_exp_types': ['count_distinct_exp'], 'distinct_type': 'none', 'min_max_depth_in_subquery': [1, 1]}","SELECT COUNT(DISTINCT Major_ID), University_ID FROM major_ranking WHERE  Rank < 6 GROUP BY University_ID ORDER BY University_ID DESC"
"{'meaningful_joins': 'yes', 'table_exp_type': 'SELF JOIN', 'where_type': {'logical_operator': ['AND', 'basic_comparison', 'not_in_with_subquery']}, 'number_of_value_exp_in_group_by': 0, 'having_type': 'none', 'orderby_type': 'DESC', 'limit_type': 'none', 'value_exp_types': ['single_exp_number', 'single_exp_number'], 'distinct_type': 'none', 'min_max_depth_in_subquery': [1, 1]}","SELECT o.Major_Code, major.Major_ID FROM major AS o JOIN major ON major.Major_ID = o.Major_ID WHERE  o.Major_Code != 95 AND Major_ID NOT IN (SELECT Major_ID FROM major WHERE Major_ID BETWEEN 1 AND 10) ORDER BY o.Major_Code DESC"
"{'meaningful_joins': 'yes', 'table_exp_type': 'JOIN', 'where_type': 'none', 'number_of_value_exp_in_group_by': 0, 'having_type': 'none', 'orderby_type': 'none', 'limit_type': 'none', 'value_exp_types': ['agg_exp', 'agg_exp'], 'distinct_type': 'none', 'min_max_depth_in_subquery': [1, 1]}","SELECT MAX(university.University_ID), COUNT(major_ranking.University_ID) FROM university JOIN major_ranking ON university.University_ID = major_ranking.University_ID"
"{'meaningful_joins': 'yes', 'table_exp_type': 'JOIN', 'where_type': {'basic_comparison': '!='}, 'number_of_value_exp_in_group_by': 1, 'having_type': 'none', 'orderby_type': 'ASC', 'limit_type': 'none', 'value_exp_types': ['agg_exp'], 'distinct_type': 'none', 'min_max_depth_in_subquery': [1, 1]}","SELECT AVG(Enrollment), Affiliation FROM university JOIN major_ranking ON university.University_ID = major_ranking.University_ID WHERE  Rank != 37 GROUP BY Affiliation ORDER BY Affiliation ASC"
"{'meaningful_joins': 'yes', 'table_exp_type': 'JOIN', 'where_type': {'logical_operator': ['OR', 'between', 'basic_comparison']}, 'number_of_value_exp_in_group_by': 0, 'having_type': 'none', 'orderby_type': 'none', 'limit_type': 'none', 'value_exp_types': ['single_exp_text', 'single_exp_text'], 'distinct_type': 'none', 'min_max_depth_in_subquery': [1, 1]}","SELECT University_Name, University_Name FROM university JOIN major_ranking ON university.University_ID = major_ranking.University_ID WHERE Major_ID BETWEEN 1 AND 10 OR  Enrollment < 21"
"{'meaningful_joins': 'yes', 'table_exp_type': 'JOIN', 'where_type': {'basic_comparison': '!='}, 'number_of_value_exp_in_group_by': 0, 'having_type': 'none', 'orderby_type': 'ASC', 'limit_type': 'none', 'value_exp_types': ['agg_exp', 'single_exp_number'], 'distinct_type': 'none', 'min_max_depth_in_subquery': [1, 1]}","SELECT MAX(major_ranking.Major_ID), major_ranking.Major_ID FROM major_ranking JOIN major ON major_ranking.Major_ID = major.Major_ID WHERE  University_ID != 84 ORDER BY major_ranking.Major_ID ASC"
"{'meaningful_joins': 'yes', 'table_exp_type': 'SELF JOIN', 'where_type': 'not_exists_subquery', 'number_of_value_exp_in_group_by': 0, 'having_type': 'none', 'orderby_type': 'none', 'limit_type': 'none', 'value_exp_types': ['agg_exp', 'single_exp_number'], 'distinct_type': 'none', 'min_max_depth_in_subquery': [1, 1]}","SELECT SUM(x.University_ID), x.University_ID FROM university JOIN university AS x ON university.University_ID = x.University_ID WHERE EXISTS (SELECT * FROM major_ranking AS x WHERE  x.Rank < 38 AND university.University_ID = x.University_ID LIMIT 4)"
"{'meaningful_joins': 'yes', 'table_exp_type': 'JOIN', 'where_type': {'logical_operator': ['AND', 'basic_comparison', 'in_with_subquery']}, 'number_of_value_exp_in_group_by': 1, 'having_type': {'single': 'AVG'}, 'orderby_type': 'DESC', 'limit_type': 'none', 'value_exp_types': ['single_exp_text', 'single_exp_text'], 'distinct_type': 'none', 'min_max_depth_in_subquery': [1, 1]}","SELECT University_Name, Home_Conference, major_ranking.University_ID FROM university JOIN major_ranking ON university.University_ID = major_ranking.University_ID WHERE  Rank >= 45 AND University_ID IN (SELECT University_ID FROM university WHERE  Enrollment != 91) GROUP BY major_ranking.University_ID HAVING AVG(Major_ID) <= 62 ORDER BY Home_Conference DESC"
"{'meaningful_joins': 'yes', 'table_exp_type': 'single_table_with_name_changing', 'where_type': {'basic_comparison': '<'}, 'number_of_value_exp_in_group_by': 1, 'having_type': {'single': 'MAX'}, 'orderby_type': 'ASC', 'limit_type': 'without_offset', 'value_exp_types': ['count_distinct_exp'], 'distinct_type': 'none', 'min_max_depth_in_subquery': [1, 1]}","SELECT COUNT(DISTINCT e.University_ID), e.Rank FROM overall_ranking AS e WHERE  e.Citation_point < 50 GROUP BY e.Rank HAVING MAX(e.Total) >= 14 ORDER BY e.Rank ASC LIMIT 1"
"{'meaningful_joins': 'yes', 'table_exp_type': 'single_table_with_name_changing', 'where_type': 'not_in_with_subquery', 'number_of_value_exp_in_group_by': 0, 'having_type': 'none', 'orderby_type': 'none', 'limit_type': 'none', 'value_exp_types': ['single_exp_number'], 'distinct_type': 'none', 'min_max_depth_in_subquery': [1, 1]}",SELECT t.University_ID FROM university AS t WHERE City NOT IN (SELECT City FROM university WHERE  Enrollment != 81 LIMIT 4)
"{'meaningful_joins': 'yes', 'table_exp_type': 'JOIN', 'where_type': 'exists_subquery', 'number_of_value_exp_in_group_by': 0, 'having_type': 'none', 'orderby_type': 'DESC', 'limit_type': 'none', 'value_exp_types': ['single_exp_text'], 'distinct_type': 'none', 'min_max_depth_in_subquery': [1, 1]}",SELECT Major_Name FROM major_ranking JOIN major ON major_ranking.Major_ID = major.Major_ID WHERE EXISTS (SELECT * FROM major_ranking WHERE Major_ID BETWEEN 1 AND 10 AND major.Major_ID = Major_ID) ORDER BY Major_Name DESC
