Specification,query
"{'meaningful_joins': 'yes', 'table_exp_type': 'single_table', 'where_type': {'basic_comparison': '!='}, 'number_of_value_exp_in_group_by': 0, 'having_type': 'none', 'orderby_type': 'DESC', 'limit_type': 'without_offset', 'value_exp_types': ['single_exp_text', 'single_exp_text'], 'distinct_type': 'none', 'min_max_depth_in_subquery': [1, 1]}","SELECT Builder, Builder FROM vehicle WHERE  Vehicle_ID != 54 ORDER BY Builder DESC LIMIT 7"
"{'meaningful_joins': 'yes', 'table_exp_type': 'single_table', 'where_type': 'in_with_subquery', 'number_of_value_exp_in_group_by': 0, 'having_type': 'none', 'orderby_type': 'ASC', 'limit_type': 'none', 'value_exp_types': ['agg_exp', 'count_distinct_exp', 'single_exp_number'], 'distinct_type': 'none', 'min_max_depth_in_subquery': [1, 1]}","SELECT MAX(Driver_ID), COUNT(DISTINCT Driver_ID), Driver_ID FROM driver WHERE Driver_ID IN (SELECT Driver_ID FROM driver AS p WHERE  p.Driver_ID > 48) ORDER BY Driver_ID ASC"
"{'meaningful_joins': 'yes', 'table_exp_type': 'JOIN', 'where_type': 'none', 'number_of_value_exp_in_group_by': 0, 'having_type': 'none', 'orderby_type': 'none', 'limit_type': 'none', 'value_exp_types': ['agg_exp', 'single_exp_text', 'single_exp_text'], 'distinct_type': 'none', 'min_max_depth_in_subquery': [1, 1]}","SELECT MIN(vehicle_driver.Driver_ID), Racing_Series, Name FROM vehicle_driver JOIN driver ON driver.Driver_ID = vehicle_driver.Driver_ID"
"{'meaningful_joins': 'yes', 'table_exp_type': 'single_table_with_name_changing', 'where_type': {'basic_comparison': '>'}, 'number_of_value_exp_in_group_by': 1, 'having_type': {'single': 'MAX'}, 'orderby_type': 'ASC', 'limit_type': 'none', 'value_exp_types': ['single_exp_text'], 'distinct_type': 'none', 'min_max_depth_in_subquery': [1, 1]}",SELECT y.Name FROM driver AS y WHERE  y.Driver_ID > 67 GROUP BY y.Name HAVING MAX(y.Driver_ID) >= 27 ORDER BY y.Name ASC
"{'meaningful_joins': 'yes', 'table_exp_type': 'JOIN_JOIN', 'where_type': {'basic_comparison': '>='}, 'number_of_value_exp_in_group_by': 0, 'having_type': 'none', 'orderby_type': 'none', 'limit_type': 'without_offset', 'value_exp_types': ['single_exp_text'], 'distinct_type': 'none', 'min_max_depth_in_subquery': [1, 1]}",SELECT Name FROM vehicle JOIN vehicle_driver JOIN driver ON vehicle_driver.Vehicle_ID = vehicle.Vehicle_ID AND driver.Driver_ID = vehicle_driver.Driver_ID WHERE  vehicle_driver.Vehicle_ID >= 37 LIMIT 7
"{'meaningful_joins': 'yes', 'table_exp_type': 'JOIN', 'where_type': {'basic_comparison': '>='}, 'number_of_value_exp_in_group_by': 0, 'having_type': 'none', 'orderby_type': 'none', 'limit_type': 'without_offset', 'value_exp_types': ['agg_exp', 'single_exp_text'], 'distinct_type': 'none', 'min_max_depth_in_subquery': [1, 1]}","SELECT AVG(Top_Speed), Total_Production FROM vehicle JOIN vehicle_driver ON vehicle_driver.Vehicle_ID = vehicle.Vehicle_ID WHERE  Driver_ID >= 4 LIMIT 7"
"{'meaningful_joins': 'yes', 'table_exp_type': 'JOIN', 'where_type': {'logical_operator': ['OR', 'basic_comparison', 'not_in_with_subquery']}, 'number_of_value_exp_in_group_by': 0, 'having_type': 'none', 'orderby_type': 'DESC', 'limit_type': 'none', 'value_exp_types': ['single_exp_number', 'single_exp_number'], 'distinct_type': 'none', 'min_max_depth_in_subquery': [1, 1]}","SELECT driver.Driver_ID, driver.Driver_ID FROM vehicle_driver JOIN driver ON driver.Driver_ID = vehicle_driver.Driver_ID WHERE  vehicle_driver.Driver_ID = 88 OR Racing_Series NOT IN (SELECT Racing_Series FROM driver WHERE  Driver_ID >= 81) ORDER BY driver.Driver_ID DESC"
"{'meaningful_joins': 'yes', 'table_exp_type': 'JOIN', 'where_type': 'none', 'number_of_value_exp_in_group_by': 0, 'having_type': 'none', 'orderby_type': 'ASC', 'limit_type': 'without_offset', 'value_exp_types': ['agg_exp', 'single_exp_number'], 'distinct_type': 'none', 'min_max_depth_in_subquery': [1, 1]}","SELECT COUNT(Top_Speed), vehicle.Vehicle_ID FROM vehicle JOIN vehicle_driver ON vehicle_driver.Vehicle_ID = vehicle.Vehicle_ID ORDER BY vehicle.Vehicle_ID ASC LIMIT 4"
"{'meaningful_joins': 'yes', 'table_exp_type': 'single_table_with_name_changing', 'where_type': {'logical_operator': ['OR', 'between', 'basic_comparison']}, 'number_of_value_exp_in_group_by': 0, 'having_type': 'none', 'orderby_type': 'none', 'limit_type': 'none', 'value_exp_types': ['single_exp_text'], 'distinct_type': 'none', 'min_max_depth_in_subquery': [1, 1]}",SELECT x.Citizenship FROM driver AS x WHERE x.Driver_ID BETWEEN 1 AND 10 OR  x.Driver_ID < 81
"{'meaningful_joins': 'yes', 'table_exp_type': 'single_table', 'where_type': {'logical_operator': ['AND', 'between', 'basic_comparison']}, 'number_of_value_exp_in_group_by': 0, 'having_type': 'none', 'orderby_type': 'none', 'limit_type': 'none', 'value_exp_types': ['single_exp_number'], 'distinct_type': 'none', 'min_max_depth_in_subquery': [1, 1]}",SELECT Driver_ID FROM vehicle_driver WHERE Vehicle_ID BETWEEN 1 AND 10 AND  Driver_ID > 2
"{'meaningful_joins': 'yes', 'table_exp_type': 'single_table', 'where_type': {'basic_comparison': '='}, 'number_of_value_exp_in_group_by': 0, 'having_type': 'none', 'orderby_type': 'none', 'limit_type': 'none', 'value_exp_types': ['agg_exp', 'count_distinct_exp', 'single_exp_text'], 'distinct_type': 'none', 'min_max_depth_in_subquery': [1, 1]}","SELECT MIN(Top_Speed), COUNT(DISTINCT Build_Year), Total_Production FROM vehicle WHERE  Vehicle_ID = 2"
"{'meaningful_joins': 'yes', 'table_exp_type': 'SELF JOIN', 'where_type': {'logical_operator': ['OR', 'between', 'not_exists_subquery']}, 'number_of_value_exp_in_group_by': 1, 'having_type': 'none', 'orderby_type': 'ASC', 'limit_type': 'without_offset', 'value_exp_types': ['count_distinct_exp'], 'distinct_type': 'none', 'min_max_depth_in_subquery': [1, 1]}","SELECT COUNT(DISTINCT vehicle_driver.Driver_ID), s.Vehicle_ID FROM vehicle_driver AS s JOIN vehicle_driver ON vehicle_driver.Driver_ID = s.Driver_ID WHERE s.Driver_ID BETWEEN 1 AND 10 OR EXISTS (SELECT * FROM driver WHERE  Driver_ID >= 40 AND vehicle_driver.Driver_ID = Driver_ID) GROUP BY s.Vehicle_ID ORDER BY s.Vehicle_ID ASC LIMIT 1"
"{'meaningful_joins': 'yes', 'table_exp_type': 'JOIN_JOIN', 'where_type': {'basic_comparison': '!='}, 'number_of_value_exp_in_group_by': 1, 'having_type': {'single': 'MIN'}, 'orderby_type': 'none', 'limit_type': 'none', 'value_exp_types': ['agg_exp', 'single_exp_text'], 'distinct_type': 'none', 'min_max_depth_in_subquery': [1, 1]}","SELECT AVG(vehicle_driver.Vehicle_ID), Racing_Series, Top_Speed FROM vehicle JOIN vehicle_driver JOIN driver ON vehicle_driver.Vehicle_ID = vehicle.Vehicle_ID AND driver.Driver_ID = vehicle_driver.Driver_ID WHERE  driver.Driver_ID != 25 GROUP BY Top_Speed HAVING MIN(vehicle_driver.Vehicle_ID) >= 50"
"{'meaningful_joins': 'yes', 'table_exp_type': 'JOIN', 'where_type': {'logical_operator': ['OR', 'between', 'basic_comparison']}, 'number_of_value_exp_in_group_by': 1, 'having_type': {'single': 'COUNT'}, 'orderby_type': 'DESC', 'limit_type': 'none', 'value_exp_types': ['agg_exp', 'agg_exp', 'count_distinct_exp'], 'distinct_type': 'none', 'min_max_depth_in_subquery': [1, 1]}","SELECT AVG(vehicle.Vehicle_ID), MAX(vehicle_driver.Vehicle_ID), COUNT(DISTINCT vehicle_driver.Vehicle_ID), vehicle_driver.Vehicle_ID FROM vehicle JOIN vehicle_driver ON vehicle_driver.Vehicle_ID = vehicle.Vehicle_ID WHERE Power BETWEEN 1 AND 10 OR  Top_Speed <= 42 GROUP BY vehicle_driver.Vehicle_ID HAVING COUNT(vehicle_driver.Vehicle_ID) < 55 ORDER BY vehicle_driver.Vehicle_ID DESC"
"{'meaningful_joins': 'yes', 'table_exp_type': 'single_table', 'where_type': {'logical_operator': ['AND', 'between', 'basic_comparison']}, 'number_of_value_exp_in_group_by': 0, 'having_type': 'none', 'orderby_type': 'none', 'limit_type': 'none', 'value_exp_types': ['agg_exp', 'single_exp_number'], 'distinct_type': 'none', 'min_max_depth_in_subquery': [1, 1]}","SELECT MAX(Vehicle_ID), Driver_ID FROM vehicle_driver WHERE Driver_ID BETWEEN 1 AND 10 AND  Vehicle_ID <= 70"
"{'meaningful_joins': 'yes', 'table_exp_type': 'JOIN', 'where_type': 'not_exists_subquery', 'number_of_value_exp_in_group_by': 0, 'having_type': 'none', 'orderby_type': 'DESC', 'limit_type': 'none', 'value_exp_types': ['single_exp_number', 'single_exp_text', 'single_exp_text'], 'distinct_type': 'none', 'min_max_depth_in_subquery': [1, 1]}","SELECT Driver_ID, Total_Production, Builder FROM vehicle JOIN vehicle_driver ON vehicle_driver.Vehicle_ID = vehicle.Vehicle_ID WHERE EXISTS (SELECT * FROM vehicle_driver WHERE Vehicle_ID BETWEEN 1 AND 10 AND  Vehicle_ID < 23 AND vehicle.Vehicle_ID = Vehicle_ID) ORDER BY Builder DESC"
"{'meaningful_joins': 'yes', 'table_exp_type': 'JOIN', 'where_type': 'none', 'number_of_value_exp_in_group_by': 0, 'having_type': 'none', 'orderby_type': 'ASC', 'limit_type': 'without_offset', 'value_exp_types': ['agg_exp', 'single_exp_number', 'single_exp_text'], 'distinct_type': 'none', 'min_max_depth_in_subquery': [1, 1]}","SELECT AVG(Driver_ID), vehicle.Vehicle_ID, Total_Production FROM vehicle JOIN vehicle_driver ON vehicle_driver.Vehicle_ID = vehicle.Vehicle_ID ORDER BY Total_Production ASC LIMIT 7"
"{'meaningful_joins': 'yes', 'table_exp_type': 'single_table', 'where_type': 'none', 'number_of_value_exp_in_group_by': 1, 'having_type': {'single': 'COUNT'}, 'orderby_type': 'none', 'limit_type': 'none', 'value_exp_types': ['single_exp_number'], 'distinct_type': 'none', 'min_max_depth_in_subquery': [1, 1]}","SELECT Driver_ID, Racing_Series FROM driver GROUP BY Racing_Series HAVING COUNT(Driver_ID) = 94"
"{'meaningful_joins': 'yes', 'table_exp_type': 'single_table_with_name_changing', 'where_type': {'basic_comparison': '<='}, 'number_of_value_exp_in_group_by': 0, 'having_type': 'none', 'orderby_type': 'none', 'limit_type': 'without_offset', 'value_exp_types': ['agg_exp'], 'distinct_type': 'none', 'min_max_depth_in_subquery': [1, 1]}",SELECT MIN(c.Top_Speed) FROM vehicle AS c WHERE  c.Top_Speed <= 95 LIMIT 9
"{'meaningful_joins': 'yes', 'table_exp_type': 'single_table_with_name_changing', 'where_type': {'basic_comparison': '!='}, 'number_of_value_exp_in_group_by': 0, 'having_type': 'none', 'orderby_type': 'ASC', 'limit_type': 'none', 'value_exp_types': ['single_exp_text'], 'distinct_type': 'none', 'min_max_depth_in_subquery': [1, 1]}",SELECT d.Builder FROM vehicle AS d WHERE  d.Vehicle_ID != 85 ORDER BY d.Builder ASC
