Specification,query
"{'meaningful_joins': 'yes', 'table_exp_type': 'JOIN_JOIN', 'where_type': 'not_in_with_subquery', 'number_of_value_exp_in_group_by': 1, 'having_type': 'none', 'orderby_type': 'DESC', 'limit_type': 'without_offset', 'value_exp_types': ['agg_exp', 'count_distinct_exp'], 'distinct_type': 'none', 'min_max_depth_in_subquery': [1, 1]}","SELECT MAX(Vehicles.id), COUNT(DISTINCT membership_credit), Annual_fuel_cost FROM Discount JOIN Renting_history JOIN Vehicles ON Renting_history.discount_id = Discount.id AND Vehicles.id = Renting_history.vehicles_id WHERE name NOT IN (SELECT name FROM Discount WHERE  membership_credit >= 69) GROUP BY Annual_fuel_cost ORDER BY Annual_fuel_cost DESC LIMIT 7"
"{'meaningful_joins': 'yes', 'table_exp_type': 'JOIN', 'where_type': {'basic_comparison': '<='}, 'number_of_value_exp_in_group_by': 1, 'having_type': 'none', 'orderby_type': 'ASC', 'limit_type': 'none', 'value_exp_types': ['agg_exp', 'single_exp_text'], 'distinct_type': 'none', 'min_max_depth_in_subquery': [1, 1]}","SELECT MAX(Customers.id), name, age FROM Customers JOIN Renting_history ON Renting_history.customer_id = Customers.id WHERE  customer_id <= 63 GROUP BY age ORDER BY age ASC"
"{'meaningful_joins': 'yes', 'table_exp_type': 'JOIN', 'where_type': {'basic_comparison': '!='}, 'number_of_value_exp_in_group_by': 0, 'having_type': 'none', 'orderby_type': 'none', 'limit_type': 'without_offset', 'value_exp_types': ['single_exp_text', 'single_exp_text'], 'distinct_type': 'none', 'min_max_depth_in_subquery': [1, 1]}","SELECT Notes, Type_of_powertrain FROM Renting_history JOIN Vehicles ON Vehicles.id = Renting_history.vehicles_id WHERE  customer_id != 57 LIMIT 6"
"{'meaningful_joins': 'yes', 'table_exp_type': 'single_table_with_name_changing', 'where_type': {'logical_operator': ['AND', 'between', 'comparison_with_subquery']}, 'number_of_value_exp_in_group_by': 0, 'having_type': 'none', 'orderby_type': 'none', 'limit_type': 'none', 'value_exp_types': ['count_distinct_exp'], 'distinct_type': 'none', 'min_max_depth_in_subquery': [1, 1]}",SELECT COUNT(DISTINCT h.id) FROM Renting_history AS h WHERE h.id BETWEEN 1 AND 10 AND customer_id >= (SELECT AVG(customer_id) FROM Renting_history WHERE  customer_id = 95 LIMIT 4)
"{'meaningful_joins': 'yes', 'table_exp_type': 'single_table_with_name_changing', 'where_type': 'comparison_with_subquery', 'number_of_value_exp_in_group_by': 0, 'having_type': 'none', 'orderby_type': 'none', 'limit_type': 'none', 'value_exp_types': ['count_distinct_exp', 'count_distinct_exp', 'single_exp_text'], 'distinct_type': 'none', 'min_max_depth_in_subquery': [1, 1]}","SELECT COUNT(DISTINCT u.Notes), COUNT(DISTINCT u.Annual_fuel_cost), u.Type_of_powertrain FROM Vehicles AS u WHERE Notes = (SELECT AVG(Notes) FROM Vehicles WHERE  Highway_fuel_economy_rate = 92)"
"{'meaningful_joins': 'yes', 'table_exp_type': 'single_table', 'where_type': {'logical_operator': ['AND', 'between', 'not_in_with_subquery']}, 'number_of_value_exp_in_group_by': 0, 'having_type': 'none', 'orderby_type': 'none', 'limit_type': 'none', 'value_exp_types': ['count_distinct_exp', 'single_exp_text'], 'distinct_type': 'none', 'min_max_depth_in_subquery': [1, 1]}","SELECT COUNT(DISTINCT membership_credit), name FROM Customers WHERE membership_credit BETWEEN 1 AND 10 AND age NOT IN (SELECT age FROM Customers)"
"{'meaningful_joins': 'yes', 'table_exp_type': 'JOIN', 'where_type': {'basic_comparison': '>'}, 'number_of_value_exp_in_group_by': 1, 'having_type': {'single': 'COUNT'}, 'orderby_type': 'none', 'limit_type': 'none', 'value_exp_types': ['agg_exp', 'agg_exp', 'count_distinct_exp'], 'distinct_type': 'none', 'min_max_depth_in_subquery': [1, 1]}","SELECT MIN(vehicles_id), MIN(Renting_history.id), COUNT(DISTINCT total_hours), discount_id FROM Discount JOIN Renting_history ON Renting_history.discount_id = Discount.id WHERE  Discount.id > 1 GROUP BY discount_id HAVING COUNT(Renting_history.id) <= 23"
"{'meaningful_joins': 'yes', 'table_exp_type': 'JOIN', 'where_type': {'logical_operator': ['OR', 'between', 'basic_comparison']}, 'number_of_value_exp_in_group_by': 1, 'having_type': 'none', 'orderby_type': 'DESC', 'limit_type': 'without_offset', 'value_exp_types': ['count_distinct_exp', 'single_exp_text', 'single_exp_text'], 'distinct_type': 'none', 'min_max_depth_in_subquery': [1, 1]}","SELECT COUNT(DISTINCT vehicles_id), name, name, customer_id FROM Discount JOIN Renting_history ON Renting_history.discount_id = Discount.id WHERE discount_id BETWEEN 1 AND 10 OR  discount_id != 39 GROUP BY customer_id ORDER BY customer_id DESC LIMIT 6"
"{'meaningful_joins': 'yes', 'table_exp_type': 'JOIN', 'where_type': {'basic_comparison': '>='}, 'number_of_value_exp_in_group_by': 0, 'having_type': 'none', 'orderby_type': 'ASC', 'limit_type': 'without_offset', 'value_exp_types': ['single_exp_number'], 'distinct_type': 'none', 'min_max_depth_in_subquery': [1, 1]}",SELECT total_hours FROM Discount JOIN Renting_history ON Renting_history.discount_id = Discount.id WHERE  vehicles_id >= 51 ORDER BY total_hours ASC LIMIT 8
"{'meaningful_joins': 'yes', 'table_exp_type': 'SELF JOIN', 'where_type': {'basic_comparison': '!='}, 'number_of_value_exp_in_group_by': 0, 'having_type': 'none', 'orderby_type': 'none', 'limit_type': 'none', 'value_exp_types': ['count_distinct_exp'], 'distinct_type': 'none', 'min_max_depth_in_subquery': [1, 1]}",SELECT COUNT(DISTINCT n.age) FROM Customers JOIN Customers AS n ON Customers.id = n.id WHERE  Customers.id != 35
"{'meaningful_joins': 'yes', 'table_exp_type': 'JOIN', 'where_type': {'logical_operator': ['AND', 'basic_comparison', 'not_exists_subquery']}, 'number_of_value_exp_in_group_by': 0, 'having_type': 'none', 'orderby_type': 'ASC', 'limit_type': 'none', 'value_exp_types': ['agg_exp', 'single_exp_number'], 'distinct_type': 'none', 'min_max_depth_in_subquery': [1, 1]}","SELECT SUM(Combined_fuel_economy_rate), Cost_per_25_miles FROM Renting_history JOIN Vehicles ON Vehicles.id = Renting_history.vehicles_id WHERE  Annual_fuel_cost = 65 AND EXISTS (SELECT * FROM Renting_history WHERE  customer_id < 46 AND Vehicles.id = vehicles_id LIMIT 9) ORDER BY Cost_per_25_miles ASC"
"{'meaningful_joins': 'yes', 'table_exp_type': 'single_table', 'where_type': 'in_with_subquery', 'number_of_value_exp_in_group_by': 0, 'having_type': 'none', 'orderby_type': 'none', 'limit_type': 'without_offset', 'value_exp_types': ['agg_exp'], 'distinct_type': 'none', 'min_max_depth_in_subquery': [1, 1]}",SELECT MAX(vehicles_id) FROM Renting_history WHERE total_hours IN (SELECT total_hours FROM Renting_history AS l LIMIT 5) LIMIT 6
"{'meaningful_joins': 'yes', 'table_exp_type': 'JOIN_JOIN_JOIN', 'where_type': {'logical_operator': ['OR', 'between', 'basic_comparison']}, 'number_of_value_exp_in_group_by': 0, 'having_type': 'none', 'orderby_type': 'ASC', 'limit_type': 'none', 'value_exp_types': ['single_exp_number'], 'distinct_type': 'none', 'min_max_depth_in_subquery': [1, 1]}",SELECT City_fuel_economy_rate FROM Discount JOIN Customers JOIN Renting_history JOIN Vehicles ON Renting_history.discount_id = Discount.id AND Renting_history.customer_id = Customers.id AND Vehicles.id = Renting_history.vehicles_id WHERE total_hours BETWEEN 1 AND 10 OR  Highway_fuel_economy_rate < 33 ORDER BY City_fuel_economy_rate ASC
"{'meaningful_joins': 'yes', 'table_exp_type': 'JOIN', 'where_type': 'not_in_with_subquery', 'number_of_value_exp_in_group_by': 1, 'having_type': 'none', 'orderby_type': 'none', 'limit_type': 'without_offset', 'value_exp_types': ['single_exp_text'], 'distinct_type': 'none', 'min_max_depth_in_subquery': [1, 1]}","SELECT name, customer_id FROM Customers JOIN Renting_history ON Renting_history.customer_id = Customers.id WHERE total_hours NOT IN (SELECT total_hours FROM Renting_history AS u WHERE  u.vehicles_id != 11) GROUP BY customer_id LIMIT 7"
"{'meaningful_joins': 'yes', 'table_exp_type': 'single_table_with_name_changing', 'where_type': {'logical_operator': ['OR', 'basic_comparison', 'in_with_subquery']}, 'number_of_value_exp_in_group_by': 0, 'having_type': 'none', 'orderby_type': 'none', 'limit_type': 'none', 'value_exp_types': ['agg_exp'], 'distinct_type': 'none', 'min_max_depth_in_subquery': [1, 1]}",SELECT SUM(y.age) FROM Customers AS y WHERE  y.age >= 25 OR name IN (SELECT name FROM Customers WHERE  membership_credit >= 78)
"{'meaningful_joins': 'yes', 'table_exp_type': 'JOIN_JOIN', 'where_type': {'basic_comparison': '>'}, 'number_of_value_exp_in_group_by': 0, 'having_type': 'none', 'orderby_type': 'none', 'limit_type': 'without_offset', 'value_exp_types': ['single_exp_number', 'single_exp_text'], 'distinct_type': 'none', 'min_max_depth_in_subquery': [1, 1]}","SELECT City_fuel_economy_rate, Type_of_powertrain FROM Customers JOIN Renting_history JOIN Vehicles ON Renting_history.customer_id = Customers.id AND Vehicles.id = Renting_history.vehicles_id WHERE  Model_year > 38 LIMIT 8"
"{'meaningful_joins': 'yes', 'table_exp_type': 'JOIN_JOIN_JOIN', 'where_type': {'logical_operator': ['OR', 'between', 'basic_comparison']}, 'number_of_value_exp_in_group_by': 0, 'having_type': 'none', 'orderby_type': 'none', 'limit_type': 'without_offset', 'value_exp_types': ['single_exp_text'], 'distinct_type': 'none', 'min_max_depth_in_subquery': [1, 1]}",SELECT Notes FROM Discount JOIN Customers JOIN Renting_history JOIN Vehicles ON Renting_history.discount_id = Discount.id AND Renting_history.customer_id = Customers.id AND Vehicles.id = Renting_history.vehicles_id WHERE City_fuel_economy_rate BETWEEN 1 AND 10 OR  Renting_history.id >= 92 LIMIT 3
"{'meaningful_joins': 'yes', 'table_exp_type': 'JOIN', 'where_type': 'none', 'number_of_value_exp_in_group_by': 0, 'having_type': 'none', 'orderby_type': 'none', 'limit_type': 'without_offset', 'value_exp_types': ['single_exp_number', 'single_exp_text'], 'distinct_type': 'none', 'min_max_depth_in_subquery': [1, 1]}","SELECT customer_id, name FROM Customers JOIN Renting_history ON Renting_history.customer_id = Customers.id LIMIT 10"
"{'meaningful_joins': 'yes', 'table_exp_type': 'JOIN', 'where_type': 'not_exists_subquery', 'number_of_value_exp_in_group_by': 0, 'having_type': 'none', 'orderby_type': 'ASC', 'limit_type': 'none', 'value_exp_types': ['single_exp_text'], 'distinct_type': 'none', 'min_max_depth_in_subquery': [1, 1]}",SELECT name FROM Discount JOIN Renting_history ON Renting_history.discount_id = Discount.id WHERE EXISTS (SELECT * FROM Renting_history WHERE discount_id BETWEEN 1 AND 10 AND Discount.id = discount_id LIMIT 9) ORDER BY name ASC
"{'meaningful_joins': 'yes', 'table_exp_type': 'SELF JOIN', 'where_type': {'basic_comparison': '!='}, 'number_of_value_exp_in_group_by': 1, 'having_type': {'single': 'SUM'}, 'orderby_type': 'ASC', 'limit_type': 'none', 'value_exp_types': ['agg_exp', 'count_distinct_exp', 'single_exp_number'], 'distinct_type': 'none', 'min_max_depth_in_subquery': [1, 1]}","SELECT SUM(q.id), COUNT(DISTINCT Discount.name), q.membership_credit FROM Discount JOIN Discount AS q ON Discount.id = q.id WHERE  q.membership_credit != 92 GROUP BY q.membership_credit HAVING SUM(Discount.membership_credit) > 3 ORDER BY q.membership_credit ASC"
"{'meaningful_joins': 'yes', 'table_exp_type': 'JOIN_JOIN', 'where_type': {'basic_comparison': '>'}, 'number_of_value_exp_in_group_by': 1, 'having_type': {'single': 'MIN'}, 'orderby_type': 'ASC', 'limit_type': 'none', 'value_exp_types': ['single_exp_number', 'single_exp_number', 'single_exp_text'], 'distinct_type': 'none', 'min_max_depth_in_subquery': [1, 1]}","SELECT customer_id, Model_year, Customers.name, Combined_fuel_economy_rate FROM Customers JOIN Renting_history JOIN Vehicles ON Renting_history.customer_id = Customers.id AND Vehicles.id = Renting_history.vehicles_id WHERE  Combined_fuel_economy_rate > 97 GROUP BY Combined_fuel_economy_rate HAVING MIN(Customers.id) > 80 ORDER BY Model_year ASC"
"{'meaningful_joins': 'yes', 'table_exp_type': 'JOIN_JOIN', 'where_type': {'basic_comparison': '>='}, 'number_of_value_exp_in_group_by': 0, 'having_type': 'none', 'orderby_type': 'DESC', 'limit_type': 'none', 'value_exp_types': ['single_exp_text', 'single_exp_text', 'single_exp_text'], 'distinct_type': 'none', 'min_max_depth_in_subquery': [1, 1]}","SELECT Type_of_powertrain, Discount.name, Type_of_powertrain FROM Discount JOIN Renting_history JOIN Vehicles ON Renting_history.discount_id = Discount.id AND Vehicles.id = Renting_history.vehicles_id WHERE  Discount.id >= 35 ORDER BY Discount.name DESC"
"{'meaningful_joins': 'yes', 'table_exp_type': 'JOIN_JOIN', 'where_type': 'between', 'number_of_value_exp_in_group_by': 0, 'having_type': 'none', 'orderby_type': 'DESC', 'limit_type': 'none', 'value_exp_types': ['count_distinct_exp', 'single_exp_number', 'single_exp_text'], 'distinct_type': 'none', 'min_max_depth_in_subquery': [1, 1]}","SELECT COUNT(DISTINCT Annual_fuel_cost), Combined_fuel_economy_rate, Notes FROM Discount JOIN Renting_history JOIN Vehicles ON Renting_history.discount_id = Discount.id AND Vehicles.id = Renting_history.vehicles_id WHERE Vehicles.id BETWEEN 1 AND 10 ORDER BY Notes DESC"
"{'meaningful_joins': 'yes', 'table_exp_type': 'JOIN', 'where_type': 'in_with_subquery', 'number_of_value_exp_in_group_by': 0, 'having_type': 'none', 'orderby_type': 'none', 'limit_type': 'none', 'value_exp_types': ['single_exp_number', 'single_exp_text'], 'distinct_type': 'none', 'min_max_depth_in_subquery': [1, 1]}","SELECT customer_id, name FROM Discount JOIN Renting_history ON Renting_history.discount_id = Discount.id WHERE membership_credit IN (SELECT membership_credit FROM Customers AS k LIMIT 8)"
"{'meaningful_joins': 'yes', 'table_exp_type': 'single_table', 'where_type': {'basic_comparison': '<'}, 'number_of_value_exp_in_group_by': 0, 'having_type': 'none', 'orderby_type': 'none', 'limit_type': 'without_offset', 'value_exp_types': ['single_exp_text'], 'distinct_type': 'none', 'min_max_depth_in_subquery': [1, 1]}",SELECT name FROM Discount WHERE  membership_credit < 70 LIMIT 10
"{'meaningful_joins': 'yes', 'table_exp_type': 'SELF JOIN', 'where_type': {'basic_comparison': '<'}, 'number_of_value_exp_in_group_by': 1, 'having_type': 'none', 'orderby_type': 'ASC', 'limit_type': 'without_offset', 'value_exp_types': ['count_distinct_exp', 'single_exp_number'], 'distinct_type': 'none', 'min_max_depth_in_subquery': [1, 1]}","SELECT COUNT(DISTINCT Discount.membership_credit), f.id, f.membership_credit FROM Discount JOIN Discount AS f ON Discount.id = f.id WHERE  Discount.membership_credit < 26 GROUP BY f.membership_credit ORDER BY f.membership_credit ASC LIMIT 1"
"{'meaningful_joins': 'yes', 'table_exp_type': 'JOIN_JOIN', 'where_type': 'not_in_with_subquery', 'number_of_value_exp_in_group_by': 0, 'having_type': 'none', 'orderby_type': 'none', 'limit_type': 'none', 'value_exp_types': ['agg_exp'], 'distinct_type': 'none', 'min_max_depth_in_subquery': [1, 1]}",SELECT MIN(Customers.membership_credit) FROM Discount JOIN Customers JOIN Renting_history ON Renting_history.discount_id = Discount.id AND Renting_history.customer_id = Customers.id WHERE age NOT IN (SELECT age FROM Customers AS m WHERE  m.id > 45 LIMIT 3)
"{'meaningful_joins': 'yes', 'table_exp_type': 'single_table', 'where_type': {'basic_comparison': '!='}, 'number_of_value_exp_in_group_by': 1, 'having_type': {'single': 'COUNT'}, 'orderby_type': 'ASC', 'limit_type': 'without_offset', 'value_exp_types': ['single_exp_number', 'single_exp_number'], 'distinct_type': 'none', 'min_max_depth_in_subquery': [1, 1]}","SELECT id, discount_id, total_hours FROM Renting_history WHERE  vehicles_id != 66 GROUP BY total_hours HAVING COUNT(discount_id) <= 92 ORDER BY discount_id ASC LIMIT 7"
"{'meaningful_joins': 'yes', 'table_exp_type': 'SELF JOIN', 'where_type': {'basic_comparison': '<'}, 'number_of_value_exp_in_group_by': 1, 'having_type': {'single': 'MAX'}, 'orderby_type': 'none', 'limit_type': 'without_offset', 'value_exp_types': ['count_distinct_exp'], 'distinct_type': 'none', 'min_max_depth_in_subquery': [1, 1]}","SELECT COUNT(DISTINCT m.membership_credit), Discount.name FROM Discount JOIN Discount AS m ON Discount.id = m.id WHERE  Discount.id < 67 GROUP BY Discount.name HAVING MAX(Discount.id) > 33 LIMIT 4"
"{'meaningful_joins': 'yes', 'table_exp_type': 'single_table', 'where_type': {'logical_operator': ['OR', 'between', 'basic_comparison']}, 'number_of_value_exp_in_group_by': 1, 'having_type': 'none', 'orderby_type': 'none', 'limit_type': 'without_offset', 'value_exp_types': ['single_exp_text'], 'distinct_type': 'none', 'min_max_depth_in_subquery': [1, 1]}","SELECT name, membership_credit FROM Customers WHERE membership_credit BETWEEN 1 AND 10 OR  id <= 91 GROUP BY membership_credit LIMIT 1"
