Specification,query
"{'meaningful_joins': 'yes', 'table_exp_type': 'single_table_with_name_changing', 'where_type': {'basic_comparison': '!='}, 'number_of_value_exp_in_group_by': 1, 'having_type': 'none', 'orderby_type': 'none', 'limit_type': 'none', 'value_exp_types': ['single_exp_number'], 'distinct_type': 'none', 'min_max_depth_in_subquery': [1, 1]}","SELECT n.Age, n.city_code FROM Student AS n WHERE  n.StuID != 10 GROUP BY n.city_code"
"{'meaningful_joins': 'yes', 'table_exp_type': 'JOIN', 'where_type': {'logical_operator': ['AND', 'basic_comparison', 'exists_subquery']}, 'number_of_value_exp_in_group_by': 0, 'having_type': 'none', 'orderby_type': 'none', 'limit_type': 'without_offset', 'value_exp_types': ['count_distinct_exp', 'single_exp_number'], 'distinct_type': 'none', 'min_max_depth_in_subquery': [1, 1]}","SELECT COUNT(DISTINCT Secretary_Vote), Vice_President_Vote FROM Student JOIN Voting_record ON Voting_record.Class_Senator_Vote = Student.StuID AND Voting_record.Treasurer_Vote = Student.StuID AND Voting_record.Vice_President_Vote = Student.StuID AND Voting_record.StuID = Student.StuID AND Student.StuID = Voting_record.President_Vote WHERE  Advisor > 90 AND EXISTS (SELECT * FROM Voting_record AS a WHERE  a.StuID <= 81 AND Student.StuID = a.Treasurer_Vote LIMIT 9) LIMIT 2"
"{'meaningful_joins': 'yes', 'table_exp_type': 'single_table', 'where_type': {'logical_operator': ['AND', 'between', 'not_in_with_subquery']}, 'number_of_value_exp_in_group_by': 0, 'having_type': 'none', 'orderby_type': 'DESC', 'limit_type': 'without_offset', 'value_exp_types': ['single_exp_text', 'single_exp_text'], 'distinct_type': 'none', 'min_max_depth_in_subquery': [1, 1]}","SELECT Registration_Date, Registration_Date FROM Voting_record WHERE Class_Senator_Vote BETWEEN 1 AND 10 AND Vice_President_Vote NOT IN (SELECT Vice_President_Vote FROM Voting_record WHERE Class_President_Vote BETWEEN 1 AND 10 OR  President_Vote > 55) ORDER BY Registration_Date DESC LIMIT 1"
"{'meaningful_joins': 'yes', 'table_exp_type': 'single_table', 'where_type': {'logical_operator': ['AND', 'basic_comparison', 'exists_subquery']}, 'number_of_value_exp_in_group_by': 1, 'having_type': {'single': 'MAX'}, 'orderby_type': 'none', 'limit_type': 'none', 'value_exp_types': ['single_exp_text'], 'distinct_type': 'none', 'min_max_depth_in_subquery': [1, 1]}","SELECT LName, Age FROM Student WHERE  Advisor >= 23 AND EXISTS (SELECT * FROM Voting_record AS f WHERE  f.Secretary_Vote != 10 AND Student.StuID = f.President_Vote LIMIT 3) GROUP BY Age HAVING MAX(StuID) <= 96"
"{'meaningful_joins': 'yes', 'table_exp_type': 'single_table', 'where_type': {'basic_comparison': '<'}, 'number_of_value_exp_in_group_by': 0, 'having_type': 'none', 'orderby_type': 'ASC', 'limit_type': 'none', 'value_exp_types': ['single_exp_text'], 'distinct_type': 'none', 'min_max_depth_in_subquery': [1, 1]}",SELECT LName FROM Student WHERE  Advisor < 54 ORDER BY LName ASC
"{'meaningful_joins': 'yes', 'table_exp_type': 'JOIN', 'where_type': {'logical_operator': ['OR', 'between', 'in_with_subquery']}, 'number_of_value_exp_in_group_by': 0, 'having_type': 'none', 'orderby_type': 'DESC', 'limit_type': 'without_offset', 'value_exp_types': ['single_exp_text'], 'distinct_type': 'none', 'min_max_depth_in_subquery': [1, 1]}",SELECT Sex FROM Student JOIN Voting_record ON Voting_record.Class_Senator_Vote = Student.StuID AND Voting_record.Treasurer_Vote = Student.StuID AND Voting_record.Vice_President_Vote = Student.StuID AND Voting_record.StuID = Student.StuID AND Student.StuID = Voting_record.President_Vote WHERE Student.StuID BETWEEN 1 AND 10 OR Secretary_Vote IN (SELECT Secretary_Vote FROM Voting_record WHERE  StuID <= 46 LIMIT 9) ORDER BY Sex DESC LIMIT 7
"{'meaningful_joins': 'yes', 'table_exp_type': 'SELF JOIN', 'where_type': {'basic_comparison': '<='}, 'number_of_value_exp_in_group_by': 0, 'having_type': 'none', 'orderby_type': 'none', 'limit_type': 'none', 'value_exp_types': ['single_exp_text'], 'distinct_type': 'none', 'min_max_depth_in_subquery': [1, 1]}",SELECT o.Fname FROM Student AS o JOIN Student ON Student.StuID = o.StuID WHERE  Student.Advisor <= 82
"{'meaningful_joins': 'yes', 'table_exp_type': 'single_table_with_name_changing', 'where_type': 'none', 'number_of_value_exp_in_group_by': 0, 'having_type': 'none', 'orderby_type': 'none', 'limit_type': 'none', 'value_exp_types': ['agg_exp', 'single_exp_number'], 'distinct_type': 'none', 'min_max_depth_in_subquery': [1, 1]}","SELECT SUM(v.Advisor), v.Advisor FROM Student AS v"
"{'meaningful_joins': 'yes', 'table_exp_type': 'single_table_with_name_changing', 'where_type': {'logical_operator': ['OR', 'between', 'basic_comparison']}, 'number_of_value_exp_in_group_by': 0, 'having_type': 'none', 'orderby_type': 'none', 'limit_type': 'none', 'value_exp_types': ['single_exp_number', 'single_exp_text'], 'distinct_type': 'none', 'min_max_depth_in_subquery': [1, 1]}","SELECT k.Age, k.Sex FROM Student AS k WHERE k.StuID BETWEEN 1 AND 10 OR  k.Advisor < 45"
"{'meaningful_joins': 'yes', 'table_exp_type': 'SELF JOIN', 'where_type': 'comparison_with_subquery', 'number_of_value_exp_in_group_by': 1, 'having_type': {'single': 'MIN'}, 'orderby_type': 'ASC', 'limit_type': 'none', 'value_exp_types': ['agg_exp'], 'distinct_type': 'none', 'min_max_depth_in_subquery': [1, 1]}","SELECT COUNT(i.Age), i.city_code FROM Student AS i JOIN Student ON Student.StuID = i.StuID WHERE Fname >= (SELECT AVG(Fname) FROM Student WHERE  Advisor > 29 LIMIT 10) GROUP BY i.city_code HAVING MIN(Student.Advisor) > 55 ORDER BY i.city_code ASC"
"{'meaningful_joins': 'yes', 'table_exp_type': 'SELF JOIN', 'where_type': 'none', 'number_of_value_exp_in_group_by': 1, 'having_type': 'none', 'orderby_type': 'none', 'limit_type': 'without_offset', 'value_exp_types': ['single_exp_text'], 'distinct_type': 'none', 'min_max_depth_in_subquery': [1, 1]}","SELECT c.Fname, Student.Fname FROM Student AS c JOIN Student ON Student.StuID = c.StuID GROUP BY Student.Fname LIMIT 9"
"{'meaningful_joins': 'yes', 'table_exp_type': 'single_table', 'where_type': {'logical_operator': ['OR', 'between', 'basic_comparison']}, 'number_of_value_exp_in_group_by': 0, 'having_type': 'none', 'orderby_type': 'DESC', 'limit_type': 'none', 'value_exp_types': ['single_exp_number'], 'distinct_type': 'none', 'min_max_depth_in_subquery': [1, 1]}",SELECT Vice_President_Vote FROM Voting_record WHERE President_Vote BETWEEN 1 AND 10 OR  Treasurer_Vote != 48 ORDER BY Vice_President_Vote DESC
"{'meaningful_joins': 'yes', 'table_exp_type': 'single_table', 'where_type': 'none', 'number_of_value_exp_in_group_by': 0, 'having_type': 'none', 'orderby_type': 'none', 'limit_type': 'none', 'value_exp_types': ['single_exp_number', 'single_exp_number'], 'distinct_type': 'none', 'min_max_depth_in_subquery': [1, 1]}","SELECT Major, Age FROM Student"
"{'meaningful_joins': 'yes', 'table_exp_type': 'single_table_with_name_changing', 'where_type': {'basic_comparison': '>='}, 'number_of_value_exp_in_group_by': 0, 'having_type': 'none', 'orderby_type': 'none', 'limit_type': 'none', 'value_exp_types': ['single_exp_text'], 'distinct_type': 'none', 'min_max_depth_in_subquery': [1, 1]}",SELECT i.city_code FROM Student AS i WHERE  i.StuID >= 30
"{'meaningful_joins': 'yes', 'table_exp_type': 'single_table', 'where_type': {'basic_comparison': '<='}, 'number_of_value_exp_in_group_by': 0, 'having_type': 'none', 'orderby_type': 'ASC', 'limit_type': 'without_offset', 'value_exp_types': ['agg_exp', 'agg_exp', 'single_exp_text'], 'distinct_type': 'none', 'min_max_depth_in_subquery': [1, 1]}","SELECT SUM(Treasurer_Vote), MIN(StuID), Election_Cycle FROM Voting_record WHERE  President_Vote <= 19 ORDER BY Election_Cycle ASC LIMIT 7"
"{'meaningful_joins': 'yes', 'table_exp_type': 'JOIN', 'where_type': {'basic_comparison': '!='}, 'number_of_value_exp_in_group_by': 0, 'having_type': 'none', 'orderby_type': 'ASC', 'limit_type': 'none', 'value_exp_types': ['count_distinct_exp', 'single_exp_number'], 'distinct_type': 'none', 'min_max_depth_in_subquery': [1, 1]}","SELECT COUNT(DISTINCT President_Vote), Major FROM Student JOIN Voting_record ON Voting_record.Class_Senator_Vote = Student.StuID AND Voting_record.Treasurer_Vote = Student.StuID AND Voting_record.Vice_President_Vote = Student.StuID AND Voting_record.StuID = Student.StuID AND Student.StuID = Voting_record.President_Vote WHERE  Advisor != 79 ORDER BY Major ASC"
"{'meaningful_joins': 'yes', 'table_exp_type': 'single_table_with_name_changing', 'where_type': {'logical_operator': ['OR', 'between', 'basic_comparison']}, 'number_of_value_exp_in_group_by': 1, 'having_type': {'single': 'MAX'}, 'orderby_type': 'none', 'limit_type': 'none', 'value_exp_types': ['agg_exp', 'agg_exp'], 'distinct_type': 'none', 'min_max_depth_in_subquery': [1, 1]}","SELECT MIN(p.StuID), MIN(p.Age), p.LName FROM Student AS p WHERE p.Advisor BETWEEN 1 AND 10 OR  p.Age != 98 GROUP BY p.LName HAVING MAX(p.Advisor) < 17"
"{'meaningful_joins': 'yes', 'table_exp_type': 'single_table', 'where_type': {'basic_comparison': '>'}, 'number_of_value_exp_in_group_by': 0, 'having_type': 'none', 'orderby_type': 'none', 'limit_type': 'without_offset', 'value_exp_types': ['single_exp_number', 'single_exp_number', 'single_exp_number'], 'distinct_type': 'none', 'min_max_depth_in_subquery': [1, 1]}","SELECT Treasurer_Vote, President_Vote, StuID FROM Voting_record WHERE  Class_President_Vote > 15 LIMIT 9"
"{'meaningful_joins': 'yes', 'table_exp_type': 'JOIN', 'where_type': {'basic_comparison': '>='}, 'number_of_value_exp_in_group_by': 0, 'having_type': 'none', 'orderby_type': 'none', 'limit_type': 'none', 'value_exp_types': ['single_exp_text', 'single_exp_text'], 'distinct_type': 'none', 'min_max_depth_in_subquery': [1, 1]}","SELECT Sex, LName FROM Student JOIN Voting_record ON Voting_record.Class_Senator_Vote = Student.StuID AND Voting_record.Treasurer_Vote = Student.StuID AND Voting_record.Vice_President_Vote = Student.StuID AND Voting_record.StuID = Student.StuID AND Student.StuID = Voting_record.President_Vote WHERE  Treasurer_Vote >= 94"
"{'meaningful_joins': 'yes', 'table_exp_type': 'SELF JOIN', 'where_type': {'basic_comparison': '>'}, 'number_of_value_exp_in_group_by': 1, 'having_type': 'none', 'orderby_type': 'none', 'limit_type': 'none', 'value_exp_types': ['single_exp_text'], 'distinct_type': 'none', 'min_max_depth_in_subquery': [1, 1]}","SELECT y.Fname, y.Sex FROM Student JOIN Student AS y ON Student.StuID = y.StuID WHERE  Student.Age > 2 GROUP BY y.Sex"
"{'meaningful_joins': 'yes', 'table_exp_type': 'single_table', 'where_type': {'logical_operator': ['AND', 'between', 'not_in_with_subquery']}, 'number_of_value_exp_in_group_by': 0, 'having_type': 'none', 'orderby_type': 'none', 'limit_type': 'none', 'value_exp_types': ['agg_exp', 'single_exp_number'], 'distinct_type': 'none', 'min_max_depth_in_subquery': [1, 1]}","SELECT SUM(Treasurer_Vote), President_Vote FROM Voting_record WHERE Treasurer_Vote BETWEEN 1 AND 10 AND President_Vote NOT IN (SELECT President_Vote FROM Voting_record AS p WHERE  p.President_Vote < 47)"
