Specification,query
"{'meaningful_joins': 'yes', 'table_exp_type': 'single_table_with_name_changing', 'where_type': {'basic_comparison': '>'}, 'number_of_value_exp_in_group_by': 1, 'having_type': 'none', 'orderby_type': 'none', 'limit_type': 'without_offset', 'value_exp_types': ['single_exp_text'], 'distinct_type': 'none', 'min_max_depth_in_subquery': [1, 1]}",SELECT i.contestant_name FROM CONTESTANTS AS i WHERE  i.contestant_number > 5 GROUP BY i.contestant_name LIMIT 9
"{'meaningful_joins': 'yes', 'table_exp_type': 'single_table_with_name_changing', 'where_type': {'logical_operator': ['AND', 'between', 'basic_comparison']}, 'number_of_value_exp_in_group_by': 1, 'having_type': {'single': 'MIN'}, 'orderby_type': 'DESC', 'limit_type': 'none', 'value_exp_types': ['single_exp_number'], 'distinct_type': 'none', 'min_max_depth_in_subquery': [1, 1]}",SELECT p.phone_number FROM VOTES AS p WHERE p.phone_number BETWEEN 1 AND 10 AND  p.phone_number < 47 GROUP BY p.phone_number HAVING MIN(p.phone_number) <= 44 ORDER BY p.phone_number DESC
"{'meaningful_joins': 'yes', 'table_exp_type': 'SELF JOIN', 'where_type': 'none', 'number_of_value_exp_in_group_by': 0, 'having_type': 'none', 'orderby_type': 'ASC', 'limit_type': 'none', 'value_exp_types': ['count_distinct_exp', 'single_exp_text'], 'distinct_type': 'none', 'min_max_depth_in_subquery': [1, 1]}","SELECT COUNT(DISTINCT f.contestant_number), VOTES.state FROM VOTES JOIN VOTES AS f ON VOTES.vote_id = f.vote_id ORDER BY VOTES.state ASC"
"{'meaningful_joins': 'yes', 'table_exp_type': 'single_table_with_name_changing', 'where_type': {'basic_comparison': '>'}, 'number_of_value_exp_in_group_by': 0, 'having_type': 'none', 'orderby_type': 'DESC', 'limit_type': 'none', 'value_exp_types': ['count_distinct_exp', 'count_distinct_exp', 'single_exp_text'], 'distinct_type': 'none', 'min_max_depth_in_subquery': [1, 1]}","SELECT COUNT(DISTINCT w.state), COUNT(DISTINCT w.phone_number), w.state FROM VOTES AS w WHERE  w.phone_number > 92 ORDER BY w.state DESC"
"{'meaningful_joins': 'yes', 'table_exp_type': 'single_table_with_name_changing', 'where_type': {'basic_comparison': '!='}, 'number_of_value_exp_in_group_by': 0, 'having_type': 'none', 'orderby_type': 'none', 'limit_type': 'none', 'value_exp_types': ['count_distinct_exp', 'single_exp_number', 'single_exp_text'], 'distinct_type': 'none', 'min_max_depth_in_subquery': [1, 1]}","SELECT COUNT(DISTINCT j.vote_id), j.vote_id, j.state FROM VOTES AS j WHERE  j.contestant_number != 42"
"{'meaningful_joins': 'yes', 'table_exp_type': 'JOIN', 'where_type': 'between', 'number_of_value_exp_in_group_by': 0, 'having_type': 'none', 'orderby_type': 'none', 'limit_type': 'none', 'value_exp_types': ['agg_exp', 'count_distinct_exp'], 'distinct_type': 'none', 'min_max_depth_in_subquery': [1, 1]}","SELECT MAX(area_code), COUNT(DISTINCT phone_number) FROM AREA_CODE_STATE JOIN VOTES ON AREA_CODE_STATE.state = VOTES.state WHERE contestant_number BETWEEN 1 AND 10"
"{'meaningful_joins': 'yes', 'table_exp_type': 'SELF JOIN', 'where_type': 'comparison_with_subquery', 'number_of_value_exp_in_group_by': 0, 'having_type': 'none', 'orderby_type': 'none', 'limit_type': 'none', 'value_exp_types': ['agg_exp', 'single_exp_text'], 'distinct_type': 'none', 'min_max_depth_in_subquery': [1, 1]}","SELECT COUNT(VOTES.phone_number), t.state FROM VOTES JOIN VOTES AS t ON VOTES.vote_id = t.vote_id WHERE created >= (SELECT MIN(created) FROM VOTES WHERE  phone_number > 87)"
"{'meaningful_joins': 'yes', 'table_exp_type': 'JOIN', 'where_type': {'logical_operator': ['AND', 'between', 'not_in_with_subquery']}, 'number_of_value_exp_in_group_by': 0, 'having_type': 'none', 'orderby_type': 'none', 'limit_type': 'none', 'value_exp_types': ['single_exp_number'], 'distinct_type': 'none', 'min_max_depth_in_subquery': [1, 1]}",SELECT phone_number FROM AREA_CODE_STATE JOIN VOTES ON AREA_CODE_STATE.state = VOTES.state WHERE contestant_number BETWEEN 1 AND 10 AND contestant_number NOT IN (SELECT contestant_number FROM VOTES AS b)
"{'meaningful_joins': 'yes', 'table_exp_type': 'single_table', 'where_type': 'between', 'number_of_value_exp_in_group_by': 1, 'having_type': 'none', 'orderby_type': 'none', 'limit_type': 'none', 'value_exp_types': ['agg_exp'], 'distinct_type': 'none', 'min_max_depth_in_subquery': [1, 1]}","SELECT AVG(area_code), state FROM AREA_CODE_STATE WHERE area_code BETWEEN 1 AND 10 GROUP BY state"
"{'meaningful_joins': 'yes', 'table_exp_type': 'SELF JOIN', 'where_type': {'logical_operator': ['AND', 'basic_comparison', 'in_with_subquery']}, 'number_of_value_exp_in_group_by': 1, 'having_type': 'none', 'orderby_type': 'ASC', 'limit_type': 'none', 'value_exp_types': ['agg_exp', 'single_exp_number'], 'distinct_type': 'none', 'min_max_depth_in_subquery': [1, 1]}","SELECT SUM(o.contestant_number), CONTESTANTS.contestant_number, CONTESTANTS.contestant_name FROM CONTESTANTS AS o JOIN CONTESTANTS ON CONTESTANTS.contestant_number = o.contestant_number WHERE  CONTESTANTS.contestant_number != 63 AND contestant_number IN (SELECT contestant_number FROM VOTES AS d WHERE d.contestant_number BETWEEN 1 AND 10) GROUP BY CONTESTANTS.contestant_name ORDER BY CONTESTANTS.contestant_number ASC"
"{'meaningful_joins': 'yes', 'table_exp_type': 'single_table', 'where_type': {'basic_comparison': '<'}, 'number_of_value_exp_in_group_by': 0, 'having_type': 'none', 'orderby_type': 'ASC', 'limit_type': 'without_offset', 'value_exp_types': ['agg_exp', 'single_exp_number'], 'distinct_type': 'none', 'min_max_depth_in_subquery': [1, 1]}","SELECT SUM(contestant_number), contestant_number FROM CONTESTANTS WHERE  contestant_number < 14 ORDER BY contestant_number ASC LIMIT 9"
"{'meaningful_joins': 'yes', 'table_exp_type': 'single_table_with_name_changing', 'where_type': 'none', 'number_of_value_exp_in_group_by': 0, 'having_type': 'none', 'orderby_type': 'ASC', 'limit_type': 'none', 'value_exp_types': ['agg_exp', 'single_exp_text'], 'distinct_type': 'none', 'min_max_depth_in_subquery': [1, 1]}","SELECT MAX(v.phone_number), v.state FROM VOTES AS v ORDER BY v.state ASC"
"{'meaningful_joins': 'yes', 'table_exp_type': 'single_table', 'where_type': {'logical_operator': ['OR', 'between', 'basic_comparison']}, 'number_of_value_exp_in_group_by': 0, 'having_type': 'none', 'orderby_type': 'DESC', 'limit_type': 'none', 'value_exp_types': ['single_exp_number'], 'distinct_type': 'none', 'min_max_depth_in_subquery': [1, 1]}",SELECT phone_number FROM VOTES WHERE contestant_number BETWEEN 1 AND 10 OR  vote_id < 35 ORDER BY phone_number DESC
"{'meaningful_joins': 'yes', 'table_exp_type': 'single_table_with_name_changing', 'where_type': {'basic_comparison': '<'}, 'number_of_value_exp_in_group_by': 1, 'having_type': 'none', 'orderby_type': 'none', 'limit_type': 'none', 'value_exp_types': ['single_exp_number', 'single_exp_number'], 'distinct_type': 'none', 'min_max_depth_in_subquery': [1, 1]}","SELECT t.area_code, t.area_code, t.state FROM AREA_CODE_STATE AS t WHERE  t.area_code < 42 GROUP BY t.state"
"{'meaningful_joins': 'yes', 'table_exp_type': 'single_table', 'where_type': 'exists_subquery', 'number_of_value_exp_in_group_by': 0, 'having_type': 'none', 'orderby_type': 'none', 'limit_type': 'none', 'value_exp_types': ['count_distinct_exp', 'single_exp_text', 'single_exp_text'], 'distinct_type': 'none', 'min_max_depth_in_subquery': [1, 1]}","SELECT COUNT(DISTINCT vote_id), state, state FROM VOTES WHERE EXISTS (SELECT * FROM AREA_CODE_STATE WHERE  area_code = 33 AND VOTES.vote_id = state)"
"{'meaningful_joins': 'yes', 'table_exp_type': 'JOIN', 'where_type': {'logical_operator': ['AND', 'basic_comparison', 'in_with_subquery']}, 'number_of_value_exp_in_group_by': 0, 'having_type': 'none', 'orderby_type': 'none', 'limit_type': 'none', 'value_exp_types': ['agg_exp', 'count_distinct_exp', 'single_exp_number'], 'distinct_type': 'none', 'min_max_depth_in_subquery': [1, 1]}","SELECT AVG(vote_id), COUNT(DISTINCT contestant_number), vote_id FROM AREA_CODE_STATE JOIN VOTES ON AREA_CODE_STATE.state = VOTES.state WHERE  area_code < 77 AND state IN (SELECT state FROM VOTES WHERE vote_id BETWEEN 1 AND 10)"
"{'meaningful_joins': 'yes', 'table_exp_type': 'JOIN_JOIN', 'where_type': {'basic_comparison': '<'}, 'number_of_value_exp_in_group_by': 0, 'having_type': 'none', 'orderby_type': 'none', 'limit_type': 'without_offset', 'value_exp_types': ['single_exp_number', 'single_exp_number'], 'distinct_type': 'none', 'min_max_depth_in_subquery': [1, 1]}","SELECT CONTESTANTS.contestant_number, VOTES.contestant_number FROM AREA_CODE_STATE JOIN CONTESTANTS JOIN VOTES ON VOTES.contestant_number = CONTESTANTS.contestant_number AND AREA_CODE_STATE.state = VOTES.state WHERE  area_code < 57 LIMIT 10"
"{'meaningful_joins': 'yes', 'table_exp_type': 'JOIN', 'where_type': {'basic_comparison': '>'}, 'number_of_value_exp_in_group_by': 0, 'having_type': 'none', 'orderby_type': 'none', 'limit_type': 'none', 'value_exp_types': ['agg_exp', 'agg_exp'], 'distinct_type': 'none', 'min_max_depth_in_subquery': [1, 1]}","SELECT COUNT(vote_id), COUNT(contestant_number) FROM AREA_CODE_STATE JOIN VOTES ON AREA_CODE_STATE.state = VOTES.state WHERE  contestant_number > 6"
"{'meaningful_joins': 'yes', 'table_exp_type': 'single_table', 'where_type': 'none', 'number_of_value_exp_in_group_by': 0, 'having_type': 'none', 'orderby_type': 'none', 'limit_type': 'none', 'value_exp_types': ['agg_exp', 'single_exp_text', 'single_exp_text'], 'distinct_type': 'none', 'min_max_depth_in_subquery': [1, 1]}","SELECT MAX(contestant_number), contestant_name, contestant_name FROM CONTESTANTS"
"{'meaningful_joins': 'yes', 'table_exp_type': 'single_table', 'where_type': {'logical_operator': ['AND', 'between', 'not_in_with_subquery']}, 'number_of_value_exp_in_group_by': 0, 'having_type': 'none', 'orderby_type': 'none', 'limit_type': 'none', 'value_exp_types': ['agg_exp', 'agg_exp'], 'distinct_type': 'none', 'min_max_depth_in_subquery': [1, 1]}","SELECT AVG(phone_number), SUM(contestant_number) FROM VOTES WHERE phone_number BETWEEN 1 AND 10 AND contestant_number NOT IN (SELECT contestant_number FROM VOTES AS m WHERE  m.contestant_number > 49 LIMIT 8)"
"{'meaningful_joins': 'yes', 'table_exp_type': 'JOIN_JOIN', 'where_type': {'basic_comparison': '>='}, 'number_of_value_exp_in_group_by': 0, 'having_type': 'none', 'orderby_type': 'DESC', 'limit_type': 'without_offset', 'value_exp_types': ['agg_exp', 'single_exp_text', 'single_exp_text'], 'distinct_type': 'none', 'min_max_depth_in_subquery': [1, 1]}","SELECT MAX(CONTESTANTS.contestant_number), AREA_CODE_STATE.state, VOTES.state FROM AREA_CODE_STATE JOIN CONTESTANTS JOIN VOTES ON VOTES.contestant_number = CONTESTANTS.contestant_number AND AREA_CODE_STATE.state = VOTES.state WHERE  vote_id >= 44 ORDER BY AREA_CODE_STATE.state DESC LIMIT 5"
"{'meaningful_joins': 'yes', 'table_exp_type': 'single_table', 'where_type': {'basic_comparison': '>='}, 'number_of_value_exp_in_group_by': 0, 'having_type': 'none', 'orderby_type': 'none', 'limit_type': 'without_offset', 'value_exp_types': ['single_exp_number', 'single_exp_text'], 'distinct_type': 'none', 'min_max_depth_in_subquery': [1, 1]}","SELECT phone_number, state FROM VOTES WHERE  contestant_number >= 86 LIMIT 2"
"{'meaningful_joins': 'yes', 'table_exp_type': 'single_table_with_name_changing', 'where_type': {'basic_comparison': '!='}, 'number_of_value_exp_in_group_by': 0, 'having_type': 'none', 'orderby_type': 'DESC', 'limit_type': 'without_offset', 'value_exp_types': ['single_exp_number', 'single_exp_number', 'single_exp_number'], 'distinct_type': 'none', 'min_max_depth_in_subquery': [1, 1]}","SELECT p.contestant_number, p.contestant_number, p.contestant_number FROM CONTESTANTS AS p WHERE  p.contestant_number != 52 ORDER BY p.contestant_number DESC LIMIT 9"
"{'meaningful_joins': 'yes', 'table_exp_type': 'JOIN', 'where_type': {'basic_comparison': '>'}, 'number_of_value_exp_in_group_by': 1, 'having_type': 'none', 'orderby_type': 'none', 'limit_type': 'none', 'value_exp_types': ['count_distinct_exp'], 'distinct_type': 'none', 'min_max_depth_in_subquery': [1, 1]}","SELECT COUNT(DISTINCT vote_id), VOTES.contestant_number FROM CONTESTANTS JOIN VOTES ON VOTES.contestant_number = CONTESTANTS.contestant_number WHERE  vote_id > 60 GROUP BY VOTES.contestant_number"
"{'meaningful_joins': 'yes', 'table_exp_type': 'JOIN', 'where_type': {'logical_operator': ['AND', 'between', 'not_in_with_subquery']}, 'number_of_value_exp_in_group_by': 1, 'having_type': 'none', 'orderby_type': 'none', 'limit_type': 'none', 'value_exp_types': ['agg_exp', 'single_exp_text', 'single_exp_text'], 'distinct_type': 'none', 'min_max_depth_in_subquery': [1, 1]}","SELECT MIN(area_code), VOTES.state, VOTES.state FROM AREA_CODE_STATE JOIN VOTES ON AREA_CODE_STATE.state = VOTES.state WHERE contestant_number BETWEEN 1 AND 10 AND area_code NOT IN (SELECT area_code FROM AREA_CODE_STATE AS q) GROUP BY VOTES.state"
"{'meaningful_joins': 'yes', 'table_exp_type': 'JOIN', 'where_type': 'none', 'number_of_value_exp_in_group_by': 0, 'having_type': 'none', 'orderby_type': 'none', 'limit_type': 'none', 'value_exp_types': ['single_exp_number', 'single_exp_text'], 'distinct_type': 'none', 'min_max_depth_in_subquery': [1, 1]}","SELECT phone_number, state FROM CONTESTANTS JOIN VOTES ON VOTES.contestant_number = CONTESTANTS.contestant_number"
"{'meaningful_joins': 'yes', 'table_exp_type': 'JOIN', 'where_type': {'basic_comparison': '='}, 'number_of_value_exp_in_group_by': 1, 'having_type': {'single': 'SUM'}, 'orderby_type': 'none', 'limit_type': 'none', 'value_exp_types': ['count_distinct_exp', 'count_distinct_exp', 'count_distinct_exp'], 'distinct_type': 'none', 'min_max_depth_in_subquery': [1, 1]}","SELECT COUNT(DISTINCT created), COUNT(DISTINCT contestant_name), COUNT(DISTINCT vote_id), created FROM CONTESTANTS JOIN VOTES ON VOTES.contestant_number = CONTESTANTS.contestant_number WHERE  vote_id = 6 GROUP BY created HAVING SUM(VOTES.contestant_number) >= 86"
"{'meaningful_joins': 'yes', 'table_exp_type': 'single_table_with_name_changing', 'where_type': {'basic_comparison': '<='}, 'number_of_value_exp_in_group_by': 0, 'having_type': 'none', 'orderby_type': 'none', 'limit_type': 'none', 'value_exp_types': ['agg_exp', 'single_exp_text'], 'distinct_type': 'none', 'min_max_depth_in_subquery': [1, 1]}","SELECT COUNT(z.area_code), z.state FROM AREA_CODE_STATE AS z WHERE  z.area_code <= 4"
"{'meaningful_joins': 'yes', 'table_exp_type': 'SELF JOIN', 'where_type': {'basic_comparison': '>='}, 'number_of_value_exp_in_group_by': 0, 'having_type': 'none', 'orderby_type': 'ASC', 'limit_type': 'none', 'value_exp_types': ['single_exp_text'], 'distinct_type': 'none', 'min_max_depth_in_subquery': [1, 1]}",SELECT CONTESTANTS.contestant_name FROM CONTESTANTS AS g JOIN CONTESTANTS ON CONTESTANTS.contestant_number = g.contestant_number WHERE  g.contestant_number >= 98 ORDER BY CONTESTANTS.contestant_name ASC
"{'meaningful_joins': 'yes', 'table_exp_type': 'JOIN_JOIN', 'where_type': {'basic_comparison': '!='}, 'number_of_value_exp_in_group_by': 0, 'having_type': 'none', 'orderby_type': 'ASC', 'limit_type': 'none', 'value_exp_types': ['single_exp_number', 'single_exp_text'], 'distinct_type': 'none', 'min_max_depth_in_subquery': [1, 1]}","SELECT CONTESTANTS.contestant_number, contestant_name FROM AREA_CODE_STATE JOIN CONTESTANTS JOIN VOTES ON VOTES.contestant_number = CONTESTANTS.contestant_number AND AREA_CODE_STATE.state = VOTES.state WHERE  vote_id != 91 ORDER BY contestant_name ASC"
"{'meaningful_joins': 'yes', 'table_exp_type': 'single_table', 'where_type': 'none', 'number_of_value_exp_in_group_by': 1, 'having_type': {'single': 'MAX'}, 'orderby_type': 'none', 'limit_type': 'none', 'value_exp_types': ['single_exp_text'], 'distinct_type': 'none', 'min_max_depth_in_subquery': [1, 1]}",SELECT contestant_name FROM CONTESTANTS GROUP BY contestant_name HAVING MAX(contestant_number) >= 10
"{'meaningful_joins': 'yes', 'table_exp_type': 'single_table_with_name_changing', 'where_type': {'basic_comparison': '>'}, 'number_of_value_exp_in_group_by': 0, 'having_type': 'none', 'orderby_type': 'none', 'limit_type': 'none', 'value_exp_types': ['agg_exp'], 'distinct_type': 'none', 'min_max_depth_in_subquery': [1, 1]}",SELECT SUM(b.phone_number) FROM VOTES AS b WHERE  b.vote_id > 98
"{'meaningful_joins': 'yes', 'table_exp_type': 'single_table', 'where_type': {'logical_operator': ['AND', 'between', 'exists_subquery']}, 'number_of_value_exp_in_group_by': 0, 'having_type': 'none', 'orderby_type': 'none', 'limit_type': 'none', 'value_exp_types': ['single_exp_number', 'single_exp_number'], 'distinct_type': 'none', 'min_max_depth_in_subquery': [1, 1]}","SELECT contestant_number, vote_id FROM VOTES WHERE contestant_number BETWEEN 1 AND 10 AND EXISTS (SELECT * FROM AREA_CODE_STATE WHERE area_code BETWEEN 1 AND 10 AND VOTES.vote_id = state LIMIT 4)"
"{'meaningful_joins': 'yes', 'table_exp_type': 'JOIN', 'where_type': {'logical_operator': ['AND', 'between', 'comparison_with_subquery']}, 'number_of_value_exp_in_group_by': 1, 'having_type': 'none', 'orderby_type': 'none', 'limit_type': 'none', 'value_exp_types': ['single_exp_text', 'single_exp_text'], 'distinct_type': 'none', 'min_max_depth_in_subquery': [1, 1]}","SELECT VOTES.state, VOTES.state, AREA_CODE_STATE.state FROM AREA_CODE_STATE JOIN VOTES ON AREA_CODE_STATE.state = VOTES.state WHERE contestant_number BETWEEN 1 AND 10 AND contestant_number > (SELECT MIN(contestant_number) FROM CONTESTANTS WHERE  contestant_number = 10) GROUP BY AREA_CODE_STATE.state"
"{'meaningful_joins': 'yes', 'table_exp_type': 'JOIN', 'where_type': {'logical_operator': ['OR', 'basic_comparison', 'not_in_with_subquery']}, 'number_of_value_exp_in_group_by': 0, 'having_type': 'none', 'orderby_type': 'none', 'limit_type': 'without_offset', 'value_exp_types': ['agg_exp', 'count_distinct_exp'], 'distinct_type': 'none', 'min_max_depth_in_subquery': [1, 1]}","SELECT COUNT(vote_id), COUNT(DISTINCT vote_id) FROM AREA_CODE_STATE JOIN VOTES ON AREA_CODE_STATE.state = VOTES.state WHERE  phone_number >= 75 OR state NOT IN (SELECT state FROM VOTES) LIMIT 5"
"{'meaningful_joins': 'yes', 'table_exp_type': 'single_table_with_name_changing', 'where_type': {'logical_operator': ['AND', 'between', 'basic_comparison']}, 'number_of_value_exp_in_group_by': 1, 'having_type': 'none', 'orderby_type': 'none', 'limit_type': 'none', 'value_exp_types': ['single_exp_number', 'single_exp_text'], 'distinct_type': 'none', 'min_max_depth_in_subquery': [1, 1]}","SELECT p.contestant_number, p.state FROM VOTES AS p WHERE p.contestant_number BETWEEN 1 AND 10 AND  p.contestant_number <= 57 GROUP BY p.contestant_number"
"{'meaningful_joins': 'yes', 'table_exp_type': 'JOIN', 'where_type': {'logical_operator': ['AND', 'between', 'in_with_subquery']}, 'number_of_value_exp_in_group_by': 1, 'having_type': 'none', 'orderby_type': 'DESC', 'limit_type': 'without_offset', 'value_exp_types': ['single_exp_number', 'single_exp_text'], 'distinct_type': 'none', 'min_max_depth_in_subquery': [1, 1]}","SELECT CONTESTANTS.contestant_number, state, contestant_name FROM CONTESTANTS JOIN VOTES ON VOTES.contestant_number = CONTESTANTS.contestant_number WHERE VOTES.contestant_number BETWEEN 1 AND 10 AND vote_id IN (SELECT vote_id FROM VOTES AS a WHERE  a.phone_number < 11 LIMIT 6) GROUP BY contestant_name ORDER BY contestant_name DESC LIMIT 1"
"{'meaningful_joins': 'yes', 'table_exp_type': 'single_table_with_name_changing', 'where_type': {'logical_operator': ['OR', 'basic_comparison', 'comparison_with_subquery']}, 'number_of_value_exp_in_group_by': 0, 'having_type': 'none', 'orderby_type': 'ASC', 'limit_type': 'without_offset', 'value_exp_types': ['agg_exp', 'single_exp_number'], 'distinct_type': 'none', 'min_max_depth_in_subquery': [1, 1]}","SELECT COUNT(s.area_code), s.area_code FROM AREA_CODE_STATE AS s WHERE  s.area_code = 58 OR area_code >= (SELECT MIN(area_code) FROM AREA_CODE_STATE) ORDER BY s.area_code ASC LIMIT 4"
"{'meaningful_joins': 'yes', 'table_exp_type': 'JOIN', 'where_type': 'comparison_with_subquery', 'number_of_value_exp_in_group_by': 1, 'having_type': 'none', 'orderby_type': 'none', 'limit_type': 'none', 'value_exp_types': ['single_exp_text'], 'distinct_type': 'none', 'min_max_depth_in_subquery': [1, 1]}","SELECT VOTES.state, phone_number FROM AREA_CODE_STATE JOIN VOTES ON AREA_CODE_STATE.state = VOTES.state WHERE state != (SELECT MAX(state) FROM AREA_CODE_STATE WHERE  area_code >= 71) GROUP BY phone_number"
