Specification,query
"{'meaningful_joins': 'yes', 'table_exp_type': 'JOIN', 'where_type': 'none', 'number_of_value_exp_in_group_by': 0, 'having_type': 'none', 'orderby_type': 'DESC', 'limit_type': 'without_offset', 'value_exp_types': ['single_exp_number'], 'distinct_type': 'none', 'min_max_depth_in_subquery': [1, 1]}",SELECT workshop.Workshop_ID FROM Acceptance JOIN workshop ON Acceptance.Workshop_ID = workshop.Workshop_ID ORDER BY workshop.Workshop_ID DESC LIMIT 2
"{'meaningful_joins': 'yes', 'table_exp_type': 'single_table', 'where_type': 'none', 'number_of_value_exp_in_group_by': 0, 'having_type': 'none', 'orderby_type': 'none', 'limit_type': 'without_offset', 'value_exp_types': ['count_distinct_exp'], 'distinct_type': 'none', 'min_max_depth_in_subquery': [1, 1]}",SELECT COUNT(DISTINCT Venue) FROM workshop LIMIT 10
"{'meaningful_joins': 'yes', 'table_exp_type': 'single_table_with_name_changing', 'where_type': {'basic_comparison': '>='}, 'number_of_value_exp_in_group_by': 0, 'having_type': 'none', 'orderby_type': 'none', 'limit_type': 'none', 'value_exp_types': ['agg_exp', 'count_distinct_exp', 'count_distinct_exp'], 'distinct_type': 'none', 'min_max_depth_in_subquery': [1, 1]}","SELECT SUM(s.Scores), COUNT(DISTINCT s.College), COUNT(DISTINCT s.Author) FROM submission AS s WHERE  s.Scores >= 94"
"{'meaningful_joins': 'yes', 'table_exp_type': 'SELF JOIN', 'where_type': {'basic_comparison': '!='}, 'number_of_value_exp_in_group_by': 1, 'having_type': {'single': 'MAX'}, 'orderby_type': 'none', 'limit_type': 'none', 'value_exp_types': ['count_distinct_exp'], 'distinct_type': 'none', 'min_max_depth_in_subquery': [1, 1]}","SELECT COUNT(DISTINCT Acceptance.Result), Acceptance.Result FROM Acceptance JOIN Acceptance AS e ON Acceptance.Submission_ID = e.Submission_ID WHERE  e.Submission_ID != 26 GROUP BY Acceptance.Result HAVING MAX(e.Submission_ID) > 71"
"{'meaningful_joins': 'yes', 'table_exp_type': 'JOIN', 'where_type': 'none', 'number_of_value_exp_in_group_by': 0, 'having_type': 'none', 'orderby_type': 'none', 'limit_type': 'none', 'value_exp_types': ['single_exp_number', 'single_exp_text'], 'distinct_type': 'none', 'min_max_depth_in_subquery': [1, 1]}","SELECT submission.Submission_ID, Result FROM Acceptance JOIN submission ON submission.Submission_ID = Acceptance.Submission_ID"
"{'meaningful_joins': 'yes', 'table_exp_type': 'single_table_with_name_changing', 'where_type': {'basic_comparison': '>'}, 'number_of_value_exp_in_group_by': 0, 'having_type': 'none', 'orderby_type': 'ASC', 'limit_type': 'none', 'value_exp_types': ['count_distinct_exp', 'single_exp_text'], 'distinct_type': 'none', 'min_max_depth_in_subquery': [1, 1]}","SELECT COUNT(DISTINCT r.College), r.Author FROM submission AS r WHERE  r.Submission_ID > 72 ORDER BY r.Author ASC"
"{'meaningful_joins': 'yes', 'table_exp_type': 'single_table', 'where_type': {'logical_operator': ['AND', 'between', 'basic_comparison']}, 'number_of_value_exp_in_group_by': 1, 'having_type': 'none', 'orderby_type': 'ASC', 'limit_type': 'none', 'value_exp_types': ['agg_exp', 'agg_exp', 'single_exp_number'], 'distinct_type': 'none', 'min_max_depth_in_subquery': [1, 1]}","SELECT SUM(Submission_ID), AVG(Scores), Scores, Author FROM submission WHERE Submission_ID BETWEEN 1 AND 10 AND  Submission_ID >= 98 GROUP BY Author ORDER BY Scores ASC"
"{'meaningful_joins': 'yes', 'table_exp_type': 'single_table_with_name_changing', 'where_type': {'logical_operator': ['AND', 'between', 'basic_comparison']}, 'number_of_value_exp_in_group_by': 0, 'having_type': 'none', 'orderby_type': 'none', 'limit_type': 'none', 'value_exp_types': ['agg_exp', 'single_exp_text'], 'distinct_type': 'none', 'min_max_depth_in_subquery': [1, 1]}","SELECT MAX(a.Workshop_ID), a.Venue FROM workshop AS a WHERE a.Workshop_ID BETWEEN 1 AND 10 AND  a.Workshop_ID >= 22"
"{'meaningful_joins': 'yes', 'table_exp_type': 'JOIN', 'where_type': {'logical_operator': ['OR', 'between', 'not_exists_subquery']}, 'number_of_value_exp_in_group_by': 1, 'having_type': {'single': 'MAX'}, 'orderby_type': 'none', 'limit_type': 'none', 'value_exp_types': ['agg_exp', 'agg_exp', 'single_exp_number'], 'distinct_type': 'none', 'min_max_depth_in_subquery': [1, 1]}","SELECT AVG(workshop.Workshop_ID), AVG(workshop.Workshop_ID), workshop.Workshop_ID, Acceptance.Workshop_ID FROM Acceptance JOIN workshop ON Acceptance.Workshop_ID = workshop.Workshop_ID WHERE Acceptance.Workshop_ID BETWEEN 1 AND 10 OR EXISTS (SELECT * FROM Acceptance WHERE workshop.Workshop_ID = Workshop_ID) GROUP BY Acceptance.Workshop_ID HAVING MAX(Submission_ID) < 100"
"{'meaningful_joins': 'yes', 'table_exp_type': 'JOIN', 'where_type': 'not_exists_subquery', 'number_of_value_exp_in_group_by': 0, 'having_type': 'none', 'orderby_type': 'none', 'limit_type': 'none', 'value_exp_types': ['count_distinct_exp', 'single_exp_text'], 'distinct_type': 'none', 'min_max_depth_in_subquery': [1, 1]}","SELECT COUNT(DISTINCT Submission_ID), Venue FROM Acceptance JOIN workshop ON Acceptance.Workshop_ID = workshop.Workshop_ID WHERE EXISTS (SELECT * FROM Acceptance WHERE workshop.Workshop_ID = Workshop_ID LIMIT 6)"
"{'meaningful_joins': 'yes', 'table_exp_type': 'JOIN', 'where_type': {'logical_operator': ['AND', 'between', 'comparison_with_subquery']}, 'number_of_value_exp_in_group_by': 0, 'having_type': 'none', 'orderby_type': 'none', 'limit_type': 'none', 'value_exp_types': ['single_exp_number', 'single_exp_number'], 'distinct_type': 'none', 'min_max_depth_in_subquery': [1, 1]}","SELECT Scores, Acceptance.Submission_ID FROM Acceptance JOIN submission ON submission.Submission_ID = Acceptance.Submission_ID WHERE submission.Submission_ID BETWEEN 1 AND 10 AND Result >= (SELECT AVG(Result) FROM Acceptance AS r LIMIT 7)"
"{'meaningful_joins': 'yes', 'table_exp_type': 'JOIN', 'where_type': {'basic_comparison': '>='}, 'number_of_value_exp_in_group_by': 0, 'having_type': 'none', 'orderby_type': 'none', 'limit_type': 'none', 'value_exp_types': ['single_exp_text'], 'distinct_type': 'none', 'min_max_depth_in_subquery': [1, 1]}",SELECT Author FROM Acceptance JOIN submission ON submission.Submission_ID = Acceptance.Submission_ID WHERE  Scores >= 71
"{'meaningful_joins': 'yes', 'table_exp_type': 'SELF JOIN', 'where_type': {'logical_operator': ['AND', 'basic_comparison', 'not_in_with_subquery']}, 'number_of_value_exp_in_group_by': 1, 'having_type': 'none', 'orderby_type': 'none', 'limit_type': 'none', 'value_exp_types': ['agg_exp', 'count_distinct_exp'], 'distinct_type': 'none', 'min_max_depth_in_subquery': [1, 1]}","SELECT MAX(i.Submission_ID), COUNT(DISTINCT i.Submission_ID), i.Result FROM Acceptance JOIN Acceptance AS i ON Acceptance.Submission_ID = i.Submission_ID WHERE  Acceptance.Workshop_ID != 60 AND Result NOT IN (SELECT Result FROM Acceptance WHERE  Submission_ID = 35) GROUP BY i.Result"
"{'meaningful_joins': 'yes', 'table_exp_type': 'single_table', 'where_type': {'logical_operator': ['AND', 'between', 'comparison_with_subquery']}, 'number_of_value_exp_in_group_by': 1, 'having_type': 'none', 'orderby_type': 'DESC', 'limit_type': 'none', 'value_exp_types': ['single_exp_number', 'single_exp_text'], 'distinct_type': 'none', 'min_max_depth_in_subquery': [1, 1]}","SELECT Workshop_ID, Venue FROM workshop WHERE Workshop_ID BETWEEN 1 AND 10 AND Venue < (SELECT SUM(Venue) FROM workshop AS l WHERE  l.Workshop_ID > 38 LIMIT 1) GROUP BY Venue ORDER BY Venue DESC"
"{'meaningful_joins': 'yes', 'table_exp_type': 'single_table', 'where_type': 'none', 'number_of_value_exp_in_group_by': 0, 'having_type': 'none', 'orderby_type': 'ASC', 'limit_type': 'without_offset', 'value_exp_types': ['agg_exp', 'single_exp_text'], 'distinct_type': 'none', 'min_max_depth_in_subquery': [1, 1]}","SELECT MIN(Workshop_ID), Venue FROM workshop ORDER BY Venue ASC LIMIT 2"
"{'meaningful_joins': 'yes', 'table_exp_type': 'single_table_with_name_changing', 'where_type': {'basic_comparison': '>'}, 'number_of_value_exp_in_group_by': 0, 'having_type': 'none', 'orderby_type': 'none', 'limit_type': 'without_offset', 'value_exp_types': ['single_exp_text'], 'distinct_type': 'none', 'min_max_depth_in_subquery': [1, 1]}",SELECT l.Result FROM Acceptance AS l WHERE  l.Submission_ID > 72 LIMIT 9
"{'meaningful_joins': 'yes', 'table_exp_type': 'single_table_with_name_changing', 'where_type': {'basic_comparison': '='}, 'number_of_value_exp_in_group_by': 1, 'having_type': {'single': 'MAX'}, 'orderby_type': 'none', 'limit_type': 'none', 'value_exp_types': ['agg_exp', 'single_exp_number', 'single_exp_number'], 'distinct_type': 'none', 'min_max_depth_in_subquery': [1, 1]}","SELECT COUNT(i.Submission_ID), i.Submission_ID, i.Submission_ID, i.College FROM submission AS i WHERE  i.Scores = 20 GROUP BY i.College HAVING MAX(i.Submission_ID) >= 70"
"{'meaningful_joins': 'yes', 'table_exp_type': 'JOIN', 'where_type': {'basic_comparison': '!='}, 'number_of_value_exp_in_group_by': 0, 'having_type': 'none', 'orderby_type': 'ASC', 'limit_type': 'none', 'value_exp_types': ['agg_exp', 'single_exp_text'], 'distinct_type': 'none', 'min_max_depth_in_subquery': [1, 1]}","SELECT MAX(Acceptance.Workshop_ID), Date FROM Acceptance JOIN workshop ON Acceptance.Workshop_ID = workshop.Workshop_ID WHERE  Submission_ID != 96 ORDER BY Date ASC"
"{'meaningful_joins': 'yes', 'table_exp_type': 'single_table_with_name_changing', 'where_type': {'basic_comparison': '='}, 'number_of_value_exp_in_group_by': 1, 'having_type': 'none', 'orderby_type': 'DESC', 'limit_type': 'none', 'value_exp_types': ['single_exp_number', 'single_exp_number'], 'distinct_type': 'none', 'min_max_depth_in_subquery': [1, 1]}","SELECT j.Submission_ID, j.Workshop_ID, j.Result FROM Acceptance AS j WHERE  j.Submission_ID = 1 GROUP BY j.Result ORDER BY j.Submission_ID DESC"
"{'meaningful_joins': 'yes', 'table_exp_type': 'single_table_with_name_changing', 'where_type': 'none', 'number_of_value_exp_in_group_by': 1, 'having_type': 'none', 'orderby_type': 'DESC', 'limit_type': 'none', 'value_exp_types': ['single_exp_number', 'single_exp_number'], 'distinct_type': 'none', 'min_max_depth_in_subquery': [1, 1]}","SELECT e.Submission_ID, e.Workshop_ID FROM Acceptance AS e GROUP BY e.Workshop_ID ORDER BY e.Submission_ID DESC"
"{'meaningful_joins': 'yes', 'table_exp_type': 'JOIN', 'where_type': {'logical_operator': ['OR', 'basic_comparison', 'not_in_with_subquery']}, 'number_of_value_exp_in_group_by': 0, 'having_type': 'none', 'orderby_type': 'none', 'limit_type': 'none', 'value_exp_types': ['agg_exp', 'single_exp_number'], 'distinct_type': 'none', 'min_max_depth_in_subquery': [1, 1]}","SELECT SUM(Acceptance.Workshop_ID), Acceptance.Workshop_ID FROM Acceptance JOIN workshop ON Acceptance.Workshop_ID = workshop.Workshop_ID WHERE  Acceptance.Workshop_ID <= 18 OR Workshop_ID NOT IN (SELECT Workshop_ID FROM workshop)"
"{'meaningful_joins': 'yes', 'table_exp_type': 'single_table', 'where_type': {'basic_comparison': '>='}, 'number_of_value_exp_in_group_by': 0, 'having_type': 'none', 'orderby_type': 'none', 'limit_type': 'without_offset', 'value_exp_types': ['single_exp_number', 'single_exp_text'], 'distinct_type': 'none', 'min_max_depth_in_subquery': [1, 1]}","SELECT Workshop_ID, Venue FROM workshop WHERE  Workshop_ID >= 37 LIMIT 5"
"{'meaningful_joins': 'yes', 'table_exp_type': 'single_table', 'where_type': {'logical_operator': ['AND', 'between', 'not_exists_subquery']}, 'number_of_value_exp_in_group_by': 0, 'having_type': 'none', 'orderby_type': 'none', 'limit_type': 'without_offset', 'value_exp_types': ['agg_exp', 'single_exp_text'], 'distinct_type': 'none', 'min_max_depth_in_subquery': [1, 1]}","SELECT MAX(Submission_ID), College FROM submission WHERE Scores BETWEEN 1 AND 10 AND EXISTS (SELECT * FROM Acceptance WHERE  Submission_ID < 16 AND submission.Submission_ID = Submission_ID) LIMIT 8"
"{'meaningful_joins': 'yes', 'table_exp_type': 'single_table', 'where_type': 'between', 'number_of_value_exp_in_group_by': 1, 'having_type': {'single': 'MIN'}, 'orderby_type': 'ASC', 'limit_type': 'without_offset', 'value_exp_types': ['single_exp_text'], 'distinct_type': 'none', 'min_max_depth_in_subquery': [1, 1]}","SELECT Date, Venue FROM workshop WHERE Workshop_ID BETWEEN 1 AND 10 GROUP BY Venue HAVING MIN(Workshop_ID) < 50 ORDER BY Date ASC LIMIT 10"
"{'meaningful_joins': 'yes', 'table_exp_type': 'single_table', 'where_type': 'none', 'number_of_value_exp_in_group_by': 1, 'having_type': {'single': 'SUM'}, 'orderby_type': 'DESC', 'limit_type': 'none', 'value_exp_types': ['single_exp_number', 'single_exp_text'], 'distinct_type': 'none', 'min_max_depth_in_subquery': [1, 1]}","SELECT Scores, Author FROM submission GROUP BY Author HAVING SUM(Submission_ID) >= 97 ORDER BY Scores DESC"
"{'meaningful_joins': 'yes', 'table_exp_type': 'JOIN_JOIN', 'where_type': {'basic_comparison': '<'}, 'number_of_value_exp_in_group_by': 1, 'having_type': 'none', 'orderby_type': 'ASC', 'limit_type': 'none', 'value_exp_types': ['single_exp_text', 'single_exp_text'], 'distinct_type': 'none', 'min_max_depth_in_subquery': [1, 1]}","SELECT College, Name, Result FROM Acceptance JOIN workshop JOIN submission ON Acceptance.Workshop_ID = workshop.Workshop_ID AND submission.Submission_ID = Acceptance.Submission_ID WHERE  workshop.Workshop_ID < 44 GROUP BY Result ORDER BY College ASC"
"{'meaningful_joins': 'yes', 'table_exp_type': 'single_table_with_name_changing', 'where_type': 'comparison_with_subquery', 'number_of_value_exp_in_group_by': 1, 'having_type': {'single': 'MAX'}, 'orderby_type': 'ASC', 'limit_type': 'none', 'value_exp_types': ['single_exp_number', 'single_exp_text'], 'distinct_type': 'none', 'min_max_depth_in_subquery': [1, 1]}","SELECT b.Submission_ID, b.Result, b.Workshop_ID FROM Acceptance AS b WHERE Workshop_ID >= (SELECT AVG(Workshop_ID) FROM Acceptance AS g WHERE  g.Submission_ID >= 63) GROUP BY b.Workshop_ID HAVING MAX(b.Workshop_ID) = 84 ORDER BY b.Result ASC"
"{'meaningful_joins': 'yes', 'table_exp_type': 'JOIN', 'where_type': {'basic_comparison': '!='}, 'number_of_value_exp_in_group_by': 1, 'having_type': {'single': 'COUNT'}, 'orderby_type': 'none', 'limit_type': 'without_offset', 'value_exp_types': ['count_distinct_exp', 'single_exp_text'], 'distinct_type': 'none', 'min_max_depth_in_subquery': [1, 1]}","SELECT COUNT(DISTINCT workshop.Workshop_ID), Date, Name FROM Acceptance JOIN workshop ON Acceptance.Workshop_ID = workshop.Workshop_ID WHERE  workshop.Workshop_ID != 75 GROUP BY Name HAVING COUNT(Acceptance.Workshop_ID) >= 5 LIMIT 10"
"{'meaningful_joins': 'yes', 'table_exp_type': 'JOIN', 'where_type': {'basic_comparison': '<'}, 'number_of_value_exp_in_group_by': 0, 'having_type': 'none', 'orderby_type': 'none', 'limit_type': 'none', 'value_exp_types': ['single_exp_number'], 'distinct_type': 'none', 'min_max_depth_in_subquery': [1, 1]}",SELECT Workshop_ID FROM Acceptance JOIN submission ON submission.Submission_ID = Acceptance.Submission_ID WHERE  Acceptance.Submission_ID < 1
"{'meaningful_joins': 'yes', 'table_exp_type': 'JOIN_JOIN', 'where_type': 'none', 'number_of_value_exp_in_group_by': 0, 'having_type': 'none', 'orderby_type': 'none', 'limit_type': 'without_offset', 'value_exp_types': ['agg_exp', 'agg_exp', 'count_distinct_exp'], 'distinct_type': 'none', 'min_max_depth_in_subquery': [1, 1]}","SELECT MAX(Acceptance.Workshop_ID), COUNT(workshop.Workshop_ID), COUNT(DISTINCT workshop.Workshop_ID) FROM Acceptance JOIN workshop JOIN submission ON Acceptance.Workshop_ID = workshop.Workshop_ID AND submission.Submission_ID = Acceptance.Submission_ID LIMIT 2"
"{'meaningful_joins': 'yes', 'table_exp_type': 'single_table_with_name_changing', 'where_type': {'basic_comparison': '>='}, 'number_of_value_exp_in_group_by': 0, 'having_type': 'none', 'orderby_type': 'none', 'limit_type': 'without_offset', 'value_exp_types': ['count_distinct_exp', 'count_distinct_exp', 'single_exp_text'], 'distinct_type': 'none', 'min_max_depth_in_subquery': [1, 1]}","SELECT COUNT(DISTINCT z.Workshop_ID), COUNT(DISTINCT z.Result), z.Result FROM Acceptance AS z WHERE  z.Workshop_ID >= 19 LIMIT 2"
"{'meaningful_joins': 'yes', 'table_exp_type': 'single_table_with_name_changing', 'where_type': {'logical_operator': ['OR', 'between', 'basic_comparison']}, 'number_of_value_exp_in_group_by': 1, 'having_type': 'none', 'orderby_type': 'none', 'limit_type': 'none', 'value_exp_types': ['agg_exp', 'agg_exp'], 'distinct_type': 'none', 'min_max_depth_in_subquery': [1, 1]}","SELECT SUM(c.Workshop_ID), MIN(c.Workshop_ID), c.Venue FROM workshop AS c WHERE c.Workshop_ID BETWEEN 1 AND 10 OR  c.Workshop_ID = 61 GROUP BY c.Venue"
