Specification,query
"{'meaningful_joins': 'yes', 'table_exp_type': 'SELF JOIN', 'where_type': {'basic_comparison': '>'}, 'number_of_value_exp_in_group_by': 0, 'having_type': 'none', 'orderby_type': 'ASC', 'limit_type': 'none', 'value_exp_types': ['single_exp_text'], 'distinct_type': 'none', 'min_max_depth_in_subquery': [1, 1]}",SELECT n.Location FROM wrestler AS n JOIN wrestler ON wrestler.Wrestler_ID = n.Wrestler_ID WHERE  n.Wrestler_ID > 95 ORDER BY n.Location ASC
"{'meaningful_joins': 'yes', 'table_exp_type': 'JOIN', 'where_type': {'basic_comparison': '>='}, 'number_of_value_exp_in_group_by': 0, 'having_type': 'none', 'orderby_type': 'DESC', 'limit_type': 'none', 'value_exp_types': ['agg_exp', 'single_exp_number'], 'distinct_type': 'none', 'min_max_depth_in_subquery': [1, 1]}","SELECT MAX(wrestler.Wrestler_ID), Elimination.Wrestler_ID FROM wrestler JOIN Elimination ON Elimination.Wrestler_ID = wrestler.Wrestler_ID WHERE  wrestler.Wrestler_ID >= 15 ORDER BY Elimination.Wrestler_ID DESC"
"{'meaningful_joins': 'yes', 'table_exp_type': 'SELF JOIN', 'where_type': {'basic_comparison': '>='}, 'number_of_value_exp_in_group_by': 1, 'having_type': {'single': 'MAX'}, 'orderby_type': 'none', 'limit_type': 'without_offset', 'value_exp_types': ['agg_exp', 'single_exp_number'], 'distinct_type': 'none', 'min_max_depth_in_subquery': [1, 1]}","SELECT MAX(y.Wrestler_ID), wrestler.Wrestler_ID, wrestler.Name FROM wrestler AS y JOIN wrestler ON wrestler.Wrestler_ID = y.Wrestler_ID WHERE  y.Wrestler_ID >= 63 GROUP BY wrestler.Name HAVING MAX(wrestler.Wrestler_ID) > 20 LIMIT 6"
"{'meaningful_joins': 'yes', 'table_exp_type': 'JOIN', 'where_type': {'logical_operator': ['AND', 'between', 'basic_comparison']}, 'number_of_value_exp_in_group_by': 0, 'having_type': 'none', 'orderby_type': 'none', 'limit_type': 'none', 'value_exp_types': ['agg_exp', 'single_exp_text', 'single_exp_text'], 'distinct_type': 'none', 'min_max_depth_in_subquery': [1, 1]}","SELECT MIN(wrestler.Wrestler_ID), Elimination_ID, Time FROM wrestler JOIN Elimination ON Elimination.Wrestler_ID = wrestler.Wrestler_ID WHERE wrestler.Wrestler_ID BETWEEN 1 AND 10 AND  wrestler.Wrestler_ID != 26"
"{'meaningful_joins': 'yes', 'table_exp_type': 'JOIN', 'where_type': 'none', 'number_of_value_exp_in_group_by': 0, 'having_type': 'none', 'orderby_type': 'ASC', 'limit_type': 'none', 'value_exp_types': ['agg_exp', 'single_exp_text'], 'distinct_type': 'none', 'min_max_depth_in_subquery': [1, 1]}","SELECT MIN(wrestler.Wrestler_ID), Eliminated_By FROM wrestler JOIN Elimination ON Elimination.Wrestler_ID = wrestler.Wrestler_ID ORDER BY Eliminated_By ASC"
"{'meaningful_joins': 'yes', 'table_exp_type': 'JOIN', 'where_type': 'between', 'number_of_value_exp_in_group_by': 1, 'having_type': 'none', 'orderby_type': 'none', 'limit_type': 'without_offset', 'value_exp_types': ['agg_exp', 'single_exp_number'], 'distinct_type': 'none', 'min_max_depth_in_subquery': [1, 1]}","SELECT MAX(Elimination.Wrestler_ID), Elimination.Wrestler_ID, Elimination_Move FROM wrestler JOIN Elimination ON Elimination.Wrestler_ID = wrestler.Wrestler_ID WHERE Elimination.Wrestler_ID BETWEEN 1 AND 10 GROUP BY Elimination_Move LIMIT 4"
"{'meaningful_joins': 'yes', 'table_exp_type': 'single_table', 'where_type': {'basic_comparison': '>='}, 'number_of_value_exp_in_group_by': 1, 'having_type': {'single': 'SUM'}, 'orderby_type': 'none', 'limit_type': 'none', 'value_exp_types': ['single_exp_number'], 'distinct_type': 'none', 'min_max_depth_in_subquery': [1, 1]}","SELECT Wrestler_ID, Location FROM wrestler WHERE  Wrestler_ID >= 92 GROUP BY Location HAVING SUM(Wrestler_ID) <= 9"
"{'meaningful_joins': 'yes', 'table_exp_type': 'JOIN', 'where_type': {'basic_comparison': '<'}, 'number_of_value_exp_in_group_by': 1, 'having_type': {'single': 'SUM'}, 'orderby_type': 'ASC', 'limit_type': 'none', 'value_exp_types': ['single_exp_text', 'single_exp_text'], 'distinct_type': 'none', 'min_max_depth_in_subquery': [1, 1]}","SELECT Name, Location, Days_held FROM wrestler JOIN Elimination ON Elimination.Wrestler_ID = wrestler.Wrestler_ID WHERE  Elimination.Wrestler_ID < 39 GROUP BY Days_held HAVING SUM(wrestler.Wrestler_ID) <= 94 ORDER BY Location ASC"
"{'meaningful_joins': 'yes', 'table_exp_type': 'single_table', 'where_type': {'basic_comparison': '<='}, 'number_of_value_exp_in_group_by': 0, 'having_type': 'none', 'orderby_type': 'DESC', 'limit_type': 'none', 'value_exp_types': ['single_exp_number', 'single_exp_text'], 'distinct_type': 'none', 'min_max_depth_in_subquery': [1, 1]}","SELECT Wrestler_ID, Name FROM wrestler WHERE  Wrestler_ID <= 55 ORDER BY Wrestler_ID DESC"
"{'meaningful_joins': 'yes', 'table_exp_type': 'JOIN', 'where_type': 'between', 'number_of_value_exp_in_group_by': 0, 'having_type': 'none', 'orderby_type': 'none', 'limit_type': 'without_offset', 'value_exp_types': ['single_exp_number', 'single_exp_number'], 'distinct_type': 'none', 'min_max_depth_in_subquery': [1, 1]}","SELECT Elimination.Wrestler_ID, Elimination.Wrestler_ID FROM wrestler JOIN Elimination ON Elimination.Wrestler_ID = wrestler.Wrestler_ID WHERE Elimination.Wrestler_ID BETWEEN 1 AND 10 LIMIT 2"
"{'meaningful_joins': 'yes', 'table_exp_type': 'JOIN', 'where_type': 'exists_subquery', 'number_of_value_exp_in_group_by': 0, 'having_type': 'none', 'orderby_type': 'none', 'limit_type': 'none', 'value_exp_types': ['agg_exp', 'single_exp_number'], 'distinct_type': 'none', 'min_max_depth_in_subquery': [1, 1]}","SELECT SUM(Elimination.Wrestler_ID), Elimination.Wrestler_ID FROM wrestler JOIN Elimination ON Elimination.Wrestler_ID = wrestler.Wrestler_ID WHERE EXISTS (SELECT * FROM wrestler WHERE  Wrestler_ID != 92 AND Elimination.Elimination_ID = Wrestler_ID)"
"{'meaningful_joins': 'yes', 'table_exp_type': 'JOIN', 'where_type': {'basic_comparison': '='}, 'number_of_value_exp_in_group_by': 0, 'having_type': 'none', 'orderby_type': 'none', 'limit_type': 'without_offset', 'value_exp_types': ['single_exp_number'], 'distinct_type': 'none', 'min_max_depth_in_subquery': [1, 1]}",SELECT Elimination.Wrestler_ID FROM wrestler JOIN Elimination ON Elimination.Wrestler_ID = wrestler.Wrestler_ID WHERE  Elimination.Wrestler_ID = 53 LIMIT 2
"{'meaningful_joins': 'yes', 'table_exp_type': 'JOIN', 'where_type': 'none', 'number_of_value_exp_in_group_by': 0, 'having_type': 'none', 'orderby_type': 'none', 'limit_type': 'none', 'value_exp_types': ['count_distinct_exp'], 'distinct_type': 'none', 'min_max_depth_in_subquery': [1, 1]}",SELECT COUNT(DISTINCT Eliminated_By) FROM wrestler JOIN Elimination ON Elimination.Wrestler_ID = wrestler.Wrestler_ID
"{'meaningful_joins': 'yes', 'table_exp_type': 'single_table_with_name_changing', 'where_type': {'basic_comparison': '<'}, 'number_of_value_exp_in_group_by': 1, 'having_type': 'none', 'orderby_type': 'none', 'limit_type': 'without_offset', 'value_exp_types': ['single_exp_number'], 'distinct_type': 'none', 'min_max_depth_in_subquery': [1, 1]}","SELECT i.Wrestler_ID, i.Days_held FROM wrestler AS i WHERE  i.Wrestler_ID < 38 GROUP BY i.Days_held LIMIT 4"
"{'meaningful_joins': 'yes', 'table_exp_type': 'single_table_with_name_changing', 'where_type': {'basic_comparison': '>='}, 'number_of_value_exp_in_group_by': 1, 'having_type': {'single': 'MAX'}, 'orderby_type': 'none', 'limit_type': 'none', 'value_exp_types': ['single_exp_number', 'single_exp_number'], 'distinct_type': 'none', 'min_max_depth_in_subquery': [1, 1]}","SELECT t.Wrestler_ID, t.Wrestler_ID, t.Reign FROM wrestler AS t WHERE  t.Wrestler_ID >= 100 GROUP BY t.Reign HAVING MAX(t.Wrestler_ID) >= 30"
"{'meaningful_joins': 'yes', 'table_exp_type': 'single_table', 'where_type': {'basic_comparison': '<'}, 'number_of_value_exp_in_group_by': 1, 'having_type': {'single': 'AVG'}, 'orderby_type': 'ASC', 'limit_type': 'none', 'value_exp_types': ['single_exp_text'], 'distinct_type': 'none', 'min_max_depth_in_subquery': [1, 1]}","SELECT Event, Name FROM wrestler WHERE  Wrestler_ID < 25 GROUP BY Name HAVING AVG(Wrestler_ID) <= 48 ORDER BY Event ASC"
"{'meaningful_joins': 'yes', 'table_exp_type': 'single_table', 'where_type': {'basic_comparison': '>'}, 'number_of_value_exp_in_group_by': 0, 'having_type': 'none', 'orderby_type': 'ASC', 'limit_type': 'without_offset', 'value_exp_types': ['single_exp_number'], 'distinct_type': 'none', 'min_max_depth_in_subquery': [1, 1]}",SELECT Wrestler_ID FROM wrestler WHERE  Wrestler_ID > 55 ORDER BY Wrestler_ID ASC LIMIT 10
"{'meaningful_joins': 'yes', 'table_exp_type': 'SELF JOIN', 'where_type': {'basic_comparison': '<'}, 'number_of_value_exp_in_group_by': 0, 'having_type': 'none', 'orderby_type': 'ASC', 'limit_type': 'none', 'value_exp_types': ['single_exp_text'], 'distinct_type': 'none', 'min_max_depth_in_subquery': [1, 1]}",SELECT wrestler.Reign FROM wrestler JOIN wrestler AS s ON wrestler.Wrestler_ID = s.Wrestler_ID WHERE  wrestler.Wrestler_ID < 35 ORDER BY wrestler.Reign ASC
"{'meaningful_joins': 'yes', 'table_exp_type': 'JOIN', 'where_type': {'basic_comparison': '<='}, 'number_of_value_exp_in_group_by': 0, 'having_type': 'none', 'orderby_type': 'ASC', 'limit_type': 'none', 'value_exp_types': ['single_exp_number'], 'distinct_type': 'none', 'min_max_depth_in_subquery': [1, 1]}",SELECT wrestler.Wrestler_ID FROM wrestler JOIN Elimination ON Elimination.Wrestler_ID = wrestler.Wrestler_ID WHERE  Elimination.Wrestler_ID <= 47 ORDER BY wrestler.Wrestler_ID ASC
"{'meaningful_joins': 'yes', 'table_exp_type': 'single_table_with_name_changing', 'where_type': {'logical_operator': ['AND', 'between', 'comparison_with_subquery']}, 'number_of_value_exp_in_group_by': 0, 'having_type': 'none', 'orderby_type': 'DESC', 'limit_type': 'none', 'value_exp_types': ['single_exp_number'], 'distinct_type': 'none', 'min_max_depth_in_subquery': [1, 1]}",SELECT x.Wrestler_ID FROM wrestler AS x WHERE x.Wrestler_ID BETWEEN 1 AND 10 AND Days_held = (SELECT MIN(Days_held) FROM wrestler WHERE Wrestler_ID BETWEEN 1 AND 10 LIMIT 9) ORDER BY x.Wrestler_ID DESC
"{'meaningful_joins': 'yes', 'table_exp_type': 'single_table_with_name_changing', 'where_type': 'comparison_with_subquery', 'number_of_value_exp_in_group_by': 1, 'having_type': 'none', 'orderby_type': 'none', 'limit_type': 'none', 'value_exp_types': ['single_exp_number'], 'distinct_type': 'none', 'min_max_depth_in_subquery': [1, 1]}","SELECT g.Wrestler_ID, g.Reign FROM wrestler AS g WHERE Event != (SELECT MAX(Event) FROM wrestler AS u WHERE  u.Wrestler_ID = 15) GROUP BY g.Reign"
