Specification,query
"{'meaningful_joins': 'yes', 'table_exp_type': 'JOIN_JOIN', 'where_type': {'logical_operator': ['OR', 'between', 'basic_comparison']}, 'number_of_value_exp_in_group_by': 0, 'having_type': 'none', 'orderby_type': 'ASC', 'limit_type': 'without_offset', 'value_exp_types': ['single_exp_text', 'single_exp_text'], 'distinct_type': 'none', 'min_max_depth_in_subquery': [1, 1]}","SELECT tourney_name, surface FROM players JOIN rankings JOIN matches ON players.player_id = rankings.player_id AND matches.loser_id = players.player_id WHERE minutes BETWEEN 1 AND 10 OR  ranking_points <= 79 ORDER BY surface ASC LIMIT 6"
"{'meaningful_joins': 'yes', 'table_exp_type': 'SELF JOIN', 'where_type': {'logical_operator': ['AND', 'between', 'basic_comparison']}, 'number_of_value_exp_in_group_by': 1, 'having_type': {'single': 'COUNT'}, 'orderby_type': 'ASC', 'limit_type': 'none', 'value_exp_types': ['agg_exp', 'count_distinct_exp', 'single_exp_text'], 'distinct_type': 'none', 'min_max_depth_in_subquery': [1, 1]}","SELECT SUM(players.player_id), COUNT(DISTINCT players.country_code), players.hand, l.country_code FROM players JOIN players AS l ON players.player_id = l.player_id WHERE players.player_id BETWEEN 1 AND 10 AND  l.player_id != 58 GROUP BY l.country_code HAVING COUNT(l.player_id) = 59 ORDER BY l.country_code ASC"
"{'meaningful_joins': 'yes', 'table_exp_type': 'single_table', 'where_type': {'logical_operator': ['OR', 'basic_comparison', 'comparison_with_subquery']}, 'number_of_value_exp_in_group_by': 0, 'having_type': 'none', 'orderby_type': 'none', 'limit_type': 'none', 'value_exp_types': ['single_exp_text'], 'distinct_type': 'none', 'min_max_depth_in_subquery': [1, 1]}",SELECT hand FROM players WHERE  player_id <= 47 OR hand != (SELECT AVG(hand) FROM players AS u)
"{'meaningful_joins': 'yes', 'table_exp_type': 'single_table_with_name_changing', 'where_type': 'none', 'number_of_value_exp_in_group_by': 0, 'having_type': 'none', 'orderby_type': 'none', 'limit_type': 'none', 'value_exp_types': ['count_distinct_exp'], 'distinct_type': 'none', 'min_max_depth_in_subquery': [1, 1]}",SELECT COUNT(DISTINCT w.last_name) FROM players AS w
"{'meaningful_joins': 'yes', 'table_exp_type': 'single_table_with_name_changing', 'where_type': {'basic_comparison': '='}, 'number_of_value_exp_in_group_by': 0, 'having_type': 'none', 'orderby_type': 'ASC', 'limit_type': 'without_offset', 'value_exp_types': ['single_exp_number', 'single_exp_number'], 'distinct_type': 'none', 'min_max_depth_in_subquery': [1, 1]}","SELECT q.ranking, q.tours FROM rankings AS q WHERE  q.ranking = 88 ORDER BY q.ranking ASC LIMIT 7"
"{'meaningful_joins': 'yes', 'table_exp_type': 'JOIN', 'where_type': 'not_in_with_subquery', 'number_of_value_exp_in_group_by': 0, 'having_type': 'none', 'orderby_type': 'none', 'limit_type': 'without_offset', 'value_exp_types': ['single_exp_text', 'single_exp_text'], 'distinct_type': 'none', 'min_max_depth_in_subquery': [1, 1]}","SELECT country_code, first_name FROM players JOIN matches ON matches.loser_id = players.player_id WHERE hand NOT IN (SELECT hand FROM players AS a WHERE a.player_id BETWEEN 1 AND 10 LIMIT 3) LIMIT 3"
"{'meaningful_joins': 'yes', 'table_exp_type': 'single_table_with_name_changing', 'where_type': 'not_in_with_subquery', 'number_of_value_exp_in_group_by': 0, 'having_type': 'none', 'orderby_type': 'none', 'limit_type': 'none', 'value_exp_types': ['single_exp_text', 'single_exp_text'], 'distinct_type': 'none', 'min_max_depth_in_subquery': [1, 1]}","SELECT i.last_name, i.country_code FROM players AS i WHERE country_code NOT IN (SELECT country_code FROM players AS g WHERE  g.player_id > 50)"
"{'meaningful_joins': 'yes', 'table_exp_type': 'single_table_with_name_changing', 'where_type': 'between', 'number_of_value_exp_in_group_by': 0, 'having_type': 'none', 'orderby_type': 'none', 'limit_type': 'none', 'value_exp_types': ['single_exp_number', 'single_exp_number', 'single_exp_text'], 'distinct_type': 'none', 'min_max_depth_in_subquery': [1, 1]}","SELECT s.player_id, s.player_id, s.country_code FROM players AS s WHERE s.player_id BETWEEN 1 AND 10"
"{'meaningful_joins': 'yes', 'table_exp_type': 'JOIN', 'where_type': {'basic_comparison': '>'}, 'number_of_value_exp_in_group_by': 0, 'having_type': 'none', 'orderby_type': 'ASC', 'limit_type': 'none', 'value_exp_types': ['single_exp_number', 'single_exp_text'], 'distinct_type': 'none', 'min_max_depth_in_subquery': [1, 1]}","SELECT players.player_id, hand FROM players JOIN rankings ON players.player_id = rankings.player_id WHERE  ranking > 100 ORDER BY hand ASC"
"{'meaningful_joins': 'yes', 'table_exp_type': 'single_table', 'where_type': {'basic_comparison': '<='}, 'number_of_value_exp_in_group_by': 0, 'having_type': 'none', 'orderby_type': 'DESC', 'limit_type': 'none', 'value_exp_types': ['agg_exp', 'single_exp_number'], 'distinct_type': 'none', 'min_max_depth_in_subquery': [1, 1]}","SELECT AVG(tours), ranking FROM rankings WHERE  tours <= 68 ORDER BY ranking DESC"
"{'meaningful_joins': 'yes', 'table_exp_type': 'JOIN', 'where_type': 'none', 'number_of_value_exp_in_group_by': 0, 'having_type': 'none', 'orderby_type': 'ASC', 'limit_type': 'without_offset', 'value_exp_types': ['single_exp_number'], 'distinct_type': 'none', 'min_max_depth_in_subquery': [1, 1]}",SELECT tours FROM players JOIN rankings ON players.player_id = rankings.player_id ORDER BY tours ASC LIMIT 2
"{'meaningful_joins': 'yes', 'table_exp_type': 'single_table', 'where_type': 'none', 'number_of_value_exp_in_group_by': 0, 'having_type': 'none', 'orderby_type': 'DESC', 'limit_type': 'none', 'value_exp_types': ['single_exp_text'], 'distinct_type': 'none', 'min_max_depth_in_subquery': [1, 1]}",SELECT hand FROM players ORDER BY hand DESC
"{'meaningful_joins': 'yes', 'table_exp_type': 'single_table_with_name_changing', 'where_type': 'comparison_with_subquery', 'number_of_value_exp_in_group_by': 0, 'having_type': 'none', 'orderby_type': 'none', 'limit_type': 'none', 'value_exp_types': ['single_exp_number', 'single_exp_text'], 'distinct_type': 'none', 'min_max_depth_in_subquery': [1, 1]}","SELECT q.player_id, q.last_name FROM players AS q WHERE first_name != (SELECT SUM(first_name) FROM players WHERE  player_id >= 17)"
"{'meaningful_joins': 'yes', 'table_exp_type': 'single_table_with_name_changing', 'where_type': {'basic_comparison': '<'}, 'number_of_value_exp_in_group_by': 0, 'having_type': 'none', 'orderby_type': 'none', 'limit_type': 'none', 'value_exp_types': ['agg_exp'], 'distinct_type': 'none', 'min_max_depth_in_subquery': [1, 1]}",SELECT AVG(q.player_id) FROM players AS q WHERE  q.player_id < 86
"{'meaningful_joins': 'yes', 'table_exp_type': 'SELF JOIN', 'where_type': {'logical_operator': ['AND', 'between', 'in_with_subquery']}, 'number_of_value_exp_in_group_by': 0, 'having_type': 'none', 'orderby_type': 'none', 'limit_type': 'none', 'value_exp_types': ['agg_exp', 'single_exp_number'], 'distinct_type': 'none', 'min_max_depth_in_subquery': [1, 1]}","SELECT MAX(players.player_id), players.player_id FROM players AS r JOIN players ON players.player_id = r.player_id WHERE players.player_id BETWEEN 1 AND 10 AND country_code IN (SELECT country_code FROM players AS v WHERE  v.player_id <= 38)"
"{'meaningful_joins': 'yes', 'table_exp_type': 'single_table', 'where_type': {'basic_comparison': '>='}, 'number_of_value_exp_in_group_by': 0, 'having_type': 'none', 'orderby_type': 'none', 'limit_type': 'none', 'value_exp_types': ['single_exp_number', 'single_exp_number'], 'distinct_type': 'none', 'min_max_depth_in_subquery': [1, 1]}","SELECT tours, tours FROM rankings WHERE  player_id >= 12"
"{'meaningful_joins': 'yes', 'table_exp_type': 'JOIN_JOIN', 'where_type': {'basic_comparison': '<='}, 'number_of_value_exp_in_group_by': 0, 'having_type': 'none', 'orderby_type': 'DESC', 'limit_type': 'none', 'value_exp_types': ['agg_exp', 'single_exp_text'], 'distinct_type': 'none', 'min_max_depth_in_subquery': [1, 1]}","SELECT COUNT(minutes), round FROM players JOIN rankings JOIN matches ON players.player_id = rankings.player_id AND matches.loser_id = players.player_id WHERE  winner_seed <= 35 ORDER BY round DESC"
"{'meaningful_joins': 'yes', 'table_exp_type': 'JOIN', 'where_type': 'between', 'number_of_value_exp_in_group_by': 0, 'having_type': 'none', 'orderby_type': 'none', 'limit_type': 'none', 'value_exp_types': ['agg_exp', 'count_distinct_exp'], 'distinct_type': 'none', 'min_max_depth_in_subquery': [1, 1]}","SELECT COUNT(ranking), COUNT(DISTINCT hand) FROM players JOIN rankings ON players.player_id = rankings.player_id WHERE tours BETWEEN 1 AND 10"
"{'meaningful_joins': 'yes', 'table_exp_type': 'single_table_with_name_changing', 'where_type': {'logical_operator': ['AND', 'basic_comparison', 'in_with_subquery']}, 'number_of_value_exp_in_group_by': 1, 'having_type': 'none', 'orderby_type': 'none', 'limit_type': 'none', 'value_exp_types': ['single_exp_text', 'single_exp_text', 'single_exp_text'], 'distinct_type': 'none', 'min_max_depth_in_subquery': [1, 1]}","SELECT x.last_name, x.last_name, x.last_name, x.first_name FROM players AS x WHERE  x.player_id != 76 AND country_code IN (SELECT country_code FROM players AS a WHERE a.player_id BETWEEN 1 AND 10 OR  a.player_id < 59 LIMIT 2) GROUP BY x.first_name"
"{'meaningful_joins': 'yes', 'table_exp_type': 'single_table', 'where_type': 'none', 'number_of_value_exp_in_group_by': 0, 'having_type': 'none', 'orderby_type': 'none', 'limit_type': 'without_offset', 'value_exp_types': ['agg_exp', 'count_distinct_exp'], 'distinct_type': 'none', 'min_max_depth_in_subquery': [1, 1]}","SELECT AVG(player_id), COUNT(DISTINCT last_name) FROM players LIMIT 5"
"{'meaningful_joins': 'yes', 'table_exp_type': 'SELF JOIN', 'where_type': {'logical_operator': ['OR', 'between', 'not_exists_subquery']}, 'number_of_value_exp_in_group_by': 1, 'having_type': 'none', 'orderby_type': 'ASC', 'limit_type': 'without_offset', 'value_exp_types': ['agg_exp', 'count_distinct_exp'], 'distinct_type': 'none', 'min_max_depth_in_subquery': [1, 1]}","SELECT SUM(q.player_id), COUNT(DISTINCT q.country_code), q.hand FROM players JOIN players AS q ON players.player_id = q.player_id WHERE players.player_id BETWEEN 1 AND 10 OR EXISTS (SELECT * FROM rankings AS p WHERE players.player_id = p.player_id) GROUP BY q.hand ORDER BY q.hand ASC LIMIT 1"
"{'meaningful_joins': 'yes', 'table_exp_type': 'SELF JOIN', 'where_type': {'basic_comparison': '='}, 'number_of_value_exp_in_group_by': 0, 'having_type': 'none', 'orderby_type': 'none', 'limit_type': 'none', 'value_exp_types': ['single_exp_number', 'single_exp_number'], 'distinct_type': 'none', 'min_max_depth_in_subquery': [1, 1]}","SELECT t.player_id, t.player_id FROM players JOIN players AS t ON players.player_id = t.player_id WHERE  t.player_id = 75"
"{'meaningful_joins': 'yes', 'table_exp_type': 'SELF JOIN', 'where_type': 'not_exists_subquery', 'number_of_value_exp_in_group_by': 0, 'having_type': 'none', 'orderby_type': 'none', 'limit_type': 'none', 'value_exp_types': ['single_exp_number', 'single_exp_text'], 'distinct_type': 'none', 'min_max_depth_in_subquery': [1, 1]}","SELECT u.player_id, u.first_name FROM players AS u JOIN players ON players.player_id = u.player_id WHERE EXISTS (SELECT * FROM rankings WHERE  player_id = 70 AND players.player_id = player_id)"
"{'meaningful_joins': 'yes', 'table_exp_type': 'single_table_with_name_changing', 'where_type': {'basic_comparison': '>'}, 'number_of_value_exp_in_group_by': 0, 'having_type': 'none', 'orderby_type': 'DESC', 'limit_type': 'none', 'value_exp_types': ['single_exp_number'], 'distinct_type': 'none', 'min_max_depth_in_subquery': [1, 1]}",SELECT w.loser_age FROM matches AS w WHERE  w.year > 6 ORDER BY w.loser_age DESC
"{'meaningful_joins': 'yes', 'table_exp_type': 'JOIN_JOIN', 'where_type': 'none', 'number_of_value_exp_in_group_by': 0, 'having_type': 'none', 'orderby_type': 'none', 'limit_type': 'none', 'value_exp_types': ['count_distinct_exp'], 'distinct_type': 'none', 'min_max_depth_in_subquery': [1, 1]}",SELECT COUNT(DISTINCT winner_hand) FROM players JOIN rankings JOIN matches ON players.player_id = rankings.player_id AND matches.loser_id = players.player_id
"{'meaningful_joins': 'yes', 'table_exp_type': 'single_table', 'where_type': {'logical_operator': ['AND', 'between', 'basic_comparison']}, 'number_of_value_exp_in_group_by': 0, 'having_type': 'none', 'orderby_type': 'none', 'limit_type': 'none', 'value_exp_types': ['count_distinct_exp'], 'distinct_type': 'none', 'min_max_depth_in_subquery': [1, 1]}",SELECT COUNT(DISTINCT ranking) FROM rankings WHERE ranking_points BETWEEN 1 AND 10 AND  ranking >= 88
"{'meaningful_joins': 'yes', 'table_exp_type': 'JOIN_JOIN', 'where_type': {'logical_operator': ['OR', 'between', 'not_exists_subquery']}, 'number_of_value_exp_in_group_by': 0, 'having_type': 'none', 'orderby_type': 'none', 'limit_type': 'none', 'value_exp_types': ['count_distinct_exp', 'single_exp_text'], 'distinct_type': 'none', 'min_max_depth_in_subquery': [1, 1]}","SELECT COUNT(DISTINCT loser_ht), score FROM players JOIN rankings JOIN matches ON players.player_id = rankings.player_id AND matches.loser_id = players.player_id WHERE loser_rank BETWEEN 1 AND 10 OR EXISTS (SELECT * FROM rankings AS m WHERE  m.ranking_points < 61 AND players.player_id = m.player_id)"
"{'meaningful_joins': 'yes', 'table_exp_type': 'JOIN_JOIN', 'where_type': {'basic_comparison': '>'}, 'number_of_value_exp_in_group_by': 0, 'having_type': 'none', 'orderby_type': 'none', 'limit_type': 'none', 'value_exp_types': ['agg_exp', 'single_exp_number'], 'distinct_type': 'none', 'min_max_depth_in_subquery': [1, 1]}","SELECT MAX(rankings.player_id), winner_id FROM players JOIN rankings JOIN matches ON players.player_id = rankings.player_id AND matches.loser_id = players.player_id WHERE  draw_size > 24"
"{'meaningful_joins': 'yes', 'table_exp_type': 'JOIN', 'where_type': {'logical_operator': ['AND', 'basic_comparison', 'comparison_with_subquery']}, 'number_of_value_exp_in_group_by': 0, 'having_type': 'none', 'orderby_type': 'none', 'limit_type': 'none', 'value_exp_types': ['single_exp_text', 'single_exp_text'], 'distinct_type': 'none', 'min_max_depth_in_subquery': [1, 1]}","SELECT winner_hand, tourney_id FROM players JOIN matches ON matches.loser_id = players.player_id WHERE  match_num < 32 AND winner_ioc >= (SELECT MIN(winner_ioc) FROM matches AS q WHERE  q.winner_seed = 54)"
"{'meaningful_joins': 'yes', 'table_exp_type': 'single_table_with_name_changing', 'where_type': {'basic_comparison': '!='}, 'number_of_value_exp_in_group_by': 0, 'having_type': 'none', 'orderby_type': 'none', 'limit_type': 'none', 'value_exp_types': ['agg_exp'], 'distinct_type': 'none', 'min_max_depth_in_subquery': [1, 1]}",SELECT SUM(g.player_id) FROM players AS g WHERE  g.player_id != 78
"{'meaningful_joins': 'yes', 'table_exp_type': 'single_table', 'where_type': {'basic_comparison': '='}, 'number_of_value_exp_in_group_by': 1, 'having_type': 'none', 'orderby_type': 'none', 'limit_type': 'none', 'value_exp_types': ['agg_exp', 'agg_exp', 'agg_exp'], 'distinct_type': 'none', 'min_max_depth_in_subquery': [1, 1]}","SELECT MAX(player_id), MAX(player_id), COUNT(player_id), hand FROM players WHERE  player_id = 81 GROUP BY hand"
"{'meaningful_joins': 'yes', 'table_exp_type': 'single_table', 'where_type': 'comparison_with_subquery', 'number_of_value_exp_in_group_by': 0, 'having_type': 'none', 'orderby_type': 'ASC', 'limit_type': 'without_offset', 'value_exp_types': ['count_distinct_exp', 'count_distinct_exp', 'single_exp_number'], 'distinct_type': 'none', 'min_max_depth_in_subquery': [1, 1]}","SELECT COUNT(DISTINCT hand), COUNT(DISTINCT hand), player_id FROM players WHERE first_name = (SELECT SUM(first_name) FROM players AS x WHERE  x.player_id = 80 LIMIT 3) ORDER BY player_id ASC LIMIT 1"
